# Rhino

mtllib bird1.mtl
usemtl diffuse_0
v -0.019794310000000058 0.046121999999999996 -0.009929609999999995
v -0.019811249999999919 0.047286000000000009 -0.0059496099999999975
v -0.019835204999999981 0.049159000000000001 -0.0097236050000000084
v -0.019889220000000027 0.050413005000000004 -0.0070656100000000069
v -0.019481199999999893 0.044411000000000006 -0.0071906100000000001
v -0.019392239999999963 0.043520000000000003 0.0013253950000000005
v -0.019433290000000061 0.044350000000000001 -0.0043926049999999965
v -0.019203185000000081 0.040099000000000003 0.0021253950000000013
v -0.01917618000000005 0.040025000000000005 -0.0013856050000000055
v -0.019542235000000123 0.048494995000000013 0.0016193950000000078
v -0.019139250000000066 0.041208000000000002 -0.0044486050000000082
v -0.019513244999999988 0.048296000000000006 -0.0020366100000000034
v -0.019113309999999904 0.041254000000000006 0.0068493950000000055
v -0.01916717500000005 0.042335000000000012 -0.0071896100000000025
v -0.018996275000000087 0.039030000000000009 -0.0044376100000000033
v -0.019179230000000023 0.043507000000000004 -0.010367610000000005
v -0.019570314999999998 0.050624005000000007 -0.0046186050000000031
v -0.0188601700000001 0.037453000000000007 0.00062538999999999238
v -0.019567260000000038 0.051318000000000009 0.0032123950000000085
v -0.019164274999999981 0.044364000000000008 0.0087283900000000077
v -0.019615175000000141 0.052667000000000012 0.00050639000000000326
v -0.018927304999999995 0.040285000000000008 -0.0080506049999999989
v -0.018731229999999929 0.037315000000000008 -0.0029756049999999949
v -0.019228209999999996 0.047243000000000007 0.0064293950000000079
v -0.018909299999999976 0.041285000000000002 -0.01105561
v -0.018702240000000078 0.038135000000000002 0.0056103899999999929
v -0.019385225000000051 0.051534000000000003 -0.009060600000000002
v -0.018624269999999971 0.038100000000000002 -0.0077296050000000005
v -0.018466185000000059 0.037797000000000004 -0.011315609999999997
v -0.018337249999999871 0.035682999999999999 -0.0014506049999999961
v -0.019080199999999936 0.052967000000000014 -0.0069826050000000002
v -0.018166200000000007 0.035961 -0.0066996100000000077
v -0.018874204999999908 0.050966000000000004 0.010528394999999994
v -0.018043214999999866 0.034935000000000008 0.00082339499999999803
v -0.018568270000000102 0.048216000000000009 0.01383539000000001
v -0.01814026000000013 0.039925000000000009 0.012240389999999997
v -0.018857270000000034 0.054519000000000012 -0.0031326100000000075
v -0.017800295000000122 0.035328000000000005 0.0043433950000000016
v -0.018766175000000093 0.057016995000000008 0.0015753950000000042
v -0.018728179999999955 0.057095000000000007 0.0046803949999999978
v -0.017887269999999948 0.042844 -0.018398610000000003
v -0.017488250000000111 0.034121000000000005 -0.0042586050000000073
v -0.017484284999999888 0.034411999999999998 -0.011168604999999998
v -0.01768020500000006 0.038983000000000004 -0.019562605
v -0.017394255000000105 0.033732000000000005 -0.0010106099999999964
v -0.017262269999999948 0.034945000000000004 -0.016197605
v -0.017126309999999877 0.033347000000000009 -0.0079786099999999936
v -0.017224275000000094 0.036332000000000003 0.0096873949999999997
v -0.017490234999999934 0.045659000000000005 -0.017442610000000001
v -0.017801210000000088 0.052782000000000009 -0.0098016050000000032
v -0.017556304999999956 0.048584000000000002 -0.015213610000000001
v -0.017705229999999975 0.054246000000000009 -0.0072696099999999932
v -0.016770170000000067 0.038576000000000006 0.015151395000000002
v -0.01641021499999994 0.033094995000000002 0.0017853949999999943
v -0.016242220000000036 0.033142999999999999 -0.015724605000000003
v -0.016074220000000142 0.033619000000000003 0.0069423950000000014
v -0.015983275000000109 0.032327000000000002 -0.002202605000000002
v -0.015946199999999921 0.032001000000000002 -0.0063676049999999949
v -0.016792294999999912 0.051215000000000004 -0.013444605000000005
v -0.01587524500000001 0.031909995000000003 -0.010416610000000005
v -0.015545194999999982 0.032018000000000005 -0.014202605000000005
v -0.015616300000000083 0.040527000000000007 -0.025366605000000004
v -0.015421294999999877 0.036373000000000009 -0.024666604999999998
v -0.01558319000000012 0.04061300000000001 0.019344395
v -0.014913175000000084 0.034518000000000007 0.013522394999999996
v -0.014676210000000087 0.033399000000000005 -0.021754610000000008
v -0.014591215000000095 0.032230000000000002 0.0035273950000000022
v -0.015675200000000025 0.058713000000000008 -0.0025886050000000086
v -0.01437820499999987 0.031449999999999999 -0.008831605000000008
v -0.015440215000000141 0.056949 -0.0055016050000000058
v -0.014329224999999899 0.032573000000000005 0.0078783900000000007
v -0.015110170000000102 0.052618005000000002 -0.013128605000000002
v -0.01426223999999991 0.032058000000000003 -0.00051060500000000186
v -0.01469330000000014 0.044197 -0.024183605000000007
v -0.014074249999999898 0.031803000000000005 -0.0048296050000000085
v -0.014049224999999983 0.039683000000000003 -0.027946605000000003
v -0.013649289999999897 0.031521995000000004 -0.018296605000000004
v -0.014478300000000109 0.053949999999999998 -0.01066661
v -0.013417205000000085 0.031096000000000002 -0.013544605000000001
v -0.012884214999999985 0.030685000000000004 0.016810399999999996
v -0.012970275000000132 0.034962000000000007 -0.028347604999999998
v -0.013069304999999932 0.039348000000000008 -0.029563610000000004
v -0.012798310000000019 0.031364999999999997 0.010440389999999999
v -0.013124234999999946 0.043391000000000006 -0.027433605
v -0.012673184999999879 0.030037000000000005 0.007282390000000004
v -0.012529294999999939 0.030594000000000007 0.0011393950000000077
v -0.012512204999999886 0.031589005000000003 -0.0088616099999999972
v -0.012512204999999886 0.031589005000000003 -0.0088616099999999972
v -0.012500305000000086 0.031424000000000001 0.0051533900000000094
v -0.012500305000000086 0.031424000000000001 0.0051533900000000094
v -0.012153169999999991 0.027988000000000002 0.012049389999999997
v -0.012195279999999972 0.031790000000000006 -0.0046026050000000044
v -0.012195279999999972 0.031790000000000006 -0.0046026050000000044
v -0.012127230000000114 0.031720000000000005 0.00036239500000000651
v -0.012127230000000114 0.031720000000000005 0.00036239500000000651
v -0.012068175 0.031841000000000001 -0.022622605000000004
v -0.011972199999999877 0.030147000000000004 -0.0045146100000000014
v -0.012985229999999889 0.058377999999999999 -0.0046036050000000028
v -0.011958314999999975 0.030564000000000004 -0.011079604999999999
v -0.011993254999999866 0.038261000000000003 -0.033008605000000003
v -0.011443175 0.026564000000000004 0.0060213949999999988
v -0.011508179999999871 0.029728000000000001 -0.019594605000000001
v -0.011441194999999883 0.028632000000000005 0.0035003949999999947
v -0.01123230000000007 0.021621000000000001 -0.010668604999999998
v -0.011408235000000107 0.030988000000000005 0.023533390000000001
v -0.011495209999999933 0.035085999999999999 -0.034607605000000007
v -0.011282195000000005 0.031797000000000006 -0.027320605000000005
v -0.011600190000000059 0.043256000000000003 -0.029105605000000003
v -0.011071164999999897 0.02537 0.0094023900000000018
v -0.010945279999999972 0.022473000000000003 -0.0025916100000000068
v -0.011032255000000081 0.026432000000000008 0.014948394999999996
v -0.01099120999999997 0.025137000000000007 -0.0083166049999999995
v -0.010923310000000019 0.024827000000000002 -0.011906605000000001
v -0.011021269999999962 0.032444000000000008 -0.033114605000000005
v -0.010809174999999985 0.025334000000000002 -0.0029406050000000054
v -0.010668180000000124 0.023216000000000004 -0.013123610000000003
v -0.010668180000000124 0.023216000000000004 -0.013123610000000003
v -0.010938265000000062 0.034230000000000003 -0.038420610000000008
v -0.010484314999999928 0.020126000000000002 -0.012009605
v -0.010484314999999928 0.020126000000000002 -0.012009605
v -0.01117828500000002 0.047265000000000001 -0.024344605000000005
v -0.01038223499999987 0.022558000000000002 0.0016683950000000005
v -0.010483245000000072 0.042437000000000002 -0.030951605000000007
v -0.010209199999999899 0.035111000000000003 -0.044645610000000002
v -0.0099192800000000182 0.027320000000000007 -0.021181605000000006
v -0.010273285000000104 0.041967000000000004 -0.032960605000000004
v -0.0097312949999999922 0.028301 -0.028280610000000001
v -0.0099542249999998982 0.037455000000000002 -0.038396605
v -0.010152285000000066 0.052680000000000005 -0.016413610000000002
v -0.0099862650000000063 0.055483000000000005 -0.010403610000000001
v -0.0090281699999999916 0.023709000000000001 0.011315395000000006
v -0.0086302200000000114 0.023104000000000003 -0.014093609999999999
v -0.0086102299999998907 0.027609000000000002 -0.032414610000000003
v -0.0087582399999999467 0.050576999999999997 -0.021048609999999999
v -0.0073782349999999067 0.023059 0.015247395000000009
v -0.0076751699999999829 0.046069000000000006 -0.028986605000000006
v -0.0065742499999998961 0.020190000000000003 0.0020013900000000009
v -0.0067462150000000103 0.042351000000000007 -0.035759605
v -0.0070101950000000125 0.056430000000000008 -0.0096006099999999973
v -0.0055192550000001039 0.023489000000000003 -0.015360610000000004
v -0.0053051750000000231 0.018178000000000003 -0.0072186100000000064
v -0.0053051750000000231 0.018178000000000003 -0.0072186100000000064
v -0.0057582099999999086 0.050080004999999997 -0.023233605000000001
v -0.0057801799999998623 0.053072000000000001 -0.016427610000000006
v -0.0051042200000000577 0.021718000000000005 0.0082493949999999927
v -0.0056422399999999616 0.054537000000000002 -0.012874610000000007
v -0.0051213050000001236 0.051657000000000008 -0.020188610000000006
v -0.0046041850000000323 0.019951000000000003 -0.0094146049999999995
v -0.0046041850000000323 0.019951000000000003 -0.0094146049999999995
v -0.0035891699999999133 0.025388000000000008 -0.030264605
v -0.0028591900000000717 0.021469000000000002 0.014522390000000005
v -0.0031422399999999611 0.055242000000000006 -0.013187610000000002
v -0.0031231700000000752 0.057356995000000001 -0.0099766050000000047
v -0.0026042200000000572 0.025843000000000001 -0.035445605000000005
v -0.0027732850000001031 0.044694000000000011 -0.034953605000000006
v -0.0028411850000000551 0.050639000000000003 -0.023298605
v -0.0027032449999998698 0.048087000000000005 -0.028682610000000004
v -0.0025622549999999959 0.041298000000000008 -0.03986261
v -0.0023571799999999171 0.052655000000000007 -0.018667605
v -0.0019532799999998954 0.019726 0.0018253900000000025
v -0.0019532799999998954 0.019726 0.0018253900000000025
v -0.0011012249999998881 0.020379000000000005 -0.0092006100000000049
v -0.00093521000000009965 0.022685 -0.015907605000000002
v -0.000383300000000022 0.020560999999999999 0.0079493899999999954
v 0.0018017599999998858 0.019346000000000002 0.0021633899999999964
v 0.0018017599999998858 0.020089000000000003 0.0075203899999999992
v 0.0018017599999998858 0.020784 0.014367389999999994
v 0.0018017599999998858 0.022087000000000002 -0.015269605000000006
v 0.0018017599999998858 0.024877 -0.030459605000000001
v 0.0018017599999998858 0.025478000000000001 -0.034444610000000007
v 0.0018017599999998858 0.042327005000000001 -0.040359605
v 0.0018017599999998858 0.044886005000000007 -0.036151610000000001
v 0.0018017599999998858 0.049149000000000005 -0.029406605000000002
v 0.0018017599999998858 0.056059000000000005 -0.015014605000000004
v 0.0018017599999998858 0.058335000000000005 -0.01026261
v 0.0039868150000000905 0.020560999999999999 0.0079493899999999954
v 0.0045387249999998842 0.022685 -0.015907605000000002
v 0.0047047399999999573 0.020379000000000005 -0.0092006100000000049
v 0.0055567949999999642 0.019726 0.0018253900000000025
v 0.0055567949999999642 0.019726 0.0018253900000000025
v 0.0056738300000000646 0.026678000000000004 -0.044375605000000005
v 0.0059606949999999855 0.052655000000000007 -0.018667605
v 0.0061657700000000643 0.041298000000000008 -0.03986261
v 0.006306764999999926 0.048087000000000005 -0.028682610000000004
v 0.0064447000000001243 0.050639000000000003 -0.023298605
v 0.0063767999999998874 0.044694000000000011 -0.034953605000000006
v 0.0062077350000001256 0.025843000000000001 -0.035445605000000005
v 0.0067266849999998591 0.057356995000000001 -0.0099766050000000047
v 0.0067457600000000164 0.055242000000000006 -0.013187610000000002
v 0.0064627100000001275 0.021469000000000002 0.014522390000000005
v 0.0071926899999999686 0.025388000000000008 -0.030264605
v 0.0082077050000000876 0.019951000000000003 -0.0094146049999999995
v 0.0082077050000000876 0.019951000000000003 -0.0094146049999999995
v 0.0087248249999998945 0.051657000000000008 -0.020188610000000006
v 0.0092457600000000178 0.054537000000000002 -0.012874610000000007
v 0.0087077350000001261 0.021718000000000005 0.0082493949999999927
v 0.0093836999999999185 0.053072000000000001 -0.016427610000000006
v 0.009361724999999977 0.050080004999999997 -0.023233605000000001
v 0.0091227699999998878 0.023489000000000003 -0.015360610000000004
v 0.010613710000000082 0.056430000000000008 -0.0096006099999999973
v 0.010349730000000078 0.042351000000000007 -0.035759605
v 0.010177764999999964 0.020190000000000003 0.0020013900000000009
v 0.01047881999999987 0.028413000000000001 -0.042955610000000005
v 0.011278685000000052 0.046069000000000006 -0.028986605000000006
v 0.010981749999999976 0.023059 0.015247395000000009
v 0.012361755000000016 0.050576999999999997 -0.021048609999999999
v 0.012150724999999907 0.038006000000000012 -0.042557605000000005
v 0.012100829999999972 0.027494000000000005 0.024153395000000001
v 0.01221374499999996 0.027609000000000002 -0.032414610000000003
v 0.012233735000000079 0.023104000000000003 -0.014093609999999999
v 0.012631685000000059 0.023709000000000001 0.011315395000000006
v 0.013589785000000063 0.055483000000000005 -0.010403610000000001
v 0.013755800000000136 0.052680000000000005 -0.016413610000000002
v 0.013557739999999966 0.037455000000000002 -0.038396605
v 0.013334810000000061 0.028301 -0.028280610000000001
v 0.013463744999999958 0.031039000000000001 -0.042091605000000004
v 0.013876799999999887 0.041967000000000004 -0.032960605000000004
v 0.013522795000000086 0.027320000000000007 -0.021181605000000006
v 0.013812714999999968 0.035111000000000003 -0.044645610000000002
v 0.014086760000000141 0.042437000000000002 -0.030951605000000007
v 0.013934784999999861 0.033132000000000009 -0.043324605000000002
v 0.01495270000000005 0.059480000000000012 -0.0025646099999999984
v 0.013985749999999939 0.022558000000000002 0.0016683950000000005
v 0.014781800000000088 0.047265000000000001 -0.024344605000000005
v 0.014087829999999996 0.020126000000000002 -0.012009605
v 0.014087829999999996 0.020126000000000002 -0.012009605
v 0.014541780000000129 0.034230000000000003 -0.038420610000000008
v 0.014271699999999896 0.023216000000000004 -0.013123610000000003
v 0.014271699999999896 0.023216000000000004 -0.013123610000000003
v 0.014412690000000054 0.025334000000000002 -0.0029406050000000054
v 0.014624785000000029 0.032444000000000008 -0.033114605000000005
v 0.014526825000000085 0.024827000000000002 -0.011906605000000001
v 0.014594725000000039 0.025137000000000007 -0.0083166049999999995
v 0.014635775000000137 0.026432000000000008 0.014948394999999996
v 0.014674684999999951 0.02537 0.0094023900000000018
v 0.015203705000000126 0.043256000000000003 -0.029105605000000003
v 0.014885710000000073 0.031797000000000006 -0.027320605000000005
v 0.015098725000000002 0.035085999999999999 -0.034607605000000007
v 0.015044709999999951 0.028632000000000005 0.0035003949999999947
v 0.015111694999999939 0.029728000000000001 -0.019594605000000001
v 0.015046690000000069 0.026564000000000004 0.0060213949999999988
v 0.015596769999999935 0.038261000000000003 -0.033008605000000003
v 0.015561830000000044 0.030564000000000004 -0.011079604999999999
v 0.01658874499999996 0.058377999999999999 -0.0046036050000000028
v 0.015575714999999947 0.030147000000000004 -0.0045146100000000014
v 0.015671690000000068 0.031841000000000001 -0.022622605000000004
v 0.0157307449999999 0.031720000000000005 0.00036239500000000651
v 0.0157307449999999 0.031720000000000005 0.00036239500000000651
v 0.015798800000000026 0.031790000000000006 -0.0046026050000000044
v 0.015798800000000026 0.031790000000000006 -0.0046026050000000044
v 0.015756685000000058 0.027988000000000002 0.012049389999999997
v 0.016103819999999869 0.031424000000000001 0.0051533900000000094
v 0.016103819999999869 0.031424000000000001 0.0051533900000000094
v 0.016115724999999938 0.031589005000000003 -0.0088616099999999972
v 0.016115724999999938 0.031589005000000003 -0.0088616099999999972
v 0.016132810000000008 0.030594000000000007 0.0011393950000000077
v 0.016276704999999937 0.030037000000000005 0.007282390000000004
v 0.016727755 0.043391000000000006 -0.027433605
v 0.016401825000000089 0.031364999999999997 0.010440389999999999
v 0.016672820000000001 0.039348000000000008 -0.029563610000000004
v 0.016573789999999918 0.034962000000000007 -0.028347604999999998
v 0.016487730000000058 0.030685000000000004 0.016810399999999996
v 0.017020719999999868 0.031096000000000002 -0.013544605000000001
v 0.01808181999999988 0.053949999999999998 -0.01066661
v 0.017252809999999952 0.031521995000000004 -0.018296605000000004
v 0.017652740000000052 0.039683000000000003 -0.027946605000000003
v 0.017677764999999967 0.031803000000000005 -0.0048296050000000085
v 0.018296814999999921 0.044197 -0.024183605000000007
v 0.01786575499999998 0.032058000000000003 -0.00051060500000000186
v 0.018713684999999883 0.052618005000000002 -0.013128605000000002
v 0.017932739999999968 0.032573000000000005 0.0078783900000000007
v 0.019043729999999925 0.056949 -0.0055016050000000058
v 0.017981719999999937 0.031449999999999999 -0.008831605000000008
v 0.019278715000000092 0.058713000000000008 -0.0025886050000000086
v 0.018194734999999865 0.032230000000000002 0.0035273950000000022
v 0.018279724999999868 0.033399000000000005 -0.021754610000000008
v 0.018516695000000138 0.034518000000000007 0.013522394999999996
v 0.019024809999999948 0.036373000000000009 -0.024666604999999998
v 0.019219820000000141 0.040527000000000007 -0.025366605000000004
v 0.019148710000000051 0.032018000000000005 -0.014202605000000005
v 0.019478760000000081 0.031909995000000003 -0.010416610000000005
v 0.020395814999999973 0.051215000000000004 -0.013444605000000005
v 0.019549714999999992 0.032001000000000002 -0.0063676049999999949
v 0.019586789999999896 0.032327000000000002 -0.002202605000000002
v 0.019677734999999929 0.033619000000000003 0.0069423950000000014
v 0.019845735000000104 0.033142999999999999 -0.015724605000000003
v 0.020013735000000001 0.033094995000000002 0.0017853949999999943
v 0.020373690000000125 0.038576000000000006 0.015151395000000002
v 0.021308745000000046 0.054246000000000009 -0.0072696099999999932
v 0.021159820000000027 0.048584000000000002 -0.015213610000000001
v 0.021404724999999875 0.052782000000000009 -0.0098016050000000032
v 0.021093750000000001 0.045659000000000005 -0.017442610000000001
v 0.020827789999999881 0.036332000000000003 0.0096873949999999997
v 0.020729829999999939 0.033347000000000009 -0.0079786099999999936
v 0.020865785000000019 0.034945000000000004 -0.016197605
v 0.020997769999999891 0.033732000000000005 -0.0010106099999999964
v 0.021283720000000131 0.038983000000000004 -0.019562605
v 0.021087799999999962 0.034411999999999998 -0.011168604999999998
v 0.021091764999999898 0.034121000000000005 -0.0042586050000000073
v 0.021490785000000019 0.042844 -0.018398610000000003
v 0.021403809999999912 0.035328000000000005 0.0043433950000000016
v 0.022460785000000105 0.054519000000000012 -0.0031326100000000075
v 0.021743774999999917 0.039925000000000009 0.012240389999999997
v 0.021646729999999937 0.034935000000000008 0.00082339499999999803
v 0.021769715000000078 0.035961 -0.0066996100000000077
v 0.022683715000000007 0.052967000000000014 -0.0069826050000000002
v 0.021940764999999945 0.035682999999999999 -0.0014506049999999961
v 0.022069700000000126 0.037797000000000004 -0.011315609999999997
v 0.022227785000000042 0.038100000000000002 -0.0077296050000000005
v 0.022988740000000122 0.051534000000000003 -0.009060600000000002
v 0.022305754999999865 0.038135000000000002 0.0056103899999999929
v 0.022512815000000047 0.041285000000000002 -0.01105561
v 0.022831725000000067 0.047243000000000007 0.0064293950000000079
v 0.022334745000000003 0.037315000000000008 -0.0029756049999999949
v 0.022530825000000053 0.040285000000000008 -0.0080506049999999989
v 0.023218689999999927 0.052667000000000012 0.00050639000000000326
v 0.022767790000000052 0.044364000000000008 0.0087283900000000077
v 0.023170775000000109 0.051318000000000009 0.0032123950000000085
v 0.022463684999999886 0.037453000000000007 0.00062538999999999238
v 0.023173830000000069 0.050624005000000007 -0.0046186050000000031
v 0.022782745000000094 0.043507000000000004 -0.010367610000000005
v 0.022599789999999873 0.039030000000000009 -0.0044376100000000033
v 0.022716824999999975 0.041254000000000006 0.0068493950000000055
v 0.022770690000000118 0.042335000000000012 -0.0071896100000000025
v 0.023116760000000059 0.048296000000000006 -0.0020366100000000034
v 0.022742765000000137 0.041208000000000002 -0.0044486050000000082
v 0.023145749999999909 0.048494995000000013 0.0016193950000000078
v 0.022779695000000121 0.040025000000000005 -0.0013856050000000055
v 0.022806699999999867 0.040099000000000003 0.0021253950000000013
v 0.023036805000000132 0.044350000000000001 -0.0043926049999999965
v 0.022995760000000021 0.043520000000000003 0.0013253950000000005
v 0.023084714999999964 0.044411000000000006 -0.0071906100000000001
v 0.023492735000000098 0.050413005000000004 -0.0070656100000000069
v 0.023438720000000048 0.049159000000000001 -0.0097236050000000084
v 0.02341476499999999 0.047286000000000009 -0.0059496099999999975
v 0.023397825000000129 0.046121999999999996 -0.009929609999999995
v -0.019326169999999938 0.054886000000000004 0.0072343900000000089
v -0.018645170000000068 0.044010000000000001 0.014784395000000004
v -0.018207245000000118 0.058367000000000002 0.0075583950000000059
v -0.017184295000000138 0.043139000000000011 0.018407395
v -0.017716215000000094 0.053509000000000008 0.013534395000000005
v -0.017184295000000138 0.047697995000000007 0.018582389999999994
v -0.01772124999999989 0.057474999999999998 0.010137395
v -0.017516175000000092 0.05867300000000001 0.0030783950000000007
v -0.016963194999999875 0.051372000000000008 0.016386395000000002
v -0.017166290000000122 0.058370005000000003 0.00032439000000000111
v -0.017149200000000069 0.060160999999999999 0.0056033900000000084
v -0.015527189999999967 0.046304999999999999 0.021873400000000012
v -0.015762175000000132 0.052085000000000006 0.020116394999999995
v -0.015727234999999954 0.055947000000000004 0.015712395000000011
v -0.015733184999999993 0.061215000000000012 0.010197389999999995
v -0.015659180000000109 0.060952000000000006 0.0035313900000000058
v -0.014697265000000077 0.042546 0.022179395000000005
v -0.014854280000000135 0.055644000000000006 0.019863394999999999
v -0.013994294999999969 0.037786000000000007 0.020464389999999999
v -0.014727174999999879 0.060091995000000009 0.0012333950000000017
v -0.013613279999999865 0.043568994999999999 0.025412389999999993
v -0.013870239999999971 0.049999000000000009 0.024980390000000005
v -0.012906189999999927 0.036084999999999999 0.023363390000000008
v -0.013793180000000125 0.062950000000000006 0.0068273950000000035
v -0.012797239999999876 0.054499000000000013 0.025387389999999999
v -0.013103179999999957 0.062135994999999999 0.0026233949999999954
v -0.011980284999999927 0.037462000000000002 0.027376395000000005
v -0.011865234999999931 0.042924005000000008 0.029562395000000009
v -0.012004239999999985 0.047184000000000004 0.029635390000000011
v -0.011906280000000042 0.050848000000000004 0.028730390000000008
v -0.011845245000000094 0.061131995000000008 0.00017739499999999355
v -0.011349179999999993 0.059480000000000012 -0.0025646099999999984
v -0.010772245000000001 0.064433000000000004 0.0054823949999999941
v -0.010127259999999867 0.052722000000000005 0.032155400000000015
v -0.010509184999999949 0.062746005000000007 0.0017033950000000077
v -0.0096781899999999199 0.043864000000000007 0.033289395000000013
v -0.0094242850000000582 0.03928100000000001 0.032026395000000006
v -0.0090832499999999091 0.03356 0.029371395000000008
v -0.0092832949999998981 0.048017000000000004 0.033194389999999997
v -0.0084973149999999047 0.027494000000000005 0.024153395000000001
v -0.0083192450000001399 0.061739000000000002 -0.00030660499999999761
v -0.0049443049999999319 0.036819000000000005 0.035003395000000014
v -0.0049781799999999545 0.042696000000000005 0.037011395000000002
v -0.0040232850000001038 0.032010000000000004 0.032628395000000004
v -0.003839265000000014 0.025196999999999997 0.026198394999999999
v -0.0041352850000001265 0.060516995000000011 -0.0037276100000000058
v 0.0018017599999998858 0.024070999999999999 0.025339395000000011
v 0.0018017599999998858 0.030539000000000007 0.033726385000000011
v 0.0018017599999998858 0.035837000000000001 0.036682395000000007
v 0.0018017599999998858 0.06226000000000001 -0.0024706100000000046
v 0.0077387999999999112 0.060516995000000011 -0.0037276100000000058
v 0.0074427800000000828 0.025196999999999997 0.026198394999999999
v 0.0076267999999998885 0.032010000000000004 0.032628395000000004
v 0.0085816950000000228 0.042696000000000005 0.037011395000000002
v 0.0085478200000000011 0.036819000000000005 0.035003395000000014
v 0.011922759999999925 0.061739000000000002 -0.00030660499999999761
v 0.012886809999999969 0.048017000000000004 0.033194389999999997
v 0.012686769999999967 0.03356 0.029371395000000008
v 0.013027800000000126 0.03928100000000001 0.032026395000000006
v 0.013281709999999974 0.043864000000000007 0.033289395000000013
v 0.014112700000000018 0.062746005000000007 0.0017033950000000077
v 0.015448759999999879 0.061131995000000008 0.00017739499999999355
v 0.015509795000000111 0.050848000000000004 0.028730390000000008
v 0.015011749999999892 0.030988000000000005 0.023533390000000001
v 0.01560776000000004 0.047184000000000004 0.029635390000000011
v 0.015468749999999998 0.042924005000000008 0.029562395000000009
v 0.015583799999999995 0.037462000000000002 0.027376395000000005
v 0.016706695000000025 0.062135994999999999 0.0026233949999999954
v 0.016509704999999996 0.036084999999999999 0.023363390000000008
v 0.017473755000000039 0.049999000000000009 0.024980390000000005
v 0.017216794999999934 0.043568994999999999 0.025412389999999993
v 0.018330689999999948 0.060091995000000009 0.0012333950000000017
v 0.017597810000000037 0.037786000000000007 0.020464389999999999
v 0.01830077999999986 0.042546 0.022179395000000005
v 0.019262694999999896 0.060952000000000006 0.0035313900000000058
v 0.019365689999999915 0.052085000000000006 0.020116394999999995
v 0.019130705000000036 0.046304999999999999 0.021873400000000012
v 0.019186704999999905 0.04061300000000001 0.019344395
v 0.02075271500000014 0.060160999999999999 0.0056033900000000084
v 0.020769804999999909 0.058370005000000003 0.00032439000000000111
v 0.020566709999999946 0.051372000000000008 0.016386395000000002
v 0.021119689999999882 0.05867300000000001 0.0030783950000000007
v 0.021324769999999948 0.057474999999999998 0.010137395
v 0.020787809999999924 0.047697995000000007 0.018582389999999994
v 0.021319734999999868 0.053509000000000008 0.013534395000000005
v 0.020787809999999924 0.043139000000000011 0.018407395
v 0.021810759999999905 0.058367000000000002 0.0075583950000000059
v 0.022331695000000026 0.057095000000000007 0.0046803949999999978
v 0.02236968999999988 0.057016995000000008 0.0015753950000000042
v 0.022171784999999888 0.048216000000000009 0.01383539000000001
v 0.022477719999999979 0.050966000000000004 0.010528394999999994
v 0.022248690000000126 0.044010000000000001 0.014784395000000004
v 0.022929685000000009 0.054886000000000004 0.0072343900000000089
v -0.013731229999999928 0.058926000000000006 0.023751390000000011
v -0.011295164999999944 0.06300800500000002 0.023338395000000001
v -0.010713194999999875 0.062957004999999996 0.014913395000000005
v -0.01071625000000012 0.065596000000000002 0.023485394999999996
v -0.01071625000000012 0.065596000000000002 0.023485394999999996
v -0.01043624999999992 0.06776900000000001 0.025213395
v -0.01043624999999992 0.06776900000000001 0.025213395
v -0.01001526000000013 0.064089005000000004 0.011408395000000003
v -0.0097312949999999922 0.06461900000000001 0.018731395000000008
v -0.00952820000000003 0.069666994999999995 0.027965395000000001
v -0.00952820000000003 0.069666994999999995 0.027965395000000001
v -0.00952820000000003 0.069666994999999995 0.027965395000000001
v -0.0089352400000001393 0.065434005000000003 0.015145394999999999
v -0.0091152950000000076 0.070442995000000008 0.021350394999999998
v -0.0087062050000000137 0.061069000000000012 0.031240384999999996
v -0.0088192749999998939 0.067665005000000014 0.018810395000000004
v -0.0084802250000001363 0.065393999999999994 0.027689389999999998
v -0.0086521899999999659 0.072559995000000002 0.022776394999999994
v -0.0086521899999999659 0.072559995000000002 0.022776394999999994
v -0.0086521899999999659 0.072559995000000002 0.022776394999999994
v -0.0082072450000001181 0.067056000000000004 0.013851394999999996
v -0.0078813149999999183 0.069348000000000007 0.016089389999999995
v -0.0077111800000000163 0.069073000000000009 0.030570395000000007
v -0.0077111800000000163 0.069073000000000009 0.030570395000000007
v -0.0078211999999999223 0.072359005000000004 0.017942389999999996
v -0.0072062700000000771 0.059611999999999998 0.033679389999999997
v -0.0071792600000000588 0.067708000000000018 0.012223395000000005
v -0.007124174999999869 0.066536999999999999 0.032593394999999997
v -0.007124174999999869 0.066745995000000002 0.032632390000000004
v -0.0071002200000000945 0.06632600000000001 0.032615394999999998
v -0.0070982349999999909 0.066930005000000001 0.032730390000000012
v -0.0070532249999999443 0.066131005000000007 0.03269739
v -0.0070501699999999824 0.067074005000000006 0.032876394999999996
v -0.0069892899999999293 0.065973000000000004 0.032831390000000009
v -0.0069982899999999435 0.066565000000000013 0.031927395000000004
v -0.0069921899999999971 0.066505999999999996 0.033258390000000006
v -0.0069972250000000739 0.066960000000000006 0.032002390000000006
v -0.0069522100000000394 0.066163005000000011 0.031970385000000004
v -0.0069842550000001353 0.067161999999999999 0.033056395000000002
v -0.0069132999999999382 0.065867994999999999 0.03300338500000001
v -0.0069471749999999617 0.067310000000000009 0.032188395000000002
v -0.0068632500000001097 0.065794000000000005 0.032126389999999998
v -0.006908265000000146 0.06718600000000001 0.033253395000000005
v -0.0068322749999998704 0.065824005000000005 0.033197395000000011
v -0.0068562299999999285 0.067580995000000019 0.032465390000000004
v -0.0068272400000000781 0.067142999999999994 0.033447400000000002
v -0.0067562849999998802 0.065848000000000004 0.033394394999999993
v -0.0067411799999999317 0.065494005000000008 0.032380390000000009
v -0.0066152950000000063 0.062396000000000007 0.032526390000000009
v -0.0067501849999999338 0.067039000000000001 0.033620395000000004
v -0.0066902150000001399 0.065936000000000008 0.033574390000000003
v -0.0067312599999999655 0.067748005 0.032808390000000007
v -0.0069822700000000308 0.075180999999999998 0.027787400000000014
v -0.0066862499999999188 0.066882000000000011 0.033753395000000012
v -0.0066423050000000254 0.066080000000000014 0.033720389999999996
v -0.0068012999999999147 0.071117000000000014 0.013870389999999996
v -0.0065972899999999892 0.065292000000000003 0.032708394999999994
v -0.0066401650000000277 0.066688005000000009 0.033836394999999998
v -0.0066172800000001107 0.066266005000000003 0.033818400000000005
v -0.0066252149999999725 0.066586005000000004 0.031327390000000011
v -0.0066152950000000063 0.066476000000000007 0.033858394999999999
v -0.0066232299999998681 0.067127000000000006 0.031430395000000007
v -0.0065632650000000611 0.066035005000000008 0.031386395000000004
v -0.0067192099999999789 0.071736000000000008 0.028538400000000005
v -0.0065841649999998746 0.067795000000000008 0.033183395000000004
v -0.0065542600000000591 0.067607000000000014 0.031685390000000015
v -0.0064453149999999966 0.065208000000000016 0.033077395000000002
v -0.0064422600000000364 0.065527995000000006 0.03160139
v -0.0064022850000000665 0.066742999999999997 0.030864390000000009
v -0.0064022850000000665 0.066742999999999997 0.030864390000000009
v -0.0064302050000000603 0.067716000000000012 0.033552389999999994
v -0.0064262400000001238 0.067979000000000012 0.032067394999999999
v -0.0062992850000000572 0.065252995000000008 0.033451395000000009
v -0.0063772599999998673 0.067974000000000007 0.031588390000000008
v -0.0063772599999998673 0.067974000000000007 0.031588390000000008
v -0.0062751750000001067 0.065113995000000008 0.031951389999999996
v -0.0062841800000001087 0.067518005000000006 0.033881395000000002
v -0.0061752300000000593 0.065420999999999993 0.033795394999999999
v -0.0062532049999998694 0.068209000000000006 0.032539385000000004
v -0.0061642449999999398 0.065306995000000007 0.031205385000000009
v -0.0061642449999999398 0.065306995000000007 0.031205385000000009
v -0.0061611949999999666 0.067221005 0.034136390000000003
v -0.00644424500000014 0.075687995000000008 0.01706139500000001
v -0.0060772700000001154 0.064836000000000005 0.03240239000000001
v -0.0060823049999999086 0.065696000000000018 0.034073390000000002
v -0.0060742200000001413 0.066852000000000009 0.034292394999999996
v -0.0060331750000000312 0.066050000000000011 0.034259395000000005
v -0.0060302749999999634 0.066449005000000005 0.034335395000000005
v -0.0060511800000000483 0.068273000000000014 0.033054390000000003
v -0.0060421750000000454 0.069733000000000003 0.034096395000000015
v -0.0060421750000000454 0.069733000000000003 0.034096395000000015
v -0.0058682250000001122 0.064721004999999998 0.032910395000000002
v -0.0058251949999998977 0.06447900500000002 0.032372390000000008
v -0.0058251949999998977 0.06447900500000002 0.032372390000000008
v -0.0059332299999999838 0.068494000000000013 0.010011395000000008
v -0.0058403000000001298 0.068166005000000016 0.03356339500000001
v -0.0058422849999999506 0.068499000000000004 0.032758400000000014
v -0.0058422849999999506 0.068499000000000004 0.032758400000000014
v -0.0056681800000001233 0.064782000000000006 0.033426390000000007
v -0.0056411750000000919 0.067895999999999998 0.034016390000000001
v -0.0054962150000000091 0.065013000000000001 0.033898390000000007
v -0.0054722599999999511 0.067489000000000007 0.034367389999999998
v -0.0055932599999999888 0.071773000000000003 0.011229390000000006
v -0.005736234999999968 0.077421000000000018 0.014839389999999994
v -0.0053681950000000738 0.065392005000000003 0.034281395000000006
v -0.0051782249999999435 0.058819000000000003 0.035677395000000001
v -0.0053532400000000308 0.066983000000000001 0.034582395000000002
v -0.0053692649999999304 0.068446000000000007 0.033486395000000016
v -0.0053692649999999304 0.068446000000000007 0.033486395000000016
v -0.0052992249999999812 0.065880005000000005 0.034537390000000008
v -0.0052932749999999402 0.066428995000000018 0.034641389999999994
v -0.0055372600000001201 0.077001000000000014 0.024126394999999995
v -0.0051152049999998927 0.064448000000000005 0.036477395000000003
v -0.0051152049999998927 0.064618000000000009 0.033451395000000009
v -0.0051152049999998927 0.064618000000000009 0.033451395000000009
v -0.0053002950000001214 0.079388000000000014 0.018384389999999997
v -0.004884184999999948 0.065301000000000012 0.034138395000000002
v -0.004884184999999948 0.065301000000000012 0.034138395000000002
v -0.0048123150000000722 0.068565000000000001 0.036145390000000013
v -0.0048123150000000722 0.068565000000000001 0.036145390000000013
v -0.0046102899999999666 0.06760500500000001 0.034511395
v -0.0046102899999999666 0.06760500500000001 0.034511395
v -0.00457122999999996 0.066510995000000003 0.034730395000000011
v -0.00457122999999996 0.066510995000000003 0.034730395000000011
v -0.0044091800000001088 0.061847000000000013 0.037067394999999996
v -0.0048142999999998921 0.078371005000000007 0.013670395000000009
v -0.0044102499999999654 0.066679000000000016 0.036830395000000002
v -0.0046083049999998621 0.077137005000000008 0.029687395000000002
v -0.004397280000000026 0.072104000000000001 0.009927395000000009
v -0.0045062250000000885 0.07988099500000001 0.025632389999999994
v -0.0041082750000001082 0.06960100000000001 0.0089773950000000026
v -0.0035952750000001312 0.073859994999999998 0.034434395000000007
v -0.0036563100000000788 0.081567000000000014 0.018579390000000001
v -0.0030252100000001318 0.062180000000000006 0.039484385000000004
v -0.0030422949999999132 0.065702995000000014 0.039103394999999999
v -0.0029032900000001433 0.060081000000000009 0.037762395000000011
v -0.0030361949999999664 0.071926000000000004 0.037252390000000003
v -0.0025991799999999926 0.078654000000000002 0.03160139
v -0.0018691999999998665 0.066342005000000009 0.040357400000000015
v -0.0017712399999999231 0.067029994999999995 0.040368385000000007
v -0.0016752600000000961 0.065663004999999997 0.040498390000000009
v -0.0015962200000001325 0.072080000000000019 0.0090553949999999991
v -0.0014822399999999925 0.069578995000000005 0.038685390000000007
v -0.0015982049999999526 0.081137000000000015 0.027074394999999998
v -0.0015663150000000338 0.083039000000000016 0.018698394999999996
v -0.0013002000000000204 0.066758000000000012 0.042219390000000016
v -0.0013002000000000204 0.069058000000000008 0.0079433900000000085
v -0.0014141849999998637 0.079410000000000008 0.013374395000000004
v -0.0010032649999999444 0.066647995000000002 0.043119390000000007
v -0.00097824000000003015 0.06725600000000001 0.043183395000000013
v -0.00083526500000005168 0.066271995000000014 0.043160390000000007
v -0.00077621499999992467 0.065252000000000004 0.04112940000000001
v -0.00079818499999987811 0.067953995000000017 0.042093390000000008
v -0.00074218999999999598 0.064831005000000011 0.040595400000000004
v -0.00074218999999999598 0.064831005000000011 0.040595400000000004
v -0.00071625000000011827 0.066578000000000012 0.044060390000000005
v -0.00070831499999997284 0.067751000000000006 0.043140390000000001
v -0.00069427499999989326 0.068148004999999998 0.040442389999999995
v -0.00062927000000002182 0.065773999999999999 0.042520390000000005
v -0.00054824999999994136 0.067660000000000012 0.044103394999999997
v -0.00038818499999990989 0.059133000000000005 0.038918389999999997
v -0.0003723149999999032 0.064110005000000012 0.040632389999999997
v -0.0003723149999999032 0.064110005000000012 0.040632389999999997
v -0.0003723149999999032 0.064110005000000012 0.040632389999999997
v -0.00027328500000010306 0.064906000000000005 0.04134939
v -0.00021530000000012929 0.06690900000000001 0.045637399999999995
v -0.00021332000000001241 0.068423005000000009 0.042396394999999996
v -0.00014831500000014099 0.067455995000000005 0.04576839500000001
v -0.00013229499999994456 0.065812999999999997 0.043523390000000009
v -8.7279999999909663E-05 0.066488000000000005 0.045583390000000001
v -3.0209999999899488E-05 0.065231999999999998 0.042095395000000008
v -3.0209999999899488E-05 0.065231999999999998 0.042095395000000008
v 5.3709999999964627E-05 0.064893000000000006 0.042524395
v 4.1809999999882223E-05 0.067895000000000011 0.045660399999999997
v 6.8814999999913261E-05 0.074782995000000005 0.035832394999999996
v 0.00014969000000007563 0.065825000000000009 0.044263390000000014
v 0.00016174500000005088 0.06695000000000001 0.046586400000000007
v 0.00018676999999996504 0.064288999999999999 0.042838390000000004
v 0.00018676999999996504 0.064288999999999999 0.042838390000000004
v 0.00018280000000004074 0.068951000000000012 0.040404395000000003
v 0.00024368500000008231 0.066245000000000012 0.045451394999999999
v 0.00027374500000007409 0.065099000000000004 0.043390390000000001
v 0.00028274500000008868 0.065620000000000012 0.043768385
v 0.00028274500000008868 0.065620000000000012 0.043768385
v 0.00026474000000007217 0.072300000000000017 0.038450395000000005
v 0.00031570499999986404 0.067146999999999998 0.046915400000000003
v 0.00034378000000003574 0.066715999999999998 0.046765395000000015
v 0.00034378000000003574 0.066715999999999998 0.046765395000000015
v 0.00038574000000010991 0.065284000000000009 0.044155390000000017
v 0.00041473499999994834 0.067411000000000013 0.047117384999999998
v 0.00043578999999993823 0.068890000000000007 0.04167439500000001
v 0.0004397599999998625 0.068380995000000014 0.045478400000000009
v 0.00045273000000008558 0.067876005000000003 0.046662389999999998
v 0.00046982000000013848 0.067221005 0.047243394999999994
v 0.00047668499999985913 0.065980000000000011 0.045274389999999998
v 0.00047668499999985913 0.065980000000000011 0.045274389999999998
v 0.00049072499999993865 0.067658995 0.047015399999999999
v 0.00053970499999991047 0.065449995000000011 0.045350400000000013
v 0.00057083000000005544 0.067493995000000015 0.047317389999999994
v 0.00062576500000005586 0.063804000000000013 0.042320385000000002
v 0.00065674000000001123 0.063532005000000003 0.040964395000000015
v 0.00065674000000001123 0.063532005000000003 0.040964395000000015
v 0.00065078499999998273 0.064878000000000005 0.045358389999999998
v 0.00071380500000003402 0.065720995000000004 0.045818394999999998
v 0.00071579000000013835 0.079186000000000006 0.032962390000000001
v 0.00076980499999990354 0.067976000000000009 0.047041395000000007
v 0.00078979500000002421 0.066987000000000005 0.047730390000000011
v 0.00082381999999995301 0.066224005000000016 0.045874395000000012
v 0.00082381999999995301 0.066224005000000016 0.045874395000000012
v 0.00082076999999997958 0.067177000000000001 0.047734395000000013
v 0.00082473999999990396 0.066706000000000015 0.047644395000000006
v 0.00084182499999996957 0.065648000000000012 0.046043395000000008
v 0.00088180499999992675 0.066478000000000009 0.046965389999999996
v 0.00091675000000009067 0.067325005000000007 0.047808400000000001
v 0.00099776999999988685 0.069052005000000014 0.042626400000000002
v 0.0010147100000000343 0.065678995000000004 0.04645939000000001
v 0.0010327150000000508 0.066292005000000001 0.046345385000000003
v 0.0010327150000000508 0.066292005000000001 0.046345385000000003
v 0.0010388199999999848 0.067524000000000015 0.047761394999999998
v 0.0010568250000000015 0.065431995000000007 0.046601389999999993
v 0.0010948200000001386 0.063750000000000015 0.043114395000000007
v 0.0011067199999999367 0.067932000000000006 0.047410394999999994
v 0.001122740000000133 0.066876000000000005 0.047968390000000007
v 0.0011398299999999019 0.066416000000000017 0.047409389999999996
v 0.0011677549999998839 0.068140000000000006 0.047104395
v 0.0011947649999999024 0.065941000000000013 0.046795385000000002
v 0.0012268050000000109 0.066281000000000007 0.046839390000000009
v 0.0012268050000000109 0.066281000000000007 0.046839390000000009
v 0.0012248249999998941 0.067123004999999999 0.048040390000000002
v 0.0012257399999998577 0.068669000000000008 0.045657385000000009
v 0.0012307749999999353 0.066976005000000005 0.048028395000000002
v 0.001250765000000056 0.065056005000000014 0.046470395000000005
v 0.0012538150000000294 0.065297000000000008 0.046835395000000002
v 0.0012857049999999482 0.064378000000000005 0.045213395000000003
v 0.0012837200000001283 0.066054000000000015 0.046949384999999996
v 0.0012947099999999503 0.066728005000000007 0.047998390000000009
v 0.0013447550000000752 0.066509000000000013 0.047856389999999999
v 0.001341705000000102 0.068329995000000004 0.046769390000000015
v 0.0013407900000001385 0.068960005000000019 0.043724395000000006
v 0.0013697799999999895 0.066273000000000012 0.047230395000000008
v 0.0013697799999999895 0.066273000000000012 0.047230395000000008
v 0.0013748150000000672 0.065805000000000002 0.047299384999999999
v 0.0013897700000001104 0.063716000000000009 0.043891390000000002
v 0.0013886999999999695 0.064740000000000006 0.046090395000000006
v 0.0013928200000000836 0.067584000000000005 0.047909395000000007
v 0.001421814999999922 0.067142000000000007 0.048104390000000011
v 0.0014646899999999597 0.066582005000000014 0.04800639000000001
v 0.0015237450000000743 0.066098000000000004 0.047529390000000005
v 0.0015287799999998677 0.066316 0.047567385000000018
v 0.0015287799999998677 0.066316 0.047567385000000018
v 0.0015667700000000174 0.067272995000000002 0.048129384999999997
v 0.0015988150000001136 0.066035005000000008 0.047649395000000011
v 0.0018017599999998858 0.05873800500000001 0.039551390000000013
v 0.0018017599999998858 0.060840000000000005 0.040092390000000012
v 0.0018017599999998858 0.062998000000000012 0.041158389999999996
v 0.0018017599999998858 0.062998000000000012 0.041158389999999996
v 0.0018017599999998858 0.062998000000000012 0.041158389999999996
v 0.0018017599999998858 0.063326000000000007 0.042973394999999998
v 0.0018017599999998858 0.063954005000000008 0.04501339
v 0.0018017599999998858 0.064701994999999998 0.046335390000000011
v 0.0018017599999998858 0.064701994999999998 0.046335390000000011
v 0.0018017599999998858 0.065206995000000004 0.047122395000000011
v 0.0018017599999998858 0.065206995000000004 0.047122395000000011
v 0.0018017599999998858 0.065776995000000005 0.047681390000000004
v 0.0018017599999998858 0.065776995000000005 0.047681390000000004
v 0.0018017599999998858 0.06629800000000001 0.047948400000000009
v 0.0018017599999998858 0.06629800000000001 0.047948400000000009
v 0.0018017599999998858 0.06629800000000001 0.047948400000000009
v 0.0018017599999998858 0.06629800000000001 0.047948400000000009
v 0.0018017599999998858 0.066477005000000006 0.048130400000000018
v 0.0018017599999998858 0.066477005000000006 0.048130400000000018
v 0.0018017599999998858 0.06675600000000001 0.048205395000000012
v 0.0018017599999998858 0.067165005000000014 0.048196390000000006
v 0.0018017599999998858 0.067680000000000004 0.047897395000000002
v 0.0018017599999998858 0.068262005000000001 0.047165394999999999
v 0.0018017599999998858 0.068781999999999996 0.045514395000000013
v 0.0018017599999998858 0.069357000000000002 0.042635395000000006
v 0.0018017599999998858 0.069357000000000002 0.042635395000000006
v 0.0018017599999998858 0.069720000000000004 0.040303390000000001
v 0.0018017599999998858 0.072259000000000004 0.038834389999999996
v 0.0018017599999998858 0.075410000000000019 0.036668395000000006
v 0.0018017599999998858 0.078482005000000007 0.013378390000000007
v 0.0018017599999998858 0.079361000000000015 0.033049395000000002
v 0.0018017599999998858 0.081744995000000001 0.027654390000000008
v 0.0018017599999998858 0.084136000000000016 0.018291395000000002
v 0.0018017599999998858 0.084136000000000016 0.018291395000000002
v 0.0020046999999999552 0.066035005000000008 0.047649395000000011
v 0.0020367450000000511 0.067272995000000002 0.048129384999999997
v 0.0020747399999999044 0.066316 0.047567385000000018
v 0.0020747399999999044 0.066316 0.047567385000000018
v 0.0020797749999999816 0.066098000000000004 0.047529390000000005
v 0.0021388250000001089 0.066582005000000014 0.04800639000000001
v 0.0021816999999998625 0.067142000000000007 0.048104390000000011
v 0.0022106949999999848 0.067584000000000005 0.047909395000000007
v 0.0022137449999999584 0.063716000000000009 0.043891390000000002
v 0.0022148150000000991 0.064740000000000006 0.046090395000000006
v 0.0022287000000000014 0.065805000000000002 0.047299384999999999
v 0.0022337350000000791 0.066273000000000012 0.047230395000000008
v 0.0022337350000000791 0.066273000000000012 0.047230395000000008
v 0.0022587599999999929 0.066509000000000013 0.047856389999999999
v 0.0022618099999999666 0.068329995000000004 0.046769390000000015
v 0.0022627249999999303 0.068960005000000019 0.043724395000000006
v 0.0023088050000001181 0.066728005000000007 0.047998390000000009
v 0.0023197949999999401 0.066054000000000015 0.046949384999999996
v 0.0023178100000001201 0.064378000000000005 0.045213395000000003
v 0.0023497000000000396 0.065297000000000008 0.046835395000000002
v 0.0023527549999999998 0.065056005000000014 0.046470395000000005
v 0.0023727400000001335 0.066976005000000005 0.048028395000000002
v 0.0023777749999999266 0.068669000000000008 0.045657385000000009
v 0.0023767100000000579 0.066281000000000007 0.046839390000000009
v 0.0023767100000000579 0.066281000000000007 0.046839390000000009
v 0.0023786949999998778 0.067123004999999999 0.048040390000000002
v 0.0024087499999998819 0.065941000000000013 0.046795385000000002
v 0.0024357599999999006 0.068140000000000006 0.047104395
v 0.0024636849999998822 0.066416000000000017 0.047409389999999996
v 0.0024807749999999351 0.066876000000000005 0.047968390000000007
v 0.0024967950000001318 0.067932000000000006 0.047410394999999994
v 0.0025086999999999176 0.063750000000000015 0.043114395000000007
v 0.0025466900000000671 0.065431995000000007 0.046601389999999993
v 0.0025646950000000838 0.067524000000000015 0.047761394999999998
v 0.0025708000000000176 0.066292005000000001 0.046345385000000003
v 0.0025708000000000176 0.066292005000000001 0.046345385000000003
v 0.0025888050000000343 0.065678995000000004 0.04645939000000001
v 0.0026057449999998972 0.069052005000000014 0.042626400000000002
v 0.0026867699999999651 0.067325005000000007 0.047808400000000001
v 0.0027217099999998578 0.066478000000000009 0.046965389999999996
v 0.0027616900000000991 0.065648000000000012 0.046043395000000008
v 0.002778779999999868 0.066706000000000015 0.047644395000000006
v 0.0027796950000001154 0.066224005000000016 0.045874395000000012
v 0.0027796950000001154 0.066224005000000016 0.045874395000000012
v 0.002782745000000089 0.067177000000000001 0.047734395000000013
v 0.0028137200000000443 0.066987000000000005 0.047730390000000011
v 0.0028337099999998809 0.067976000000000009 0.047041395000000007
v 0.00288772499999993 0.079186000000000006 0.032962390000000001
v 0.0028897100000000345 0.065720995000000004 0.045818394999999998
v 0.0029467750000000572 0.063532005000000003 0.040964395000000015
v 0.0029467750000000572 0.063532005000000003 0.040964395000000015
v 0.0029527300000000856 0.064878000000000005 0.045358389999999998
v 0.0029777550000000003 0.063804000000000013 0.042320385000000002
v 0.0030326850000000128 0.067493995000000015 0.047317389999999994
v 0.0030638099999998739 0.065449995000000011 0.045350400000000013
v 0.0031127950000001173 0.067658995 0.047015399999999999
v 0.0031268299999999251 0.065980000000000011 0.045274389999999998
v 0.0031268299999999251 0.065980000000000011 0.045274389999999998
v 0.0031336999999999173 0.067221005 0.047243394999999994
v 0.0031507849999999832 0.067876005000000003 0.046662389999999998
v 0.0031637549999999218 0.068380995000000014 0.045478400000000009
v 0.0031677250000001302 0.068890000000000007 0.04167439500000001
v 0.0031887800000001201 0.067411000000000013 0.047117384999999998
v 0.0032177749999999583 0.065284000000000009 0.044155390000000017
v 0.0032597350000000327 0.066715999999999998 0.046765395000000015
v 0.0032597350000000327 0.066715999999999998 0.046765395000000015
v 0.0032878099999999206 0.067146999999999998 0.046915400000000003
v 0.0033387749999999961 0.072300000000000017 0.038450395000000005
v 0.0033207699999999798 0.065620000000000012 0.043768385
v 0.0033207699999999798 0.065620000000000012 0.043768385
v 0.0033297749999999814 0.065099000000000004 0.043390390000000001
v 0.0033598349999999738 0.066245000000000012 0.045451394999999999
v 0.0034207150000000277 0.068951000000000012 0.040404395000000003
v 0.0034167500000000907 0.064288999999999999 0.042838390000000004
v 0.0034167500000000907 0.064288999999999999 0.042838390000000004
v 0.0034417700000000176 0.06695000000000001 0.046586400000000007
v 0.0034538249999999933 0.065825000000000009 0.044263390000000014
v 0.0035346999999998708 0.074782995000000005 0.035832394999999996
v 0.0035617049999999021 0.067895000000000011 0.045660399999999997
v 0.0035498050000001037 0.064893000000000006 0.042524395
v 0.0036337299999999553 0.065231999999999998 0.042095395000000008
v 0.0036337299999999553 0.065231999999999998 0.042095395000000008
v 0.0036907949999999781 0.066488000000000005 0.045583390000000001
v 0.003735810000000013 0.065812999999999997 0.043523390000000009
v 0.0037518299999999257 0.067455995000000005 0.04576839500000001
v 0.0038168350000000809 0.068423005000000009 0.042396394999999996
v 0.0038188149999999138 0.06690900000000001 0.045637399999999995
v 0.0038767999999998874 0.064906000000000005 0.04134939
v 0.0039758299999999719 0.064110005000000012 0.040632389999999997
v 0.0039758299999999719 0.064110005000000012 0.040632389999999997
v 0.0039758299999999719 0.064110005000000012 0.040632389999999997
v 0.0039916999999999791 0.059133000000000005 0.038918389999999997
v 0.0041517650000000104 0.067660000000000012 0.044103394999999997
v 0.0042327900000000782 0.065773999999999999 0.042520390000000005
v 0.004297789999999962 0.068148004999999998 0.040442389999999995
v 0.0043118300000000416 0.067751000000000006 0.043140390000000001
v 0.0043197649999999026 0.066578000000000012 0.044060390000000005
v 0.0043457050000000642 0.064831005000000011 0.040595400000000004
v 0.0043457050000000642 0.064831005000000011 0.040595400000000004
v 0.0044017049999999338 0.067953995000000017 0.042093390000000008
v 0.0043797299999999931 0.065252000000000004 0.04112940000000001
v 0.0044387800000001204 0.066271995000000014 0.043160390000000007
v 0.0045817550000000987 0.06725600000000001 0.043183395000000013
v 0.0046067800000000134 0.066647995000000002 0.043119390000000007
v 0.0050176999999999323 0.079410000000000008 0.013374395000000004
v 0.0049037150000000897 0.069058000000000008 0.0079433900000000085
v 0.0049037150000000897 0.066758000000000012 0.042219390000000016
v 0.0051698300000001026 0.083039000000000016 0.018698394999999996
v 0.0052017200000000208 0.081137000000000015 0.027074394999999998
v 0.0050857550000000615 0.069578995000000005 0.038685390000000007
v 0.0051997399999999042 0.072080000000000019 0.0090553949999999991
v 0.0052787799999998684 0.065663004999999997 0.040498390000000009
v 0.0053747549999999915 0.067029994999999995 0.040368385000000007
v 0.0054727149999999353 0.066342005000000009 0.040357400000000015
v 0.0062027000000000479 0.078654000000000002 0.03160139
v 0.0066397100000000348 0.071926000000000004 0.037252390000000003
v 0.0065068049999999272 0.060081000000000009 0.037762395000000011
v 0.006645814999999969 0.065702995000000014 0.039103394999999999
v 0.0066287249999999161 0.062180000000000006 0.039484385000000004
v 0.0072598249999998631 0.081567000000000014 0.018579390000000001
v 0.007198789999999915 0.073859994999999998 0.034434395000000007
v 0.0081097399999998723 0.07988099500000001 0.025632389999999994
v 0.0080007950000000935 0.072104000000000001 0.009927395000000009
v 0.0082118249999999175 0.077137005000000008 0.029687395000000002
v 0.0080137650000000338 0.066679000000000016 0.036830395000000002
v 0.0084178149999999605 0.078371005000000007 0.013670395000000009
v 0.0080126949999998927 0.061847000000000013 0.037067394999999996
v 0.0081747450000000284 0.066510995000000003 0.034730395000000011
v 0.0081747450000000284 0.066510995000000003 0.034730395000000011
v 0.0082138050000000358 0.06760500500000001 0.034511395
v 0.0082138050000000358 0.06760500500000001 0.034511395
v 0.0084158350000001266 0.068565000000000001 0.036145390000000013
v 0.0084158350000001266 0.068565000000000001 0.036145390000000013
v 0.0084877000000000164 0.065301000000000012 0.034138395000000002
v 0.0084877000000000164 0.065301000000000012 0.034138395000000002
v 0.0089038099999999062 0.079388000000000014 0.018384389999999997
v 0.0087187199999999611 0.064618000000000009 0.033451395000000009
v 0.0087187199999999611 0.064618000000000009 0.033451395000000009
v 0.0087187199999999611 0.064448000000000005 0.036477395000000003
v 0.0091407799999998918 0.077001000000000014 0.024126394999999995
v 0.0088967900000000086 0.066428995000000018 0.034641389999999994
v 0.0089027400000000496 0.065880005000000005 0.034537390000000008
v 0.0089727799999999979 0.068446000000000007 0.033486395000000016
v 0.0089727799999999979 0.068446000000000007 0.033486395000000016
v 0.0089567550000000992 0.066983000000000001 0.034582395000000002
v 0.0087817400000000118 0.058819000000000003 0.035677395000000001
v 0.0089717099999998585 0.065392005000000003 0.034281395000000006
v 0.0093397500000000355 0.077421000000000018 0.014839389999999994
v 0.009196775000000058 0.071773000000000003 0.011229390000000006
v 0.0090757750000000203 0.067489000000000007 0.034367389999999998
v 0.0090997300000000784 0.065013000000000001 0.033898390000000007
v 0.0092446899999998767 0.067895999999999998 0.034016390000000001
v 0.009271699999999895 0.064782000000000006 0.033426390000000007
v 0.0094458000000000181 0.068499000000000004 0.032758400000000014
v 0.0094458000000000181 0.068499000000000004 0.032758400000000014
v 0.0094438149999999145 0.068166005000000016 0.03356339500000001
v 0.0094287099999999652 0.06447900500000002 0.032372390000000008
v 0.0094287099999999652 0.06447900500000002 0.032372390000000008
v 0.0094717399999998952 0.064721004999999998 0.032910395000000002
v 0.0096456900000001147 0.069733000000000003 0.034096395000000015
v 0.0096456900000001147 0.069733000000000003 0.034096395000000015
v 0.0096546950000001158 0.068273000000000014 0.033054390000000003
v 0.0096337900000000309 0.066449005000000005 0.034335395000000005
v 0.0096366900000001005 0.066050000000000011 0.034259395000000005
v 0.009677734999999927 0.066852000000000009 0.034292394999999996
v 0.0096858199999999769 0.065696000000000018 0.034073390000000002
v 0.0096807849999999002 0.064836000000000005 0.03240239000000001
v 0.010047759999999925 0.075687995000000008 0.01706139500000001
v 0.0097647100000000358 0.067221005 0.034136390000000003
v 0.009767760000000009 0.065306995000000007 0.031205385000000009
v 0.009767760000000009 0.065306995000000007 0.031205385000000009
v 0.0098567199999999369 0.068209000000000006 0.032539385000000004
v 0.0097787500000001137 0.065420999999999993 0.033795394999999999
v 0.0098876949999998926 0.067518005000000006 0.033881395000000002
v 0.0098786949999998784 0.065113995000000008 0.031951389999999996
v 0.0099807749999999366 0.067974000000000007 0.031588390000000008
v 0.0099807749999999366 0.067974000000000007 0.031588390000000008
v 0.0099028000000001264 0.065252995000000008 0.033451395000000009
v 0.010029754999999908 0.067979000000000012 0.032067394999999999
v 0.01003372000000013 0.067716000000000012 0.033552389999999994
v 0.010005800000000134 0.066742999999999997 0.030864390000000009
v 0.010005800000000134 0.066742999999999997 0.030864390000000009
v 0.010045775000000104 0.065527995000000006 0.03160139
v 0.010048830000000064 0.065208000000000016 0.033077395000000002
v 0.010157775000000127 0.067607000000000014 0.031685390000000015
v 0.010187684999999931 0.067795000000000008 0.033183395000000004
v 0.010322725000000046 0.071736000000000008 0.028538400000000005
v 0.01016678000000013 0.066035005000000008 0.031386395000000004
v 0.010226744999999936 0.067127000000000006 0.031430395000000007
v 0.010218810000000075 0.066476000000000007 0.033858394999999999
v 0.01022873000000004 0.066586005000000004 0.031327390000000011
v 0.010220794999999894 0.066266005000000003 0.033818400000000005
v 0.010243685000000084 0.066688005000000009 0.033836394999999998
v 0.010200805000000058 0.065292000000000003 0.032708394999999994
v 0.010404814999999984 0.071117000000000014 0.013870389999999996
v 0.010245820000000093 0.066080000000000014 0.033720389999999996
v 0.010289764999999987 0.066882000000000011 0.033753395000000012
v 0.010585785000000099 0.075180999999999998 0.027787400000000014
v 0.010334780000000023 0.067748005 0.032808390000000007
v 0.010293729999999925 0.065936000000000008 0.033574390000000003
v 0.010353700000000002 0.067039000000000001 0.033620395000000004
v 0.010218810000000075 0.062396000000000007 0.032526390000000009
v 0.010344695000000001 0.065494005000000008 0.032380390000000009
v 0.010359799999999949 0.065848000000000004 0.033394394999999993
v 0.010430754999999861 0.067142999999999994 0.033447400000000002
v 0.010459744999999998 0.067580995000000019 0.032465390000000004
v 0.01043578999999994 0.065824005000000005 0.033197395000000011
v 0.010511779999999929 0.06718600000000001 0.033253395000000005
v 0.010466764999999895 0.065794000000000005 0.032126389999999998
v 0.010550690000000029 0.067310000000000009 0.032188395000000002
v 0.010516815000000007 0.065867994999999999 0.03300338500000001
v 0.01058776999999992 0.067161999999999999 0.033056395000000002
v 0.010555725000000108 0.066163005000000011 0.031970385000000004
v 0.010600739999999859 0.066960000000000006 0.032002390000000006
v 0.010595705000000066 0.066505999999999996 0.033258390000000006
v 0.010601805000000013 0.066565000000000013 0.031927395000000004
v 0.010592804999999997 0.065973000000000004 0.032831390000000009
v 0.010653685000000052 0.067074005000000006 0.032876394999999996
v 0.010656740000000012 0.066131005000000007 0.03269739
v 0.01070175000000006 0.066930005000000001 0.032730390000000012
v 0.010703734999999881 0.06632600000000001 0.032615394999999998
v 0.010727689999999937 0.066745995000000002 0.032632390000000004
v 0.010727689999999937 0.066536999999999999 0.032593394999999997
v 0.010782775000000128 0.067708000000000018 0.012223395000000005
v 0.010809784999999862 0.059611999999999998 0.033679389999999997
v 0.011424714999999992 0.072359005000000004 0.017942389999999996
v 0.011314695000000085 0.069073000000000009 0.030570395000000007
v 0.011314695000000085 0.069073000000000009 0.030570395000000007
v 0.011484834999999975 0.069348000000000007 0.016089389999999995
v 0.011810759999999901 0.067056000000000004 0.013851394999999996
v 0.012255705000000033 0.072559995000000002 0.022776394999999994
v 0.012255705000000033 0.072559995000000002 0.022776394999999994
v 0.012255705000000033 0.072559995000000002 0.022776394999999994
v 0.012083739999999919 0.065393999999999994 0.027689389999999998
v 0.012422789999999961 0.067665005000000014 0.018810395000000004
v 0.01230972500000007 0.061069000000000012 0.031240384999999996
v 0.012718810000000075 0.070442995000000008 0.021350394999999998
v 0.012538754999999922 0.065434005000000003 0.015145394999999999
v 0.013131715000000098 0.069666994999999995 0.027965395000000001
v 0.013131715000000098 0.069666994999999995 0.027965395000000001
v 0.013131715000000098 0.069666994999999995 0.027965395000000001
v 0.013334810000000061 0.06461900000000001 0.018731395000000008
v 0.014039764999999989 0.06776900000000001 0.025213395
v 0.014039764999999989 0.06776900000000001 0.025213395
v 0.014319764999999905 0.065596000000000002 0.023485394999999996
v 0.014319764999999905 0.065596000000000002 0.023485394999999996
v 0.014898680000000011 0.06300800500000002 0.023338395000000001
v 0.009831695000000024 -0.0023240000000000001 -0.0065546050000000024
v 0.009831695000000024 -0.0023240000000000001 -0.0065546050000000024
v 0.0098477149999999358 -0.00233 -0.0064966100000000016
v 0.0098477149999999358 -0.00233 -0.0064966100000000016
v 0.0098477149999999358 -0.00233 -0.0064966100000000016
v 0.0098918150000000069 -0.0023370000000000001 -0.0064296049999999928
v 0.0098957799999999443 -0.002323 -0.0066006100000000067
v 0.0098957799999999443 -0.002323 -0.0066006100000000067
v 0.0099478149999998773 -0.0023510000000000007 -0.0063636100000000091
v 0.0099517800000000975 -0.0023360000000000004 -0.0065756050000000069
v 0.0099777199999999747 -0.001366 -0.0063086050000000079
v 0.010002744999999889 -0.0013470000000000001 -0.0063566100000000073
v 0.010002744999999889 -0.0013470000000000001 -0.0063566100000000073
v 0.010002744999999889 -0.0013470000000000001 -0.0063566100000000073
v 0.010002744999999889 -0.0013470000000000001 -0.0063566100000000073
v 0.01000381500000003 -0.0014080000000000004 -0.0062286100000000042
v 0.010029754999999908 -0.0005080000000000001 -0.0056466099999999929
v 0.010029754999999908 -0.0005080000000000001 -0.0056466099999999929
v 0.010006715000000098 -0.0023770000000000002 -0.0063046049999999996
v 0.010011749999999892 -0.0023530000000000005 -0.0065236100000000095
v 0.010061800000000004 -0.0013630000000000003 -0.0063696099999999952
v 0.010089719999999998 -0.00039500000000000006 -0.0058346099999999988
v 0.010066835000000081 -0.0014660000000000003 -0.0061376100000000025
v 0.010085755000000063 -0.00066600000000000014 -0.005496604999999999
v 0.010085755000000063 -0.00066600000000000014 -0.005496604999999999
v 0.010064695000000085 -0.0024080000000000004 -0.006261604999999993
v 0.010072785000000124 -0.0023720000000000004 -0.0064596099999999976
v 0.010163724999999886 -0.00021500000000000002 -0.0054406050000000055
v 0.010137785000000007 -0.00141 -0.0063356100000000028
v 0.010118715000000122 -0.0024290000000000006 -0.0062456049999999944
v 0.010148775000000113 -0.001536 -0.0060466100000000017
v 0.01013168500000006 -0.002392 -0.0063966100000000031
v 0.010201720000000022 -0.00038100000000000005 -0.0052866099999999971
v 0.010191805000000043 -0.00085000000000000006 -0.0053726100000000094
v 0.010191805000000043 -0.00085000000000000006 -0.0053726100000000094
v 0.010198819999999954 -0.00062700000000000017 -0.0059766100000000046
v 0.010198819999999954 -0.00062700000000000017 -0.0059766100000000046
v 0.010161745000000052 -0.0024340000000000004 -0.0062576100000000072
v 0.010161745000000052 -0.0024340000000000004 -0.0062576100000000072
v 0.010144804999999904 -0.0033419999999999999 -0.0062556099999999939
v 0.010171814999999924 -0.0024130000000000002 -0.0063386050000000084
v 0.01021468999999996 -0.00071700000000000008 -0.0058796000000000074
v 0.01021468999999996 -0.00071700000000000008 -0.0058796000000000074
v 0.010182800000000042 -0.002428 -0.0062916099999999996
v 0.010182800000000042 -0.002428 -0.0062916099999999996
v 0.010164795000000025 -0.0033770000000000002 -0.0063046049999999996
v 0.010164795000000025 -0.0033770000000000002 -0.0063046049999999996
v 0.010164795000000025 -0.0033770000000000002 -0.0063046049999999996
v 0.010164795000000025 -0.0033770000000000002 -0.0063046049999999996
v 0.010169830000000102 -0.0033010000000000005 -0.0062086099999999972
v 0.010221709999999858 -0.0014760000000000003 -0.0062646100000000081
v 0.010246735000000057 -0.00059200000000000008 -0.0060456100000000042
v 0.010262754999999969 -0.00010900000000000001 -0.0056216049999999922
v 0.01022873000000004 -0.001614 -0.0059676050000000034
v 0.010205689999999946 -0.0032740000000000009 -0.0061836049999999974
v 0.010287779999999884 -0.00034500000000000004 -0.0060196099999999938
v 0.010218810000000075 -0.0033520000000000004 -0.0063076000000000052
v 0.01028274500000009 -0.00084099999999999995 -0.0057736099999999985
v 0.01028274500000009 -0.00084099999999999995 -0.0057736099999999985
v 0.010259704999999996 -0.0032770000000000004 -0.006153604999999996
v 0.010259704999999996 -0.0032770000000000004 -0.006153604999999996
v 0.010259704999999996 -0.0032770000000000004 -0.006153604999999996
v 0.010314789999999902 -0.001047 -0.0052596100000000066
v 0.010314789999999902 -0.001047 -0.0052596100000000066
v 0.010264740000000072 -0.0033260000000000008 -0.0062666049999999989
v 0.010307770000000004 -0.0015500000000000002 -0.0061776049999999931
v 0.010330810000000098 -0.00062000000000000011 -0.0060746100000000081
v 0.010307770000000004 -0.001689 -0.0059116099999999968
v 0.010333709999999881 -0.00060100000000000008 -0.0051486099999999979
v 0.010286715000000014 -0.0032800000000000004 -0.0062306000000000063
v 0.010286715000000014 -0.0032800000000000004 -0.0062306000000000063
v 0.010373690000000123 -0.00098200000000000002 -0.0056716049999999997
v 0.010373690000000123 -0.00098200000000000002 -0.0056716049999999997
v 0.010378724999999917 -0.001737 -0.0058916100000000081
v 0.010388795000000072 -0.0016250000000000001 -0.0060926049999999957
v 0.010429685000000006 -0.00071000000000000002 -0.0060456100000000042
v 0.010429685000000006 -0.00071000000000000002 -0.0060456100000000042
v 0.01043578999999994 -0.0017510000000000002 -0.0059076100000000058
v 0.01043578999999994 -0.0017510000000000002 -0.0059076100000000058
v 0.010477755 -6.900000000000001E-05 -0.0057926100000000071
v 0.010446775000000059 -0.0016910000000000002 -0.0060156049999999977
v 0.010466764999999895 -0.0011280000000000001 -0.0055876050000000007
v 0.010466764999999895 -0.0011280000000000001 -0.0055876050000000007
v 0.010468749999999999 -0.0012170000000000002 -0.0052016049999999946
v 0.010468749999999999 -0.0012170000000000002 -0.0052016049999999946
v 0.010468749999999999 -0.0012170000000000002 -0.0052016049999999946
v 0.010463714999999922 -0.0017350000000000002 -0.0059516050000000048
v 0.010463714999999922 -0.0017350000000000002 -0.0059516050000000048
v 0.010486755000000014 -0.00085100000000000009 -0.004995604999999995
v 0.010529784999999946 -0.00036800000000000005 -0.0061496050000000059
v 0.01053069999999991 -0.00083900000000000001 -0.0059716049999999944
v 0.01053069999999991 -0.00083900000000000001 -0.0059716049999999944
v 0.010557709999999929 -7.0000000000000007E-06 -0.0051716049999999932
v 0.010555725000000108 -0.00014000000000000001 -0.0050426099999999969
v 0.010560759999999902 -0.0012580000000000002 -0.0055326099999999916
v 0.010560759999999902 -0.0012580000000000002 -0.0055326099999999916
v 0.010636749999999891 -0.00031600000000000009 -0.004920604999999992
v 0.010645749999999905 7.6000000000000004E-05 -0.0053006099999999999
v 0.010630800000000135 -0.0009850000000000002 -0.0058776100000000053
v 0.010630800000000135 -0.0009850000000000002 -0.0058776100000000053
v 0.010653685000000052 -0.0013400000000000003 -0.0055226049999999921
v 0.010653685000000052 -0.0013400000000000003 -0.0055226049999999921
v 0.01066177500000009 -0.0010270000000000001 -0.004929609999999994
v 0.01066177500000009 -0.0010270000000000001 -0.004929609999999994
v 0.010673830000000065 -0.0013060000000000001 -0.0052536100000000023
v 0.010673830000000065 -0.0013060000000000001 -0.0052536100000000023
v 0.010713805000000035 -8.0000000000000007E-05 -0.0059406099999999998
v 0.010730744999999898 -0.00047100000000000006 -0.0061586100000000071
v 0.010730744999999898 -0.00047100000000000006 -0.0061586100000000071
v 0.010720824999999934 -0.0011290000000000002 -0.0057846050000000034
v 0.010720824999999934 -0.0011290000000000002 -0.0057846050000000034
v 0.010738829999999949 -0.0013650000000000003 -0.0055546099999999937
v 0.010738829999999949 -0.0013650000000000003 -0.0055546099999999937
v 0.010764770000000111 -0.00049600000000000002 -0.0048306099999999939
v 0.010797729999999887 0.00010800000000000001 -0.0054156099999999978
v 0.010782775000000128 -0.0012540000000000003 -0.0056966100000000004
v 0.010782775000000128 -0.0012540000000000003 -0.0056966100000000004
v 0.010866699999999979 -0.00063200000000000018 -0.0060766049999999979
v 0.010866699999999979 -0.00063200000000000018 -0.0060766049999999979
v 0.010874785000000031 -0.0010870000000000001 -0.0050096049999999977
v 0.010904695000000117 -0.00061300000000000005 -0.0048256100000000053
v 0.010931699999999864 -0.00016500000000000003 -0.0059816050000000062
v 0.010914764999999988 -0.0013250000000000002 -0.0053936099999999966
v 0.010914764999999988 -0.0013250000000000002 -0.0053936099999999966
v 0.010959780000000023 9.5000000000000005E-05 -0.0055196100000000047
v 0.01085479499999991 -0.0040450000000000009 -0.005562609999999993
v 0.01085479499999991 -0.0040450000000000009 -0.005562609999999993
v 0.01085479499999991 -0.0040450000000000009 -0.005562609999999993
v 0.010978700000000003 -0.00082299999999999995 -0.0059616100000000043
v 0.010978700000000003 -0.00082299999999999995 -0.0059616100000000043
v 0.011053770000000041 -0.00065900000000000008 -0.0049006100000000084
v 0.011084744999999997 -0.00032500000000000004 -0.0059076100000000058
v 0.011121824999999886 2.7000000000000002E-05 -0.0055676099999999989
v 0.011109769999999911 -0.0010180000000000002 -0.0058466050000000012
v 0.011109769999999911 -0.0010180000000000002 -0.0058466050000000012
v 0.011109769999999911 -0.00109 -0.0051636049999999939
v 0.01111374000000012 -0.0012850000000000001 -0.0055635999999999984
v 0.01111374000000012 -0.0012850000000000001 -0.0055635999999999984
v 0.011185759999999901 -0.0011860000000000002 -0.0057176100000000049
v 0.011185759999999901 -0.0011860000000000002 -0.0057176100000000049
v 0.011185759999999901 -0.0011860000000000002 -0.0057176100000000049
v 0.011208799999999996 -0.00054500000000000002 -0.0057626050000000014
v 0.011211700000000064 -0.00066100000000000013 -0.0050116049999999928
v 0.011267699999999933 -9.6000000000000002E-05 -0.0055396099999999934
v 0.011332705000000089 -0.0010630000000000001 -0.0053266050000000051
v 0.011365815000000053 -0.00064000000000000005 -0.0051206099999999925
v 0.011394804999999904 -0.00026700000000000004 -0.0054486099999999926
v 0.01138168500000006 -0.00079600000000000005 -0.0056236099999999933
v 0.0114567550000001 -0.00098000000000000019 -0.0054826049999999963
v 0.0114567550000001 -0.00098000000000000019 -0.0054826049999999963
v 0.0114567550000001 -0.00098000000000000019 -0.0054826049999999963
v 0.011473694999999963 -0.00057800000000000006 -0.0052256099999999969
v 0.011483765000000118 -0.00045100000000000001 -0.005333605000000006
v 0.011704709999999919 0.00092100000000000016 -0.003769609999999997
v 0.011725769999999898 0.0011119999999999999 -0.0038486100000000079
v 0.011728819999999869 0.0007090000000000001 -0.0037346100000000071
v 0.011798704999999927 0.0012560000000000002 -0.0039626050000000036
v 0.011791685000000029 0.000504 -0.0037416100000000085
v 0.011904754999999908 0.001013 -0.003394604999999995
v 0.011892699999999933 0.00034099999999999999 -0.0037946050000000047
v 0.01192672499999986 0.0013210000000000001 -0.0040936100000000062
v 0.011921690000000068 0.00077400000000000006 -0.0033456050000000032
v 0.011939695000000083 0.001261 -0.0035076049999999987
v 0.011997834999999952 0.000562 -0.0033636100000000017
v 0.012035830000000088 0.0014610000000000003 -0.0036646099999999926
v 0.012024690000000077 0.00024100000000000003 -0.0038896100000000017
v 0.012092744999999922 0.001291 -0.0042056099999999933
v 0.012127685000000098 0.00039899999999999999 -0.0034406099999999998
v 0.012196810000000084 0.0015510000000000001 -0.0038336100000000077
v 0.012168729999999925 0.00021600000000000002 -0.0040046000000000075
v 0.012220764999999856 0.001103 -0.003083609999999997
v 0.012236785000000054 0.00085500000000000007 -0.0030366049999999947
v 0.01225677499999989 0.001175 -0.0042726049999999918
v 0.012263795000000072 0.0013550000000000003 -0.0031936050000000017
v 0.01229568499999999 0.00030000000000000003 -0.0035636049999999923
v 0.01230972500000007 0.00027500000000000002 -0.0041156100000000083
v 0.012321775000000057 0.00063600000000000017 -0.0030496049999999999
v 0.012368774999999914 0.0015609999999999999 -0.0033526050000000046
v 0.012385710000000072 0.0010020000000000001 -0.0042976099999999925
v 0.012400820000000009 0.0015020000000000001 -0.0039766050000000072
v 0.012418825000000026 0.00040600000000000006 -0.0042066100000000091
v 0.01245971499999996 0.00079799999999999999 -0.0042936049999999963
v 0.012458799999999996 0.00047400000000000003 -0.0031236099999999924
v 0.012470705000000066 0.00058799999999999998 -0.0042666050000000058
v 0.012482760000000041 0.00027700000000000001 -0.0037176050000000066
v 0.012532804999999881 0.0016540000000000001 -0.0035216050000000014
v 0.012605744999999899 0.0013360000000000002 -0.0040686050000000055
v 0.012632749999999929 0.0011600000000000002 -0.0028376100000000017
v 0.012632749999999929 0.00038900000000000002 -0.0032456099999999925
v 0.012649690000000078 0.00093500000000000007 -0.0028016099999999969
v 0.012670745000000067 0.0013690000000000002 -0.0029196050000000009
v 0.012656709999999974 0.00034200000000000007 -0.0038676049999999945
v 0.012737730000000056 0.0016020000000000003 -0.0036676049999999983
v 0.012714689999999959 0.00072100000000000007 -0.0028136049999999994
v 0.01276382500000011 0.0015290000000000002 -0.0030396099999999929
v 0.012766724999999894 0.0011119999999999999 -0.004109610000000004
v 0.012789764999999988 0.00047600000000000008 -0.0039906000000000047
v 0.012823789999999917 0.00055200000000000008 -0.0028756049999999968
v 0.012823789999999917 0.00038000000000000002 -0.0033956049999999925
v 0.012853700000000003 0.00088100000000000006 -0.0041136050000000072
v 0.012858735000000079 0.00066100000000000013 -0.0040756050000000073
v 0.012908784999999909 0.0015990000000000002 -0.003178605000000001
v 0.012940825000000017 0.0014310000000000002 -0.0037716099999999921
v 0.012966764999999894 0.00044999999999999999 -0.0029786099999999927
v 0.012999724999999955 0.00043200000000000004 -0.0035536100000000031
v 0.013074799999999982 0.0015640000000000003 -0.0033066099999999928
v 0.013090819999999892 0.001201 -0.0038236050000000077
v 0.013126829999999926 0.00055100000000000017 -0.0036876099999999926
v 0.013126829999999926 0.000428 -0.0031086050000000047
v 0.013172759999999926 0.00096200000000000007 -0.0038286100000000018
v 0.013186800000000005 0.00073600000000000011 -0.0037806050000000016
v 0.01322478999999987 0.0014320000000000001 -0.0033936100000000026
v 0.013271790000000009 0.00048700000000000002 -0.0032366099999999957
v 0.013335725000000024 0.0012400000000000002 -0.0034356099999999939
v 0.013373719999999875 0.00061700000000000004 -0.003339604999999999
v 0.013401795000000048 0.0010220000000000001 -0.0034386049999999995
v 0.013416750000000092 0.00080300000000000011 -0.0034075999999999954
v 0.013565825000000017 0.0016240000000000002 -0.0016366099999999941
v 0.013578794999999956 0.0013470000000000001 -0.0015806100000000001
v 0.013622740000000133 0.0019160000000000002 -0.001755610000000001
v 0.013666685000000029 0.0011010000000000002 -0.0016036049999999949
v 0.013731689999999901 0.002166 -0.001901609999999998
v 0.013821714999999983 0.001508 -0.00068061000000000163
v 0.013814695000000085 0.00091200000000000016 -0.0016886049999999921
v 0.013864744999999913 0.0017950000000000002 -0.00062960500000000877
v 0.013888699999999971 0.0022770000000000004 -0.0020596049999999978
v 0.01388977000000011 0.0014490000000000002 -0.00010760499999999951
v 0.013909759999999946 0.0017340000000000003 -6.9610000000004397E-05
v 0.013938750000000083 0.0012490000000000001 -0.00068960999999999838
v 0.014000699999999994 0.0020460000000000005 -0.0013546099999999939
v 0.013982694999999976 0.001201 -0.00012960500000000155
v 0.014026795000000048 0.0020400000000000001 -2.4604999999997549E-05
v 0.014030759999999984 0.0021190000000000002 -0.0005526049999999928
v 0.013993685000000084 0.00079799999999999999 -0.001807604999999999
v 0.014073789999999918 0.0022040000000000007 -0.0022066099999999977
v 0.014055784999999899 0.00091200000000000016 0.0037493899999999948
v 0.014070739999999943 0.001176 0.0037873950000000007
v 0.014117735000000096 0.0023210000000000001 -0.0015456099999999931
v 0.014082794999999919 0.00085100000000000009 0.0041643900000000048
v 0.014098815000000115 0.001108 0.0042033950000000082
v 0.014184725000000072 0.0023700000000000001 -0.00098860500000000698
v 0.014137724999999933 0.00068500000000000017 0.0037113950000000001
v 0.014163819999999987 0.0012170000000000002 0.0033583950000000053
v 0.014158784999999908 0.00097800000000000014 0.0033273900000000017
v 0.014175720000000067 0.0014530000000000003 0.0038313950000000044
v 0.014202730000000087 0.0023060000000000003 1.1395000000007373E-05
v 0.014163819999999987 0.0010160000000000002 -0.00013961000000000114
v 0.014169770000000026 0.0010360000000000002 -0.00067260499999999735
v 0.014160765000000027 0.00063000000000000003 0.0041353900000000018
v 0.014175720000000067 0.00077400000000000006 -0.0019526100000000037
v 0.014199830000000019 0.0013810000000000003 0.004256390000000004
v 0.014244689999999878 0.0024140000000000003 -0.0004916099999999979
v 0.014199830000000019 0.00097700000000000022 -0.0012766099999999983
v 0.014274749999999867 0.0024380000000000001 -0.0017096049999999964
v 0.014274749999999867 0.0024380000000000001 -0.0017096049999999964
v 0.014274749999999867 0.0024380000000000001 -0.0017096049999999964
v 0.014244689999999878 0.0014440000000000002 0.0033873950000000092
v 0.014224700000000041 0.00075700000000000008 0.0033003899999999933
v 0.014265744999999866 0.0019870000000000001 -0.0023276049999999952
v 0.01425979500000011 0.001041 0.0045953950000000004
v 0.014258729999999956 0.00081400000000000005 0.0045613950000000089
v 0.014203794999999957 -0.00094300000000000015 0.0074373899999999986
v 0.014232790000000078 -0.001175 0.0072613899999999995
v 0.014301759999999886 0.00052300000000000003 0.0036833949999999943
v 0.014327700000000049 0.0012520000000000003 0.0046343899999999934
v 0.014264829999999904 -0.00076200000000000009 0.0075793950000000096
v 0.014318695000000046 0.00059800000000000001 0.0045313950000000075
v 0.014321745000000019 0.00046699999999999997 0.0041133999999999919
v 0.01433471499999996 0.00083900000000000001 -0.0021066100000000001
v 0.014265744999999866 -0.001235 0.0076713950000000088
v 0.014265744999999866 -0.001235 0.0076713950000000088
v 0.014363710000000083 0.0016870000000000001 0.0038733949999999956
v 0.014271699999999896 -0.0014370000000000001 0.007062395000000006
v 0.014382779999999968 0.0016100000000000001 0.0043033999999999937
v 0.01428069999999991 -0.0014280000000000002 0.0075193999999999947
v 0.01428069999999991 -0.0014280000000000002 0.0075193999999999947
v 0.014313809999999875 -0.00068700000000000011 0.0070553950000000051
v 0.014310759999999902 -0.00087499999999999991 0.0069163900000000049
v 0.014359739999999874 0.00058700000000000007 0.0032803900000000046
v 0.014397735000000009 0.0016240000000000002 0.003409394999999993
v 0.014310759999999902 -0.0010640000000000001 0.0078193950000000016
v 0.014310759999999902 -0.0010640000000000001 0.0078193950000000016
v 0.014431764999999928 0.0024330000000000003 3.7395000000000071E-05
v 0.014390715000000113 0.00091000000000000011 -0.0001406099999999988
v 0.014319764999999905 -0.0016320000000000002 0.0073683950000000041
v 0.014319764999999905 -0.0016320000000000002 0.0073683950000000041
v 0.014442750000000046 0.0017210000000000001 -0.0024206049999999915
v 0.014469755000000077 0.0023600000000000001 -0.0018596100000000072
v 0.014469755000000077 0.0023600000000000001 -0.0018596100000000072
v 0.014469755000000077 0.0023600000000000001 -0.0018596100000000072
v 0.014475710000000107 0.0025460000000000001 -0.00046160499999999162
v 0.014475710000000107 0.0025460000000000001 -0.00046160499999999162
v 0.014366760000000055 -0.0010630000000000001 0.0067803950000000059
v 0.014391784999999969 -0.00053700000000000004 0.0071573949999999987
v 0.014441835000000082 0.00090600000000000012 -0.00065160999999999811
v 0.014462739999999884 0.0014180000000000002 0.0046673949999999926
v 0.014457705000000088 0.00098799999999999995 -0.0022546099999999928
v 0.014441835000000082 0.00043200000000000004 0.004510395000000003
v 0.014380800000000136 -0.001614 0.0069213949999999969
v 0.014380800000000136 -0.001614 0.0069213949999999969
v 0.014416809999999884 -0.0018030000000000001 0.0072433949999999928
v 0.014416809999999884 -0.0018030000000000001 0.0072433949999999928
v 0.014416809999999884 -0.0018030000000000001 0.0072433949999999928
v 0.014457705000000088 -0.00063299999999999999 0.0076743899999999962
v 0.014507749999999929 0.00083000000000000001 -0.0013936050000000046
v 0.014543759999999961 0.0014590000000000002 -0.0024455999999999992
v 0.014540709999999988 0.0012040000000000002 -0.0023816099999999988
v 0.014475710000000107 -0.00093100000000000008 0.0079403899999999968
v 0.014527740000000051 0.00044800000000000005 0.0036633950000000051
v 0.014483794999999872 -0.0011780000000000002 0.0067063899999999961
v 0.014544830000000104 0.00037600000000000003 0.0041003899999999946
v 0.014549714999999991 0.00049200000000000014 0.0032683950000000021
v 0.014608765000000119 0.001804 0.0038883949999999959
v 0.014606780000000014 0.0017130000000000003 0.0034163949999999944
v 0.014584810000000059 0.00079900000000000012 -0.001591605000000005
v 0.014544830000000104 -0.00043600000000000003 0.0072143950000000071
v 0.014626770000000134 0.0017240000000000003 0.004320395000000002
v 0.014613799999999911 0.00033500000000000007 0.0044993949999999928
v 0.014683684999999967 0.0023720000000000004 5.3394999999998305E-05
v 0.014655759999999985 0.0015010000000000004 0.0046783899999999967
v 0.014637754999999969 0.00089600000000000009 -0.00012760999999999358
v 0.014654695000000115 0.00086000000000000009 -0.0008756050000000038
v 0.014737700000000018 0.0024810000000000001 -0.0004486099999999916
v 0.014737700000000018 0.0024810000000000001 -0.0004486099999999916
v 0.014619749999999952 -0.001389 0.007798394999999997
v 0.014619749999999952 -0.001389 0.007798394999999997
v 0.014740754999999979 0.0021199999999999999 -0.002029610000000002
v 0.014740754999999979 0.0021199999999999999 -0.002029610000000002
v 0.014611815000000092 -0.0016610000000000001 0.0068773949999999936
v 0.014626770000000134 -0.0012570000000000003 0.0079173950000000042
v 0.014626770000000134 -0.0012570000000000003 0.0079173950000000042
v 0.014622804999999914 -0.0018810000000000001 0.0071813949999999949
v 0.014622804999999914 -0.0018810000000000001 0.0071813949999999949
v 0.014635775000000137 -0.0015370000000000002 0.0076713950000000088
v 0.014635775000000137 -0.0015370000000000002 0.0076713950000000088
v 0.014656830000000128 -0.0012130000000000003 0.0066923899999999925
v 0.014671784999999885 -0.0011590000000000001 0.0080033949999999982
v 0.014663695000000129 -0.0016870000000000001 0.0075573900000000032
v 0.014663695000000129 -0.0016870000000000001 0.0075573900000000032
v 0.014764710000000035 0.00086700000000000015 -0.0016616050000000018
v 0.014768829999999865 0.00048300000000000014 0.0032633949999999962
v 0.014741820000000131 -0.00038700000000000003 0.0072293950000000082
v 0.014742735000000094 -0.00056800000000000015 0.0077023900000000025
v 0.014793699999999885 0.0008870000000000002 -0.00067860500000000107
v 0.014784699999999871 0.00045400000000000008 0.0036543950000000082
v 0.014828794999999957 0.0016910000000000002 0.0034043899999999998
v 0.014711760000000138 -0.0018200000000000002 0.007465390000000004
v 0.014711760000000138 -0.0018200000000000002 0.007465390000000004
v 0.014754790000000071 -0.00085599999999999999 0.0079883949999999988
v 0.014802704999999888 0.00036900000000000008 0.004095390000000006
v 0.014754790000000071 -0.0011150000000000001 0.0080333899999999944
v 0.01472274999999996 -0.0020220000000000004 0.008213395000000007
v 0.014728700000000004 -0.0019610000000000005 0.0083193950000000072
v 0.014809725000000072 0.00032200000000000002 0.0044933900000000025
v 0.014732820000000117 -0.0020939999999999999 0.0080993950000000058
v 0.014873809999999991 0.0017660000000000002 0.0038673949999999918
v 0.014865724999999939 0.0014829999999999999 0.0046573949999999973
v 0.014757690000000137 -0.0019140000000000001 0.0083963950000000061
v 0.014750825000000132 -0.0021750000000000003 0.0079943950000000014
v 0.014888765000000035 0.001689 0.0042983899999999948
v 0.014869689999999878 0.00097500000000000017 -9.5604999999991953E-05
v 0.014928740000000005 0.0021620000000000003 5.739000000000161E-05
v 0.014785765000000027 -0.0019009999999999999 0.0074113949999999916
v 0.014785765000000027 -0.0019009999999999999 0.0074113949999999916
v 0.014782715000000052 -0.0022510000000000004 0.0079093950000000048
v 0.014808805000000119 -0.0018900000000000002 0.0084233949999999967
v 0.014808805000000119 -0.0018900000000000002 0.0084233949999999967
v 0.014843749999999998 -0.0011380000000000001 0.0080143950000000075
v 0.014843749999999998 -0.0011380000000000001 0.0080143950000000075
v 0.014858705000000041 -0.0012000000000000001 0.0067013949999999954
v 0.01482970999999992 -0.0022980000000000001 0.0078583899999999929
v 0.014954835000000059 0.001065 -0.0019596100000000053
v 0.01482483000000002 -0.0028960000000000006 0.0085543900000000072
v 0.01482483000000002 -0.0028960000000000006 0.0085543900000000072
v 0.01486480499999999 -0.0019030000000000002 0.0084043900000000012
v 0.01486480499999999 -0.0019030000000000002 0.0084043900000000012
v 0.01483276499999988 -0.0028870000000000007 0.0086313900000000044
v 0.014837799999999957 -0.0029380000000000005 0.0083943949999999937
v 0.014877774999999926 -0.0019200000000000003 0.0073943900000000094
v 0.014877774999999926 -0.0019200000000000003 0.0073943900000000094
v 0.014971769999999935 0.00055800000000000012 0.0032633949999999962
v 0.014911805000000129 -0.0012280000000000001 0.0079413899999999961
v 0.014911805000000129 -0.0012280000000000001 0.0079413899999999961
v 0.014942780000000084 -0.00038500000000000003 0.0072323899999999957
v 0.015022735000000009 0.0018609999999999998 -0.0021936050000000056
v 0.015022735000000009 0.0018609999999999998 -0.0021936050000000056
v 0.015012815000000047 0.0015640000000000003 0.0033793949999999921
v 0.014857790000000079 -0.002879 0.0086863900000000004
v 0.01490371500000009 -0.0016420000000000002 0.0068813899999999976
v 0.014858705000000041 -0.0029700000000000004 0.0083293899999999973
v 0.014886779999999931 -0.0023089999999999999 0.0078413950000000027
v 0.014886779999999931 -0.0023089999999999999 0.0078413950000000027
v 0.014907685000000013 -0.0019490000000000002 0.0083373950000000027
v 0.014910734999999987 -0.0018800000000000002 0.0071723949999999981
v 0.014997710000000095 0.00039600000000000008 0.0044853950000000083
v 0.015041809999999885 0.0013680000000000003 0.0046073900000000029
v 0.014951780000000098 -0.0013620000000000001 0.0078323950000000059
v 0.014951780000000098 -0.0013620000000000001 0.0078323950000000059
v 0.015080719999999985 0.0022540000000000004 -0.00044760500000000651
v 0.015080719999999985 0.0022540000000000004 -0.00044760500000000651
v 0.014892729999999972 -0.0029890000000000003 0.0082893950000000067
v 0.014897765000000049 -0.002869 0.008705394999999996
v 0.01493377500000008 -0.0020170000000000001 0.0082373899999999989
v 0.015032804999999884 0.0005260000000000001 0.003657389999999996
v 0.014938809999999875 -0.0022880000000000001 0.0078633899999999996
v 0.014957735000000125 -0.0018830000000000001 0.0074193950000000092
v 0.014957735000000125 -0.0018830000000000001 0.0074193950000000092
v 0.014950714999999946 -0.0020939999999999999 0.0081243899999999952
v 0.015043794999999988 0.00045300000000000006 0.0040933899999999928
v 0.015067750000000046 0.0011380000000000001 -5.2605000000003343E-05
v 0.014979705000000079 -0.0015140000000000002 0.0077063949999999978
v 0.014979705000000079 -0.0015140000000000002 0.0077063949999999978
v 0.015074769999999944 0.00099700000000000006 -0.00078460500000000267
v 0.014963684999999883 -0.0021710000000000002 0.0080143950000000075
v 0.014939730000000109 -0.0028720000000000004 0.0086913949999999941
v 0.014939730000000109 -0.0028720000000000004 0.0086913949999999941
v 0.014935759999999902 -0.0029920000000000003 0.0082773949999999982
v 0.014935759999999902 -0.0029920000000000003 0.0082773949999999982
v 0.014964750000000035 -0.0022409999999999999 0.0079223900000000048
v 0.015032804999999884 -0.00055700000000000009 0.0077023900000000025
v 0.015111694999999939 0.0016000000000000001 0.0038213900000000052
v 0.015000765000000058 -0.0016639999999999999 0.0075863949999999932
v 0.015000765000000058 -0.0016639999999999999 0.0075863949999999932
v 0.015117799999999874 0.0015250000000000001 0.0042423900000000013
v 0.015000765000000058 -0.0017950000000000002 0.0074853899999999919
v 0.015000765000000058 -0.0017950000000000002 0.0074853899999999919
v 0.015039825000000062 -0.00085900000000000006 0.0079703899999999991
v 0.014969790000000103 -0.0028840000000000003 0.0086413950000000031
v 0.015108794999999873 0.00091300000000000018 -0.0016576099999999984
v 0.015144804999999907 0.0018990000000000005 5.039000000000016E-05
v 0.015125730000000032 0.0013250000000000002 -0.002153604999999992
v 0.014974824999999895 -0.0029820000000000003 0.0082933899999999925
v 0.014974824999999895 -0.0029820000000000003 0.0082933899999999925
v 0.015136720000000138 0.0013680000000000003 0.0033473949999999956
v 0.014984739999999871 -0.0029020000000000005 0.0085683900000000091
v 0.015120694999999955 0.00070600000000000003 0.0032713900000000077
v 0.015054780000000108 -0.0011630000000000002 0.0067103949999999914
v 0.014994810000000029 -0.0029210000000000004 0.0084853949999999945
v 0.014961700000000064 -0.0038660000000000001 0.0082453899999999965
v 0.014961700000000064 -0.0038660000000000001 0.0082453899999999965
v 0.014961700000000064 -0.0038660000000000001 0.0082453899999999965
v 0.014997710000000095 -0.0029650000000000002 0.0083373950000000027
v 0.015170745000000067 0.0016000000000000001 -0.0022506049999999971
v 0.015170745000000067 0.0016000000000000001 -0.0022506049999999971
v 0.015170745000000067 0.0016000000000000001 -0.0022506049999999971
v 0.014972684999999897 -0.0038379999999999998 0.0082053950000000077
v 0.014972684999999897 -0.0038379999999999998 0.0082053950000000077
v 0.014972684999999897 -0.0038379999999999998 0.0082053950000000077
v 0.015162809999999922 0.0011890000000000002 0.0045503899999999936
v 0.015142820000000085 0.00054500000000000002 0.0044793899999999989
v 0.015109710000000122 -0.00044400000000000006 0.0071893900000000073
v 0.014996795000000132 -0.0038400000000000005 0.0081533899999999999
v 0.015197755000000085 0.0011400000000000002 0.003315389999999994
v 0.015195769999999982 0.00090800000000000017 0.0032893950000000062
v 0.015215760000000101 0.0013680000000000003 -7.6100000000067788E-06
v 0.015215760000000101 0.0013680000000000003 -7.6100000000067788E-06
v 0.015026704999999935 -0.0038320000000000003 0.008123400000000008
v 0.015026704999999935 -0.0038320000000000003 0.008123400000000008
v 0.015024720000000115 -0.0039360000000000011 0.008326395000000009
v 0.015024720000000115 -0.0039360000000000011 0.008326395000000009
v 0.015024720000000115 -0.0039360000000000011 0.008326395000000009
v 0.01522278 0.00097199999999999999 0.0045083900000000027
v 0.015218810000000076 0.000745 0.0044863900000000007
v 0.015253754999999956 0.001634 2.8389999999998144E-05
v 0.015053709999999965 -0.0038360000000000009 0.0081523900000000007
v 0.015243685000000085 0.0011790000000000004 -0.00055659999999999597
v 0.015225829999999975 0.00066600000000000014 0.0036723899999999972
v 0.015230714999999862 0.00060800000000000003 0.0040963950000000087
v 0.015068814999999914 -0.0038379999999999998 0.008202390000000009
v 0.015274809999999944 0.001364 0.0037733949999999975
v 0.015277710000000012 0.001294 0.004179390000000005
v 0.015218810000000076 -0.00056800000000000015 0.0070933899999999998
v 0.015207824999999956 -0.0010860000000000002 0.0067393949999999953
v 0.015182800000000041 -0.0018190000000000003 0.0072083950000000037
v 0.015182800000000041 -0.0018190000000000003 0.0072083950000000037
v 0.015190734999999903 -0.001593 0.0069003949999999932
v 0.015215760000000101 -0.00095500000000000012 0.0078753949999999951
v 0.015215760000000101 -0.00095500000000000012 0.0078753949999999951
v 0.015242765000000134 -0.00063299999999999999 0.0076243949999999939
v 0.015270690000000114 -0.0007490000000000001 0.0069563950000000041
v 0.015333709999999882 0.00087100000000000014 0.0036973949999999974
v 0.015340730000000065 0.00081400000000000005 0.0041103949999999941
v 0.015350799999999935 0.0011130000000000001 0.0037344000000000045
v 0.015137785000000008 -0.0046150000000000002 0.0073753950000000059
v 0.015137785000000008 -0.0046150000000000002 0.0073753950000000059
v 0.015137785000000008 -0.0046150000000000002 0.0073753950000000059
v 0.015137785000000008 -0.0046150000000000002 0.0073753950000000059
v 0.015279695000000116 -0.00094500000000000009 0.0068203950000000017
v 0.015355835000000012 0.0010500000000000002 0.0041353900000000018
v 0.015281830000000128 -0.0011220000000000002 0.0077423950000000026
v 0.015281830000000128 -0.0011220000000000002 0.0077423950000000026
v 0.015401765000000012 0.00183 -0.0021296000000000071
v 0.015428770000000043 0.0020050000000000003 -0.00045661000000000844
v 0.015308684999999968 -0.0013220000000000003 0.0075943949999999934
v 0.015308684999999968 -0.0013220000000000003 0.0075943949999999934
v 0.015327760000000124 -0.00079799999999999999 0.0074883950000000079
v 0.015345764999999857 -0.0010330000000000001 0.007311390000000007
v 0.015337829999999997 -0.001704 0.0072943899999999944
v 0.015337829999999997 -0.001704 0.0072943899999999944
v 0.015337829999999997 -0.001704 0.0072943899999999944
v 0.015350799999999935 -0.0015260000000000004 0.0074353999999999948
v 0.015350799999999935 -0.0015260000000000004 0.0074353999999999948
v 0.01547668499999986 0.0010570000000000002 -0.00077060499999999984
v 0.015388795000000073 -0.0014910000000000001 0.0069623950000000092
v 0.015388795000000073 -0.0014910000000000001 0.0069623950000000092
v 0.015409699999999872 -0.001294 0.0071123900000000092
v 0.01564773500000001 0.00183 -0.00044961000000000697
v 0.01564773500000001 0.00183 -0.00044961000000000697
v 0.01564773500000001 0.00183 -0.00044961000000000697
v 0.015776825000000088 0.0015580000000000001 -0.00048860499999999981
v 0.015776825000000088 0.0015580000000000001 -0.00048860499999999981
v 0.015776825000000088 0.0015580000000000001 -0.00048860499999999981
v 0.015776825000000088 0.0015580000000000001 -0.00048860499999999981
v 0.015802764999999965 0.0021129999999999999 -0.00042761000000000491
v 0.015802764999999965 0.0021129999999999999 -0.00042761000000000491
v 0.015772704999999974 0.00094800000000000006 -0.0016496099999999993
v 0.015839689999999962 0.0018740000000000004 -0.0020666049999999991
v 0.015972749999999963 0.0011050000000000001 -0.00072361000000000788
v 0.016034699999999871 0.0017510000000000002 0.00013739499999999795
v 0.016086730000000101 0.0013190000000000001 -0.00053660499999999458
v 0.016086730000000101 0.0013190000000000001 -0.00053660499999999458
v 0.016102755000000003 0.001493 9.8389999999994889E-05
v 0.016123809999999992 0.0020300000000000001 0.00016139000000000794
v 0.016149749999999869 0.0024090000000000001 -0.00041960500000000068
v 0.016149749999999869 0.0024090000000000001 -0.00041960500000000068
v 0.016171720000000108 0.0018390000000000001 -0.0020106050000000056
v 0.01628372000000013 0.001286 4.9390000000002487E-05
v 0.016328734999999883 0.0023240000000000001 0.00016838999999999163
v 0.016389770000000112 0.0015550000000000002 -0.0018966099999999922
v 0.016389770000000112 0.0015550000000000002 -0.0018966099999999922
v 0.016375730000000033 0.0011709999999999999 -0.00068761000000000299
v 0.016375730000000033 0.0011709999999999999 -0.00068761000000000299
v 0.016407775000000128 0.00099800000000000019 -0.0017266099999999976
v 0.016407775000000128 0.00099800000000000019 -0.0017266099999999976
v 0.016490785000000018 0.0026880000000000003 -0.00044961000000000697
v 0.016490785000000018 0.0026880000000000003 -0.00044961000000000697
v 0.016479794999999908 0.0012850000000000001 -0.0018536100000000036
v 0.016479794999999908 0.0012850000000000001 -0.0018536100000000036
v 0.016532745000000092 0.0018260000000000004 -0.0019246099999999978
v 0.016532745000000092 0.0018260000000000004 -0.0019246099999999978
v 0.016511690000000103 0.001152 2.3949999999928201E-06
v 0.016567689999999968 0.0025690000000000005 0.00016239000000000561
v 0.016601714999999899 0.001126 -0.0008136099999999937
v 0.016625825000000132 0.0011169999999999999 0.0046753900000000041
v 0.016719820000000142 0.0027920000000000002 -0.00047360499999999918
v 0.016719820000000142 0.0027920000000000002 -0.00047360499999999918
v 0.016683805000000117 0.0013800000000000002 0.0047093950000000016
v 0.016664734999999951 0.00087900000000000012 0.0046333899999999959
v 0.016688690000000006 0.0010440000000000002 0.0051373949999999986
v 0.016701815000000123 0.0010620000000000002 -0.00095160500000000434
v 0.016723785000000078 0.0014390000000000002 -0.0023346049999999965
v 0.016719820000000142 0.0011800000000000001 0.0041763949999999994
v 0.016729735000000117 0.0010370000000000002 -0.0017696100000000039
v 0.016729735000000117 0.0010370000000000002 -0.0017696100000000039
v 0.016729735000000117 0.0010370000000000002 -0.0017696100000000039
v 0.01672881999999987 0.00081100000000000009 0.0051093949999999923
v 0.016749724999999955 0.0013000000000000002 0.005176390000000009
v 0.016743774999999916 0.00094900000000000008 0.0041473949999999964
v 0.016762694999999894 0.0014170000000000001 0.0042033950000000082
v 0.016764829999999904 0.0011870000000000001 -0.0022936050000000032
v 0.016769715000000074 0.0011090000000000002 -3.1604999999998997E-05
v 0.016832735000000126 0.0026660000000000004 0.00014239500000000406
v 0.016812745000000007 0.001707 -0.002363605
v 0.016785734999999989 0.00099700000000000006 -0.0011556050000000085
v 0.0168357850000001 0.0021040000000000004 -0.0019416050000000064
v 0.0168357850000001 0.0021040000000000004 -0.0019416050000000064
v 0.0168357850000001 0.0021040000000000004 -0.0019416050000000064
v 0.016801759999999888 0.00093900000000000016 -0.0014846050000000056
v 0.016834714999999958 0.0016420000000000002 0.0047443950000000089
v 0.016799775000000069 0.00069300000000000004 0.0045933900000000001
v 0.016876829999999926 0.001634 0.0042243949999999945
v 0.016845705000000068 0.00076000000000000004 0.0041203900000000007
v 0.016865689999999916 0.00062399999999999999 0.0050823950000000026
v 0.016902770000000091 0.0015570000000000002 0.0052293949999999978
v 0.016894685000000038 0.00097900000000000005 0.0055523950000000086
v 0.016900784999999984 0.0009810000000000001 -0.0022466099999999935
v 0.016911775000000091 0.0008690000000000002 -0.0017206099999999937
v 0.016921690000000069 0.0007530000000000002 0.0055273900000000079
v 0.016940764999999941 0.0012040000000000002 0.0055923950000000035
v 0.016997834999999951 0.0019860000000000004 -0.0023806100000000013
v 0.017029724999999871 0.0026900000000000006 -0.00047360499999999918
v 0.016973725000000002 0.0011630000000000002 -0.00063760999999999516
v 0.017031709999999974 0.001157 -4.5605000000001899E-05
v 0.017089689999999959 0.0025730000000000002 0.00011338999999999544
v 0.017060700000000109 0.0017910000000000003 0.0042323949999999938
v 0.017019804999999905 0.00063700000000000009 0.004095390000000006
v 0.017018740000000036 0.00058600000000000015 0.004556389999999997
v 0.017056729999999902 0.0014030000000000002 0.005641394999999997
v 0.017075805000000058 0.001848 0.0047693899999999984
v 0.017025754999999945 0.00056599999999999999 0.0055133900000000052
v 0.017133790000000034 0.0023630000000000005 -0.0019506050000000033
v 0.017133790000000034 0.0023630000000000005 -0.0019506050000000033
v 0.017133790000000034 0.0023630000000000005 -0.0019506050000000033
v 0.017079774999999985 0.00084400000000000013 -0.002202605000000002
v 0.017162779999999885 0.0026069999999999999 -0.00082261000000000823
v 0.017080689999999947 0.00050000000000000012 0.005059395000000003
v 0.017135775000000138 0.0017580000000000002 0.0052663899999999949
v 0.017109834999999973 0.0010580000000000001 -0.0047276100000000027
v 0.017130735000000074 0.00083500000000000024 -0.0046866050000000043
v 0.017170715000000027 0.0013000000000000002 -0.0047616099999999942
v 0.017207794999999918 0.0022160000000000001 -0.0023876100000000027
v 0.017168729999999924 0.00098400000000000028 -0.005079604999999994
v 0.017179720000000034 0.001119 -0.0043426050000000063
v 0.017188720000000046 0.00090300000000000016 -0.0043135999999999982
v 0.017189789999999903 0.00076800000000000002 -0.0050506000000000032
v 0.017227785000000041 0.0013389999999999999 -0.0043716049999999928
v 0.017238769999999872 0.0015460000000000001 0.0056783949999999993
v 0.017085725000000024 -0.0021320000000000002 0.0085153949999999951
v 0.017209780000000022 0.00080900000000000004 -0.0017206099999999937
v 0.017280729999999949 0.0025340000000000002 -0.0011316099999999986
v 0.017196810000000087 0.00044200000000000006 0.0055043900000000083
v 0.017231749999999976 0.0012180000000000003 -0.0051186099999999974
v 0.017288819999999986 0.0024290000000000006 -0.00054161000000000573
v 0.017251740000000095 0.0013320000000000003 -0.0006616099999999926
v 0.017232820000000117 0.00065900000000000008 -0.0046496100000000071
v 0.017265779999999894 0.0012960000000000001 -4.2609999999996267E-05
v 0.017307739999999967 0.0023340000000000001 7.5395000000000331E-05
v 0.017115785000000019 -0.0023210000000000001 0.0083613949999999989
v 0.017115785000000019 -0.0023210000000000001 0.0083613949999999989
v 0.017243804999999952 0.00059600000000000007 0.0040723900000000065
v 0.017295684999999991 0.0018500000000000001 0.0042203899999999992
v 0.017153779999999869 -0.0016360000000000001 0.0088913900000000025
v 0.017144774999999869 -0.0018679999999999999 0.0087123949999999978
v 0.017262724999999934 0.00072400000000000014 -0.004285604999999997
v 0.017176819999999964 -0.0015340000000000002 0.008299389999999995
v 0.017308805000000118 0.0015370000000000002 -0.0047976099999999999
v 0.017176819999999964 -0.0017280000000000002 0.0081623950000000011
v 0.017287750000000129 0.00079299999999999998 -0.0021686099999999975
v 0.01736480499999999 0.0024550000000000006 -0.0019396099999999987
v 0.01736480499999999 0.0024550000000000006 -0.0019396099999999987
v 0.017289734999999952 0.00055599999999999996 0.0045243950000000066
v 0.017293699999999888 0.00059100000000000005 -0.005024604999999998
v 0.017332764999999882 0.0015370000000000002 -0.0043956099999999942
v 0.017376710000000059 0.0024740000000000005 -0.0013826099999999998
v 0.017355804999999974 0.0019300000000000003 0.0047633950000000001
v 0.017225799999999937 -0.0013500000000000003 0.0084353899999999992
v 0.017190704999999865 -0.0023900000000000002 0.0088823900000000056
v 0.017190704999999865 -0.0023900000000000002 0.0088823900000000056
v 0.017240754999999979 -0.0014650000000000002 0.0090253949999999968
v 0.017345735000000105 0.00091700000000000017 -0.0053946099999999941
v 0.017371824999999886 0.0014499999999999999 -0.0051676100000000074
v 0.017210694999999988 -0.002562 0.0087383950000000082
v 0.017210694999999988 -0.002562 0.0087383950000000082
v 0.017210694999999988 -0.002562 0.0087383950000000082
v 0.017226714999999899 -0.002186 0.0090403949999999979
v 0.017226714999999899 -0.002186 0.0090403949999999979
v 0.017356719999999937 0.0007090000000000001 -0.0053696049999999934
v 0.017347714999999937 0.00045700000000000005 0.0050343900000000032
v 0.017248690000000122 -0.0019870000000000001 0.0091893950000000064
v 0.017248690000000122 -0.0019870000000000001 0.0091893950000000064
v 0.017430725000000109 0.0023019999999999998 -0.002372610000000002
v 0.017412720000000093 0.0018360000000000002 0.0052623950000000091
v 0.017260740000000111 -0.0018580000000000001 0.0080783950000000004
v 0.017393800000000112 0.0011220000000000002 -0.005432605000000007
v 0.01739974999999987 0.00060400000000000004 -0.0042616100000000051
v 0.017440794999999978 0.0015060000000000004 -3.2604999999996663E-05
v 0.017463684999999885 0.0020460000000000005 2.938999999999581E-05
v 0.017405699999999909 0.00055200000000000008 -0.0046156000000000044
v 0.017336730000000102 -0.001214 0.00852639
v 0.017405699999999909 0.00039899999999999999 0.0054943950000000017
v 0.017312775000000044 -0.0018160000000000003 0.0093213949999999997
v 0.017312775000000044 -0.0018160000000000003 0.0093213949999999997
v 0.017462769999999919 0.0016000000000000001 0.0056794000000000011
v 0.017437745000000004 0.000861 -0.0016986099999999919
v 0.017432709999999931 0.00053400000000000008 -0.0053526100000000024
v 0.017499694999999916 0.0021320000000000002 -0.00062461000000000775
v 0.017477719999999974 0.001578 -0.00068460500000000479
v 0.017492829999999914 0.001678 -0.0044056050000000017
v 0.017332764999999882 -0.002395 0.0082883950000000092
v 0.017514799999999865 0.0017660000000000002 -9.6049999999969782E-06
v 0.017465819999999892 0.00047100000000000006 -0.005000610000000006
v 0.017500765000000057 0.0013010000000000001 -0.0054766099999999981
v 0.017517699999999935 0.0017200000000000002 -0.0048226050000000076
v 0.017475739999999861 0.00064100000000000008 0.004053389999999997
v 0.017425690000000032 -0.0006150000000000001 -0.0071166050000000085
v 0.017527770000000088 0.0017950000000000002 0.0041893950000000046
v 0.0174607850000001 -0.00014500000000000003 -0.0074456000000000001
v 0.0175067150000001 0.00083199999999999995 -0.0021526049999999945
v 0.017573700000000088 0.0023519999999999999 -0.0018986050000000003
v 0.017462769999999919 -0.00036400000000000007 -0.0072906099999999977
v 0.017458799999999997 -0.00079600000000000005 -0.0069866099999999964
v 0.017458799999999997 -0.00079600000000000005 -0.0069866099999999964
v 0.017380829999999889 -0.002653 0.0086413950000000031
v 0.017380829999999889 -0.002653 0.0086413950000000031
v 0.017576750000000061 0.0018530000000000003 -0.00067860500000000107
v 0.017573700000000088 0.0016280000000000001 -0.0052016049999999946
v 0.017427825000000043 -0.0019140000000000001 0.0080423949999999973
v 0.017512815000000046 -8.8000000000000025E-05 -0.0069736100000000086
v 0.017462769999999919 -0.0013630000000000003 0.0090943900000000077
v 0.017524720000000115 1.8E-05 -0.0075666050000000075
v 0.017490689999999916 -0.00082700000000000004 -0.0074076099999999916
v 0.017490689999999916 -0.00082700000000000004 -0.0074076099999999916
v 0.017520749999999908 -0.00026900000000000003 -0.0068546100000000014
v 0.017513734999999999 -0.00063200000000000018 -0.0075466050000000014
v 0.017513734999999999 -0.00063200000000000018 -0.0075466050000000014
v 0.017565764999999942 0.00059200000000000008 0.0045063949999999946
v 0.017522735000000011 -0.00044200000000000006 -0.0076766100000000047
v 0.017522735000000011 -0.00044200000000000006 -0.0076766100000000047
v 0.01754669000000007 8.5000000000000006E-05 -0.0070946050000000056
v 0.01763672000000014 0.0022040000000000007 -0.0023366049999999916
v 0.017627715000000137 0.0018540000000000002 0.0047183899999999925
v 0.017567750000000045 0.00041400000000000009 -0.0053406050000000078
v 0.017515715000000112 -0.00099200000000000004 -0.0072856050000000049
v 0.017515715000000112 -0.00099200000000000004 -0.0072856050000000049
v 0.017515715000000112 -0.00099200000000000004 -0.0072856050000000049
v 0.017582705000000087 0.00055800000000000012 -0.0042406100000000006
v 0.017513734999999999 -0.001132 0.0085613900000000073
v 0.017497710000000097 -0.0016990000000000002 0.0094093900000000036
v 0.017568814999999915 -0.00027900000000000006 -0.0077936099999999986
v 0.017568814999999915 -0.00027900000000000006 -0.0077936099999999986
v 0.017612760000000095 0.00044500000000000003 0.0054783899999999979
v 0.017658690000000091 0.0014260000000000002 -0.0055086050000000067
v 0.017620694999999954 0.00050700000000000007 0.0050113950000000079
v 0.017628784999999991 0.00051600000000000007 -0.0045876050000000041
v 0.017682800000000044 0.0017639999999999999 0.0052163900000000048
v 0.01767471499999999 0.0015490000000000002 0.0056453900000000001
v 0.017593689999999922 -0.00039000000000000005 -0.0067866049999999942
v 0.017593689999999922 -0.00039000000000000005 -0.0067866049999999942
v 0.017688750000000083 0.0017260000000000001 -0.0043956099999999942
v 0.017633820000000071 0.000214 -0.0071806049999999996
v 0.01767577999999986 0.0010180000000000002 -0.0016766050000000022
v 0.017667695000000094 0.0007670000000000001 0.0040453899999999985
v 0.017707824999999955 0.0016420000000000002 0.004148394999999994
v 0.017683715000000006 0.00042200000000000007 -0.0049776100000000064
v 0.017705689999999948 0.00095900000000000022 -0.002151604999999997
v 0.017752685000000098 0.0017870000000000002 -0.0048186100000000044
v 0.017641754999999933 -0.00086400000000000008 -0.0069366050000000002
v 0.017770690000000113 0.0020900000000000003 -0.001820599999999999
v 0.017584684999999923 -0.0024970000000000005 0.0090373899999999993
v 0.017584684999999923 -0.0024970000000000005 0.0090373899999999993
v 0.017706755000000098 0.000116 -0.0076396100000000024
v 0.017590790000000141 -0.0026250000000000006 0.008934394999999996
v 0.017590790000000141 -0.0026250000000000006 0.008934394999999996
v 0.017603760000000079 -0.0023480000000000003 0.0091593950000000042
v 0.017603760000000079 -0.0023480000000000003 0.0091593950000000042
v 0.017661745000000052 -0.0010790000000000001 -0.0072136099999999996
v 0.017661745000000052 -0.0010790000000000001 -0.0072136099999999996
v 0.017801819999999965 0.0019660000000000003 -0.0022856050000000044
v 0.017737730000000056 0.00036800000000000005 -0.0053286100000000053
v 0.017626799999999887 -0.002196 0.0092853949999999949
v 0.017626799999999887 -0.002196 0.0092853949999999949
v 0.017640685000000076 -0.0019230000000000002 0.0080243950000000019
v 0.01771774499999992 -0.00016600000000000002 -0.0078796099999999935
v 0.017806699999999866 0.0016910000000000002 -0.0051986050000000011
v 0.017642820000000083 -0.0024040000000000003 0.0082543949999999994
v 0.017775724999999909 0.0005930000000000001 -0.0042236050000000001
v 0.017794800000000065 0.00095900000000000022 0.0040523899999999995
v 0.017814789999999903 0.0014280000000000002 0.0041073899999999955
v 0.017735749999999939 -0.00044000000000000007 -0.006764604999999993
v 0.017664795000000025 -0.0020610000000000003 0.0093943999999999955
v 0.01763977000000011 -0.0027060000000000001 0.0088653949999999964
v 0.01763977000000011 -0.0027060000000000001 0.0088653949999999964
v 0.017787779999999885 0.000571 0.0054713899999999961
v 0.017778779999999869 0.00029100000000000003 -0.0072236050000000071
v 0.017799684999999954 0.00070500000000000001 0.0045023899999999985
v 0.017831725000000062 0.001407 0.0055943949999999994
v 0.017727815000000077 -0.0011050000000000001 0.0085463900000000061
v 0.017848815000000115 0.001653 0.0046523949999999923
v 0.017844695000000001 0.0014690000000000003 -0.0055086050000000067
v 0.017673800000000028 -0.0026760000000000004 0.0085903949999999989
v 0.017843780000000038 0.0011910000000000002 0.004073390000000004
v 0.017876740000000096 0.0016680000000000002 -0.0043656050000000059
v 0.01786270000000002 0.0011590000000000001 -0.0021596049999999959
v 0.01773376500000012 -0.001964 0.0094653899999999971
v 0.017874754999999992 0.0012540000000000003 -0.001660605000000004
v 0.017849730000000077 0.00063600000000000017 0.0050003899999999935
v 0.017895814999999971 0.001567 0.0051443949999999995
v 0.017695769999999982 -0.0030570000000000007 0.0095403950000000053
v 0.017773745000000073 -0.0013330000000000002 0.0090784000000000038
v 0.017856749999999977 0.00054100000000000014 -0.0045706099999999949
v 0.017695769999999982 -0.0031219999999999998 0.0094434000000000046
v 0.01791275000000013 0.0016830000000000003 -0.0022286049999999946
v 0.017710725000000024 -0.0029830000000000004 0.0096553899999999981
v 0.017924805000000106 0.0017960000000000001 -0.0017316049999999983
v 0.017727815000000077 -0.0027310000000000004 0.0088363949999999934
v 0.017810819999999977 -0.00091100000000000003 -0.0075516050000000064
v 0.017810819999999977 -0.00091100000000000003 -0.0075516050000000064
v 0.017818755000000124 -0.0007670000000000001 -0.0076566049999999934
v 0.017818755000000124 -0.0007670000000000001 -0.0076566049999999934
v 0.017729794999999909 -0.0029090000000000001 0.0097743900000000061
v 0.017832794999999919 -0.00062200000000000005 -0.0077666100000000071
v 0.017832794999999919 -0.00062200000000000005 -0.0077666100000000071
v 0.017723694999999963 -0.0031630000000000009 0.009380400000000011
v 0.017820739999999943 -0.0010340000000000002 -0.0074626050000000006
v 0.017820739999999943 -0.0010340000000000002 -0.0074626050000000006
v 0.01790282999999988 0.00075700000000000008 0.005480394999999999
v 0.017922820000000002 0.001209 0.0055433949999999935
v 0.017802734999999927 -0.0016569999999999998 0.009413394999999998
v 0.017938690000000007 0.0014090000000000001 -0.0021846099999999961
v 0.01785873500000008 -0.00049200000000000014 -0.0078616049999999937
v 0.01785873500000008 -0.00049200000000000014 -0.0078616049999999937
v 0.017756804999999928 -0.002843 0.0098773950000000006
v 0.017909699999999872 0.00046000000000000001 -0.0049566100000000019
v 0.017911679999999989 0.00040400000000000006 -0.0053156100000000001
v 0.017972714999999938 0.0017090000000000002 -0.004775609999999997
v 0.017945709999999903 0.00098300000000000015 0.0055053900000000058
v 0.017971799999999972 0.0015210000000000002 -0.0016736049999999916
v 0.017939759999999864 0.00070500000000000001 -0.0042176049999999958
v 0.017828824999999993 -0.0019290000000000002 0.009479389999999999
v 0.01786575499999998 -0.0011110000000000002 -0.0074066050000000071
v 0.01786575499999998 -0.0011110000000000002 -0.0074066050000000071
v 0.01786575499999998 -0.0011110000000000002 -0.0074066050000000071
v 0.017958830000000033 0.00089400000000000005 0.0045153900000000037
v 0.017778779999999869 -0.0031760000000000004 0.0093543900000000076
v 0.017778779999999869 -0.0031760000000000004 0.0093543900000000076
v 0.017747804999999915 -0.0039069999999999999 0.010024394999999997
v 0.017985684999999873 0.0013950000000000004 0.0045913900000000042
v 0.017748719999999878 -0.0039240000000000004 0.0099503900000000034
v 0.017803800000000081 -0.0027930000000000003 0.0099463950000000002
v 0.017910765000000026 -0.00039899999999999999 -0.0079266050000000032
v 0.01767471499999999 -0.0056010000000000009 0.0090083899999999963
v 0.01767471499999999 -0.0056010000000000009 0.0090083899999999963
v 0.01767471499999999 -0.0056010000000000009 0.0090083899999999963
v 0.01791275000000013 -0.00044800000000000005 -0.0067616100000000056
v 0.01775771999999989 -0.003889000000000001 0.010110395000000008
v 0.017872769999999889 -0.001392 -0.0079386049999999927
v 0.01790176500000001 -0.00087100000000000014 -0.0069266050000000067
v 0.017856749999999977 -0.001908 0.0080033949999999982
v 0.017879790000000072 -0.001457 -0.0078586100000000072
v 0.017888795000000072 -0.001242 -0.0081356049999999954
v 0.017957764999999883 0.00031700000000000001 -0.0072246050000000055
v 0.017770690000000113 -0.0038740000000000007 0.010200394999999994
v 0.017824704999999882 -0.0027000000000000006 0.0088473899999999984
v 0.017824704999999882 -0.0027000000000000006 0.0088473899999999984
v 0.017770690000000113 -0.0039350000000000001 0.0099013899999999943
v 0.017770690000000113 -0.0039350000000000001 0.0099013899999999943
v 0.018016815000000009 0.0015200000000000001 -0.0043246100000000004
v 0.018024749999999867 0.0016170000000000002 -0.0051556099999999997
v 0.018016815000000009 0.0014160000000000002 -0.0054766099999999981
v 0.017732694999999975 -0.0048930000000000006 0.0099123950000000079
v 0.01790878499999991 -0.0011000000000000001 -0.0071876050000000014
v 0.017736815000000093 -0.0048420000000000008 0.009863394999999997
v 0.017906800000000091 -0.001175 -0.0082236100000000097
v 0.017965700000000025 0.00014600000000000003 -0.0076456049999999998
v 0.017789764999999989 -0.0038590000000000009 0.010278395000000008
v 0.018004760000000033 0.0008250000000000001 0.0050063899999999968
v 0.018026734999999971 0.0013120000000000002 0.0050743950000000032
v 0.017749785000000028 -0.0048330000000000005 0.0098083899999999967
v 0.017747804999999915 -0.0049240000000000013 0.0099774000000000043
v 0.017906800000000091 -0.0014990000000000003 -0.0078066049999999986
v 0.017906800000000091 -0.0014990000000000003 -0.0078066049999999986
v 0.018025820000000008 0.0011330000000000001 0.0045483950000000028
v 0.017971799999999972 -0.00012400000000000001 -0.0079016099999999947
v 0.017840730000000065 -0.0031580000000000007 0.0093683900000000094
v 0.017888795000000072 -0.0021430000000000004 -0.0082956049999999958
v 0.017863769999999873 -0.0027740000000000004 0.0099623949999999989
v 0.017863769999999873 -0.0027740000000000004 0.0099623949999999989
v 0.017939759999999864 -0.0011350000000000002 -0.0073866100000000053
v 0.017939759999999864 -0.0011350000000000002 -0.0073866100000000053
v 0.017893829999999868 -0.002163 -0.0082356049999999931
v 0.017940825000000018 -0.0011250000000000001 -0.0082836050000000046
v 0.017812805000000081 -0.0039379999999999997 0.0098823950000000074
v 0.017812805000000081 -0.0039379999999999997 0.0098823950000000074
v 0.01789871000000005 -0.0021020000000000001 -0.0084406099999999994
v 0.017942810000000121 -0.0011270000000000002 0.0085213949999999993
v 0.01777679500000005 -0.0048220000000000008 0.0097733900000000068
v 0.01777679500000005 -0.0048220000000000008 0.0097733900000000068
v 0.017823789999999919 -0.0038460000000000005 0.010330390000000007
v 0.017910765000000026 -0.0020830000000000002 -0.0085056100000000089
v 0.017988740000000121 -0.00036500000000000004 -0.0079456049999999945
v 0.017917784999999922 -0.0019610000000000005 0.0094443899999999917
v 0.017915800000000103 -0.0021760000000000004 -0.0081976049999999932
v 0.017915800000000103 -0.0021760000000000004 -0.0081976049999999932
v 0.018053740000000006 0.00088100000000000006 -0.0042256049999999951
v 0.017900694999999869 -0.0026090000000000002 0.0088983900000000043
v 0.017900694999999869 -0.0026090000000000002 0.0088983900000000043
v 0.017881774999999888 -0.0030640000000000003 -0.0081646049999999984
v 0.017952730000000087 -0.0015110000000000002 -0.0077886099999999918
v 0.017952730000000087 -0.0015110000000000002 -0.0077886099999999918
v 0.018066709999999941 0.0010580000000000001 0.0050283899999999989
v 0.017887724999999934 -0.0030190000000000004 -0.0081276049999999961
v 0.017799684999999954 -0.0049490000000000011 0.010004395000000006
v 0.017799684999999954 -0.0049490000000000011 0.010004395000000006
v 0.018054809999999862 0.00063900000000000003 -0.0045666049999999996
v 0.017936704999999904 -0.0020680000000000004 -0.0085506050000000063
v 0.017890779999999894 -0.0030880000000000005 -0.0082156100000000103
v 0.017890779999999894 -0.0031060000000000003 0.0094203949999999998
v 0.017810819999999977 -0.004830000000000001 0.0098053950000000084
v 0.018094790000000104 0.0013180000000000002 -0.0042836100000000071
v 0.01785873500000008 -0.0039300000000000003 0.009893389999999995
v 0.01790176500000001 -0.0030140000000000002 -0.0080836099999999963
v 0.018060759999999901 0.00051400000000000003 -0.0053096099999999959
v 0.01799072499999994 -0.0011050000000000001 -0.0083006100000000069
v 0.01799072499999994 -0.0011050000000000001 -0.0083006100000000069
v 0.017918699999999888 -0.0027900000000000008 0.0099323949999999966
v 0.017870790000000056 -0.0038379999999999998 0.010343389999999994
v 0.017870790000000056 -0.0038379999999999998 0.010343389999999994
v 0.017950744999999983 -0.0021800000000000001 -0.0081846050000000063
v 0.017950744999999983 -0.0021800000000000001 -0.0081846050000000063
v 0.017881774999999888 -0.0037810000000000005 -0.007402610000000003
v 0.017881774999999888 -0.0037810000000000005 -0.007402610000000003
v 0.017881774999999888 -0.0037810000000000005 -0.007402610000000003
v 0.017946775000000061 -0.0024720000000000002 0.00898739000000001
v 0.017946775000000061 -0.0024720000000000002 0.00898739000000001
v 0.018105774999999935 0.0010960000000000002 -0.0042486099999999999
v 0.017922820000000002 -0.0030290000000000004 0.0095063949999999956
v 0.017839815000000103 -0.004829 0.009861395000000002
v 0.017925720000000069 -0.003006 -0.0080576050000000007
v 0.017925720000000069 -0.003006 -0.0080576050000000007
v 0.017970735000000106 -0.002049 0.0093533900000000083
v 0.017956695000000022 -0.0023820000000000004 0.0082343949999999933
v 0.017973785000000075 -0.0020590000000000001 -0.0085636049999999932
v 0.018019715000000075 -0.0011040000000000002 -0.007402610000000003
v 0.018019715000000075 -0.0011040000000000002 -0.007402610000000003
v 0.018002774999999926 -0.001493 -0.0078046050000000035
v 0.017931825000000002 -0.0031090000000000007 -0.0082396050000000023
v 0.017848815000000115 -0.0049070000000000008 0.0099663950000000064
v 0.017896729999999934 -0.0039080000000000009 0.0099343949999999917
v 0.01794173999999998 -0.0029510000000000001 0.0096153950000000075
v 0.017970735000000106 -0.0023210000000000001 0.0091013899999999922
v 0.017970735000000106 -0.0023210000000000001 0.0091013899999999922
v 0.01794875999999988 -0.0028280000000000002 0.0098493949999999952
v 0.018143770000000073 0.0015170000000000001 -0.004711610000000005
v 0.017855835000000011 -0.0048590000000000005 0.0099063950000000053
v 0.017981719999999937 -0.0021750000000000003 0.0092303949999999989
v 0.017981719999999937 -0.0021750000000000003 0.0092303949999999989
v 0.018104705000000079 0.00057200000000000003 -0.0049476049999999999
v 0.018065794999999978 -0.00039500000000000006 -0.007920610000000005
v 0.017953794999999956 -0.0028830000000000001 0.0097363950000000088
v 0.018139799999999866 0.001281 -0.0054286100000000038
v 0.017989804999999991 -0.0021720000000000003 -0.00819661
v 0.01791275000000013 -0.0038420000000000004 0.010320395
v 0.01803772000000009 -0.0011210000000000003 -0.008278610000000004
v 0.017952730000000087 -0.0030100000000000005 -0.0080846000000000025
v 0.017920684999999992 -0.0038780000000000004 0.010001390000000009
v 0.017982790000000078 -0.0026370000000000005 0.0085843949999999947
v 0.017982790000000078 -0.0026370000000000005 0.0085843949999999947
v 0.018010710000000076 -0.0020630000000000002 -0.0085476100000000006
v 0.01804168500000003 -0.0014420000000000001 -0.0078506100000000079
v 0.017972714999999938 -0.003006 -0.0081316099999999922
v 0.017933805000000119 -0.0038550000000000004 0.010085390000000008
v 0.017936704999999904 -0.0038430000000000001 0.010259389999999993
v 0.018094790000000104 -0.00043200000000000004 -0.0067566099999999997
v 0.017974700000000041 -0.0030720000000000001 -0.0082136050000000092
v 0.018018800000000113 -0.0021480000000000002 -0.0082316100000000073
v 0.01794173999999998 -0.0038450000000000008 0.010175389999999994
v 0.018067780000000085 -0.0011610000000000001 -0.0082116049999999951
v 0.017983705000000041 -0.0030310000000000003 -0.008167609999999997
v 0.018040770000000064 -0.001848 0.0080073950000000057
v 0.018136749999999893 0.000299 -0.0072156050000000069
v 0.018079835000000058 -0.0010180000000000002 -0.0074516099999999965
v 0.018079835000000058 -0.0010180000000000002 -0.0074516099999999965
v 0.018064730000000109 -0.001366 -0.0079256050000000057
v 0.018033749999999883 -0.0020670000000000003 -0.0084986100000000071
v 0.018188780000000123 0.0014300000000000001 -0.0050876049999999933
v 0.018034820000000024 -0.0021160000000000003 -0.0082896050000000106
v 0.018074799999999981 -0.0012870000000000002 -0.008017605000000004
v 0.018077700000000051 -0.0012180000000000003 -0.0081186100000000035
v 0.018163754999999924 0.00068300000000000001 -0.0053186050000000058
v 0.018040770000000064 -0.0020890000000000001 -0.0083576099999999997
v 0.018113710000000085 -0.00048000000000000007 -0.0078466049999999943
v 0.018113710000000085 -0.00048000000000000007 -0.0078466049999999943
v 0.018042754999999886 -0.0020740000000000003 -0.0084316049999999983
v 0.01808181999999988 -0.0013580000000000003 0.0090353950000000086
v 0.018113710000000085 -0.0008870000000000002 -0.0075316050000000002
v 0.018113710000000085 -0.0008870000000000002 -0.0075316050000000002
v 0.018204805000000022 0.0010970000000000001 -0.0053806100000000079
v 0.018130800000000138 -0.00060100000000000008 -0.0077426050000000057
v 0.018130800000000138 -0.00060100000000000008 -0.0077426050000000057
v 0.018126829999999927 -0.00074200000000000004 -0.007631604999999997
v 0.018126829999999927 -0.00074200000000000004 -0.007631604999999997
v 0.018196714999999985 0.00081000000000000017 -0.0045786099999999942
v 0.018110810000000015 -0.0012060000000000003 0.0084563900000000029
v 0.018211824999999918 0.00088800000000000012 -0.0053436100000000056
v 0.018105774999999935 -0.0016910000000000002 0.0093493950000000051
v 0.018105774999999935 -0.0016910000000000002 0.0093493950000000051
v 0.018243715000000122 0.0012740000000000002 -0.0046526049999999946
v 0.018163754999999924 -0.00084800000000000001 -0.0069286050000000017
v 0.018241730000000018 0.00074200000000000004 -0.0049546050000000008
v 0.018165740000000027 -0.0010610000000000001 -0.0072016050000000041
v 0.018165740000000027 -0.0010610000000000001 -0.0072016050000000041
v 0.018262785000000007 0.0010300000000000001 -0.0046096050000000053
v 0.018224789999999869 0.00012500000000000003 -0.0076266099999999963
v 0.018284759999999949 0.0011910000000000002 -0.0050216099999999923
v 0.018226774999999973 -0.00015500000000000003 -0.0078656100000000072
v 0.018160704999999951 -0.0017180000000000001 0.0080743999999999989
v 0.018201750000000062 -0.0013420000000000003 0.0083493900000000034
v 0.018303835000000105 0.00095600000000000014 -0.0049776100000000064
v 0.018245694999999954 -0.00037500000000000001 -0.0067726049999999914
v 0.018279724999999868 0.00022700000000000004 -0.0071676049999999953
v 0.018212739999999884 -0.0015260000000000004 0.0082093899999999935
v 0.018201750000000062 -0.0023040000000000001 0.0082663900000000019
v 0.018201750000000062 -0.0023040000000000001 0.0082663900000000019
v 0.018200684999999907 -0.002532 0.0086364000000000024
v 0.018200684999999907 -0.002532 0.0086364000000000024
v 0.018200684999999907 -0.002532 0.0086364000000000024
v 0.018342744999999921 -0.00025300000000000002 -0.0068396100000000003
v 0.018360749999999936 0.00010100000000000002 -0.0070796099999999923
v 0.018293759999999961 -0.0014560000000000003 0.0089283949999999918
v 0.01828583000000009 -0.0017960000000000001 0.0092153949999999995
v 0.01828583000000009 -0.0017960000000000001 0.0092153949999999995
v 0.018378754999999955 -7.2000000000000002E-05 -0.0069586100000000083
v 0.018343810000000075 -0.00095900000000000022 -0.0072596049999999945
v 0.018343810000000075 -0.00095900000000000022 -0.0072596049999999945
v 0.018343810000000075 -0.00095900000000000022 -0.0072596049999999945
v 0.018383790000000035 -0.00025500000000000002 -0.007763604999999992
v 0.018383790000000035 -0.00025500000000000002 -0.007763604999999992
v 0.018364714999999875 -0.00077200000000000012 -0.0069716050000000074
v 0.018364714999999875 -0.00077200000000000012 -0.0069716050000000074
v 0.018405759999999986 3.4000000000000007E-05 -0.007547604999999998
v 0.018298800000000028 -0.0023500000000000001 0.0087563899999999976
v 0.018298800000000028 -0.0023500000000000001 0.0087563899999999976
v 0.018312684999999929 -0.0021160000000000003 0.0084033950000000079
v 0.018342744999999921 -0.0018550000000000001 0.008603389999999999
v 0.018329774999999982 -0.0021460000000000003 0.0089073950000000054
v 0.018329774999999982 -0.0021460000000000003 0.0089073950000000054
v 0.018339689999999961 -0.0019550000000000001 0.0090613950000000016
v 0.018339689999999961 -0.0019550000000000001 0.0090613950000000016
v 0.018366699999999982 -0.0016250000000000001 0.0087803949999999999
v 0.018418729999999925 -0.00078500000000000011 -0.0073696050000000048
v 0.018418729999999925 -0.00078500000000000011 -0.0073696050000000048
v 0.01843673499999994 -0.00040700000000000003 -0.0076356050000000071
v 0.01843673499999994 -0.00040700000000000003 -0.0076356050000000071
v 0.018437805000000081 -0.00058900000000000011 -0.0075026049999999955
v 0.018437805000000081 -0.00058900000000000011 -0.0075026049999999955
v 0.018449704999999882 -0.00059200000000000008 -0.0070966050000000006
v 0.018464815000000103 -0.00034299999999999999 -0.0072706050000000038
v 0.018474730000000078 -0.00012500000000000003 -0.0074236100000000076
v 0.012544709999999952 0.01251 -0.0049086100000000077
v 0.012602689999999937 0.012584000000000001 -0.0044176099999999972
v 0.012727815000000076 0.012431000000000003 -0.0053976049999999998
v 0.012894745000000114 0.012615000000000001 -0.0039986050000000084
v 0.012985684999999875 0.012451000000000002 -0.0057996100000000089
v 0.013129729999999992 0.012497000000000001 -0.0060166049999999952
v 0.01334274499999992 0.012578000000000001 -0.006420604999999995
v 0.013407745000000091 0.012632000000000003 -0.0037286100000000037
v 0.013844755000000077 0.012410000000000003 -0.0068456100000000054
v 0.01401870500000001 0.012638000000000003 -0.0036636050000000081
v 0.014574739999999906 0.012715000000000002 -0.0037406050000000062
v 0.014828794999999957 0.012411000000000002 -0.0068876099999999954
v 0.01463073500000007 0.0026460000000000003 -0.001647604999999999
v 0.01463073500000007 0.0026460000000000003 -0.001647604999999999
v 0.014759824999999864 0.0026100000000000003 -0.001934605000000005
v 0.014759824999999864 0.0026100000000000003 -0.001934605000000005
v 0.014759824999999864 0.0026100000000000003 -0.001934605000000005
v 0.015131685000000061 0.012782000000000002 -0.0039366049999999932
v 0.014828794999999957 0.0027160000000000005 -0.0012796100000000089
v 0.014828794999999957 0.0027160000000000005 -0.0012796100000000089
v 0.014892729999999972 0.0025650000000000004 -0.0021575999999999952
v 0.014892729999999972 0.0025650000000000004 -0.0021575999999999952
v 0.014925690000000031 0.0033810000000000003 -0.0021505999999999938
v 0.015259704999999997 0.012563 -0.0064526099999999966
v 0.014974824999999895 0.0032919999999999998 -0.0024896050000000084
v 0.015029754999999909 0.0035650000000000005 -0.0019056050000000016
v 0.015005800000000137 0.0024720000000000002 -0.0024056050000000086
v 0.01535873500000008 0.012569 -0.0061576099999999913
v 0.015079805000000022 0.0028090000000000003 -0.00099161000000000518
v 0.015079805000000022 0.0028090000000000003 -0.00099161000000000518
v 0.01540282999999988 0.01255 -0.0059606100000000068
v 0.015140685000000077 0.0032630000000000003 -0.0027616000000000086
v 0.015132749999999929 0.0024380000000000001 -0.0024916100000000087
v 0.015246735000000056 0.0038060000000000004 -0.0018266099999999952
v 0.015569764999999902 0.012824 -0.0042826099999999914
v 0.015589750000000036 0.012533000000000002 -0.005650604999999996
v 0.015350799999999935 0.0032460000000000006 -0.0029716099999999913
v 0.015380705000000034 0.0023630000000000005 -0.0027306100000000027
v 0.015380705000000034 0.0023630000000000005 -0.0027306100000000027
v 0.01541473499999995 0.0029020000000000005 -0.00078460500000000267
v 0.015785830000000091 0.012615000000000001 -0.0052596100000000066
v 0.015536805000000129 0.0040039999999999997 -0.0018226049999999995
v 0.015527800000000126 0.0031820000000000004 -0.0031606099999999951
v 0.015847780000000002 0.012737000000000002 -0.0047526049999999931
v 0.015598755000000041 0.0031260000000000003 -0.0032876100000000016
v 0.015651704999999936 0.0030950000000000005 -0.0033986100000000089
v 0.015659789999999986 0.0023820000000000004 -0.0028386099999999997
v 0.015705719999999986 0.0030790000000000001 -0.0034746050000000043
v 0.015778809999999907 0.003065 -0.0035006049999999969
v 0.015858765000000118 0.0040680000000000004 -0.001810609999999997
v 0.015855714999999861 0.0030560000000000001 -0.0034726050000000088
v 0.015911715000000017 0.0029100000000000003 -0.00065060499999999529
v 0.015931699999999865 0.0030730000000000006 -0.0034075999999999954
v 0.016098785000000077 0.0031750000000000003 -0.0031946100000000048
v 0.016075744999999985 0.0024290000000000006 -0.0027426050000000052
v 0.016208799999999995 0.003961000000000001 -0.0017716049999999938
v 0.016308745000000045 0.0032420000000000001 -0.0030036050000000008
v 0.016486815000000092 0.0037580000000000005 -0.0017896099999999927
v 0.016477815000000076 0.0028760000000000005 -0.00077161000000000265
v 0.016477815000000076 0.0028760000000000005 -0.00077161000000000265
v 0.016506804999999927 0.0024810000000000001 -0.0025026049999999959
v 0.016552734999999926 0.0032210000000000003 -0.002806604999999998
v 0.016677704999999887 0.00349 -0.001902609999999996
v 0.01669983000000002 0.0025390000000000005 -0.0023766050000000056
v 0.016744689999999878 0.0031980000000000003 -0.0025526050000000038
v 0.01673980499999999 0.0027340000000000003 -0.00099660999999999348
v 0.01673980499999999 0.0027340000000000003 -0.00099660999999999348
v 0.016784820000000023 0.0032730000000000003 -0.0022036100000000047
v 0.016823730000000127 0.002532 -0.0021466050000000085
v 0.016851805000000011 0.0026710000000000002 -0.0013446049999999944
v 0.016851805000000011 0.0026710000000000002 -0.0013446049999999944
v 0.016859739999999873 0.002568 -0.0019816100000000073
v 0.016859739999999873 0.002568 -0.0019816100000000073
v 0.016859739999999873 0.002568 -0.0019816100000000073
v 0.016863710000000084 0.0026210000000000001 -0.0017376050000000023
v 0.016863710000000084 0.0026210000000000001 -0.0017376050000000023
v 0.016863710000000084 0.0026210000000000001 -0.0017376050000000023
v 0.016863710000000084 0.0026210000000000001 -0.0017376050000000023
v 0.0089086900000000923 0.018178000000000003 -0.0072186100000000064
v 0.0089086900000000923 0.018178000000000003 -0.0072186100000000064
v 0.010006715000000098 0.017374000000000001 -0.0070806050000000028
v 0.010060729999999863 0.017722000000000002 -0.008778609999999994
v 0.010369719999999916 0.017406000000000001 -0.004252605000000003
v 0.011366730000000018 0.014557 -0.0050146100000000087
v 0.011549684999999954 0.019970000000000002 -0.012009605
v 0.011453705000000126 0.014106000000000002 -0.0047556100000000082
v 0.011458739999999919 0.014263999999999999 -0.0052906050000000003
v 0.011703794999999956 0.014594000000000003 -0.0061546049999999936
v 0.011716764999999895 0.014119000000000001 -0.003965604999999997
v 0.011719820000000139 0.013616000000000001 -0.0052796099999999953
v 0.011739804999999989 0.013513000000000001 -0.0047726049999999992
v 0.011758729999999957 0.013899999999999999 -0.0042046050000000088
v 0.011827700000000049 0.014325000000000003 -0.0059806050000000086
v 0.011880800000000136 0.015065000000000002 -0.0086126050000000023
v 0.011915740000000027 0.013682000000000003 -0.0057136050000000087
v 0.012028809999999907 0.013425000000000001 -0.0042316049999999985
v 0.012096709999999858 0.013738999999999999 -0.0059906100000000073
v 0.012234799999999948 0.017317000000000003 -0.0024556049999999987
v 0.012234799999999948 0.017317000000000003 -0.0024556049999999987
v 0.012271729999999932 0.013722000000000002 -0.0037816049999999991
v 0.012294770000000028 0.013670000000000002 -0.0062686049999999939
v 0.012342835000000036 0.012821000000000003 -0.0049676050000000069
v 0.012413789999999947 0.014188000000000001 -0.0068946099999999972
v 0.012405699999999908 0.012827 -0.0053816050000000011
v 0.012457735000000126 0.013358000000000002 -0.0037846099999999973
v 0.012451780000000098 0.012819000000000001 -0.0044986049999999984
v 0.012732694999999978 0.022268 0.0044863900000000007
v 0.012583769999999959 0.013574000000000001 -0.006722605000000003
v 0.012604829999999935 0.012869 -0.005754605000000002
v 0.012728730000000042 0.012806000000000001 -0.0040516099999999972
v 0.012754820000000109 0.013802000000000002 -0.0033246049999999987
v 0.012779695000000117 0.012937000000000002 -0.0060266099999999947
v 0.012815704999999865 0.014053000000000003 -0.0074196049999999949
v 0.012848815000000114 0.013008 -0.0061976050000000001
v 0.012947695000000009 0.013439000000000001 -0.0071386049999999915
v 0.012976684999999861 0.013028999999999999 -0.0064966100000000016
v 0.013023680000000013 0.013606000000000002 -0.0033956049999999925
v 0.013080750000000023 0.014351000000000001 -0.0078246099999999975
v 0.0131066899999999 0.013273 -0.0034546100000000025
v 0.013229829999999936 0.012983000000000001 -0.006853610000000003
v 0.01325179999999989 0.012784000000000002 -0.0037186050000000042
v 0.013361815000000091 0.014021 -0.0078406050000000074
v 0.013395690000000113 0.013419 -0.0075696100000000044
v 0.01359375 0.012907 -0.0072206100000000014
v 0.013854829999999936 0.015579000000000003 -0.0094446100000000061
v 0.013884735000000035 0.013844000000000002 -0.0031306099999999942
v 0.013923800000000028 0.013272000000000001 -0.0033906099999999918
v 0.013932800000000044 0.012797000000000001 -0.0036326050000000092
v 0.013985749999999939 0.013611000000000002 -0.0033366099999999933
v 0.014047700000000133 0.014381 -0.0081696050000000051
v 0.01406768999999997 0.013916000000000001 -0.0080376049999999928
v 0.014106749999999977 0.013287000000000002 -0.007737610000000005
v 0.014234769999999911 0.012821000000000003 -0.0073706050000000014
v 0.014548800000000027 0.022473000000000003 -0.0025916100000000068
v 0.014663695000000129 0.018600000000000002 -0.0032096100000000051
v 0.014570769999999981 0.012864 -0.0037346100000000071
v 0.014835815000000139 0.021621000000000001 -0.010668604999999998
v 0.014875795000000094 0.021878000000000005 -0.007986605000000006
v 0.014705810000000097 0.013382000000000003 -0.0035586050000000037
v 0.014788819999999987 0.013972999999999999 -0.0078596100000000047
v 0.014805754999999863 0.013368 -0.0076096049999999959
v 0.014830780000000061 0.013795 -0.0035896100000000078
v 0.014867705000000057 0.013980000000000001 -0.0034916100000000057
v 0.014845735000000103 0.01291 -0.0072556100000000087
v 0.015171814999999922 0.020251000000000005 -0.0088526049999999943
v 0.015028685000000054 0.014379000000000001 -0.0077806099999999934
v 0.015028685000000054 0.014379000000000001 -0.0077806099999999934
v 0.01514571999999987 0.012972999999999998 -0.0039576049999999977
v 0.015164795000000026 0.012992000000000002 -0.0068986050000000012
v 0.015193784999999876 0.013387000000000003 -0.0071916099999999976
v 0.015228730000000041 0.01396 -0.0074686050000000049
v 0.015369719999999915 0.013035000000000003 -0.0065726100000000013
v 0.015405729999999949 0.013514999999999999 -0.0038966100000000035
v 0.015445709999999904 0.013507 -0.0068686100000000042
v 0.015475769999999897 0.012968 -0.0062526049999999962
v 0.015542754999999887 0.014194000000000002 -0.0070766049999999945
v 0.015544739999999991 0.014072000000000001 -0.0040656099999999999
v 0.015635680000000037 0.013048000000000002 -0.0043496050000000081
v 0.015717774999999958 0.014426000000000003 -0.0041836050000000043
v 0.015717774999999958 0.013629 -0.0065816099999999982
v 0.015976714999999898 0.019682000000000002 -0.0063636100000000091
v 0.015788724999999885 0.012988 -0.0057966049999999929
v 0.015869749999999953 0.014973 -0.006643609999999996
v 0.015869749999999953 0.014973 -0.006643609999999996
v 0.015934755000000109 0.013697000000000001 -0.0044446100000000042
v 0.015933684999999968 0.013023000000000002 -0.0054016099999999951
v 0.015982820000000116 0.014425 -0.0048626050000000025
v 0.016022795000000086 0.014956000000000001 -0.0056436049999999943
v 0.015976714999999898 0.013068 -0.0049086100000000077
v 0.016056825000000004 0.014626 -0.0064216049999999934
v 0.016145779999999943 0.015880000000000002 -0.0082646100000000021
v 0.016118774999999915 0.013850000000000001 -0.0060866049999999923
v 0.016160734999999989 0.014593000000000002 -0.0056186100000000048
v 0.016208799999999995 0.013832000000000001 -0.0051306049999999999
v 0.016211700000000061 0.013804000000000004 -0.005650604999999996
v -0.015128175000000117 0.059499000000000003 0.014905395000000009
v -0.010934295000000137 0.062041000000000013 0.019395390000000002
v -0.0093782049999998687 0.057393000000000007 0.030814389999999997
v -0.0091111749999998933 0.065393999999999994 0.0092623900000000075
v -0.0075292949999999359 0.064792000000000002 0.0042693900000000092
v -0.0073661799999999323 0.066402000000000003 0.0077113899999999985
v -0.0069783000000001073 0.056548000000000001 0.033223389999999998
v -0.0066021749999998769 0.052046004999999999 0.035530395000000013
v -0.0042951949999999808 0.056513000000000008 0.036105395000000005
v -0.0041252149999999712 0.067292000000000005 0.0070053949999999967
v -0.0030982950000000668 0.051832005000000007 0.038097390000000009
v -0.0026953149999999963 0.064135000000000011 0.001921394999999997
v -0.0010142500000000633 0.056473000000000009 0.037884399999999999
v 0.0018017599999998858 0.051373000000000002 0.039845390000000008
v 0.0018017599999998858 0.056000005000000012 0.039249390000000009
v 0.0018017599999998858 0.065376995000000007 0.0027203950000000005
v 0.0018017599999998858 0.067668000000000006 0.0066713900000000062
v 0.0018017599999998858 0.071370995000000007 0.0082123950000000095
v 0.0046177650000001321 0.056473000000000009 0.037884399999999999
v 0.0062988300000000651 0.064135000000000011 0.001921394999999997
v 0.0067018150000001222 0.051832005000000007 0.038097390000000009
v 0.0077117899999998921 0.06960100000000001 0.0089773950000000026
v 0.0077287300000000395 0.067292000000000005 0.0070053949999999967
v 0.0078987100000000501 0.056513000000000008 0.036105395000000005
v 0.009536745000000053 0.068494000000000013 0.010011395000000008
v 0.010205689999999946 0.052046004999999999 0.035530395000000013
v 0.010581819999999879 0.056548000000000001 0.033223389999999998
v 0.010969695000000002 0.066402000000000003 0.0077113899999999985
v 0.011132810000000005 0.064792000000000002 0.0042693900000000092
v 0.012714689999999959 0.065393999999999994 0.0092623900000000075
v 0.01298171999999994 0.057393000000000007 0.030814389999999997
v 0.013618774999999915 0.064089005000000004 0.011408395000000003
v 0.013730774999999938 0.052722000000000005 0.032155400000000015
v 0.014375765000000058 0.064433000000000004 0.0054823949999999941
v 0.014316709999999941 0.062957004999999996 0.014913395000000005
v 0.014537809999999922 0.062041000000000013 0.019395390000000002
v 0.016400754999999944 0.054499000000000013 0.025387389999999999
v 0.017396699999999897 0.062950000000000006 0.0068273950000000035
v 0.017334744999999995 0.058926000000000006 0.023751390000000011
v 0.018457794999999919 0.055644000000000006 0.019863394999999999
v 0.018731689999999902 0.059499000000000003 0.014905395000000009
v 0.019336700000000064 0.061215000000000012 0.010197389999999995
v 0.019330750000000022 0.055947000000000004 0.015712395000000011
v -0.01486130000000003 -0.00034299999999999999 -0.0072706050000000038
v -0.014871215000000011 -0.00012500000000000003 -0.0074236100000000076
v -0.014846190000000096 -0.00059200000000000008 -0.0070966050000000006
v -0.014834290000000014 -0.00058900000000000011 -0.0075026049999999955
v -0.014834290000000014 -0.00058900000000000011 -0.0075026049999999955
v -0.014833219999999873 -0.00040700000000000003 -0.0076356050000000071
v -0.014833219999999873 -0.00040700000000000003 -0.0076356050000000071
v -0.01481521500000014 -0.00078500000000000011 -0.0073696050000000048
v -0.01481521500000014 -0.00078500000000000011 -0.0073696050000000048
v -0.01476318499999991 -0.0016250000000000001 0.0087803949999999999
v -0.014736174999999893 -0.0019550000000000001 0.0090613950000000016
v -0.014736174999999893 -0.0019550000000000001 0.0090613950000000016
v -0.014726254999999928 -0.0021460000000000003 0.0089073950000000054
v -0.014726254999999928 -0.0021460000000000003 0.0089073950000000054
v -0.014739224999999865 -0.0018550000000000001 0.008603389999999999
v -0.014709164999999875 -0.0021160000000000003 0.0084033950000000079
v -0.014695279999999972 -0.0023500000000000001 0.0087563899999999976
v -0.014695279999999972 -0.0023500000000000001 0.0087563899999999976
v -0.014802244999999917 3.4000000000000007E-05 -0.007547604999999998
v -0.014761200000000092 -0.00077200000000000012 -0.0069716050000000074
v -0.014761200000000092 -0.00077200000000000012 -0.0069716050000000074
v -0.014780274999999963 -0.00025500000000000002 -0.007763604999999992
v -0.014780274999999963 -0.00025500000000000002 -0.007763604999999992
v -0.014740295000000007 -0.00095900000000000022 -0.0072596049999999945
v -0.014740295000000007 -0.00095900000000000022 -0.0072596049999999945
v -0.014740295000000007 -0.00095900000000000022 -0.0072596049999999945
v -0.014775239999999887 -7.2000000000000002E-05 -0.0069586100000000083
v -0.014682310000000032 -0.0017960000000000001 0.0092153949999999995
v -0.014682310000000032 -0.0017960000000000001 0.0092153949999999995
v -0.014690244999999894 -0.0014560000000000003 0.0089283949999999918
v -0.014757234999999869 0.00010100000000000002 -0.0070796099999999923
v -0.014739224999999865 -0.00025300000000000002 -0.0068396100000000003
v -0.014597170000000124 -0.002532 0.0086364000000000024
v -0.014597170000000124 -0.002532 0.0086364000000000024
v -0.014597170000000124 -0.002532 0.0086364000000000024
v -0.014598234999999991 -0.0023040000000000001 0.0082663900000000019
v -0.014598234999999991 -0.0023040000000000001 0.0082663900000000019
v -0.01460922000000011 -0.0015260000000000004 0.0082093899999999935
v -0.014676210000000087 0.00022700000000000004 -0.0071676049999999953
v -0.014642179999999887 -0.00037500000000000001 -0.0067726049999999914
v -0.014598234999999991 -0.0013420000000000003 0.0083493900000000034
v -0.014700315000000051 0.00095600000000000014 -0.0049776100000000064
v -0.014557189999999881 -0.0017180000000000001 0.0080743999999999989
v -0.014623259999999905 -0.00015500000000000003 -0.0078656100000000072
v -0.014681244999999879 0.0011910000000000002 -0.0050216099999999923
v -0.014621275000000086 0.00012500000000000003 -0.0076266099999999963
v -0.01465926999999994 0.0010300000000000001 -0.0046096050000000053
v -0.01456222499999996 -0.0010610000000000001 -0.0072016050000000041
v -0.01456222499999996 -0.0010610000000000001 -0.0072016050000000041
v -0.014638214999999949 0.00074200000000000004 -0.0049546050000000008
v -0.014560240000000139 -0.00084800000000000001 -0.0069286050000000017
v -0.014640200000000055 0.0012740000000000002 -0.0046526049999999946
v -0.014502259999999868 -0.0016910000000000002 0.0093493950000000051
v -0.014502259999999868 -0.0016910000000000002 0.0093493950000000051
v -0.014608304999999863 0.00088800000000000012 -0.0053436100000000056
v -0.014507294999999946 -0.0012060000000000003 0.0084563900000000029
v -0.014593199999999916 0.00081000000000000017 -0.0045786099999999942
v -0.014523315000000142 -0.00074200000000000004 -0.007631604999999997
v -0.014523315000000142 -0.00074200000000000004 -0.007631604999999997
v -0.014527285000000065 -0.00060100000000000008 -0.0077426050000000057
v -0.014527285000000065 -0.00060100000000000008 -0.0077426050000000057
v -0.014601289999999954 0.0010970000000000001 -0.0053806100000000079
v -0.014510195000000012 -0.0008870000000000002 -0.0075316050000000002
v -0.014510195000000012 -0.0008870000000000002 -0.0075316050000000002
v -0.014478300000000109 -0.0013580000000000003 0.0090353950000000086
v -0.014439240000000101 -0.0020740000000000003 -0.0084316049999999983
v -0.014510195000000012 -0.00048000000000000007 -0.0078466049999999943
v -0.014510195000000012 -0.00048000000000000007 -0.0078466049999999943
v -0.014560240000000139 0.00068300000000000001 -0.0053186050000000058
v -0.014471284999999912 -0.0012870000000000002 -0.008017605000000004
v -0.014474179999999993 -0.0012180000000000003 -0.0081186100000000035
v -0.014431304999999957 -0.0021160000000000003 -0.0082896050000000106
v -0.0144302350000001 -0.0020670000000000003 -0.0084986100000000071
v -0.014585265000000054 0.0014300000000000001 -0.0050876049999999933
v -0.014461210000000056 -0.001366 -0.0079256050000000057
v -0.01447631999999999 -0.0010180000000000002 -0.0074516099999999965
v -0.01447631999999999 -0.0010180000000000002 -0.0074516099999999965
v -0.014437254999999996 -0.001848 0.0080073950000000057
v -0.01453323500000011 0.000299 -0.0072156050000000069
v -0.014380189999999973 -0.0030310000000000003 -0.008167609999999997
v -0.014464265000000016 -0.0011610000000000001 -0.0082116049999999951
v -0.014338224999999913 -0.0038450000000000008 0.010175389999999994
v -0.014415285000000042 -0.0021480000000000002 -0.0082316100000000073
v -0.014371184999999974 -0.0030720000000000001 -0.0082136050000000092
v -0.014491270000000046 -0.00043200000000000004 -0.0067566099999999997
v -0.014333190000000119 -0.0038430000000000001 0.010259389999999993
v -0.014330290000000051 -0.0038550000000000004 0.010085390000000008
v -0.014369199999999869 -0.003006 -0.0081316099999999922
v -0.014438169999999959 -0.0014420000000000001 -0.0078506100000000079
v -0.014407195000000005 -0.0020630000000000002 -0.0085476100000000006
v -0.014379270000000022 -0.0026370000000000005 0.0085843949999999947
v -0.014379270000000022 -0.0026370000000000005 0.0085843949999999947
v -0.014317169999999921 -0.0038780000000000004 0.010001390000000009
v -0.014349215000000019 -0.0030100000000000005 -0.0080846000000000025
v -0.014309235000000062 -0.0038420000000000004 0.010320395
v -0.014434205000000023 -0.0011210000000000003 -0.008278610000000004
v -0.014386289999999921 -0.0021720000000000003 -0.00819661
v -0.014350279999999889 -0.0028830000000000001 0.0097363950000000088
v -0.014536285000000079 0.001281 -0.0054286100000000038
v -0.014462279999999911 -0.00039500000000000006 -0.007920610000000005
v -0.014252319999999943 -0.0048590000000000005 0.0099063950000000053
v -0.01437820499999987 -0.0021750000000000003 0.0092303949999999989
v -0.01437820499999987 -0.0021750000000000003 0.0092303949999999989
v -0.014501190000000011 0.00057200000000000003 -0.0049476049999999999
v -0.014540255000000005 0.0015170000000000001 -0.004711610000000005
v -0.014345245000000093 -0.0028280000000000002 0.0098493949999999952
v -0.014245300000000048 -0.0049070000000000008 0.0099663950000000064
v -0.014293214999999866 -0.0039080000000000009 0.0099343949999999917
v -0.014338224999999913 -0.0029510000000000001 0.0096153950000000075
v -0.014367220000000035 -0.0023210000000000001 0.0091013899999999922
v -0.014367220000000035 -0.0023210000000000001 0.0091013899999999922
v -0.014328309999999934 -0.0031090000000000007 -0.0082396050000000023
v -0.014399260000000145 -0.001493 -0.0078046050000000035
v -0.014416200000000007 -0.0011040000000000002 -0.007402610000000003
v -0.014416200000000007 -0.0011040000000000002 -0.007402610000000003
v -0.014370270000000008 -0.0020590000000000001 -0.0085636049999999932
v -0.014353179999999955 -0.0023820000000000004 0.0082343949999999933
v -0.014367220000000035 -0.002049 0.0093533900000000083
v -0.014236300000000033 -0.004829 0.009861395000000002
v -0.014322204999999999 -0.003006 -0.0080576050000000007
v -0.014322204999999999 -0.003006 -0.0080576050000000007
v -0.014319304999999933 -0.0030290000000000004 0.0095063949999999956
v -0.01434325999999999 -0.0024720000000000002 0.00898739000000001
v -0.01434325999999999 -0.0024720000000000002 0.00898739000000001
v -0.014502259999999868 0.0010960000000000002 -0.0042486099999999999
v -0.014278260000000107 -0.0037810000000000005 -0.007402610000000003
v -0.014278260000000107 -0.0037810000000000005 -0.007402610000000003
v -0.014278260000000107 -0.0037810000000000005 -0.007402610000000003
v -0.014347229999999914 -0.0021800000000000001 -0.0081846050000000063
v -0.014347229999999914 -0.0021800000000000001 -0.0081846050000000063
v -0.014267274999999989 -0.0038379999999999998 0.010343389999999994
v -0.014267274999999989 -0.0038379999999999998 0.010343389999999994
v -0.014315185000000103 -0.0027900000000000008 0.0099323949999999966
v -0.014387204999999884 -0.0011050000000000001 -0.0083006100000000069
v -0.014387204999999884 -0.0011050000000000001 -0.0083006100000000069
v -0.014255220000000011 -0.0039300000000000003 0.009893389999999995
v -0.014298249999999943 -0.0030140000000000002 -0.0080836099999999963
v -0.014457245000000117 0.00051400000000000003 -0.0053096099999999959
v -0.014491270000000046 0.0013180000000000002 -0.0042836100000000071
v -0.01420730499999991 -0.004830000000000001 0.0098053950000000084
v -0.014287260000000121 -0.0031060000000000003 0.0094203949999999998
v -0.014287260000000121 -0.0030880000000000005 -0.0082156100000000103
v -0.014333190000000119 -0.0020680000000000004 -0.0085506050000000063
v -0.014196164999999898 -0.0049490000000000011 0.010004395000000006
v -0.014196164999999898 -0.0049490000000000011 0.010004395000000006
v -0.014451295000000076 0.00063900000000000003 -0.0045666049999999996
v -0.014284209999999862 -0.0030190000000000004 -0.0081276049999999961
v -0.014463194999999873 0.0010580000000000001 0.0050283899999999989
v -0.014278260000000107 -0.0030640000000000003 -0.0081646049999999984
v -0.014349215000000019 -0.0015110000000000002 -0.0077886099999999918
v -0.014349215000000019 -0.0015110000000000002 -0.0077886099999999918
v -0.014297180000000085 -0.0026090000000000002 0.0088983900000000043
v -0.014297180000000085 -0.0026090000000000002 0.0088983900000000043
v -0.014450224999999936 0.00088100000000000006 -0.0042256049999999951
v -0.014312285000000034 -0.0021760000000000004 -0.0081976049999999932
v -0.014312285000000034 -0.0021760000000000004 -0.0081976049999999932
v -0.014314270000000138 -0.0019610000000000005 0.0094443899999999917
v -0.014385225000000052 -0.00036500000000000004 -0.0079456049999999945
v -0.014307249999999959 -0.0020830000000000002 -0.0085056100000000089
v -0.014220275000000133 -0.0038460000000000005 0.010330390000000007
v -0.014173279999999981 -0.0048220000000000008 0.0097733900000000068
v -0.014173279999999981 -0.0048220000000000008 0.0097733900000000068
v -0.014295194999999981 -0.0021020000000000001 -0.0084406099999999994
v -0.014339295000000052 -0.0011270000000000002 0.0085213949999999993
v -0.014209290000000013 -0.0039379999999999997 0.0098823950000000074
v -0.014209290000000013 -0.0039379999999999997 0.0098823950000000074
v -0.014290315000000081 -0.002163 -0.0082356049999999931
v -0.014337309999999949 -0.0011250000000000001 -0.0082836050000000046
v -0.014336245000000079 -0.0011350000000000002 -0.0073866100000000053
v -0.014336245000000079 -0.0011350000000000002 -0.0073866100000000053
v -0.01426025500000009 -0.0027740000000000004 0.0099623949999999989
v -0.01426025500000009 -0.0027740000000000004 0.0099623949999999989
v -0.01428924499999994 -0.0021210000000000005 -0.0083676050000000054
v -0.014237214999999996 -0.0031580000000000007 0.0093683900000000094
v -0.014368284999999904 -0.00012400000000000001 -0.0079016099999999947
v -0.014422299999999952 0.0011330000000000001 0.0045483950000000028
v -0.014144285000000143 -0.0049240000000000013 0.0099774000000000043
v -0.01430328500000002 -0.0014990000000000003 -0.0078066049999999986
v -0.01430328500000002 -0.0014990000000000003 -0.0078066049999999986
v -0.014146269999999961 -0.0048330000000000005 0.0098083899999999967
v -0.014423219999999903 0.0013120000000000002 0.0050743950000000032
v -0.014401244999999964 0.0008250000000000001 0.0050063899999999968
v -0.014186249999999921 -0.0038590000000000009 0.010278395000000008
v -0.01430328500000002 -0.001175 -0.0082236100000000097
v -0.014362184999999958 0.00014600000000000003 -0.0076456049999999998
v -0.014133300000000024 -0.0048420000000000008 0.009863394999999997
v -0.014305265000000136 -0.0011000000000000001 -0.0071876050000000014
v -0.014413299999999938 0.0014160000000000002 -0.0054766099999999981
v -0.014421235000000086 0.0016170000000000002 -0.0051556099999999997
v -0.014413299999999938 0.0015200000000000001 -0.0043246100000000004
v -0.014167175000000046 -0.0039350000000000001 0.0099013899999999943
v -0.014167175000000046 -0.0039350000000000001 0.0099013899999999943
v -0.014167175000000046 -0.0038740000000000007 0.010200394999999994
v -0.014221190000000095 -0.0027000000000000006 0.0088473899999999984
v -0.014221190000000095 -0.0027000000000000006 0.0088473899999999984
v -0.014276275000000003 -0.001457 -0.0078586100000000072
v -0.014285280000000004 -0.001242 -0.0081356049999999954
v -0.014354250000000096 0.00031700000000000001 -0.0072246050000000055
v -0.014253234999999906 -0.001908 0.0080033949999999982
v -0.014298249999999943 -0.00087100000000000014 -0.0069266050000000067
v -0.014277189999999966 -0.0013170000000000002 -0.0080356049999999977
v -0.014154205000000107 -0.003889000000000001 0.010110395000000008
v -0.014071199999999923 -0.0056010000000000009 0.0090083899999999963
v -0.014071199999999923 -0.0056010000000000009 0.0090083899999999963
v -0.014071199999999923 -0.0056010000000000009 0.0090083899999999963
v -0.014309235000000062 -0.00044800000000000005 -0.0067616100000000056
v -0.01420028500000001 -0.0027930000000000003 0.0099463950000000002
v -0.014307249999999959 -0.00039899999999999999 -0.0079266050000000032
v -0.014145205000000091 -0.0039240000000000004 0.0099503900000000034
v -0.014382170000000092 0.0013950000000000004 0.0045913900000000042
v -0.014144285000000143 -0.0039069999999999999 0.010024394999999997
v -0.014175260000000099 -0.0031760000000000004 0.0093543900000000076
v -0.014175260000000099 -0.0031760000000000004 0.0093543900000000076
v -0.014355314999999966 0.00089400000000000005 0.0045153900000000037
v -0.014225309999999925 -0.0019290000000000002 0.009479389999999999
v -0.01426223999999991 -0.0011110000000000002 -0.0074066050000000071
v -0.01426223999999991 -0.0011110000000000002 -0.0074066050000000071
v -0.01426223999999991 -0.0011110000000000002 -0.0074066050000000071
v -0.014336245000000079 0.00070500000000000001 -0.0042176049999999958
v -0.014368284999999904 0.0015210000000000002 -0.0016736049999999916
v -0.014342195000000122 0.00098300000000000015 0.0055053900000000058
v -0.014369199999999869 0.0017090000000000002 -0.004775609999999997
v -0.014308164999999921 0.00040400000000000006 -0.0053156100000000001
v -0.014306185000000089 0.00046000000000000001 -0.0049566100000000019
v -0.014153290000000145 -0.002843 0.0098773950000000006
v -0.014255220000000011 -0.00049200000000000014 -0.0078616049999999937
v -0.014255220000000011 -0.00049200000000000014 -0.0078616049999999937
v -0.01433517499999994 0.0014090000000000001 -0.0021846099999999961
v -0.014199220000000144 -0.0016569999999999998 0.009413394999999998
v -0.014319304999999933 0.001209 0.0055433949999999935
v -0.014299315000000097 0.00075700000000000008 0.005480394999999999
v -0.014217224999999875 -0.0010340000000000002 -0.0074626050000000006
v -0.014217224999999875 -0.0010340000000000002 -0.0074626050000000006
v -0.014120179999999894 -0.0031630000000000009 0.009380400000000011
v -0.014126280000000125 -0.0029090000000000001 0.0097743900000000061
v -0.014229280000000134 -0.00062200000000000005 -0.0077666100000000071
v -0.014229280000000134 -0.00062200000000000005 -0.0077666100000000071
v -0.014215240000000054 -0.0007670000000000001 -0.0076566049999999934
v -0.014215240000000054 -0.0007670000000000001 -0.0076566049999999934
v -0.01420730499999991 -0.00091100000000000003 -0.0075516050000000064
v -0.01420730499999991 -0.00091100000000000003 -0.0075516050000000064
v -0.01412430000000001 -0.0027310000000000004 0.0088363949999999934
v -0.014321290000000037 0.0017960000000000001 -0.0017316049999999983
v -0.014107209999999957 -0.0029830000000000004 0.0096553899999999981
v -0.014309235000000062 0.0016830000000000003 -0.0022286049999999946
v -0.014092254999999913 -0.0031219999999999998 0.0094434000000000046
v -0.014253234999999906 0.00054100000000000014 -0.0045706099999999949
v -0.014092254999999913 -0.0030570000000000007 0.0095403950000000053
v -0.014170225000000021 -0.0013330000000000002 0.0090784000000000038
v -0.014292294999999913 0.001567 0.0051443949999999995
v -0.01424621500000001 0.00063600000000000017 0.0050003899999999935
v -0.014130250000000051 -0.001964 0.0094653899999999971
v -0.014271239999999925 0.0012540000000000003 -0.001660605000000004
v -0.01425918499999995 0.0011590000000000001 -0.0021596049999999959
v -0.014273225000000028 0.0016680000000000002 -0.0043656050000000059
v -0.014070279999999971 -0.0026760000000000004 0.0085903949999999989
v -0.014240264999999969 0.0011910000000000002 0.004073390000000004
v -0.014241179999999931 0.0014690000000000003 -0.0055086050000000067
v -0.014245300000000048 0.001653 0.0046523949999999923
v -0.01412430000000001 -0.0011050000000000001 0.0085463900000000061
v -0.014228209999999995 0.001407 0.0055943949999999994
v -0.014196164999999898 0.00070500000000000001 0.0045023899999999985
v -0.014175260000000099 0.00029100000000000003 -0.0072236050000000071
v -0.014184265000000099 0.000571 0.0054713899999999961
v -0.014036255000000043 -0.0027060000000000001 0.0088653949999999964
v -0.014036255000000043 -0.0027060000000000001 0.0088653949999999964
v -0.014061279999999957 -0.0020610000000000003 0.0093943999999999955
v -0.014132234999999868 -0.00044000000000000007 -0.006764604999999993
v -0.014191284999999996 0.00095900000000000022 0.0040523899999999995
v -0.014211275000000119 0.0014280000000000002 0.0041073899999999955
v -0.014172210000000124 0.0005930000000000001 -0.0042236050000000001
v -0.014039305000000016 -0.0024040000000000003 0.0082543949999999994
v -0.01420318500000008 0.0016910000000000002 -0.0051986050000000011
v -0.014037170000000009 -0.0019230000000000002 0.0080243950000000019
v -0.014114224999999868 -0.00016600000000000002 -0.0078796099999999935
v -0.014023285000000106 -0.002196 0.0092853949999999949
v -0.014023285000000106 -0.002196 0.0092853949999999949
v -0.014134214999999986 0.00036800000000000005 -0.0053286100000000053
v -0.014198304999999896 0.0019660000000000003 -0.0022856050000000044
v -0.014058229999999984 -0.0010790000000000001 -0.0072136099999999996
v -0.014058229999999984 -0.0010790000000000001 -0.0072136099999999996
v -0.013987275000000072 -0.0026250000000000006 0.008934394999999996
v -0.013987275000000072 -0.0026250000000000006 0.008934394999999996
v -0.014000245000000008 -0.0023480000000000003 0.0091593950000000042
v -0.014000245000000008 -0.0023480000000000003 0.0091593950000000042
v -0.014103240000000031 0.000116 -0.0076396100000000024
v -0.013981170000000138 -0.0024970000000000005 0.0090373899999999993
v -0.013981170000000138 -0.0024970000000000005 0.0090373899999999993
v -0.014167175000000046 0.0020900000000000003 -0.001820599999999999
v -0.014038239999999863 -0.00086400000000000008 -0.0069366050000000002
v -0.01414917000000003 0.0017870000000000002 -0.0048186100000000044
v -0.014080199999999939 0.00042200000000000007 -0.0049776100000000064
v -0.014102174999999878 0.00095900000000000022 -0.002151604999999997
v -0.014104309999999887 0.0016420000000000002 0.004148394999999994
v -0.014064180000000023 0.0007670000000000001 0.0040453899999999985
v -0.014072265000000077 0.0010180000000000002 -0.0016766050000000022
v -0.014030305000000002 0.000214 -0.0071806049999999996
v -0.014085235000000015 0.0017260000000000001 -0.0043956099999999942
v -0.013990175000000139 -0.00039000000000000005 -0.0067866049999999942
v -0.013990175000000139 -0.00039000000000000005 -0.0067866049999999942
v -0.014071199999999923 0.0015490000000000002 0.0056453900000000001
v -0.014079284999999973 0.0017639999999999999 0.0052163900000000048
v -0.014025269999999923 0.00051600000000000007 -0.0045876050000000041
v -0.014017179999999886 0.00050700000000000007 0.0050113950000000079
v -0.014055175000000024 0.0014260000000000002 -0.0055086050000000067
v -0.014009245000000024 0.00044500000000000003 0.0054783899999999979
v -0.013965300000000132 -0.00027900000000000006 -0.0077936099999999986
v -0.013965300000000132 -0.00027900000000000006 -0.0077936099999999986
v -0.013894195000000029 -0.0016990000000000002 0.0094093900000000036
v -0.013910214999999941 -0.001132 0.0085613900000000073
v -0.013912200000000045 -0.00099200000000000004 -0.0072856050000000049
v -0.013912200000000045 -0.00099200000000000004 -0.0072856050000000049
v -0.013912200000000045 -0.00099200000000000004 -0.0072856050000000049
v -0.013979185000000033 0.00055800000000000012 -0.0042406100000000006
v -0.013964234999999978 0.00041400000000000009 -0.0053406050000000078
v -0.014024200000000068 0.0018540000000000002 0.0047183899999999925
v -0.014033205000000069 0.0022040000000000007 -0.0023366049999999916
v -0.013943175 8.5000000000000006E-05 -0.0070946050000000056
v -0.013919219999999941 -0.00044200000000000006 -0.0076766100000000047
v -0.013919219999999941 -0.00044200000000000006 -0.0076766100000000047
v -0.013910214999999941 -0.00063200000000000018 -0.0075466050000000014
v -0.013910214999999941 -0.00063200000000000018 -0.0075466050000000014
v -0.013962249999999874 0.00059200000000000008 0.0045063949999999946
v -0.013917235000000123 -0.00026900000000000003 -0.0068546100000000014
v -0.01388717500000013 -0.00082700000000000004 -0.0074076099999999916
v -0.01388717500000013 -0.00082700000000000004 -0.0074076099999999916
v -0.013921205000000046 1.8E-05 -0.0075666050000000075
v -0.013859255000000134 -0.0013630000000000003 0.0090943900000000077
v -0.013909299999999979 -8.8000000000000025E-05 -0.0069736100000000086
v -0.013824309999999972 -0.0019140000000000001 0.0080423949999999973
v -0.013970185000000019 0.0016280000000000001 -0.0052016049999999946
v -0.013973234999999994 0.0018530000000000003 -0.00067860500000000107
v -0.013777315000000104 -0.002653 0.0086413950000000031
v -0.013777315000000104 -0.002653 0.0086413950000000031
v -0.013855284999999926 -0.00079600000000000005 -0.0069866099999999964
v -0.013855284999999926 -0.00079600000000000005 -0.0069866099999999964
v -0.013859255000000134 -0.00036400000000000007 -0.0072906099999999977
v -0.013970185000000019 0.0023519999999999999 -0.0018986050000000003
v -0.01390320000000003 0.00083199999999999995 -0.0021526049999999945
v -0.013857270000000031 -0.00014500000000000003 -0.0074456000000000001
v -0.013924255000000019 0.0017950000000000002 0.0041893950000000046
v -0.013822174999999963 -0.0006150000000000001 -0.0071166050000000085
v -0.013872225000000075 0.00064100000000000008 0.004053389999999997
v -0.013862305000000109 0.00047100000000000006 -0.005000610000000006
v -0.013897245000000001 0.0013010000000000001 -0.0054766099999999981
v -0.013914184999999865 0.0017200000000000002 -0.0048226050000000076
v -0.013911285000000082 0.0017660000000000002 -9.6049999999969782E-06
v -0.013729250000000096 -0.002395 0.0082883950000000092
v -0.013889315000000128 0.001678 -0.0044056050000000017
v -0.013874204999999907 0.001578 -0.00068460500000000479
v -0.013896180000000133 0.0021320000000000002 -0.00062461000000000775
v -0.013829195000000145 0.00053400000000000008 -0.0053526100000000024
v -0.013834229999999937 0.000861 -0.0016986099999999919
v -0.013859255000000134 0.0016000000000000001 0.0056794000000000011
v -0.013709259999999977 -0.0018160000000000003 0.0093213949999999997
v -0.013709259999999977 -0.0018160000000000003 0.0093213949999999997
v -0.013733215000000033 -0.001214 0.00852639
v -0.013802185000000126 0.00039899999999999999 0.0054943950000000017
v -0.013802185000000126 0.00055200000000000008 -0.0046156000000000044
v -0.0138601700000001 0.0020460000000000005 2.938999999999581E-05
v -0.01383727999999991 0.0015060000000000004 -3.2604999999996663E-05
v -0.013796235000000085 0.00060400000000000004 -0.0042616100000000051
v -0.013790285000000044 0.0011220000000000002 -0.005432605000000007
v -0.013657225000000044 -0.0018580000000000001 0.0080783950000000004
v -0.013809205000000022 0.0018360000000000002 0.0052623950000000091
v -0.013827210000000041 0.0023019999999999998 -0.002372610000000002
v -0.013645170000000068 -0.0019870000000000001 0.0091893950000000064
v -0.013645170000000068 -0.0019870000000000001 0.0091893950000000064
v -0.013744199999999868 0.00045700000000000005 0.0050343900000000032
v -0.013753204999999869 0.0007090000000000001 -0.0053696049999999934
v -0.013607179999999917 -0.002562 0.0087383950000000082
v -0.013607179999999917 -0.002562 0.0087383950000000082
v -0.013607179999999917 -0.002562 0.0087383950000000082
v -0.013623200000000113 -0.002186 0.0090403949999999979
v -0.013623200000000113 -0.002186 0.0090403949999999979
v -0.013768310000000103 0.0014499999999999999 -0.0051676100000000074
v -0.013742220000000036 0.00091700000000000017 -0.0053946099999999941
v -0.01363723999999991 -0.0014650000000000002 0.0090253949999999968
v -0.013587190000000081 -0.0023900000000000002 0.0088823900000000056
v -0.013587190000000081 -0.0023900000000000002 0.0088823900000000056
v -0.013622284999999866 -0.0013500000000000003 0.0084353899999999992
v -0.013752289999999907 0.0019300000000000003 0.0047633950000000001
v -0.013773194999999992 0.0024740000000000005 -0.0013826099999999998
v -0.013690185000000103 0.00059100000000000005 -0.005024604999999998
v -0.013729250000000096 0.0015370000000000002 -0.0043956099999999942
v -0.013686219999999881 0.00055599999999999996 0.0045243950000000066
v -0.013761289999999921 0.0024550000000000006 -0.0019396099999999987
v -0.013761289999999921 0.0024550000000000006 -0.0019396099999999987
v -0.013684235000000062 0.00079299999999999998 -0.0021686099999999975
v -0.013573304999999895 -0.0017280000000000002 0.0081623950000000011
v -0.01370529000000005 0.0015370000000000002 -0.0047976099999999999
v -0.013573304999999895 -0.0015340000000000002 0.008299389999999995
v -0.013659209999999864 0.00072400000000000014 -0.004285604999999997
v -0.013541260000000083 -0.0018679999999999999 0.0087123949999999978
v -0.013550260000000099 -0.0016360000000000001 0.0088913900000000025
v -0.013692169999999924 0.0018500000000000001 0.0042203899999999992
v -0.013640289999999883 0.00059600000000000007 0.0040723900000000065
v -0.013512269999999946 -0.0023210000000000001 0.0083613949999999989
v -0.013512269999999946 -0.0023210000000000001 0.0083613949999999989
v -0.01366226000000012 0.0012960000000000001 -4.2609999999996267E-05
v -0.013704224999999898 0.0023340000000000001 7.5395000000000331E-05
v -0.013629305000000048 0.00065900000000000008 -0.0046496100000000071
v -0.013648225000000028 0.0013320000000000003 -0.0006616099999999926
v -0.013685304999999919 0.0024290000000000006 -0.00054161000000000573
v -0.013628234999999909 0.0012180000000000003 -0.0051186099999999974
v -0.013593290000000029 0.00044200000000000006 0.0055043900000000083
v -0.01367721499999988 0.0025340000000000002 -0.0011316099999999986
v -0.013482209999999956 -0.0021320000000000002 0.0085153949999999951
v -0.013606259999999967 0.00080900000000000004 -0.0017206099999999937
v -0.013635255000000089 0.0015460000000000001 0.0056783949999999993
v -0.01362426999999997 0.0013389999999999999 -0.0043716049999999928
v -0.013586275000000118 0.00076800000000000002 -0.0050506000000000032
v -0.013585204999999975 0.00090300000000000016 -0.0043135999999999982
v -0.013576199999999976 0.001119 -0.0043426050000000063
v -0.013565215000000139 0.00098400000000000028 -0.005079604999999994
v -0.01356719999999996 0.0013000000000000002 -0.0047616099999999942
v -0.013604280000000133 0.0022160000000000001 -0.0023876100000000027
v -0.013527220000000005 0.00083500000000000024 -0.0046866050000000043
v -0.01350631499999992 0.0010580000000000001 -0.0047276100000000027
v -0.01353225500000008 0.0017580000000000002 0.0052663899999999949
v -0.013477174999999878 0.00050000000000000012 0.005059395000000003
v -0.013559265000000098 0.0026069999999999999 -0.00082261000000000823
v -0.013476254999999927 0.00084400000000000013 -0.002202605000000002
v -0.013530274999999965 0.0023630000000000005 -0.0019506050000000033
v -0.013530274999999965 0.0023630000000000005 -0.0019506050000000033
v -0.013530274999999965 0.0023630000000000005 -0.0019506050000000033
v -0.013422239999999877 0.00056599999999999999 0.0055133900000000052
v -0.013472289999999991 0.001848 0.0047693899999999984
v -0.013453215000000115 0.0014030000000000002 0.005641394999999997
v -0.013415219999999981 0.00058600000000000015 0.004556389999999997
v -0.013416290000000121 0.00063700000000000009 0.004095390000000006
v -0.013457185000000042 0.0017910000000000003 0.0042323949999999938
v -0.013486174999999892 0.0025730000000000002 0.00011338999999999544
v -0.013428189999999918 0.001157 -4.5605000000001899E-05
v -0.013370209999999933 0.0011630000000000002 -0.00063760999999999516
v -0.013426210000000086 0.0026900000000000006 -0.00047360499999999918
v -0.013394319999999883 0.0019860000000000004 -0.0023806100000000013
v -0.013337249999999874 0.0012040000000000002 0.0055923950000000035
v -0.013318175 0.0007530000000000002 0.0055273900000000079
v -0.013308260000000023 0.0008690000000000002 -0.0017206099999999937
v -0.013297269999999915 0.0009810000000000001 -0.0022466099999999935
v -0.01329116999999997 0.00097900000000000005 0.0055523950000000086
v -0.013262175000000129 0.00062399999999999999 0.0050823950000000026
v -0.013299255000000018 0.0015570000000000002 0.0052293949999999978
v -0.013242189999999996 0.00076000000000000004 0.0041203900000000007
v -0.013273315000000141 0.001634 0.0042243949999999945
v -0.01319626 0.00069300000000000004 0.0045933900000000001
v -0.013231199999999891 0.0016420000000000002 0.0047443950000000089
v -0.013198240000000114 0.00093900000000000016 -0.0014846050000000056
v -0.013256225000000088 0.002568 -0.0019816100000000073
v -0.013256225000000088 0.002568 -0.0019816100000000073
v -0.013256225000000088 0.002568 -0.0019816100000000073
v -0.013232270000000032 0.0021040000000000004 -0.0019416050000000064
v -0.013232270000000032 0.0021040000000000004 -0.0019416050000000064
v -0.013232270000000032 0.0021040000000000004 -0.0019416050000000064
v -0.01318221999999992 0.00099700000000000006 -0.0011556050000000085
v -0.013209229999999936 0.001707 -0.002363605
v -0.013229220000000059 0.0026660000000000004 0.00014239500000000406
v -0.013166200000000006 0.0011090000000000002 -3.1604999999998997E-05
v -0.013220215000000056 0.002532 -0.0021466050000000085
v -0.013161315000000118 0.0011870000000000001 -0.0022936050000000032
v -0.013140260000000129 0.00094900000000000008 0.0041473949999999964
v -0.013159180000000111 0.0014170000000000001 0.0042033950000000082
v -0.013146209999999887 0.0013000000000000002 0.005176390000000009
v -0.013125305000000085 0.00081100000000000009 0.0051093949999999923
v -0.01312622000000005 0.0010370000000000002 -0.0017696100000000039
v -0.01312622000000005 0.0010370000000000002 -0.0017696100000000039
v -0.01312622000000005 0.0010370000000000002 -0.0017696100000000039
v -0.013116300000000084 0.0011800000000000001 0.0041763949999999994
v -0.01312027000000001 0.0014390000000000002 -0.0023346049999999965
v -0.013098295000000069 0.0010620000000000002 -0.00095160500000000434
v -0.013085174999999939 0.0010440000000000002 0.0051373949999999986
v -0.01313628999999992 0.0027340000000000003 -0.00099660999999999348
v -0.01313628999999992 0.0027340000000000003 -0.00099660999999999348
v -0.013061219999999882 0.00087900000000000012 0.0046333899999999959
v -0.01308029000000005 0.0013800000000000002 0.0047093950000000016
v -0.013116300000000084 0.0027920000000000002 -0.00047360499999999918
v -0.013116300000000084 0.0027920000000000002 -0.00047360499999999918
v -0.01309631499999995 0.0025390000000000005 -0.0023766050000000056
v -0.013022310000000065 0.0011169999999999999 0.0046753900000000041
v -0.012998200000000112 0.001126 -0.0008136099999999937
v -0.012964169999999914 0.0025690000000000005 0.00016239000000000561
v -0.01290817500000003 0.001152 2.3949999999928201E-06
v -0.012929230000000022 0.0018260000000000004 -0.0019246099999999978
v -0.012929230000000022 0.0018260000000000004 -0.0019246099999999978
v -0.012876280000000127 0.0012850000000000001 -0.0018536100000000036
v -0.012876280000000127 0.0012850000000000001 -0.0018536100000000036
v -0.012887269999999949 0.0026880000000000003 -0.00044961000000000697
v -0.012887269999999949 0.0026880000000000003 -0.00044961000000000697
v -0.01280426000000006 0.00099800000000000019 -0.0017266099999999976
v -0.01280426000000006 0.00099800000000000019 -0.0017266099999999976
v -0.012874300000000009 0.0028760000000000005 -0.00077161000000000265
v -0.012874300000000009 0.0028760000000000005 -0.00077161000000000265
v -0.012772214999999962 0.0011709999999999999 -0.00068761000000000299
v -0.012772214999999962 0.0011709999999999999 -0.00068761000000000299
v -0.012786255000000045 0.0015550000000000002 -0.0018966099999999922
v -0.012786255000000045 0.0015550000000000002 -0.0018966099999999922
v -0.012725220000000096 0.0023240000000000001 0.00016838999999999163
v -0.012680205000000062 0.001286 4.9390000000002487E-05
v -0.012568205000000039 0.0018390000000000001 -0.0020106050000000056
v -0.012546235000000084 0.0024090000000000001 -0.00041960500000000068
v -0.012546235000000084 0.0024090000000000001 -0.00041960500000000068
v -0.012520294999999924 0.0020300000000000001 0.00016139000000000794
v -0.012499234999999945 0.001493 9.8389999999994889E-05
v -0.012483215000000034 0.0013190000000000001 -0.00053660499999999458
v -0.012483215000000034 0.0013190000000000001 -0.00053660499999999458
v -0.012431185000000088 0.0017510000000000002 0.00013739499999999795
v -0.012369229999999905 0.0011050000000000001 -0.00072361000000000788
v -0.012236174999999893 0.0018740000000000004 -0.0020666049999999991
v -0.012169189999999904 0.00094800000000000006 -0.0016496099999999993
v -0.012199249999999896 0.0021129999999999999 -0.00042761000000000491
v -0.012199249999999896 0.0021129999999999999 -0.00042761000000000491
v -0.012173310000000019 0.0015580000000000001 -0.00048860499999999981
v -0.012173310000000019 0.0015580000000000001 -0.00048860499999999981
v -0.012173310000000019 0.0015580000000000001 -0.00048860499999999981
v -0.012173310000000019 0.0015580000000000001 -0.00048860499999999981
v -0.012044219999999942 0.00183 -0.00044961000000000697
v -0.012044219999999942 0.00183 -0.00044961000000000697
v -0.012044219999999942 0.00183 -0.00044961000000000697
v -0.012056274999999917 0.0023820000000000004 -0.0028386099999999997
v -0.011806185000000087 -0.001294 0.0071123900000000092
v -0.011785280000000004 -0.0014910000000000001 0.0069623950000000092
v -0.011785280000000004 -0.0014910000000000001 0.0069623950000000092
v -0.011873170000000077 0.0010570000000000002 -0.00077060499999999984
v -0.011747284999999866 -0.0015260000000000004 0.0074353999999999948
v -0.011747284999999866 -0.0015260000000000004 0.0074353999999999948
v -0.011734314999999928 -0.001704 0.0072943899999999944
v -0.011734314999999928 -0.001704 0.0072943899999999944
v -0.011734314999999928 -0.001704 0.0072943899999999944
v -0.011742250000000072 -0.0010330000000000001 0.007311390000000007
v -0.011705169999999899 -0.0013220000000000003 0.0075943949999999934
v -0.011705169999999899 -0.0013220000000000003 0.0075943949999999934
v -0.011724245000000057 -0.00079799999999999999 0.0074883950000000079
v -0.011825254999999974 0.0020050000000000003 -0.00045661000000000844
v -0.011798249999999942 0.00183 -0.0021296000000000071
v -0.011678315000000057 -0.0011220000000000002 0.0077423950000000026
v -0.011678315000000057 -0.0011220000000000002 0.0077423950000000026
v -0.011752319999999945 0.0010500000000000002 0.0041353900000000018
v -0.011676180000000048 -0.00094500000000000009 0.0068203950000000017
v -0.011534269999999939 -0.0046150000000000002 0.0073753950000000059
v -0.011534269999999939 -0.0046150000000000002 0.0073753950000000059
v -0.011534269999999939 -0.0046150000000000002 0.0073753950000000059
v -0.011811219999999881 0.0029020000000000005 -0.00078460500000000267
v -0.011737214999999995 0.00081400000000000005 0.0041103949999999941
v -0.011747284999999866 0.0011130000000000001 0.0037344000000000045
v -0.011730195000000098 0.00087100000000000014 0.0036973949999999974
v -0.011667175000000047 -0.0007490000000000001 0.0069563950000000041
v -0.011639250000000064 -0.00063299999999999999 0.0076243949999999939
v -0.011612245000000033 -0.00095500000000000012 0.0078753949999999951
v -0.011612245000000033 -0.00095500000000000012 0.0078753949999999951
v -0.011579284999999974 -0.0018190000000000003 0.0072083950000000037
v -0.011579284999999974 -0.0018190000000000003 0.0072083950000000037
v -0.01158722000000012 -0.001593 0.0069003949999999932
v -0.011604309999999889 -0.0010860000000000002 0.0067393949999999953
v -0.011615295000000006 -0.00056800000000000015 0.0070933899999999998
v -0.011674194999999943 0.001294 0.004179390000000005
v -0.011671294999999877 0.001364 0.0037733949999999975
v -0.011474305000000132 -0.0038830000000000006 0.0082433900000000015
v -0.01162719500000009 0.00060800000000000003 0.0040963950000000087
v -0.011622314999999904 0.00066600000000000014 0.0036723899999999972
v -0.011640165000000029 0.0011790000000000004 -0.00055659999999999597
v -0.011450194999999897 -0.0038360000000000009 0.0081523900000000007
v -0.011650239999999886 0.001634 2.8389999999998144E-05
v -0.011615295000000006 0.000745 0.0044863900000000007
v -0.011619264999999931 0.00097199999999999999 0.0045083900000000027
v -0.011421205000000045 -0.0039360000000000011 0.008326395000000009
v -0.011421205000000045 -0.0039360000000000011 0.008326395000000009
v -0.011423184999999879 -0.0038320000000000003 0.008123400000000008
v -0.011423184999999879 -0.0038320000000000003 0.008123400000000008
v -0.011612245000000033 0.0013680000000000003 -7.6100000000067788E-06
v -0.011612245000000033 0.0013680000000000003 -7.6100000000067788E-06
v -0.011592254999999912 0.00090800000000000017 0.0032893950000000062
v -0.011594240000000018 0.0011400000000000002 0.003315389999999994
v -0.011393280000000065 -0.0038400000000000005 0.0081533899999999999
v -0.011506195000000052 -0.00044400000000000006 0.0071893900000000073
v -0.011539305000000017 0.00054500000000000002 0.0044793899999999989
v -0.011371305000000123 -0.0039050000000000005 0.0082963950000000085
v -0.011559295000000136 0.0011890000000000002 0.0045503899999999936
v -0.011369170000000114 -0.0038379999999999998 0.0082053950000000077
v -0.011567229999999998 0.0016000000000000001 -0.0022506049999999971
v -0.011567229999999998 0.0016000000000000001 -0.0022506049999999971
v -0.011567229999999998 0.0016000000000000001 -0.0022506049999999971
v -0.011397245 -0.0029430000000000003 0.008405389999999997
v -0.011358184999999995 -0.0038660000000000001 0.0082453899999999965
v -0.011391294999999961 -0.0029210000000000004 0.0084853949999999945
v -0.011451265000000039 -0.0011630000000000002 0.0067103949999999914
v -0.011517179999999886 0.00070600000000000003 0.0032713900000000077
v -0.01138122500000009 -0.0029020000000000005 0.0085683900000000091
v -0.011533205000000069 0.0013680000000000003 0.0033473949999999956
v -0.011371305000000123 -0.0029820000000000003 0.0082933899999999925
v -0.011371305000000123 -0.0029820000000000003 0.0082933899999999925
v -0.011522214999999964 0.0013250000000000002 -0.002153604999999992
v -0.011541290000000121 0.0018990000000000005 5.039000000000016E-05
v -0.011366270000000046 -0.0028840000000000003 0.0086413950000000031
v -0.011505280000000088 0.00091300000000000018 -0.0016576099999999984
v -0.011436309999999995 -0.00085900000000000006 0.0079703899999999991
v -0.011397245 -0.0017950000000000002 0.0074853899999999919
v -0.011397245 -0.0017950000000000002 0.0074853899999999919
v -0.011514280000000102 0.0015250000000000001 0.0042423900000000013
v -0.011397245 -0.0016639999999999999 0.0075863949999999932
v -0.011397245 -0.0016639999999999999 0.0075863949999999932
v -0.011508179999999871 0.0016000000000000001 0.0038213900000000052
v -0.011429290000000099 -0.00055700000000000009 0.0077023900000000025
v -0.011332245000000117 -0.0029920000000000003 0.0082773949999999982
v -0.011332245000000117 -0.0029920000000000003 0.0082773949999999982
v -0.01136123499999997 -0.0022409999999999999 0.0079223900000000048
v -0.011336210000000055 -0.0028720000000000004 0.0086913949999999941
v -0.011336210000000055 -0.0028720000000000004 0.0086913949999999941
v -0.0113601700000001 -0.0021710000000000002 0.0080143950000000075
v -0.011471249999999888 0.00099700000000000006 -0.00078460500000000267
v -0.011376190000000012 -0.0015140000000000002 0.0077063949999999978
v -0.011376190000000012 -0.0015140000000000002 0.0077063949999999978
v -0.011347199999999877 -0.0020939999999999999 0.0081243899999999952
v -0.011440274999999932 0.00045300000000000006 0.0040933899999999928
v -0.011464234999999977 0.0011380000000000001 -5.2605000000003343E-05
v -0.011354220000000059 -0.0018830000000000001 0.0074193950000000092
v -0.011354220000000059 -0.0018830000000000001 0.0074193950000000092
v -0.011335295000000091 -0.0022880000000000001 0.0078633899999999996
v -0.011429290000000099 0.0005260000000000001 0.003657389999999996
v -0.011330260000000014 -0.0020170000000000001 0.0082373899999999989
v -0.011289214999999903 -0.0029890000000000003 0.0082893950000000067
v -0.01129424999999998 -0.002869 0.008705394999999996
v -0.011477204999999916 0.0022540000000000004 -0.00044760500000000651
v -0.011477204999999916 0.0022540000000000004 -0.00044760500000000651
v -0.011348265000000031 -0.0013620000000000001 0.0078323950000000059
v -0.011348265000000031 -0.0013620000000000001 0.0078323950000000059
v -0.011438295000000098 0.0013680000000000003 0.0046073900000000029
v -0.011394195000000029 0.00039600000000000008 0.0044853950000000083
v -0.011476289999999952 0.0028090000000000003 -0.00099161000000000518
v -0.011476289999999952 0.0028090000000000003 -0.00099161000000000518
v -0.011307219999999918 -0.0018800000000000002 0.0071723949999999981
v -0.011304169999999947 -0.0019490000000000002 0.0083373950000000027
v -0.011283265000000146 -0.0023089999999999999 0.0078413950000000027
v -0.011283265000000146 -0.0023089999999999999 0.0078413950000000027
v -0.011255189999999974 -0.0029700000000000004 0.0083293899999999973
v -0.011254270000000023 -0.002879 0.0086863900000000004
v -0.011300200000000022 -0.0016420000000000002 0.0068813899999999976
v -0.011409299999999976 0.0015640000000000003 0.0033793949999999921
v -0.011419219999999942 0.0018609999999999998 -0.0021936050000000056
v -0.011419219999999942 0.0018609999999999998 -0.0021936050000000056
v -0.011308290000000061 -0.0012280000000000001 0.0079413899999999961
v -0.011308290000000061 -0.0012280000000000001 0.0079413899999999961
v -0.011339265000000015 -0.00038500000000000003 0.0072323899999999957
v -0.011368254999999867 0.00055800000000000012 0.0032633949999999962
v -0.011274260000000143 -0.0019200000000000003 0.0073943900000000094
v -0.011274260000000143 -0.0019200000000000003 0.0073943900000000094
v -0.011234284999999889 -0.0029380000000000005 0.0083943949999999937
v -0.011229250000000097 -0.0028870000000000007 0.0086313900000000044
v -0.011224215000000018 -0.0029120000000000005 0.00847139500000001
v -0.01126128999999992 -0.0019030000000000002 0.0084043900000000012
v -0.01126128999999992 -0.0019030000000000002 0.0084043900000000012
v -0.01122131499999995 -0.0028960000000000006 0.0085543900000000072
v -0.011351319999999991 0.001065 -0.0019596100000000053
v -0.011226195000000135 -0.0022980000000000001 0.0078583899999999929
v -0.011255189999999974 -0.0012000000000000001 0.0067013949999999954
v -0.011240234999999932 -0.0011380000000000001 0.0080143950000000075
v -0.011240234999999932 -0.0011380000000000001 0.0080143950000000075
v -0.011205290000000052 -0.0018900000000000002 0.0084233949999999967
v -0.011205290000000052 -0.0018900000000000002 0.0084233949999999967
v -0.011179199999999985 -0.0022510000000000004 0.0079093950000000048
v -0.011182249999999956 -0.0019009999999999999 0.0074113949999999916
v -0.011182249999999956 -0.0019009999999999999 0.0074113949999999916
v -0.011325224999999935 0.0021620000000000003 5.739000000000161E-05
v -0.011266175000000093 0.00097500000000000017 -9.5604999999991953E-05
v -0.011285249999999965 0.001689 0.0042983899999999948
v -0.011147310000000065 -0.0021750000000000003 0.0079943950000000014
v -0.01115417500000007 -0.0019140000000000001 0.0083963950000000061
v -0.011262204999999885 0.0014829999999999999 0.0046573949999999973
v -0.011270294999999923 0.0017660000000000002 0.0038673949999999918
v -0.011129305000000048 -0.0020939999999999999 0.0080993950000000058
v -0.011125184999999933 -0.0019610000000000005 0.0083193950000000072
v -0.011206205000000014 0.00032200000000000002 0.0044933900000000025
v -0.011119229999999905 -0.0020220000000000004 0.008213395000000007
v -0.011151275000000002 -0.0011150000000000001 0.0080333899999999944
v -0.011199190000000104 0.00036900000000000008 0.004095390000000006
v -0.011151275000000002 -0.00085599999999999999 0.0079883949999999988
v -0.011108245000000072 -0.0018200000000000002 0.007465390000000004
v -0.011108245000000072 -0.0018200000000000002 0.007465390000000004
v -0.011225279999999888 0.0016910000000000002 0.0034043899999999998
v -0.011181185000000088 0.00045400000000000008 0.0036543950000000082
v -0.011139220000000026 -0.00056800000000000015 0.0077023900000000025
v -0.011190185000000102 0.0008870000000000002 -0.00067860500000000107
v -0.011138305000000064 -0.00038700000000000003 0.0072293950000000082
v -0.011165315000000082 0.00048300000000000014 0.0032633949999999962
v -0.011225279999999888 0.0027160000000000005 -0.0012796100000000089
v -0.011225279999999888 0.0027160000000000005 -0.0012796100000000089
v -0.011161194999999968 0.00086700000000000015 -0.0016616050000000018
v -0.011060180000000064 -0.0016870000000000001 0.0075573900000000032
v -0.011060180000000064 -0.0016870000000000001 0.0075573900000000032
v -0.011068270000000102 -0.0011590000000000001 0.0080033949999999982
v -0.011053315000000058 -0.0012130000000000003 0.0066923899999999925
v -0.011019285000000142 -0.0018810000000000001 0.0071813949999999949
v -0.011019285000000142 -0.0018810000000000001 0.0071813949999999949
v -0.011032255000000081 -0.0015370000000000002 0.0076713950000000088
v -0.011032255000000081 -0.0015370000000000002 0.0076713950000000088
v -0.011023255000000065 -0.0012570000000000003 0.0079173950000000042
v -0.011023255000000065 -0.0012570000000000003 0.0079173950000000042
v -0.011008300000000023 -0.0016610000000000001 0.0068773949999999936
v -0.011156310000000079 0.0026100000000000003 -0.001934605000000005
v -0.011156310000000079 0.0026100000000000003 -0.001934605000000005
v -0.011156310000000079 0.0026100000000000003 -0.001934605000000005
v -0.011016234999999885 -0.001389 0.007798394999999997
v -0.011016234999999885 -0.001389 0.007798394999999997
v -0.011137239999999909 0.0021199999999999999 -0.002029610000000002
v -0.011137239999999909 0.0021199999999999999 -0.002029610000000002
v -0.011134184999999949 0.0024810000000000001 -0.0004486099999999916
v -0.011134184999999949 0.0024810000000000001 -0.0004486099999999916
v -0.011051180000000049 0.00086000000000000009 -0.0008756050000000038
v -0.011034239999999902 0.00089600000000000009 -0.00012760999999999358
v -0.011052244999999917 0.0015010000000000004 0.0046783899999999967
v -0.0110801699999999 0.0023720000000000004 5.3394999999998305E-05
v -0.011010285000000126 0.00033500000000000007 0.0044993949999999928
v -0.011023255000000065 0.0017240000000000003 0.004320395000000002
v -0.010941315000000035 -0.00043600000000000003 0.0072143950000000071
v -0.010981294999999992 0.00079900000000000012 -0.001591605000000005
v -0.011003264999999946 0.0017130000000000003 0.0034163949999999944
v -0.01100525000000005 0.001804 0.0038883949999999959
v -0.011027220000000004 0.0026460000000000003 -0.001647604999999999
v -0.011027220000000004 0.0026460000000000003 -0.001647604999999999
v -0.010946199999999923 0.00049200000000000014 0.0032683950000000021
v -0.010941315000000035 0.00037600000000000003 0.0041003899999999946
v -0.010880280000000088 -0.0011780000000000002 0.0067063899999999961
v -0.010924224999999982 0.00044800000000000005 0.0036633950000000051
v -0.010872190000000049 -0.00093100000000000008 0.0079403899999999968
v -0.01093719499999992 0.0012040000000000002 -0.0023816099999999988
v -0.010940244999999894 0.0014590000000000002 -0.0024455999999999992
v -0.010813295000000099 -0.0018030000000000001 0.0072433949999999928
v -0.010813295000000099 -0.0018030000000000001 0.0072433949999999928
v -0.010813295000000099 -0.0018030000000000001 0.0072433949999999928
v -0.010854185000000034 -0.00063299999999999999 0.0076743899999999962
v -0.010904235000000146 0.00083000000000000001 -0.0013936050000000046
v -0.010777285000000067 -0.001614 0.0069213949999999969
v -0.010777285000000067 -0.001614 0.0069213949999999969
v -0.010838320000000012 0.00043200000000000004 0.004510395000000003
v -0.010854185000000034 0.00098799999999999995 -0.0022546099999999928
v -0.01085922000000011 0.0014180000000000002 0.0046673949999999926
v -0.010838320000000012 0.00090600000000000012 -0.00065160999999999811
v -0.0107882699999999 -0.00053700000000000004 0.0071573949999999987
v -0.010763244999999987 -0.0010630000000000001 0.0067803950000000059
v -0.010866240000000008 0.0023600000000000001 -0.0018596100000000072
v -0.010866240000000008 0.0023600000000000001 -0.0018596100000000072
v -0.010866240000000008 0.0023600000000000001 -0.0018596100000000072
v -0.010872190000000049 0.0025460000000000001 -0.00046160499999999162
v -0.010872190000000049 0.0025460000000000001 -0.00046160499999999162
v -0.010839234999999977 0.0017210000000000001 -0.0024206049999999915
v -0.01071625000000012 -0.0016320000000000002 0.0073683950000000041
v -0.01071625000000012 -0.0016320000000000002 0.0073683950000000041
v -0.010787200000000045 0.00091000000000000011 -0.0001406099999999988
v -0.01082824499999987 0.0024330000000000003 3.7395000000000071E-05
v -0.010707245000000117 -0.0010640000000000001 0.0078193950000000016
v -0.010707245000000117 -0.0010640000000000001 0.0078193950000000016
v -0.010794219999999943 0.0016240000000000002 0.003409394999999993
v -0.010707245000000117 -0.00087499999999999991 0.0069163900000000049
v -0.01075622500000009 0.00058700000000000007 0.0032803900000000046
v -0.010710295000000092 -0.00068700000000000011 0.0070553950000000051
v -0.010677185000000125 -0.0014280000000000002 0.0075193999999999947
v -0.010677185000000125 -0.0014280000000000002 0.0075193999999999947
v -0.010779264999999899 0.0016100000000000001 0.0043033999999999937
v -0.010668180000000124 -0.0014370000000000001 0.007062395000000006
v -0.010662230000000083 -0.001235 0.0076713950000000088
v -0.010662230000000083 -0.001235 0.0076713950000000088
v -0.010760195000000014 0.0016870000000000001 0.0038733949999999956
v -0.010731199999999892 0.00083900000000000001 -0.0021066100000000001
v -0.010718229999999952 0.00046699999999999997 0.0041133999999999919
v -0.010715179999999979 0.00059800000000000001 0.0045313950000000075
v -0.010661315000000119 -0.00076200000000000009 0.0075793950000000096
v -0.010724179999999993 0.0012520000000000003 0.0046343899999999934
v -0.010698240000000116 0.00052300000000000003 0.0036833949999999943
v -0.010629270000000024 -0.001175 0.0072613899999999995
v -0.010600279999999887 -0.00094300000000000015 0.0074373899999999986
v -0.010655209999999901 0.00081400000000000005 0.0045613950000000089
v -0.010656280000000041 0.001041 0.0045953950000000004
v -0.010621184999999972 0.00075700000000000008 0.0033003899999999933
v -0.010662230000000083 0.0019870000000000001 -0.0023276049999999952
v -0.010641175000000093 0.0014440000000000002 0.0033873950000000092
v -0.010671235000000084 0.0024380000000000001 -0.0017096049999999964
v -0.010671235000000084 0.0024380000000000001 -0.0017096049999999964
v -0.010671235000000084 0.0024380000000000001 -0.0017096049999999964
v -0.010596314999999952 0.00097700000000000022 -0.0012766099999999983
v -0.010641175000000093 0.0024140000000000003 -0.0004916099999999979
v -0.010596314999999952 0.0013810000000000003 0.004256390000000004
v -0.010572205000000001 0.00077400000000000006 -0.0019526100000000037
v -0.010557249999999957 0.00063000000000000003 0.0041353900000000018
v -0.010566254999999958 0.0010360000000000002 -0.00067260499999999735
v -0.010560304999999917 0.0010160000000000002 -0.00013961000000000114
v -0.010572205000000001 0.0014530000000000003 0.0038313950000000044
v -0.010599215000000018 0.0023060000000000003 1.1395000000007373E-05
v -0.010555265000000136 0.00097800000000000014 0.0033273900000000017
v -0.010560304999999917 0.0012170000000000002 0.0033583950000000053
v -0.010534209999999863 0.00068500000000000017 0.0037113950000000001
v -0.010581205000000015 0.0023700000000000001 -0.00098860500000000698
v -0.010495300000000048 0.001108 0.0042033950000000082
v -0.010479280000000134 0.00085100000000000009 0.0041643900000000048
v -0.010514220000000025 0.0023210000000000001 -0.0015456099999999931
v -0.010467224999999875 0.001176 0.0037873950000000007
v -0.010452270000000116 0.00091200000000000016 0.0037493899999999948
v -0.010470275000000133 0.0022040000000000007 -0.0022066099999999977
v -0.010390165000000028 0.00079799999999999999 -0.001807604999999999
v -0.010427244999999918 0.0021190000000000002 -0.0005526049999999928
v -0.010423279999999979 0.0020400000000000001 -2.4604999999997549E-05
v -0.01037917999999991 0.001201 -0.00012960500000000155
v -0.010397184999999927 0.0020460000000000005 -0.0013546099999999939
v -0.010335235000000016 0.0012490000000000001 -0.00068960999999999838
v -0.010306244999999881 0.0017340000000000003 -6.9610000000004397E-05
v -0.010286255000000043 0.0014490000000000002 -0.00010760499999999951
v -0.010285184999999903 0.0022770000000000004 -0.0020596049999999978
v -0.010261230000000128 0.0017950000000000002 -0.00062960500000000877
v -0.010211180000000016 0.00091200000000000016 -0.0016886049999999921
v -0.010218199999999913 0.001508 -0.00068061000000000163
v -0.010128175000000116 0.002166 -0.001901609999999998
v -0.010063169999999962 0.0011010000000000002 -0.0016036049999999949
v -0.010019225000000066 0.0019160000000000002 -0.001755610000000001
v -0.0099752799999998868 0.0013470000000000001 -0.0015806100000000001
v -0.0099623099999999482 0.0016240000000000002 -0.0016366099999999941
v -0.0098132300000000356 0.00080300000000000011 -0.0034075999999999954
v -0.0097982799999999804 0.0010220000000000001 -0.0034386049999999995
v -0.0097702050000000942 0.00061700000000000004 -0.003339604999999999
v -0.0097322099999999565 0.0012400000000000002 -0.0034356099999999939
v -0.0096682749999999415 0.00048700000000000002 -0.0032366099999999957
v -0.0096212750000000853 0.0014320000000000001 -0.0033936100000000026
v -0.0095832799999999493 0.00073600000000000011 -0.0037806050000000016
v -0.009569245000000141 0.00096200000000000007 -0.0038286100000000018
v -0.0095233150000001432 0.000428 -0.0031086050000000047
v -0.0095233150000001432 0.00055100000000000017 -0.0036876099999999926
v -0.009487305000000109 0.001201 -0.0038236050000000077
v -0.0094712849999999127 0.0015640000000000003 -0.0033066099999999928
v -0.0093962099999998858 0.00043200000000000004 -0.0035536100000000031
v -0.0093632500000001111 0.00044999999999999999 -0.0029786099999999927
v -0.0093373099999999494 0.0014310000000000002 -0.0037716099999999921
v -0.0093052650000001371 0.0015990000000000002 -0.003178605000000001
v -0.0092552200000000119 0.00066100000000000013 -0.0040756050000000073
v -0.0092501849999999334 0.00088100000000000006 -0.0041136050000000072
v -0.0092202750000001318 0.00038000000000000002 -0.0033956049999999925
v -0.0092202750000001318 0.00055200000000000008 -0.0028756049999999968
v -0.0091862499999999184 0.00047600000000000008 -0.0039906000000000047
v -0.009163210000000109 0.0011119999999999999 -0.004109610000000004
v -0.0091603100000000413 0.0015290000000000002 -0.0030396099999999929
v -0.0091111749999998933 0.00072100000000000007 -0.0028136049999999994
v -0.0091342149999999855 0.0016020000000000003 -0.0036676049999999983
v -0.0090531899999999176 0.00034200000000000007 -0.0038676049999999945
v -0.009067229999999999 0.0013690000000000002 -0.0029196050000000009
v -0.0090461750000000087 0.00093500000000000007 -0.0028016099999999969
v -0.0090292350000001458 0.00038900000000000002 -0.0032456099999999925
v -0.0090292350000001458 0.0011600000000000002 -0.0028376100000000017
v -0.0090022300000001144 0.0013360000000000002 -0.0040686050000000055
v -0.0089292900000000966 0.0016540000000000001 -0.0035216050000000014
v -0.0088792399999999844 0.00027700000000000001 -0.0037176050000000066
v -0.008867189999999997 0.00058799999999999998 -0.0042666050000000058
v -0.0088552849999999263 0.00047400000000000003 -0.0031236099999999924
v -0.0088561999999998905 0.00079799999999999999 -0.0042936049999999963
v -0.0088153099999999564 0.00040600000000000006 -0.0042066100000000091
v -0.0087972999999999524 0.0015020000000000001 -0.0039766050000000072
v -0.0087821950000000048 0.0010020000000000001 -0.0042976099999999925
v -0.0087652600000001288 0.0015609999999999999 -0.0033526050000000046
v -0.0087182599999999898 0.00063600000000000017 -0.0030496049999999999
v -0.0087062050000000137 0.00027500000000000002 -0.0041156100000000083
v -0.008692169999999921 0.00030000000000000003 -0.0035636049999999923
v -0.0086602800000000046 0.0013550000000000003 -0.0031936050000000017
v -0.0086532600000001052 0.001175 -0.0042726049999999918
v -0.0086332699999999846 0.00085500000000000007 -0.0030366049999999947
v -0.0086172500000000728 0.001103 -0.003083609999999997
v -0.0085652150000001398 0.00021600000000000002 -0.0040046000000000075
v -0.0085932900000000277 0.0015510000000000001 -0.0038336100000000077
v -0.0085241700000000305 0.00039899999999999999 -0.0034406099999999998
v -0.008489224999999866 0.001291 -0.0042056099999999933
v -0.0084211750000000082 0.00024100000000000003 -0.0038896100000000017
v -0.0084323100000000314 0.0014610000000000003 -0.0036646099999999926
v -0.008394319999999884 0.000562 -0.0033636100000000017
v -0.0083361800000000159 0.001261 -0.0035076049999999987
v -0.0083181750000000006 0.00077400000000000006 -0.0033456050000000032
v -0.0083232100000000774 0.0013210000000000001 -0.0040936100000000062
v -0.008289184999999864 0.00034099999999999999 -0.0037946050000000047
v -0.0083012400000001246 0.001013 -0.003394604999999995
v -0.0081881699999999599 0.000504 -0.0037416100000000085
v -0.008195190000000142 0.0012560000000000002 -0.0039626050000000036
v -0.0081253050000000861 0.0007090000000000001 -0.0037346100000000071
v -0.0081222550000001111 0.0011119999999999999 -0.0038486100000000079
v -0.0081011950000001356 0.00092100000000000016 -0.003769609999999997
v -0.0078802500000000504 -0.00045100000000000001 -0.005333605000000006
v -0.0078701799999998934 -0.00057800000000000006 -0.0052256099999999969
v -0.0078532400000000304 -0.00098000000000000019 -0.0054826049999999963
v -0.0078532400000000304 -0.00098000000000000019 -0.0054826049999999963
v -0.0078532400000000304 -0.00098000000000000019 -0.0054826049999999963
v -0.0077781699999999914 -0.00079600000000000005 -0.0056236099999999933
v -0.0077912900000001208 -0.00026700000000000004 -0.0054486099999999926
v -0.007762299999999985 -0.00064000000000000005 -0.0051206099999999925
v -0.0077291850000000334 -0.0010630000000000001 -0.0053266050000000051
v -0.0076641849999998643 -9.6000000000000002E-05 -0.0055396099999999934
v -0.0076081849999999956 -0.00066100000000000013 -0.0050116049999999928
v -0.007605284999999927 -0.00054500000000000002 -0.0057626050000000014
v -0.0075822450000001167 -0.0011860000000000002 -0.0057176100000000049
v -0.0075822450000001167 -0.0011860000000000002 -0.0057176100000000049
v -0.0075822450000001167 -0.0011860000000000002 -0.0057176100000000049
v -0.0075102250000000509 -0.0012850000000000001 -0.0055635999999999984
v -0.0075062550000001274 -0.00109 -0.0051636049999999939
v -0.0075062550000001274 -0.0010180000000000002 -0.0058466050000000012
v -0.0075062550000001274 -0.0010180000000000002 -0.0058466050000000012
v -0.0075183100000001018 2.7000000000000002E-05 -0.0055676099999999989
v -0.0074812299999999282 -0.00032500000000000004 -0.0059076100000000058
v -0.0074502549999999725 -0.00065900000000000008 -0.0049006100000000084
v -0.0073751849999999335 -0.00082299999999999995 -0.0059616100000000043
v -0.0073751849999999335 -0.00082299999999999995 -0.0059616100000000043
v -0.0072512800000001255 -0.0040450000000000009 -0.005562609999999993
v -0.0072512800000001255 -0.0040450000000000009 -0.005562609999999993
v -0.0072512800000001255 -0.0040450000000000009 -0.005562609999999993
v -0.0072512800000001255 -0.0040450000000000009 -0.005562609999999993
v -0.0072512800000001255 -0.0040450000000000009 -0.005562609999999993
v -0.0073562599999999661 9.5000000000000005E-05 -0.0055196100000000047
v -0.0073112499999999185 -0.0013250000000000002 -0.0053936099999999966
v -0.007328185000000079 -0.00016500000000000003 -0.0059816050000000062
v -0.0073011800000000477 -0.00061300000000000005 -0.0048256100000000053
v -0.0072712699999999617 -0.0010870000000000001 -0.0050096049999999977
v -0.0072631849999999099 -0.00063200000000000018 -0.0060766049999999979
v -0.0072631849999999099 -0.00063200000000000018 -0.0060766049999999979
v -0.0071852100000001006 -0.0013350000000000002 -0.0056176100000000064
v -0.0071852100000001006 -0.0013350000000000002 -0.0056176100000000064
v -0.0071942150000001027 0.00010800000000000001 -0.0054156099999999978
v -0.0071612550000000434 -0.00049600000000000002 -0.0048306099999999939
v -0.00713531499999988 -0.0013650000000000003 -0.0055546099999999937
v -0.00713531499999988 -0.0013650000000000003 -0.0055546099999999937
v -0.0071173099999998646 -0.0011290000000000002 -0.0057846050000000034
v -0.0071173099999998646 -0.0011290000000000002 -0.0057846050000000034
v -0.0071272300000001136 -0.00047100000000000006 -0.0061586100000000071
v -0.0071272300000001136 -0.00047100000000000006 -0.0061586100000000071
v -0.0071102899999999671 -8.0000000000000007E-05 -0.0059406099999999998
v -0.0070703149999999972 -0.0013060000000000001 -0.0052536100000000023
v -0.0070703149999999972 -0.0013060000000000001 -0.0052536100000000023
v -0.0070501699999999824 -0.0013400000000000003 -0.0055226049999999921
v -0.0070501699999999824 -0.0013400000000000003 -0.0055226049999999921
v -0.007058260000000021 -0.0010270000000000001 -0.004929609999999994
v -0.007058260000000021 -0.0010270000000000001 -0.004929609999999994
v -0.0070272850000000654 -0.0009850000000000002 -0.0058776100000000053
v -0.0070272850000000654 -0.0009850000000000002 -0.0058776100000000053
v -0.0070332350000001072 -0.00031600000000000009 -0.004920604999999992
v -0.0070422350000001223 7.6000000000000004E-05 -0.0053006099999999999
v -0.0069572450000001161 -0.0012580000000000002 -0.0055326099999999916
v -0.0069572450000001161 -0.0012580000000000002 -0.0055326099999999916
v -0.0069522100000000394 -0.00014000000000000001 -0.0050426099999999969
v -0.0069541950000001438 -7.0000000000000007E-06 -0.0051716049999999932
v -0.0069271850000001247 -0.00083900000000000001 -0.0059716049999999944
v -0.0069271850000001247 -0.00083900000000000001 -0.0059716049999999944
v -0.0069262699999998777 -0.00036800000000000005 -0.0061496050000000059
v -0.0068832399999999468 -0.00085100000000000009 -0.004995604999999995
v -0.0068602000000001374 -0.0017350000000000002 -0.0059516050000000048
v -0.0068602000000001374 -0.0017350000000000002 -0.0059516050000000048
v -0.0068652349999999297 -0.0012170000000000002 -0.0052016049999999946
v -0.0068652349999999297 -0.0012170000000000002 -0.0052016049999999946
v -0.0068652349999999297 -0.0012170000000000002 -0.0052016049999999946
v -0.0068632500000001097 -0.0011280000000000001 -0.0055876050000000007
v -0.0068632500000001097 -0.0011280000000000001 -0.0055876050000000007
v -0.006843259999999989 -0.0016910000000000002 -0.0060156049999999977
v -0.0068742349999999439 -6.900000000000001E-05 -0.0057926100000000071
v -0.0068322749999998704 -0.0017510000000000002 -0.0059076100000000058
v -0.0068322749999998704 -0.0017510000000000002 -0.0059076100000000058
v -0.0068261699999999361 -0.00071000000000000002 -0.0060456100000000042
v -0.0068261699999999361 -0.00071000000000000002 -0.0060456100000000042
v -0.0067852800000000038 -0.0016250000000000001 -0.0060926049999999957
v -0.0067752100000001321 -0.001737 -0.0058916100000000081
v -0.0067701700000000675 -0.00098200000000000002 -0.0056716049999999997
v -0.0067701700000000675 -0.00098200000000000002 -0.0056716049999999997
v -0.0067031850000000785 -0.0032760000000000007 -0.0061826049999999999
v -0.0067031850000000785 -0.0032760000000000007 -0.0061826049999999999
v -0.0067042549999999359 -0.001689 -0.0059116099999999968
v -0.0067301950000000976 -0.00060100000000000008 -0.0051486099999999979
v -0.0067272950000000289 -0.00062000000000000011 -0.0060746100000000081
v -0.0066612250000000041 -0.0033260000000000008 -0.0062666049999999989
v -0.0067042549999999359 -0.0015500000000000002 -0.0061776049999999931
v -0.0067112750000001171 -0.001047 -0.0052596100000000066
v -0.0067112750000001171 -0.001047 -0.0052596100000000066
v -0.0066561899999999273 -0.0032770000000000004 -0.006153604999999996
v -0.0066561899999999273 -0.0032770000000000004 -0.006153604999999996
v -0.0066792300000000212 -0.00084099999999999995 -0.0057736099999999985
v -0.0066792300000000212 -0.00084099999999999995 -0.0057736099999999985
v -0.0066152950000000063 -0.0033520000000000004 -0.0063076000000000052
v -0.0066152950000000063 -0.0033520000000000004 -0.0063076000000000052
v -0.0066842650000000989 -0.00034500000000000004 -0.0060196099999999938
v -0.0066021749999998769 -0.0032740000000000009 -0.0061836049999999974
v -0.0066252149999999725 -0.001614 -0.0059676050000000034
v -0.0066592399999998997 -0.00010900000000000001 -0.0056216049999999922
v -0.0066432199999999879 -0.00059200000000000008 -0.0060456100000000042
v -0.0066181950000000741 -0.0014760000000000003 -0.0062646100000000081
v -0.0065663150000000343 -0.0033010000000000005 -0.0062086099999999972
v -0.0065663150000000343 -0.0033010000000000005 -0.0062086099999999972
v -0.0065663150000000343 -0.0033010000000000005 -0.0062086099999999972
v -0.0065663150000000343 -0.0033010000000000005 -0.0062086099999999972
v -0.0065792849999999729 -0.002428 -0.0062916099999999996
v -0.0065792849999999729 -0.002428 -0.0062916099999999996
v -0.0065792849999999729 -0.002428 -0.0062916099999999996
v -0.006611174999999892 -0.00071700000000000008 -0.0058796000000000074
v -0.006611174999999892 -0.00071700000000000008 -0.0058796000000000074
v -0.0065683000000001379 -0.0024130000000000002 -0.0063386050000000084
v -0.0065412900000001205 -0.0033419999999999999 -0.0062556099999999939
v -0.0065412900000001205 -0.0033419999999999999 -0.0062556099999999939
v -0.0065412900000001205 -0.0033419999999999999 -0.0062556099999999939
v -0.0065412900000001205 -0.0033419999999999999 -0.0062556099999999939
v -0.0065582299999999835 -0.0024340000000000004 -0.0062576100000000072
v -0.0065582299999999835 -0.0024340000000000004 -0.0062576100000000072
v -0.0065953049999998847 -0.00062700000000000017 -0.0059766100000000046
v -0.0065953049999998847 -0.00062700000000000017 -0.0059766100000000046
v -0.0065882849999999871 -0.00085000000000000006 -0.0053726100000000094
v -0.0065882849999999871 -0.00085000000000000006 -0.0053726100000000094
v -0.0065982049999999534 -0.00038100000000000005 -0.0052866099999999971
v -0.006528169999999992 -0.002392 -0.0063966100000000031
v -0.0065452600000000449 -0.001536 -0.0060466100000000017
v -0.0065152000000000534 -0.0024290000000000006 -0.0062456049999999944
v -0.0065342699999999384 -0.00141 -0.0063356100000000028
v -0.0065602100000001001 -0.00021500000000000002 -0.0054406050000000055
v -0.0064692700000000538 -0.0023720000000000004 -0.0064596099999999976
v -0.0064611800000000151 -0.0024080000000000004 -0.006261604999999993
v -0.0064633200000000128 -0.0014660000000000003 -0.0061376100000000025
v -0.0064822399999999933 -0.00066600000000000014 -0.005496604999999999
v -0.0064822399999999933 -0.00066600000000000014 -0.005496604999999999
v -0.0064862049999999298 -0.00039500000000000006 -0.0058346099999999988
v -0.0064582799999999482 -0.0013630000000000003 -0.0063696099999999952
v -0.0064082350000001067 -0.0023530000000000005 -0.0065236100000000095
v -0.0064032000000000299 -0.0023770000000000002 -0.0063046049999999996
v -0.0064262400000001238 -0.0005080000000000001 -0.0056466099999999929
v -0.0064262400000001238 -0.0005080000000000001 -0.0056466099999999929
v -0.0064002999999999621 -0.0014080000000000004 -0.0062286100000000042
v -0.0063992300000001046 -0.0013470000000000001 -0.0063566100000000073
v -0.0063992300000001046 -0.0013470000000000001 -0.0063566100000000073
v -0.0063992300000001046 -0.0013470000000000001 -0.0063566100000000073
v -0.0063742049999999072 -0.001366 -0.0063086050000000079
v -0.0063742049999999072 -0.001366 -0.0063086050000000079
v -0.0063742049999999072 -0.001366 -0.0063086050000000079
v -0.00634826500000003 -0.0023360000000000004 -0.0065756050000000069
v -0.0063443000000000917 -0.0023510000000000007 -0.0063636100000000091
v -0.0062922649999998751 -0.002323 -0.0066006100000000067
v -0.0062922649999998751 -0.002323 -0.0066006100000000067
v -0.0062922649999998751 -0.002323 -0.0066006100000000067
v -0.0062882999999999386 -0.0023370000000000001 -0.0064296049999999928
v -0.006249234999999945 -0.002317 -0.0065906050000000081
v -0.006249234999999945 -0.002317 -0.0065906050000000081
v -0.006249234999999945 -0.002317 -0.0065906050000000081
v -0.006249234999999945 -0.002317 -0.0065906050000000081
v -0.006249234999999945 -0.002317 -0.0065906050000000081
v -0.0062281799999999547 -0.0023240000000000001 -0.0065546050000000024
v -0.0062281799999999547 -0.0023240000000000001 -0.0065546050000000024
v -0.0062281799999999547 -0.0023240000000000001 -0.0065546050000000024
v -0.0062281799999999547 -0.0023240000000000001 -0.0065546050000000024
v -0.0062281799999999547 -0.0023240000000000001 -0.0065546050000000024
v -0.013260195000000015 0.0026210000000000001 -0.0017376050000000023
v -0.013260195000000015 0.0026210000000000001 -0.0017376050000000023
v -0.013260195000000015 0.0026210000000000001 -0.0017376050000000023
v -0.013260195000000015 0.0026210000000000001 -0.0017376050000000023
v -0.013248289999999944 0.0026710000000000002 -0.0013446049999999944
v -0.013248289999999944 0.0026710000000000002 -0.0013446049999999944
v -0.013181304999999956 0.0032730000000000003 -0.0022036100000000047
v -0.013141175000000092 0.0031980000000000003 -0.0025526050000000038
v -0.013074190000000105 0.00349 -0.001902609999999996
v -0.012949220000000143 0.0032210000000000003 -0.002806604999999998
v -0.012903290000000144 0.0024810000000000001 -0.0025026049999999959
v -0.012883300000000023 0.0037580000000000005 -0.0017896099999999927
v -0.012705229999999977 0.0032420000000000001 -0.0030036050000000008
v -0.012605284999999928 0.003961000000000001 -0.0017716049999999938
v -0.012472229999999914 0.0024290000000000006 -0.0027426050000000052
v -0.01249527000000001 0.0031750000000000003 -0.0031946100000000048
v -0.012408294999999899 0.0031110000000000001 -0.0033096049999999985
v -0.012308194999999959 0.0029100000000000003 -0.00065060499999999529
v -0.012252195000000089 0.0030560000000000001 -0.0034726050000000088
v -0.012255250000000051 0.0040680000000000004 -0.001810609999999997
v -0.012175295000000122 0.003065 -0.0035006049999999969
v -0.012102204999999916 0.0030790000000000001 -0.0034746050000000043
v -0.012048184999999878 0.0030950000000000005 -0.0033986100000000089
v -0.012373200000000114 0.013068 -0.0049086100000000077
v -0.012330169999999899 0.013023000000000002 -0.0054016099999999951
v -0.01199523999999997 0.0031260000000000003 -0.0032876100000000016
v -0.012244264999999931 0.012737000000000002 -0.0047526049999999931
v -0.011924285000000057 0.0031820000000000004 -0.0031606099999999951
v -0.01193329000000006 0.0040039999999999997 -0.0018226049999999995
v -0.012182310000000033 0.012615000000000001 -0.0052596100000000066
v -0.011777189999999965 0.0023630000000000005 -0.0027306100000000027
v -0.011777189999999965 0.0023630000000000005 -0.0027306100000000027
v -0.011747284999999866 0.0032460000000000006 -0.0029716099999999913
v -0.012032164999999968 0.013048000000000002 -0.0043496050000000081
v -0.011986234999999968 0.012533000000000002 -0.005650604999999996
v -0.011966250000000119 0.012824 -0.0042826099999999914
v -0.011643219999999989 0.0038060000000000004 -0.0018266099999999952
v -0.011529235000000145 0.0024380000000000001 -0.0024916100000000087
v -0.011537170000000006 0.0032630000000000003 -0.0027616000000000086
v -0.011799315000000095 0.01255 -0.0059606100000000068
v -0.011755220000000011 0.012569 -0.0061576099999999913
v -0.011402285000000068 0.0024720000000000002 -0.0024056050000000086
v -0.011426240000000124 0.0035650000000000005 -0.0019056050000000016
v -0.011371305000000123 0.0032919999999999998 -0.0024896050000000084
v -0.011656189999999927 0.012563 -0.0064526099999999966
v -0.011322174999999962 0.0033810000000000003 -0.0021505999999999938
v -0.011289214999999903 0.0025650000000000004 -0.0021575999999999952
v -0.011289214999999903 0.0025650000000000004 -0.0021575999999999952
v -0.011561279999999959 0.012992000000000002 -0.0068986050000000012
v -0.011528169999999992 0.012782000000000002 -0.0039366049999999932
v -0.011242220000000035 0.01291 -0.0072556100000000087
v -0.011225279999999888 0.012411000000000002 -0.0068876099999999954
v -0.010971220000000134 0.012715000000000002 -0.0037406050000000062
v -0.010967254999999912 0.012864 -0.0037346100000000071
v -0.010415189999999942 0.012638000000000003 -0.0036636050000000081
v -0.010241240000000007 0.012410000000000003 -0.0068456100000000054
v -0.0099902349999999307 0.012907 -0.0072206100000000014
v -0.0098042300000000214 0.012632000000000003 -0.0037286100000000037
v -0.0097392249999998654 0.012578000000000001 -0.006420604999999995
v -0.0096263099999998793 0.012983000000000001 -0.006853610000000003
v -0.0095262149999999265 0.012497000000000001 -0.0060166049999999952
v -0.0093821700000000906 0.012451000000000002 -0.0057996100000000089
v -0.0092912300000000444 0.012615000000000001 -0.0039986050000000084
v -0.0092453000000000448 0.013008 -0.0061976050000000001
v -0.0091243000000000071 0.012431000000000003 -0.0053976049999999998
v -0.0089991749999998698 0.012584000000000001 -0.0044176099999999972
v -0.0089411949999998828 0.01251 -0.0049086100000000077
v -0.012608184999999994 0.013804000000000004 -0.005650604999999996
v -0.012605284999999928 0.013832000000000001 -0.0051306049999999999
v -0.012557219999999919 0.014593000000000002 -0.0056186100000000048
v -0.012515260000000129 0.013850000000000001 -0.0060866049999999923
v -0.012542264999999875 0.015880000000000002 -0.0082646100000000021
v -0.012453309999999935 0.014626 -0.0064216049999999934
v -0.012419280000000019 0.014956000000000001 -0.0056436049999999943
v -0.012379305000000049 0.014425 -0.0048626050000000025
v -0.01233124000000004 0.013697000000000001 -0.0044446100000000042
v -0.012266234999999884 0.014973 -0.006643609999999996
v -0.012266234999999884 0.014973 -0.006643609999999996
v -0.012185210000000101 0.012988 -0.0057966049999999929
v -0.012373200000000114 0.019682000000000002 -0.0063636100000000091
v -0.012114259999999891 0.013629 -0.0065816099999999982
v -0.012114259999999891 0.014426000000000003 -0.0041836050000000043
v -0.011941224999999922 0.014072000000000001 -0.0040656099999999999
v -0.011939240000000101 0.014194000000000002 -0.0070766049999999945
v -0.011872255000000113 0.012968 -0.0062526049999999962
v -0.011842195000000121 0.013507 -0.0068686100000000042
v -0.01180221499999988 0.013514999999999999 -0.0038966100000000035
v -0.01176620500000013 0.013035000000000003 -0.0065726100000000013
v -0.011625214999999973 0.01396 -0.0074686050000000049
v -0.011590270000000092 0.013387000000000003 -0.0071916099999999976
v -0.011542205000000083 0.012972999999999998 -0.0039576049999999977
v -0.011425169999999985 0.014379000000000001 -0.0077806099999999934
v -0.011425169999999985 0.014379000000000001 -0.0077806099999999934
v -0.011568300000000139 0.020251000000000005 -0.0088526049999999943
v -0.011264189999999988 0.013980000000000001 -0.0034916100000000057
v -0.011227264999999993 0.013795 -0.0035896100000000078
v -0.011202240000000079 0.013368 -0.0076096049999999959
v -0.011185304999999918 0.013972999999999999 -0.0078596100000000047
v -0.011102295000000029 0.013382000000000003 -0.0035586050000000037
v -0.011272280000000027 0.021878000000000005 -0.007986605000000006
v -0.011060180000000064 0.018600000000000002 -0.0032096100000000051
v -0.010631255000000128 0.012821000000000003 -0.0073706050000000014
v -0.010503234999999908 0.013287000000000002 -0.007737610000000005
v -0.010464169999999913 0.013916000000000001 -0.0080376049999999928
v -0.010444185000000064 0.014381 -0.0081696050000000051
v -0.01038223499999987 0.013611000000000002 -0.0033366099999999933
v -0.010329284999999973 0.012797000000000001 -0.0036326050000000092
v -0.010320279999999972 0.013272000000000001 -0.0033906099999999918
v -0.010281219999999966 0.013844000000000002 -0.0031306099999999942
v -0.01025130999999988 0.015579000000000003 -0.0094446100000000061
v -0.009792175000000047 0.013419 -0.0075696100000000044
v -0.0097583000000000236 0.014021 -0.0078406050000000074
v -0.0096482850000001036 0.012784000000000002 -0.0037186050000000042
v -0.0095031750000001153 0.013273 -0.0034546100000000025
v -0.0094772349999999537 0.014351000000000001 -0.0078246099999999975
v -0.0094201649999999439 0.013606000000000002 -0.0033956049999999925
v -0.0093731700000000747 0.013028999999999999 -0.0064966100000000016
v -0.0093441749999999529 0.013439000000000001 -0.0071386049999999915
v -0.0092121900000000818 0.014053000000000003 -0.0074196049999999949
v -0.0091761800000000476 0.012937000000000002 -0.0060266099999999947
v -0.0091513050000000384 0.013802000000000002 -0.0033246049999999987
v -0.0091252149999999713 0.012806000000000001 -0.0040516099999999972
v -0.0090013099999998788 0.012869 -0.005754605000000002
v -0.0089802549999998885 0.013574000000000001 -0.006722605000000003
v -0.0091291799999999087 0.022268 0.0044863900000000007
v -0.0088482650000000287 0.012819000000000001 -0.0044986049999999984
v -0.0088542200000000567 0.013358000000000002 -0.0037846099999999973
v -0.0088021850000001255 0.012827 -0.0053816050000000011
v -0.0088102699999998927 0.014188000000000001 -0.0068946099999999972
v -0.0087393199999999671 0.012821000000000003 -0.0049676050000000069
v -0.0086912549999999585 0.013670000000000002 -0.0062686049999999939
v -0.0086682149999998646 0.013722000000000002 -0.0037816049999999991
v -0.008631284999999881 0.017317000000000003 -0.0024556049999999987
v -0.008631284999999881 0.017317000000000003 -0.0024556049999999987
v -0.0084931950000000749 0.013738999999999999 -0.0059906100000000073
v -0.0084252950000001225 0.013425000000000001 -0.0042316049999999985
v -0.0083122249999999578 0.013682000000000003 -0.0057136050000000087
v -0.0082772850000000665 0.015065000000000002 -0.0086126050000000023
v -0.0082241799999999924 0.014325000000000003 -0.0059806050000000086
v -0.0081552099999999007 0.013899999999999999 -0.0042046050000000088
v -0.0081362899999999194 0.013513000000000001 -0.0047726049999999992
v -0.0081163000000000832 0.013616000000000001 -0.0052796099999999953
v -0.0081132500000001117 0.014119000000000001 -0.003965604999999997
v -0.0081002799999998886 0.014594000000000003 -0.0061546049999999936
v -0.0078552250000001357 0.014263999999999999 -0.0052906050000000003
v -0.0078501900000000572 0.014106000000000002 -0.0047556100000000082
v -0.0079461649999998975 0.019970000000000002 -0.012009605
v -0.0077632149999999484 0.014557 -0.0050146100000000087
v -0.0067662050000001292 0.017406000000000001 -0.004252605000000003
v -0.0064572150000000786 0.017722000000000002 -0.008778609999999994
v -0.0064032000000000299 0.017374000000000001 -0.0070806050000000028
v -0.016287230000000083 0.025146000000000002 -0.097423610000000022
v -0.016287230000000083 0.025146000000000002 -0.097423610000000022
v -0.016287230000000083 0.025146000000000002 -0.097423610000000022
v -0.016041260000000081 0.024501000000000002 -0.097193605000000016
v -0.016041260000000081 0.024501000000000002 -0.097193605000000016
v -0.016041260000000081 0.024501000000000002 -0.097193605000000016
v -0.014585265000000054 0.026300000000000004 -0.10056161
v -0.014585265000000054 0.026300000000000004 -0.10056161
v -0.014142305000000025 0.025857000000000005 -0.10020361
v -0.014103240000000031 0.025527000000000008 -0.097246600000000016
v -0.014103240000000031 0.025527000000000008 -0.097246600000000016
v -0.01387619000000001 0.027554000000000002 -0.097944605000000004
v -0.013362275000000071 0.027793000000000002 -0.087774600000000008
v -0.013362275000000071 0.027793000000000002 -0.087774600000000008
v -0.013006284999999881 0.027053000000000001 -0.08751461000000002
v -0.013006284999999881 0.027053000000000001 -0.08751461000000002
v -0.013006284999999881 0.027053000000000001 -0.08751461000000002
v -0.012658235000000108 0.028946 -0.088199605000000014
v -0.012475279999999887 0.026231000000000001 -0.09763361000000001
v -0.011915285000000043 0.027947000000000007 -0.10279361000000001
v -0.011915285000000043 0.027947000000000007 -0.10279361000000001
v -0.011643219999999989 0.026654000000000001 -0.087346609999999991
v -0.011505280000000088 0.027257 -0.10176261
v -0.011239319999999968 0.030971000000000005 -0.072175610000000001
v -0.011239319999999968 0.030971000000000005 -0.072175610000000001
v -0.011039274999999979 0.030003000000000002 -0.071863610000000008
v -0.011039274999999979 0.030003000000000002 -0.071863610000000008
v -0.010486300000000032 0.026505000000000001 -0.087253610000000009
v -0.01049621500000001 0.030377000000000005 -0.088109610000000019
v -0.010433194999999958 0.030162000000000001 -0.099216605000000013
v -0.010331270000000078 0.033132000000000009 -0.043324605000000002
v -0.010237275000000072 0.032304995000000003 -0.072510610000000017
v -0.010099179999999992 0.033790000000000008 -0.05625160500000001
v -0.010099179999999992 0.033790000000000008 -0.05625160500000001
v -0.009934235000000062 0.032225999999999998 -0.05611961
v -0.009934235000000062 0.032225999999999998 -0.05611961
v -0.0098602299999998918 0.031039000000000001 -0.042091605000000004
v -0.0096482850000001036 0.027307999999999999 -0.097970610000000014
v -0.0095931999999999129 0.032034 -0.048244610000000007
v -0.0095452900000000829 0.033848000000000003 -0.051866610000000007
v -0.009273225000000029 0.032156005000000001 -0.052398610000000005
v -0.0092842099999998623 0.036757000000000005 -0.04761561000000001
v -0.0091052250000001351 0.035462 -0.056358604999999999
v -0.0088561999999998905 0.026465000000000002 -0.086874610000000019
v -0.0086492899999998981 0.029652000000000001 -0.047055605
v -0.0085173050000000253 0.029090000000000001 -0.071402610000000005
v -0.0085472100000001227 0.038006000000000012 -0.042557605000000005
v -0.0083322150000000785 0.030665000000000005 -0.050993610000000002
v -0.0081692499999999803 0.028980000000000002 -0.10387260500000001
v -0.0078202799999999711 0.033269000000000007 -0.072662605000000005
v -0.0075932299999999509 0.029995000000000001 -0.055900605000000006
v -0.0074871849999999561 0.031048000000000006 -0.10512661000000001
v -0.0074871849999999561 0.031048000000000006 -0.10512661000000001
v -0.0068753050000000858 0.028413000000000001 -0.042955610000000005
v -0.0067552200000000106 0.036215000000000004 -0.056352605
v -0.0065742499999998961 0.031838999999999999 -0.088031605000000013
v -0.0063772599999998673 0.026384000000000005 -0.086890610000000021
v -0.0064042649999998986 0.032129000000000005 -0.10090761000000002
v -0.0061232000000001133 0.037725000000000009 -0.049150605000000007
v -0.0059602350000000142 0.028683000000000004 -0.099036610000000011
v -0.0057122799999999099 0.027986 -0.048528605000000002
v -0.0044811999999998901 0.028151000000000006 -0.070979605000000001
v -0.004554290000000097 0.033967000000000004 -0.072782605
v -0.0038912949999999596 0.027904000000000002 -0.055670605000000012
v -0.0036512750000000007 0.031023000000000002 -0.10545360500000001
v -0.0036512750000000007 0.031023000000000002 -0.10545360500000001
v -0.0036881999999999974 0.036911000000000006 -0.056305610000000006
v -0.0025912500000001186 0.026474999999999999 -0.087294605000000011
v -0.0026322949999999447 0.031953000000000002 -0.106020615
v -0.0026322949999999447 0.031953000000000002 -0.106020615
v -0.0020703149999999962 0.026678000000000004 -0.044375605000000005
v -0.0020883200000000129 0.029579000000000001 -0.100093605
v -0.0016662600000000817 0.032917000000000002 -0.089125604999999997
v -0.0015632650000000606 0.032759000000000003 -0.10249560499999999
v -0.0015942400000000159 0.039221000000000006 -0.045532610000000001
v -0.0014712499999998865 0.028297000000000003 -0.070871605000000004
v -0.0014212050000000456 0.040153005000000012 -0.043326605000000011
v -0.00084624999999988637 0.034971000000000002 -0.07305560500000001
v -0.00029129000000011952 0.037915000000000004 -0.056276610000000005
v 2.9754999999906944E-05 0.038658000000000005 -0.049439605000000005
v 0.0018017599999998858 0.025835000000000004 -0.043260605000000001
v 0.0018017599999998858 0.026162999999999999 -0.08739361000000001
v 0.0018017599999998858 0.027129 -0.055519610000000011
v 0.0018017599999998858 0.028382000000000004 -0.070805610000000005
v 0.0018017599999998858 0.028989000000000001 -0.10029461000000001
v 0.0018017599999998858 0.030003000000000002 -0.10564761
v 0.0018017599999998858 0.030003000000000002 -0.10564761
v 0.0018017599999998858 0.031072000000000006 -0.10643760499999999
v 0.0018017599999998858 0.031072000000000006 -0.10643760499999999
v 0.0018017599999998858 0.032380000000000006 -0.10267760500000001
v 0.0018017599999998858 0.032984000000000006 -0.08878860500000002
v 0.0018017599999998858 0.035034000000000003 -0.073024610000000004
v 0.0018017599999998858 0.037868000000000006 -0.056192610000000004
v 0.0018017599999998858 0.038447000000000009 -0.050048605000000003
v 0.0018017599999998858 0.040554000000000007 -0.043567605000000009
v 0.0035737599999998773 0.038658000000000005 -0.049439605000000005
v 0.003894804999999904 0.037915000000000004 -0.056276610000000005
v 0.0044497699999999423 0.034971000000000002 -0.07305560500000001
v 0.0050247200000001144 0.040153005000000012 -0.043326605000000011
v 0.0050747699999999429 0.028297000000000003 -0.070871605000000004
v 0.0051977550000000851 0.039221000000000006 -0.045532610000000001
v 0.0051667800000001294 0.032759000000000003 -0.10249560499999999
v 0.0052697749999998655 0.032917000000000002 -0.089125604999999997
v 0.0056918350000000817 0.029579000000000001 -0.100093605
v 0.0062358100000000135 0.031953000000000002 -0.106020615
v 0.0062358100000000135 0.031953000000000002 -0.106020615
v 0.0061947649999999025 0.026474999999999999 -0.087294605000000011
v 0.0072917200000000536 0.036911000000000006 -0.056305610000000006
v 0.0072547900000000699 0.031023000000000002 -0.10545360500000001
v 0.0072547900000000699 0.031023000000000002 -0.10545360500000001
v 0.0074948100000000288 0.027904000000000002 -0.055670605000000012
v 0.0081578049999998809 0.033967000000000004 -0.072782605
v 0.0080847149999999594 0.028151000000000006 -0.070979605000000001
v 0.0093157949999999792 0.027986 -0.048528605000000002
v 0.0095637500000000826 0.028683000000000004 -0.099036610000000011
v 0.009726714999999898 0.037725000000000009 -0.049150605000000007
v 0.010007779999999966 0.032129000000000005 -0.10090761000000002
v 0.0099807749999999366 0.026384000000000005 -0.086890610000000021
v 0.010177764999999964 0.031838999999999999 -0.088031605000000013
v 0.010358735000000081 0.036215000000000004 -0.056352605
v 0.011090700000000026 0.031048000000000006 -0.10512661000000001
v 0.011090700000000026 0.031048000000000006 -0.10512661000000001
v 0.01119674500000002 0.029995000000000001 -0.055900605000000006
v 0.011423800000000027 0.033269000000000007 -0.072662605000000005
v 0.011772765000000048 0.028980000000000002 -0.10387260500000001
v 0.011935729999999863 0.030665000000000005 -0.050993610000000002
v 0.012120820000000095 0.029090000000000001 -0.071402610000000005
v 0.012252809999999954 0.029652000000000001 -0.047055605
v 0.01245971499999996 0.026465000000000002 -0.086874610000000019
v 0.01270873999999992 0.035462 -0.056358604999999999
v 0.012887724999999932 0.036757000000000005 -0.04761561000000001
v 0.012876740000000095 0.032156005000000001 -0.052398610000000005
v 0.013148804999999868 0.033848000000000003 -0.051866610000000007
v 0.013196714999999982 0.032034 -0.048244610000000007
v 0.01325179999999989 0.027307999999999999 -0.097970610000000014
v 0.01353775000000013 0.032225999999999998 -0.05611961
v 0.01353775000000013 0.032225999999999998 -0.05611961
v 0.013702700000000049 0.033790000000000008 -0.05625160500000001
v 0.013702700000000049 0.033790000000000008 -0.05625160500000001
v 0.013840790000000139 0.032304995000000003 -0.072510610000000017
v 0.014036715000000014 0.030162000000000001 -0.099216605000000013
v 0.014099730000000078 0.030377000000000005 -0.088109610000000019
v 0.014089815000000101 0.026505000000000001 -0.087253610000000009
v 0.014642790000000048 0.030003000000000002 -0.071863610000000008
v 0.014642790000000048 0.030003000000000002 -0.071863610000000008
v 0.014842835000000035 0.030971000000000005 -0.072175610000000001
v 0.014842835000000035 0.030971000000000005 -0.072175610000000001
v 0.015108794999999873 0.027257 -0.10176261
v 0.015246735000000056 0.026654000000000001 -0.087346609999999991
v 0.01551880000000011 0.027947000000000007 -0.10279361000000001
v 0.01551880000000011 0.027947000000000007 -0.10279361000000001
v 0.016078794999999958 0.026231000000000001 -0.09763361000000001
v 0.016261749999999891 0.028946 -0.088199605000000014
v 0.016609799999999949 0.027053000000000001 -0.08751461000000002
v 0.016609799999999949 0.027053000000000001 -0.08751461000000002
v 0.016609799999999949 0.027053000000000001 -0.08751461000000002
v 0.01696579000000014 0.027793000000000002 -0.087774600000000008
v 0.01696579000000014 0.027793000000000002 -0.087774600000000008
v 0.017479705000000078 0.027554000000000002 -0.097944605000000004
v 0.017706755000000098 0.025527000000000008 -0.097246600000000016
v 0.017706755000000098 0.025527000000000008 -0.097246600000000016
v 0.017745820000000093 0.025857000000000005 -0.10020361
v 0.018188780000000123 0.026300000000000004 -0.10056161
v 0.018188780000000123 0.026300000000000004 -0.10056161
v 0.019644774999999868 0.024501000000000002 -0.097193605000000016
v 0.019644774999999868 0.024501000000000002 -0.097193605000000016
v 0.019644774999999868 0.024501000000000002 -0.097193605000000016
v 0.019890744999999866 0.025146000000000002 -0.097423610000000022
v 0.019890744999999866 0.025146000000000002 -0.097423610000000022
v 0.019890744999999866 0.025146000000000002 -0.097423610000000022
vt 0.37592899799346924 0.5763850212097168
vt 0.35019201040267944 0.58935600519180298
vt 0.37459701299667358 0.61022800207138062
vt 0.35740900039672852 0.62420302629470825
vt 0.35821700096130371 0.55731797218322754
vt 0.30314800143241882 0.54738897085189819
vt 0.34012401103973389 0.55663800239562988
vt 0.29797500371932983 0.50926601886749268
vt 0.32067900896072388 0.5084419846534729
vt 0.3012470006942749 0.6028289794921875
vt 0.34048599004745483 0.52162498235702515
vt 0.32488799095153809 0.60061097145080566
vt 0.267426997423172 0.52213698625564575
vt 0.3582099974155426 0.53418397903442383
vt 0.34041500091552734 0.49735400080680847
vt 0.37876099348068237 0.54724401235580444
vt 0.34158501029014587 0.62655401229858398
vt 0.30767500400543213 0.47977998852729797
vt 0.29094600677490234 0.63428801298141479
vt 0.25527599453926086 0.55679398775100708
vt 0.30844399333000183 0.64932000637054443
vt 0.36377799510955811 0.51133900880813599
vt 0.33096098899841309 0.47824200987815857
vt 0.27014300227165222 0.58887702226638794
vt 0.38321000337600708 0.52248299121856689
vt 0.27543899416923523 0.48737999796867371
vt 0.37030899524688721 0.63669502735137939
vt 0.36170199513435364 0.48699000477790833
vt 0.38489100337028503 0.48361301422119141
vt 0.32109901309013367 0.46005600690841675
vt 0.35687199234962463 0.65266400575637817
vt 0.35504201054573059 0.46315300464630127
vt 0.24363699555397034 0.63036501407623291
vt 0.30639401078224182 0.45171999931335449
vt 0.22225199639797211 0.59972000122070313
vt 0.23256599903106689 0.50732702016830444
vt 0.33197599649429321 0.66995900869369507
vt 0.28363201022148132 0.4560999870300293
vt 0.30153098702430725 0.69779598712921143
vt 0.28145301342010498 0.69866502285003662
vt 0.43069401383399963 0.53985601663589478
vt 0.33925700187683105 0.44264900684356689
vt 0.38394099473953247 0.44589200615882874
vt 0.43822100758552551 0.49682998657226563
vt 0.31825399398803711 0.43831399083137512
vt 0.41646099090576172 0.45183101296424866
vt 0.3633129894733429 0.43402400612831116
vt 0.24907499551773071 0.46728798747062683
vt 0.42451199889183044 0.57122498750686646
vt 0.3751010000705719 0.65060198307037354
vt 0.41009798645973206 0.60382097959518433
vt 0.35872799158096313 0.66691601276397705
vt 0.21374200284481049 0.49229401350021362
vt 0.30017301440238953 0.43121600151062012
vt 0.41340199112892151 0.43174999952316284
vt 0.26682600378990173 0.43705499172210693
vt 0.32596200704574585 0.42265701293945313
vt 0.35289499163627625 0.41902399063110352
vt 0.39865800738334656 0.63314002752304077
vt 0.37907800078392029 0.41800999641418457
vt 0.40356001257896423 0.41921401023864746
vt 0.47575199604034424 0.51403599977493286
vt 0.47122600674629211 0.46774500608444214
vt 0.18662799894809723 0.51499402523040771
vt 0.22427600622177124 0.44707301259040833
vt 0.4523949921131134 0.4346030056476593
vt 0.28890898823738098 0.42157599329948425
vt 0.32845801115036011 0.71669501066207886
vt 0.36882799863815308 0.41288399696350098
vt 0.34729498624801636 0.69703799486160278
vt 0.26077300310134888 0.42539900541305542
vt 0.39661499857902527 0.64877402782440186
vt 0.31502100825309753 0.41966000199317932
vt 0.46810200810432434 0.55493301153182983
vt 0.34294900298118591 0.41681799292564392
vt 0.4924359917640686 0.50463002920150757
vt 0.43003401160240173 0.41368600726127625
vt 0.38069400191307068 0.66361802816390991
vt 0.39930498600006104 0.40893900394439697
vt 0.20301400125026703 0.40435901284217834
vt 0.49502900242805481 0.45202100276947021
vt 0.50289201736450195 0.50089699029922485
vt 0.24420599639415741 0.41193699836730957
vt 0.48911899328231812 0.54595100879669189
vt 0.26462700963020325 0.39713799953460693
vt 0.30435100197792053 0.40334498882293701
vt 0.36902201175689697 0.41443300247192383
vt 0.36902201175689697 0.41443300247192383
vt 0.27839401364326477 0.41259399056434631
vt 0.27839401364326477 0.41259399056434631
vt 0.23380100727081299 0.37430500984191895
vt 0.341482013463974 0.41667300462722778
vt 0.341482013463974 0.41667300462722778
vt 0.30937498807907104 0.41589298844337463
vt 0.30937498807907104 0.41589298844337463
vt 0.45800799131393433 0.41724100708961487
vt 0.34091201424598694 0.39836400747299194
vt 0.34148800373077393 0.71296197175979614
vt 0.38336500525474548 0.40301099419593811
vt 0.5251690149307251 0.48878398537635803
vt 0.27278101444244385 0.3584359884262085
vt 0.43842801451683044 0.39369499683380127
vt 0.28908300399780273 0.38148099184036255
vt 0.38070699572563171 0.30335301160812378
vt 0.15953999757766724 0.40773600339889526
vt 0.53550899028778076 0.45340299606323242
vt 0.48838800191879272 0.41675099730491638
vt 0.49993100762367249 0.54444700479507446
vt 0.25091800093650818 0.34512999653816223
vt 0.32847699522972107 0.31284698843955994
vt 0.21505500376224518 0.35696500539779663
vt 0.36549800634384155 0.34253400564193726
vt 0.38871300220489502 0.33907899260520935
vt 0.52585500478744507 0.42396101355552673
vt 0.3307340145111084 0.34472900629043579
vt 0.39658299088478088 0.32112699747085571
vt 0.39658299088478088 0.32112699747085571
vt 0.56016600131988525 0.44386398792266846
vt 0.38937899470329285 0.28669300675392151
vt 0.38937899470329285 0.28669300675392151
vt 0.46914300322532654 0.58912199735641479
vt 0.30092999339103699 0.31379398703575134
vt 0.51186800003051758 0.535319983959198
vt 0.60041999816894531 0.45368099212646484
vt 0.44868999719619751 0.36686098575592041
vt 0.52485901117324829 0.53008300065994263
vt 0.49459600448608398 0.37779301404953003
vt 0.56001102924346924 0.47980201244354248
vt 0.41785800457000732 0.64946502447128296
vt 0.37899398803710938 0.68070101737976074
vt 0.23854799568653107 0.32662099599838257
vt 0.40285500884056091 0.31987899541854858
vt 0.52132797241210938 0.37008100748062134
vt 0.44782999157905579 0.62603002786636353
vt 0.21312099695205688 0.31937700510025024
vt 0.4991610050201416 0.57579398155212402
vt 0.2987770140171051 0.28740599751472473
vt 0.54295897483825684 0.53436201810836792
vt 0.37380099296569824 0.69125401973724365
vt 0.41104799509048462 0.32416900992393494
vt 0.35839799046516418 0.26498499512672424
vt 0.35839799046516418 0.26498499512672424
vt 0.46195900440216064 0.62049198150634766
vt 0.41794800758361816 0.65383398532867432
vt 0.25837400555610657 0.30443298816680908
vt 0.39497300982475281 0.6701589822769165
vt 0.44226899743080139 0.63806498050689697
vt 0.37259799242019653 0.28474301099777222
vt 0.37259799242019653 0.28474301099777222
vt 0.50742501020431519 0.34533101320266724
vt 0.21780900657176971 0.3016589879989624
vt 0.39699700474739075 0.67801600694656372
vt 0.37623301148414612 0.70158499479293823
vt 0.54092800617218018 0.35040101408958435
vt 0.53774702548980713 0.56047201156616211
vt 0.46237900853157043 0.62672102451324463
vt 0.49719500541687012 0.59828197956085205
vt 0.56949102878570557 0.52262699604034424
vt 0.43243300914764404 0.64918702840805054
vt 0.29991498589515686 0.28223499655723572
vt 0.29991498589515686 0.28223499655723572
vt 0.37121498584747314 0.28951200842857361
vt 0.41458600759506226 0.31520900130271912
vt 0.26031398773193359 0.2915399968624115
vt 0.29772898554801941 0.27800101041793823
vt 0.26308798789978027 0.28628000617027283
vt 0.2188120037317276 0.2940250039100647
vt 0.41045999526977539 0.30854499340057373
vt 0.50868600606918335 0.33963599801063538
vt 0.53445500135421753 0.34633401036262512
vt 0.5727049708366394 0.53409397602081299
vt 0.54549401998519897 0.56261098384857178
vt 0.50187700986862183 0.61011701822280884
vt 0.40881100296974182 0.68712002038955688
vt 0.37808200716972351 0.7124829888343811
vt 0.26031398773193359 0.2915399968624115
vt 0.41458600759506226 0.31520900130271912
vt 0.37121498584747314 0.28951200842857361
vt 0.29991498589515686 0.28223499655723572
vt 0.29991498589515686 0.28223499655723572
vt 0.59867399930953979 0.35970601439476013
vt 0.43243300914764404 0.64918702840805054
vt 0.56949102878570557 0.52262699604034424
vt 0.49719500541687012 0.59828197956085205
vt 0.46237900853157043 0.62672102451324463
vt 0.53774702548980713 0.56047201156616211
vt 0.54092800617218018 0.35040101408958435
vt 0.37623301148414612 0.70158499479293823
vt 0.39699700474739075 0.67801600694656372
vt 0.21780900657176971 0.3016589879989624
vt 0.50742501020431519 0.34533101320266724
vt 0.37259799242019653 0.28474301099777222
vt 0.37259799242019653 0.28474301099777222
vt 0.44226899743080139 0.63806498050689697
vt 0.39497300982475281 0.6701589822769165
vt 0.25837400555610657 0.30443298816680908
vt 0.41794800758361816 0.65383398532867432
vt 0.46195900440216064 0.62049198150634766
vt 0.41104799509048462 0.32416900992393494
vt 0.37380099296569824 0.69125401973724365
vt 0.54295897483825684 0.53436201810836792
vt 0.2987770140171051 0.28740599751472473
vt 0.58949202299118042 0.37904098629951477
vt 0.4991610050201416 0.57579398155212402
vt 0.21312099695205688 0.31937700510025024
vt 0.44782999157905579 0.62603002786636353
vt 0.58691799640655518 0.48594200611114502
vt 0.15553000569343567 0.36880001425743103
vt 0.52132797241210938 0.37008100748062134
vt 0.40285500884056091 0.31987899541854858
vt 0.23854799568653107 0.32662099599838257
vt 0.37899398803710938 0.68070101737976074
vt 0.41785800457000732 0.64946502447128296
vt 0.56001102924346924 0.47980201244354248
vt 0.49459600448608398 0.37779301404953003
vt 0.58390498161315918 0.40830400586128235
vt 0.52485901117324829 0.53008300065994263
vt 0.44868999719619751 0.36686098575592041
vt 0.60041999816894531 0.45368099212646484
vt 0.51186800003051758 0.535319983959198
vt 0.59187799692153931 0.43162798881530762
vt 0.3283030092716217 0.7252429723739624
vt 0.30092999339103699 0.31379398703575134
vt 0.46914300322532654 0.58912199735641479
vt 0.38937899470329285 0.28669300675392151
vt 0.38937899470329285 0.28669300675392151
vt 0.56016600131988525 0.44386398792266846
vt 0.39658299088478088 0.32112699747085571
vt 0.39658299088478088 0.32112699747085571
vt 0.3307340145111084 0.34472900629043579
vt 0.52585500478744507 0.42396101355552673
vt 0.38871300220489502 0.33907899260520935
vt 0.36549800634384155 0.34253400564193726
vt 0.21505500376224518 0.35696500539779663
vt 0.25091800093650818 0.34512999653816223
vt 0.49993100762367249 0.54444700479507446
vt 0.48838800191879272 0.41675099730491638
vt 0.53550899028778076 0.45340299606323242
vt 0.28908300399780273 0.38148099184036255
vt 0.43842801451683044 0.39369499683380127
vt 0.27278101444244385 0.3584359884262085
vt 0.5251690149307251 0.48878398537635803
vt 0.38336500525474548 0.40301099419593811
vt 0.34148800373077393 0.71296197175979614
vt 0.34091201424598694 0.39836400747299194
vt 0.45800799131393433 0.41724100708961487
vt 0.30937498807907104 0.41589298844337463
vt 0.30937498807907104 0.41589298844337463
vt 0.341482013463974 0.41667300462722778
vt 0.341482013463974 0.41667300462722778
vt 0.23380100727081299 0.37430500984191895
vt 0.27839401364326477 0.41259399056434631
vt 0.27839401364326477 0.41259399056434631
vt 0.36902201175689697 0.41443300247192383
vt 0.36902201175689697 0.41443300247192383
vt 0.30435100197792053 0.40334498882293701
vt 0.26462700963020325 0.39713799953460693
vt 0.48911899328231812 0.54595100879669189
vt 0.24420599639415741 0.41193699836730957
vt 0.50289201736450195 0.50089699029922485
vt 0.49502900242805481 0.45202100276947021
vt 0.20301400125026703 0.40435901284217834
vt 0.39930498600006104 0.40893900394439697
vt 0.38069400191307068 0.66361802816390991
vt 0.43003401160240173 0.41368600726127625
vt 0.4924359917640686 0.50463002920150757
vt 0.34294900298118591 0.41681799292564392
vt 0.46810200810432434 0.55493301153182983
vt 0.31502100825309753 0.41966000199317932
vt 0.39661499857902527 0.64877402782440186
vt 0.26077300310134888 0.42539900541305542
vt 0.34729498624801636 0.69703799486160278
vt 0.36882799863815308 0.41288399696350098
vt 0.32845801115036011 0.71669501066207886
vt 0.28890898823738098 0.42157599329948425
vt 0.4523949921131134 0.4346030056476593
vt 0.22427600622177124 0.44707301259040833
vt 0.47122600674629211 0.46774500608444214
vt 0.47575199604034424 0.51403599977493286
vt 0.40356001257896423 0.41921401023864746
vt 0.37907800078392029 0.41800999641418457
vt 0.39865800738334656 0.63314002752304077
vt 0.35289499163627625 0.41902399063110352
vt 0.32596200704574585 0.42265701293945313
vt 0.26682600378990173 0.43705499172210693
vt 0.41340199112892151 0.43174999952316284
vt 0.30017301440238953 0.43121600151062012
vt 0.21374200284481049 0.49229401350021362
vt 0.35872799158096313 0.66691601276397705
vt 0.41009798645973206 0.60382097959518433
vt 0.3751010000705719 0.65060198307037354
vt 0.42451199889183044 0.57122498750686646
vt 0.24907499551773071 0.46728798747062683
vt 0.3633129894733429 0.43402400612831116
vt 0.41646099090576172 0.45183101296424866
vt 0.31825399398803711 0.43831399083137512
vt 0.43822100758552551 0.49682998657226563
vt 0.38394099473953247 0.44589200615882874
vt 0.33925700187683105 0.44264900684356689
vt 0.43069401383399963 0.53985601663589478
vt 0.28363201022148132 0.4560999870300293
vt 0.33197599649429321 0.66995900869369507
vt 0.23256599903106689 0.50732702016830444
vt 0.30639401078224182 0.45171999931335449
vt 0.35504201054573059 0.46315300464630127
vt 0.35687199234962463 0.65266400575637817
vt 0.32109901309013367 0.46005600690841675
vt 0.38489100337028503 0.48361301422119141
vt 0.36170199513435364 0.48699000477790833
vt 0.37030899524688721 0.63669502735137939
vt 0.27543899416923523 0.48737999796867371
vt 0.38321000337600708 0.52248299121856689
vt 0.27014300227165222 0.58887702226638794
vt 0.33096098899841309 0.47824200987815857
vt 0.36377799510955811 0.51133900880813599
vt 0.30844399333000183 0.64932000637054443
vt 0.25527599453926086 0.55679398775100708
vt 0.29094600677490234 0.63428801298141479
vt 0.30767500400543213 0.47977998852729797
vt 0.34158501029014587 0.62655401229858398
vt 0.37876099348068237 0.54724401235580444
vt 0.34041500091552734 0.49735400080680847
vt 0.267426997423172 0.52213698625564575
vt 0.3582099974155426 0.53418397903442383
vt 0.32488799095153809 0.60061097145080566
vt 0.34048599004745483 0.52162498235702515
vt 0.3012470006942749 0.6028289794921875
vt 0.32067900896072388 0.5084419846534729
vt 0.29797500371932983 0.50926601886749268
vt 0.34012401103973389 0.55663800239562988
vt 0.30314800143241882 0.54738897085189819
vt 0.35821700096130371 0.55731797218322754
vt 0.35740900039672852 0.62420302629470825
vt 0.37459701299667358 0.61022800207138062
vt 0.35019201040267944 0.58935600519180298
vt 0.37592899799346924 0.5763850212097168
vt 0.26493701338768005 0.67404800653457642
vt 0.21611499786376953 0.55284899473190308
vt 0.26284199953079224 0.71284002065658569
vt 0.19268700480461121 0.54314297437667847
vt 0.22419799864292145 0.65870398283004761
vt 0.19155499339103699 0.59394699335098267
vt 0.24616500735282898 0.70289897918701172
vt 0.29181200265884399 0.71625000238418579
vt 0.20575599372386932 0.63488900661468506
vt 0.30962100625038147 0.71287298202514648
vt 0.27548399567604065 0.73283201456069946
vt 0.17027400434017181 0.57842397689819336
vt 0.18163600564002991 0.64283502101898193
vt 0.2101140022277832 0.68587201833724976
vt 0.24577699601650238 0.74457699060440063
vt 0.28888300061225891 0.74164599180221558
vt 0.1682949960231781 0.53653502464294434
vt 0.18327200412750244 0.68249499797821045
vt 0.17938500642776489 0.48349100351333618
vt 0.30374300479888916 0.73206299543380737
vt 0.1473889946937561 0.54793500900268555
vt 0.15018300712108612 0.61958897113800049
vt 0.16063900291919708 0.46453499794006348
vt 0.26756900548934937 0.76391100883483887
vt 0.14755100011825562 0.66973602771759033
vt 0.29475501179695129 0.75484001636505127
vt 0.13468900322914124 0.47988000512123108
vt 0.12055300176143646 0.54074698686599731
vt 0.12008100003004074 0.58821898698806763
vt 0.12593300640583038 0.62905001640319824
vt 0.31057199835777283 0.74365198612213135
vt 0.3283030092716217 0.7252429723739624
vt 0.27626699209213257 0.78043699264526367
vt 0.10378500074148178 0.64993298053741455
vt 0.30070400238037109 0.76163798570632935
vt 0.096451997756958008 0.55122202634811401
vt 0.10462000221014023 0.50015097856521606
vt 0.12178800255060196 0.43639698624610901
vt 0.097066998481750488 0.59750199317932129
vt 0.15553000569343567 0.36880001425743103
vt 0.31370100378990173 0.75041598081588745
vt 0.085368998348712921 0.47271499037742615
vt 0.072383999824523926 0.53820598125457764
vt 0.10072699934244156 0.41912499070167542
vt 0.14230599999427795 0.34320199489593506
vt 0.33582299947738647 0.73679900169372559
vt 0.14786100387573242 0.33065500855445862
vt 0.093626998364925385 0.40273201465606689
vt 0.074511997401714325 0.46177199482917786
vt 0.32769501209259033 0.75622200965881348
vt 0.33582299947738647 0.73679900169372559
vt 0.14230599999427795 0.34320199489593506
vt 0.10072699934244156 0.41912499070167542
vt 0.072383999824523926 0.53820598125457764
vt 0.085368998348712921 0.47271499037742615
vt 0.31370100378990173 0.75041598081588745
vt 0.097066998481750488 0.59750199317932129
vt 0.12178800255060196 0.43639698624610901
vt 0.10462000221014023 0.50015097856521606
vt 0.096451997756958008 0.55122202634811401
vt 0.30070400238037109 0.76163798570632935
vt 0.31057199835777283 0.74365198612213135
vt 0.12593300640583038 0.62905001640319824
vt 0.15953999757766724 0.40773600339889526
vt 0.12008100003004074 0.58821898698806763
vt 0.12055300176143646 0.54074698686599731
vt 0.13468900322914124 0.47988000512123108
vt 0.29475501179695129 0.75484001636505127
vt 0.16063900291919708 0.46453499794006348
vt 0.15018300712108612 0.61958897113800049
vt 0.1473889946937561 0.54793500900268555
vt 0.30374300479888916 0.73206299543380737
vt 0.17938500642776489 0.48349100351333618
vt 0.1682949960231781 0.53653502464294434
vt 0.28888300061225891 0.74164599180221558
vt 0.18163600564002991 0.64283502101898193
vt 0.17027400434017181 0.57842397689819336
vt 0.18662799894809723 0.51499402523040771
vt 0.27548399567604065 0.73283201456069946
vt 0.30962100625038147 0.71287298202514648
vt 0.20575599372386932 0.63488900661468506
vt 0.29181200265884399 0.71625000238418579
vt 0.24616500735282898 0.70289897918701172
vt 0.19155499339103699 0.59394699335098267
vt 0.22419799864292145 0.65870398283004761
vt 0.19268700480461121 0.54314297437667847
vt 0.26284199953079224 0.71284002065658569
vt 0.28145301342010498 0.69866502285003662
vt 0.30153098702430725 0.69779598712921143
vt 0.22225199639797211 0.59972000122070313
vt 0.24363699555397034 0.63036501407623291
vt 0.21611499786376953 0.55284899473190308
vt 0.26493701338768005 0.67404800653457642
vt 0.15813000500202179 0.71906900405883789
vt 0.1608009934425354 0.76455801725387573
vt 0.21528099477291107 0.76398897171020508
vt 0.15985000133514404 0.79339802265167236
vt 0.15985000133514404 0.79339802265167236
vt 0.14867599308490753 0.81761300563812256
vt 0.14867599308490753 0.81761300563812256
vt 0.23794600367546082 0.77660399675369263
vt 0.19059200584888458 0.78250998258590698
vt 0.13087999820709229 0.8387640118598938
vt 0.13087999820709229 0.8387640118598938
vt 0.13087999820709229 0.8387640118598938
vt 0.21378099918365479 0.79159200191497803
vt 0.17365600168704987 0.84741097688674927
vt 0.10970199853181839 0.74295002222061157
vt 0.19008100032806396 0.81645399332046509
vt 0.1326649934053421 0.79114699363708496
vt 0.1644349992275238 0.87100201845169067
vt 0.1644349992275238 0.87100201845169067
vt 0.1644349992275238 0.87100201845169067
vt 0.22214800119400024 0.80966699123382568
vt 0.2076759934425354 0.83520901203155518
vt 0.11403500288724899 0.83214402198791504
vt 0.11403500288724899 0.83214402198791504
vt 0.19569399952888489 0.8687630295753479
vt 0.093929998576641083 0.72671401500701904
vt 0.23267599940299988 0.81693297624588013
vt 0.10095299780368805 0.80388402938842773
vt 0.10070099681615829 0.80621302127838135
vt 0.10081099718809128 0.80153298377990723
vt 0.10006699711084366 0.80826300382614136
vt 0.1002810001373291 0.79935997724533081
vt 0.099123001098632813 0.8098679780960083
vt 0.099413998425006866 0.79759901762008667
vt 0.10525999963283539 0.80419600009918213
vt 0.096652999520301819 0.80353802442550659
vt 0.10477499663829803 0.80859798192977905
vt 0.10498200356960297 0.79971599578857422
vt 0.097958996891975403 0.81084901094436646
vt 0.098301999270915985 0.79642897844314575
vt 0.10357200354337692 0.81249797344207764
vt 0.10397300124168396 0.79560399055480957
vt 0.096684999763965607 0.81111598014831543
vt 0.097047001123428345 0.79593801498413086
vt 0.10178100317716599 0.81551802158355713
vt 0.095430999994277954 0.81063699722290039
vt 0.095772996544837952 0.79620599746704102
vt 0.10232999920845032 0.79226100444793701
vt 0.10138600319623947 0.75773799419403076
vt 0.094311997294425964 0.80947798490524292
vt 0.094608999788761139 0.79718601703643799
vt 0.099563002586364746 0.81737899780273438
vt 0.13203099370002747 0.90021002292633057
vt 0.093451999127864838 0.80772799253463745
vt 0.093664996325969696 0.79879099130630493
vt 0.22202600538730621 0.85492199659347534
vt 0.10020899772644043 0.79000997543334961
vt 0.092914998531341553 0.80556702613830566
vt 0.093032002449035645 0.80086398124694824
vt 0.10914000123739243 0.80443000793457031
vt 0.092772997915744781 0.8032039999961853
vt 0.108474001288414 0.81045901775360107
vt 0.10875800251960754 0.79829001426696777
vt 0.12717500329017639 0.86181998252868652
vt 0.097138002514839172 0.81790298223495483
vt 0.10682500153779984 0.8158079981803894
vt 0.097823001444339752 0.78907400369644165
vt 0.10736799985170364 0.79263997077941895
vt 0.11213400214910507 0.80618000030517578
vt 0.11213400214910507 0.80618000030517578
vt 0.094751998782157898 0.81702202558517456
vt 0.10435400158166885 0.81995302438735962
vt 0.09540499746799469 0.78957498073577881
vt 0.10745199769735336 0.81989699602127075
vt 0.10745199769735336 0.81989699602127075
vt 0.10510499775409698 0.78802597522735596
vt 0.092624001204967499 0.81481599807739258
vt 0.093180000782012939 0.7914469838142395
vt 0.10130199790000916 0.82251602411270142
vt 0.10992900282144547 0.79017698764801025
vt 0.10992900282144547 0.79017698764801025
vt 0.090975001454353333 0.81150597333908081
vt 0.20139099657535553 0.90586000680923462
vt 0.10218799859285355 0.78492802381515503
vt 0.091383002698421478 0.79451197385787964
vt 0.089965999126434326 0.80739402770996094
vt 0.090180002152919769 0.79845702648162842
vt 0.089688003063201904 0.80290299654006958
vt 0.097971998155117035 0.82322901487350464
vt 0.091233998537063599 0.83949899673461914
vt 0.091233998537063599 0.83949899673461914
vt 0.098903000354766846 0.78364700078964233
vt 0.10238199681043625 0.78095000982284546
vt 0.10238199681043625 0.78095000982284546
vt 0.24697999656200409 0.82569199800491333
vt 0.094681002199649811 0.8220369815826416
vt 0.099886000156402588 0.8257480263710022
vt 0.099886000156402588 0.8257480263710022
vt 0.095565997064113617 0.78432697057723999
vt 0.09175100177526474 0.81902801990509033
vt 0.092514000833034515 0.78690099716186523
vt 0.08948100358247757 0.81449300050735474
vt 0.2391040027141571 0.8622320294380188
vt 0.2157599925994873 0.92517197132110596
vt 0.090038001537322998 0.79112398624420166
vt 0.081009998917579651 0.71787697076797485
vt 0.088091000914573669 0.80885398387908936
vt 0.095178000628948212 0.82515698671340942
vt 0.095178000628948212 0.82515698671340942
vt 0.088381998240947723 0.79656201601028442
vt 0.087710000574588776 0.80268001556396484
vt 0.15570500493049622 0.92049199342727661
vt 0.075837001204490662 0.7806050181388855
vt 0.09540499746799469 0.78249901533126831
vt 0.09540499746799469 0.78249901533126831
vt 0.19283600151538849 0.94709199666976929
vt 0.0909620001912117 0.79010999202728271
vt 0.0909620001912117 0.79010999202728271
vt 0.077983997762203217 0.82648301124572754
vt 0.077983997762203217 0.82648301124572754
vt 0.088550001382827759 0.8157849907875061
vt 0.088550001382827759 0.8157849907875061
vt 0.087134003639221191 0.80359399318695068
vt 0.087134003639221191 0.80359399318695068
vt 0.072021998465061188 0.75161999464035034
vt 0.22331899404525757 0.93575900793075562
vt 0.073554001748561859 0.80546599626541138
vt 0.11974500119686127 0.92200702428817749
vt 0.2475229948759079 0.8659210205078125
vt 0.14596599340438843 0.95258599519729614
vt 0.25366601347923279 0.83802801370620728
vt 0.089047998189926147 0.88548898696899414
vt 0.19157500565052032 0.97137397527694702
vt 0.056391999125480652 0.75533097982406616
vt 0.058855999261140823 0.79458999633789063
vt 0.067528001964092255 0.73193997144699097
vt 0.070826001465320587 0.86393702030181885
vt 0.10736799985170364 0.93891197443008423
vt 0.050746999680995941 0.80171102285385132
vt 0.050675999373197556 0.80937802791595459
vt 0.049835000187158585 0.79414397478103638
vt 0.25316199660301208 0.86565399169921875
vt 0.061558999121189117 0.83778297901153564
vt 0.13664199411869049 0.96658200025558472
vt 0.19080500304698944 0.98777800798416138
vt 0.03870600089430809 0.80634701251983643
vt 0.26035299897193909 0.83197700977325439
vt 0.22523300349712372 0.94733697175979614
vt 0.03288700059056282 0.80512100458145142
vt 0.032473001629114151 0.81189602613449097
vt 0.032620999962091446 0.80093097686767578
vt 0.045754998922348022 0.78956401348114014
vt 0.039521001279354095 0.81967401504516602
vt 0.049208000302314758 0.78487300872802734
vt 0.049208000302314758 0.78487300872802734
vt 0.026801999658346176 0.80434101819992065
vt 0.032751001417636871 0.81741201877593994
vt 0.050197001546621323 0.82183599472045898
vt 0.036759998649358749 0.79538100957870483
vt 0.026522999629378319 0.816398024559021
vt 0.060051999986171722 0.72137600183486938
vt 0.048969000577926636 0.77683800458908081
vt 0.048969000577926636 0.77683800458908081
vt 0.048969000577926636 0.77683800458908081
vt 0.044332001358270645 0.78570801019668579
vt 0.016604000702500343 0.80802899599075317
vt 0.037562001496553421 0.82490098476409912
vt 0.01575700007379055 0.81412500143051147
vt 0.030274000018835068 0.79581600427627563
vt 0.016953000798821449 0.80333799123764038
vt 0.039508000016212463 0.78934097290039063
vt 0.039508000016212463 0.78934097290039063
vt 0.036733999848365784 0.78556400537490845
vt 0.016455000266432762 0.81901699304580688
vt 0.080008000135421753 0.89577502012252808
vt 0.025489000603556633 0.79594999551773071
vt 0.010467000305652618 0.80848598480224609
vt 0.034703999757766724 0.77883297204971313
vt 0.034703999757766724 0.77883297204971313
vt 0.050443001091480255 0.83078497648239136
vt 0.017806999385356903 0.80062997341156006
vt 0.031134000048041344 0.78785902261734009
vt 0.028689999133348465 0.79366499185562134
vt 0.028689999133348465 0.79366499185562134
vt 0.063078999519348145 0.86810499429702759
vt 0.0083400001749396324 0.81068199872970581
vt 0.0093099996447563171 0.80587899684906006
vt 0.0093099996447563171 0.80587899684906006
vt 0.026187000796198845 0.78992098569869995
vt 0.0070329997688531876 0.81362301111221313
vt 0.042231000959873199 0.8301050066947937
vt 0.017632000148296356 0.82443302869796753
vt 0.0099759995937347412 0.81880497932434082
vt 0.0062190000899136066 0.81150597333908081
vt 0.018951000645756721 0.79767698049545288
vt 0.018951000645756721 0.79767698049545288
vt 0.0076930001378059387 0.81638699769973755
vt 0.018459999933838844 0.79177099466323853
vt 0.0057399999350309372 0.81454801559448242
vt 0.038052998483181 0.77342802286148071
vt 0.046822000294923782 0.77039700746536255
vt 0.046822000294923782 0.77039700746536255
vt 0.018408000469207764 0.78539597988128662
vt 0.015433000400662422 0.79479098320007324
vt 0.098567001521587372 0.94484102725982666
vt 0.0075249997898936272 0.81992000341415405
vt 0.0030690000858157873 0.80889898538589478
vt 0.015070999972522259 0.80039602518081665
vt 0.015070999972522259 0.80039602518081665
vt 0.0030439998954534531 0.8110160231590271
vt 0.003625999903306365 0.8057669997215271
vt 0.013977999798953533 0.79397702217102051
vt 0.0080159995704889297 0.80322599411010742
vt 0.0025649999734014273 0.81266498565673828
vt 0.03607499971985817 0.83191001415252686
vt 0.011288000270724297 0.79432302713394165
vt 0.012025999836623669 0.80115401744842529
vt 0.012025999836623669 0.80115401744842529
vt 0.0028689999599009752 0.81488299369812012
vt 0.010370000265538692 0.79157000780105591
vt 0.032919000834226608 0.77282601594924927
vt 0.0051389997825026512 0.81942898035049438
vt 0.0015300000086426735 0.80766201019287109
vt 0.0051449998281896114 0.8025360107421875
vt 0.0071169999428093433 0.82174700498580933
vt 0.0091159995645284653 0.79724198579788208
vt 0.008830999955534935 0.80103099346160889
vt 0.008830999955534935 0.80103099346160889
vt 0.0010649999603629112 0.81041401624679565
vt 0.016474999487400055 0.82764202356338501
vt 0.0011419999646022916 0.80877602100372314
vt 0.011216999962925911 0.78737998008728027
vt 0.0088569996878504753 0.79006600379943848
vt 0.019346000626683235 0.77982497215270996
vt 0.0081200003623962402 0.79850101470947266
vt 0.0013360000448301435 0.80601197481155396
vt 0.0022549999412149191 0.80357199907302856
vt 0.0092839999124407768 0.82386499643325806
vt 0.028974000364542007 0.83088499307632446
vt 0.0063029997982084751 0.80094200372695923
vt 0.0063029997982084751 0.80094200372695923
vt 0.0058570001274347305 0.79572701454162598
vt 0.027893999591469765 0.77244699001312256
vt 0.013674999587237835 0.7838590145111084
vt 0.0019120000069960952 0.81555098295211792
vt 0.00065100000938400626 0.81062597036361694
vt 0.0012850000057369471 0.80438500642776489
vt 0.0043689999729394913 0.79899197816848755
vt 0.0041229999624192715 0.80142098665237427
vt 0.0041229999624192715 0.80142098665237427
vt 0.0004889999981969595 0.81208598613739014
vt 0.0035929998848587275 0.79829001426696777
vt 0.055959001183509827 0.71697402000427246
vt 0.052460998296737671 0.74039798974990845
vt 0.045566998422145844 0.76444602012634277
vt 0.045566998422145844 0.76444602012634277
vt 0.045566998422145844 0.76444602012634277
vt 0.033831000328063965 0.76810097694396973
vt 0.020639000460505486 0.7750999927520752
vt 0.012090000323951244 0.78343498706817627
vt 0.012090000323951244 0.78343498706817627
vt 0.007000999990850687 0.7890629768371582
vt 0.007000999990850687 0.7890629768371582
vt 0.0033859999384731054 0.79541498422622681
vt 0.0033859999384731054 0.79541498422622681
vt 0.0016599999507889152 0.80122101306915283
vt 0.0016599999507889152 0.80122101306915283
vt 0.0016599999507889152 0.80122101306915283
vt 0.0016599999507889152 0.80122101306915283
vt 0.00048300001071766019 0.80321502685546875
vt 0.00048300001071766019 0.80321502685546875
vt 0 0.80632400512695313
vt 5.6000000768108293E-05 0.81088197231292725
vt 0.0019900000188499689 0.81662100553512573
vt 0.0067230002023279667 0.82310700416564941
vt 0.017399000003933907 0.82890200614929199
vt 0.03601599857211113 0.83530902862548828
vt 0.03601599857211113 0.83530902862548828
vt 0.051095999777317047 0.83935397863388062
vt 0.060596000403165817 0.86764800548553467
vt 0.074602000415325165 0.90276199579238892
vt 0.22520700097084045 0.9369959831237793
vt 0.098003998398780823 0.94679099321365356
vt 0.13289099931716919 0.97335797548294067
vt 0.19343699514865875 1
vt 0.19343699514865875 1
vt 0.0035929998848587275 0.79829001426696777
vt 0.0004889999981969595 0.81208598613739014
vt 0.0041229999624192715 0.80142098665237427
vt 0.0041229999624192715 0.80142098665237427
vt 0.0043689999729394913 0.79899197816848755
vt 0.0012850000057369471 0.80438500642776489
vt 0.00065100000938400626 0.81062597036361694
vt 0.0019120000069960952 0.81555098295211792
vt 0.027893999591469765 0.77244699001312256
vt 0.013674999587237835 0.7838590145111084
vt 0.0058570001274347305 0.79572701454162598
vt 0.0063029997982084751 0.80094200372695923
vt 0.0063029997982084751 0.80094200372695923
vt 0.0022549999412149191 0.80357199907302856
vt 0.0092839999124407768 0.82386499643325806
vt 0.028974000364542007 0.83088499307632446
vt 0.0013360000448301435 0.80601197481155396
vt 0.0081200003623962402 0.79850101470947266
vt 0.019346000626683235 0.77982497215270996
vt 0.0088569996878504753 0.79006600379943848
vt 0.011216999962925911 0.78737998008728027
vt 0.0011419999646022916 0.80877602100372314
vt 0.016474999487400055 0.82764202356338501
vt 0.008830999955534935 0.80103099346160889
vt 0.008830999955534935 0.80103099346160889
vt 0.0010649999603629112 0.81041401624679565
vt 0.0091159995645284653 0.79724198579788208
vt 0.0071169999428093433 0.82174700498580933
vt 0.0051449998281896114 0.8025360107421875
vt 0.0015300000086426735 0.80766201019287109
vt 0.0051389997825026512 0.81942898035049438
vt 0.032919000834226608 0.77282601594924927
vt 0.010370000265538692 0.79157000780105591
vt 0.0028689999599009752 0.81488299369812012
vt 0.012025999836623669 0.80115401744842529
vt 0.012025999836623669 0.80115401744842529
vt 0.011288000270724297 0.79432302713394165
vt 0.03607499971985817 0.83191001415252686
vt 0.0025649999734014273 0.81266498565673828
vt 0.0080159995704889297 0.80322599411010742
vt 0.013977999798953533 0.79397702217102051
vt 0.003625999903306365 0.8057669997215271
vt 0.015070999972522259 0.80039602518081665
vt 0.015070999972522259 0.80039602518081665
vt 0.0030439998954534531 0.8110160231590271
vt 0.0030690000858157873 0.80889898538589478
vt 0.0075249997898936272 0.81992000341415405
vt 0.098567001521587372 0.94484102725982666
vt 0.015433000400662422 0.79479098320007324
vt 0.046822000294923782 0.77039700746536255
vt 0.046822000294923782 0.77039700746536255
vt 0.018408000469207764 0.78539597988128662
vt 0.038052998483181 0.77342802286148071
vt 0.0057399999350309372 0.81454801559448242
vt 0.018459999933838844 0.79177099466323853
vt 0.0076930001378059387 0.81638699769973755
vt 0.018951000645756721 0.79767698049545288
vt 0.018951000645756721 0.79767698049545288
vt 0.0062190000899136066 0.81150597333908081
vt 0.0099759995937347412 0.81880497932434082
vt 0.017632000148296356 0.82443302869796753
vt 0.042231000959873199 0.8301050066947937
vt 0.0070329997688531876 0.81362301111221313
vt 0.026187000796198845 0.78992098569869995
vt 0.0093099996447563171 0.80587899684906006
vt 0.0093099996447563171 0.80587899684906006
vt 0.0083400001749396324 0.81068199872970581
vt 0.063078999519348145 0.86810499429702759
vt 0.028689999133348465 0.79366499185562134
vt 0.028689999133348465 0.79366499185562134
vt 0.031134000048041344 0.78785902261734009
vt 0.017806999385356903 0.80062997341156006
vt 0.050443001091480255 0.83078497648239136
vt 0.034703999757766724 0.77883297204971313
vt 0.034703999757766724 0.77883297204971313
vt 0.010467000305652618 0.80848598480224609
vt 0.025489000603556633 0.79594999551773071
vt 0.080008000135421753 0.89577502012252808
vt 0.016455000266432762 0.81901699304580688
vt 0.036733999848365784 0.78556400537490845
vt 0.039508000016212463 0.78934097290039063
vt 0.039508000016212463 0.78934097290039063
vt 0.016953000798821449 0.80333799123764038
vt 0.030274000018835068 0.79581600427627563
vt 0.01575700007379055 0.81412500143051147
vt 0.037562001496553421 0.82490098476409912
vt 0.016604000702500343 0.80802899599075317
vt 0.044332001358270645 0.78570801019668579
vt 0.048969000577926636 0.77683800458908081
vt 0.048969000577926636 0.77683800458908081
vt 0.048969000577926636 0.77683800458908081
vt 0.060051999986171722 0.72137600183486938
vt 0.026522999629378319 0.816398024559021
vt 0.036759998649358749 0.79538100957870483
vt 0.050197001546621323 0.82183599472045898
vt 0.032751001417636871 0.81741201877593994
vt 0.026801999658346176 0.80434101819992065
vt 0.049208000302314758 0.78487300872802734
vt 0.049208000302314758 0.78487300872802734
vt 0.039521001279354095 0.81967401504516602
vt 0.045754998922348022 0.78956401348114014
vt 0.032620999962091446 0.80093097686767578
vt 0.032473001629114151 0.81189602613449097
vt 0.03288700059056282 0.80512100458145142
vt 0.22523300349712372 0.94733697175979614
vt 0.26035299897193909 0.83197700977325439
vt 0.03870600089430809 0.80634701251983643
vt 0.19080500304698944 0.98777800798416138
vt 0.13664199411869049 0.96658200025558472
vt 0.061558999121189117 0.83778297901153564
vt 0.25316199660301208 0.86565399169921875
vt 0.049835000187158585 0.79414397478103638
vt 0.050675999373197556 0.80937802791595459
vt 0.050746999680995941 0.80171102285385132
vt 0.10736799985170364 0.93891197443008423
vt 0.070826001465320587 0.86393702030181885
vt 0.067528001964092255 0.73193997144699097
vt 0.058855999261140823 0.79458999633789063
vt 0.056391999125480652 0.75533097982406616
vt 0.19157500565052032 0.97137397527694702
vt 0.089047998189926147 0.88548898696899414
vt 0.14596599340438843 0.95258599519729614
vt 0.2475229948759079 0.8659210205078125
vt 0.11974500119686127 0.92200702428817749
vt 0.073554001748561859 0.80546599626541138
vt 0.22331899404525757 0.93575900793075562
vt 0.072021998465061188 0.75161999464035034
vt 0.087134003639221191 0.80359399318695068
vt 0.087134003639221191 0.80359399318695068
vt 0.088550001382827759 0.8157849907875061
vt 0.088550001382827759 0.8157849907875061
vt 0.077983997762203217 0.82648301124572754
vt 0.077983997762203217 0.82648301124572754
vt 0.0909620001912117 0.79010999202728271
vt 0.0909620001912117 0.79010999202728271
vt 0.19283600151538849 0.94709199666976929
vt 0.09540499746799469 0.78249901533126831
vt 0.09540499746799469 0.78249901533126831
vt 0.075837001204490662 0.7806050181388855
vt 0.15570500493049622 0.92049199342727661
vt 0.087710000574588776 0.80268001556396484
vt 0.088381998240947723 0.79656201601028442
vt 0.095178000628948212 0.82515698671340942
vt 0.095178000628948212 0.82515698671340942
vt 0.088091000914573669 0.80885398387908936
vt 0.081009998917579651 0.71787697076797485
vt 0.090038001537322998 0.79112398624420166
vt 0.2157599925994873 0.92517197132110596
vt 0.2391040027141571 0.8622320294380188
vt 0.08948100358247757 0.81449300050735474
vt 0.092514000833034515 0.78690099716186523
vt 0.09175100177526474 0.81902801990509033
vt 0.095565997064113617 0.78432697057723999
vt 0.099886000156402588 0.8257480263710022
vt 0.099886000156402588 0.8257480263710022
vt 0.094681002199649811 0.8220369815826416
vt 0.10238199681043625 0.78095000982284546
vt 0.10238199681043625 0.78095000982284546
vt 0.098903000354766846 0.78364700078964233
vt 0.091233998537063599 0.83949899673461914
vt 0.091233998537063599 0.83949899673461914
vt 0.097971998155117035 0.82322901487350464
vt 0.089688003063201904 0.80290299654006958
vt 0.090180002152919769 0.79845702648162842
vt 0.089965999126434326 0.80739402770996094
vt 0.091383002698421478 0.79451197385787964
vt 0.10218799859285355 0.78492802381515503
vt 0.20139099657535553 0.90586000680923462
vt 0.090975001454353333 0.81150597333908081
vt 0.10992900282144547 0.79017698764801025
vt 0.10992900282144547 0.79017698764801025
vt 0.10130199790000916 0.82251602411270142
vt 0.093180000782012939 0.7914469838142395
vt 0.092624001204967499 0.81481599807739258
vt 0.10510499775409698 0.78802597522735596
vt 0.10745199769735336 0.81989699602127075
vt 0.10745199769735336 0.81989699602127075
vt 0.09540499746799469 0.78957498073577881
vt 0.10435400158166885 0.81995302438735962
vt 0.094751998782157898 0.81702202558517456
vt 0.11213400214910507 0.80618000030517578
vt 0.11213400214910507 0.80618000030517578
vt 0.10736799985170364 0.79263997077941895
vt 0.097823001444339752 0.78907400369644165
vt 0.10682500153779984 0.8158079981803894
vt 0.097138002514839172 0.81790298223495483
vt 0.12717500329017639 0.86181998252868652
vt 0.10875800251960754 0.79829001426696777
vt 0.108474001288414 0.81045901775360107
vt 0.092772997915744781 0.8032039999961853
vt 0.10914000123739243 0.80443000793457031
vt 0.093032002449035645 0.80086398124694824
vt 0.092914998531341553 0.80556702613830566
vt 0.10020899772644043 0.79000997543334961
vt 0.22202600538730621 0.85492199659347534
vt 0.093664996325969696 0.79879099130630493
vt 0.093451999127864838 0.80772799253463745
vt 0.13203099370002747 0.90021002292633057
vt 0.099563002586364746 0.81737899780273438
vt 0.094608999788761139 0.79718601703643799
vt 0.094311997294425964 0.80947798490524292
vt 0.10138600319623947 0.75773799419403076
vt 0.10232999920845032 0.79226100444793701
vt 0.095772996544837952 0.79620599746704102
vt 0.095430999994277954 0.81063699722290039
vt 0.10178100317716599 0.81551802158355713
vt 0.097047001123428345 0.79593801498413086
vt 0.096684999763965607 0.81111598014831543
vt 0.10397300124168396 0.79560399055480957
vt 0.10357200354337692 0.81249797344207764
vt 0.098301999270915985 0.79642897844314575
vt 0.097958996891975403 0.81084901094436646
vt 0.10498200356960297 0.79971599578857422
vt 0.10477499663829803 0.80859798192977905
vt 0.096652999520301819 0.80353802442550659
vt 0.10525999963283539 0.80419600009918213
vt 0.099413998425006866 0.79759901762008667
vt 0.099123001098632813 0.8098679780960083
vt 0.1002810001373291 0.79935997724533081
vt 0.10006699711084366 0.80826300382614136
vt 0.10081099718809128 0.80153298377990723
vt 0.10070099681615829 0.80621302127838135
vt 0.10095299780368805 0.80388402938842773
vt 0.23267599940299988 0.81693297624588013
vt 0.093929998576641083 0.72671401500701904
vt 0.19569399952888489 0.8687630295753479
vt 0.11403500288724899 0.83214402198791504
vt 0.11403500288724899 0.83214402198791504
vt 0.2076759934425354 0.83520901203155518
vt 0.22214800119400024 0.80966699123382568
vt 0.1644349992275238 0.87100201845169067
vt 0.1644349992275238 0.87100201845169067
vt 0.1644349992275238 0.87100201845169067
vt 0.1326649934053421 0.79114699363708496
vt 0.19008100032806396 0.81645399332046509
vt 0.10970199853181839 0.74295002222061157
vt 0.17365600168704987 0.84741097688674927
vt 0.21378099918365479 0.79159200191497803
vt 0.13087999820709229 0.8387640118598938
vt 0.13087999820709229 0.8387640118598938
vt 0.13087999820709229 0.8387640118598938
vt 0.19059200584888458 0.78250998258590698
vt 0.14867599308490753 0.81761300563812256
vt 0.14867599308490753 0.81761300563812256
vt 0.15985000133514404 0.79339802265167236
vt 0.15985000133514404 0.79339802265167236
vt 0.1608009934425354 0.76455801725387573
vt 0.35410401225090027 0.036515999585390091
vt 0.35410401225090027 0.036515999585390091
vt 0.3537290096282959 0.036449000239372253
vt 0.3537290096282959 0.036449000239372253
vt 0.3537290096282959 0.036449000239372253
vt 0.35329601168632507 0.036371000111103058
vt 0.35440200567245483 0.036527000367641449
vt 0.35440200567245483 0.036527000367641449
vt 0.35286900401115417 0.036214999854564667
vt 0.35424000024795532 0.036382000893354416
vt 0.35251298546791077 0.047191999852657318
vt 0.35282400250434875 0.047403998672962189
vt 0.35282400250434875 0.047403998672962189
vt 0.35282400250434875 0.047403998672962189
vt 0.35282400250434875 0.047403998672962189
vt 0.35199600458145142 0.046723999083042145
vt 0.34823301434516907 0.056752998381853104
vt 0.34823301434516907 0.056752998381853104
vt 0.35248801112174988 0.035925000905990601
vt 0.35390400886535645 0.036192998290061951
vt 0.35290798544883728 0.047224998474121094
vt 0.34944799542427063 0.058012001216411591
vt 0.35140800476074219 0.046077001839876175
vt 0.34726300835609436 0.054992001503705978
vt 0.34726300835609436 0.054992001503705978
vt 0.35220900177955627 0.035580001771450043
vt 0.35348999500274658 0.03598099946975708
vt 0.34689998626708984 0.060017999261617661
vt 0.3526880145072937 0.046700999140739441
vt 0.3521060049533844 0.035346001386642456
vt 0.35081899166107178 0.045297000557184219
vt 0.35308200120925903 0.035757999867200851
vt 0.34590500593185425 0.058168001472949982
vt 0.34646099805831909 0.052942000329494476
vt 0.34646099805831909 0.052942000329494476
vt 0.35036700963973999 0.055426999926567078
vt 0.35036700963973999 0.055426999926567078
vt 0.352183997631073 0.035289999097585678
vt 0.352183997631073 0.035289999097585678
vt 0.35217100381851196 0.025172000750899315
vt 0.35270699858665466 0.035523999482393265
vt 0.34973898530006409 0.054423999041318893
vt 0.34973898530006409 0.054423999041318893
vt 0.35240301489830017 0.035356998443603516
vt 0.35240301489830017 0.035356998443603516
vt 0.35248801112174988 0.024782000109553337
vt 0.35248801112174988 0.024782000109553337
vt 0.35248801112174988 0.024782000109553337
vt 0.35248801112174988 0.024782000109553337
vt 0.35186699032783508 0.02562900073826313
vt 0.35222899913787842 0.045965999364852905
vt 0.35081300139427185 0.055817000567913055
vt 0.34807100892066956 0.061198998242616653
vt 0.35030800104141235 0.04442799836397171
vt 0.35170501470565796 0.025930000469088554
vt 0.35064500570297241 0.058570001274347305
vt 0.35250699520111084 0.025059999898076057
vt 0.3490540087223053 0.053041998296976089
vt 0.3490540087223053 0.053041998296976089
vt 0.35151100158691406 0.025895999744534492
vt 0.35151100158691406 0.025895999744534492
vt 0.35151100158691406 0.025895999744534492
vt 0.3457300066947937 0.050746999680995941
vt 0.3457300066947937 0.050746999680995941
vt 0.35224199295043945 0.025350000709295273
vt 0.35166600346565247 0.045141000300645828
vt 0.35100001096725464 0.055505000054836273
vt 0.34994599223136902 0.043591998517513275
vt 0.34501200914382935 0.055716998875141144
vt 0.35200899839401245 0.025862999260425568
vt 0.35200899839401245 0.025862999260425568
vt 0.3483940064907074 0.051470998674631119
vt 0.3483940064907074 0.051470998674631119
vt 0.34981700778007507 0.043056998401880264
vt 0.35111701488494873 0.044305998831987381
vt 0.35081300139427185 0.054501999169588089
vt 0.35081300139427185 0.054501999169588089
vt 0.34992000460624695 0.042900998145341873
vt 0.34992000460624695 0.042900998145341873
vt 0.34917700290679932 0.061645001173019409
vt 0.35061898827552795 0.043570000678300858
vt 0.34785100817680359 0.049844000488519669
vt 0.34785100817680359 0.049844000488519669
vt 0.34535500407218933 0.048852000385522842
vt 0.34535500407218933 0.048852000385522842
vt 0.34535500407218933 0.048852000385522842
vt 0.35020500421524048 0.043079998344182968
vt 0.35020500421524048 0.043079998344182968
vt 0.34402298927307129 0.052930999547243118
vt 0.35148501396179199 0.058313000947237015
vt 0.35033398866653442 0.053064998239278793
vt 0.35033398866653442 0.053064998239278793
vt 0.34516099095344543 0.062336001545190811
vt 0.34432700276374817 0.060853999108076096
vt 0.34749498963356018 0.048395000398159027
vt 0.34749498963356018 0.048395000398159027
vt 0.34353798627853394 0.058892998844385147
vt 0.34599500894546509 0.0632610023021698
vt 0.34972599148750305 0.051438000053167343
vt 0.34972599148750305 0.051438000053167343
vt 0.3474310040473938 0.047481998801231384
vt 0.3474310040473938 0.047481998801231384
vt 0.34359601140022278 0.05096999928355217
vt 0.34359601140022278 0.05096999928355217
vt 0.34569099545478821 0.047860000282526016
vt 0.34569099545478821 0.047860000282526016
vt 0.3501339852809906 0.06152300164103508
vt 0.35154300928115845 0.057165000587701797
vt 0.35154300928115845 0.057165000587701797
vt 0.34912499785423279 0.049832999706268311
vt 0.34912499785423279 0.049832999706268311
vt 0.34763801097869873 0.047203000634908676
vt 0.34763801097869873 0.047203000634908676
vt 0.34295600652694702 0.056887000799179077
vt 0.34673899412155151 0.063617996871471405
vt 0.34855601191520691 0.048439998179674149
vt 0.34855601191520691 0.048439998179674149
vt 0.35101300477981567 0.055371001362800598
vt 0.35101300477981567 0.055371001362800598
vt 0.34411299228668213 0.050301000475883484
vt 0.34292399883270264 0.055583000183105469
vt 0.35039898753166199 0.060575000941753387
vt 0.34659698605537415 0.047648999840021133
vt 0.34659698605537415 0.047648999840021133
vt 0.34741100668907166 0.06347300112247467
vt 0.34768900275230408 0.017338000237941742
vt 0.34768900275230408 0.017338000237941742
vt 0.34768900275230408 0.017338000237941742
vt 0.35027000308036804 0.053243000060319901
vt 0.35027000308036804 0.053243000060319901
vt 0.34340900182723999 0.055070001631975174
vt 0.34992000460624695 0.058791998773813248
vt 0.34772199392318726 0.062715001404285431
vt 0.34952598810195923 0.051070000976324081
vt 0.34952598810195923 0.051070000976324081
vt 0.34510898590087891 0.050266999751329422
vt 0.34769600629806519 0.048094000667333603
vt 0.34769600629806519 0.048094000667333603
vt 0.34869199991226196 0.049198001623153687
vt 0.34869199991226196 0.049198001623153687
vt 0.34869199991226196 0.049198001623153687
vt 0.34898298978805542 0.056340999901294708
vt 0.34412598609924316 0.055048000067472458
vt 0.34754100441932678 0.061344001442193985
vt 0.34616300463676453 0.050567999482154846
vt 0.34483098983764648 0.055282000452280045
vt 0.34695199131965637 0.059438999742269516
vt 0.34808400273323059 0.053543999791145325
vt 0.34717199206352234 0.051493000239133835
vt 0.34717199206352234 0.051493000239133835
vt 0.34717199206352234 0.051493000239133835
vt 0.34551000595092773 0.055973000824451447
vt 0.34620898962020874 0.057388000190258026
vt 0.33609500527381897 0.072677001357078552
vt 0.33660599589347839 0.074805997312068939
vt 0.33586901426315308 0.070315003395080566
vt 0.3373430073261261 0.07641100138425827
vt 0.33591398596763611 0.068030998110771179
vt 0.3336699903011322 0.073702998459339142
vt 0.33625701069831848 0.066214002668857574
vt 0.3381899893283844 0.077134996652603149
vt 0.33335301280021667 0.071038998663425446
vt 0.33440101146697998 0.076466001570224762
vt 0.33346998691558838 0.06867700070142746
vt 0.33541598916053772 0.078694999217987061
vt 0.33687099814414978 0.065099999308586121
vt 0.33891400694847107 0.076801002025604248
vt 0.33396700024604797 0.066859997808933258
vt 0.33650898933410645 0.079697996377944946
vt 0.33761501312255859 0.064820997416973114
vt 0.3316589891910553 0.074706003069877625
vt 0.33135500550270081 0.071942001581192017
vt 0.33934798836708069 0.075507998466491699
vt 0.33237001299858093 0.077514000236988068
vt 0.33476299047470093 0.065756998956203461
vt 0.33833199739456177 0.065479002892971039
vt 0.33143898844718933 0.069502003490924835
vt 0.33339801430702209 0.079809002578258514
vt 0.33950901031494141 0.073579996824264526
vt 0.33743399381637573 0.079152002930641174
vt 0.33892101049423218 0.066937997937202454
vt 0.33948299288749695 0.071307003498077393
vt 0.33191800117492676 0.067695997655391693
vt 0.33930900692939758 0.068966999650001526
vt 0.33575901389122009 0.065500997006893158
vt 0.33449101448059082 0.080845996737480164
vt 0.33802801370620728 0.077302001416683197
vt 0.33006799221038818 0.075341001152992249
vt 0.33270600438117981 0.066748999059200287
vt 0.32983499765396118 0.072833001613616943
vt 0.33059799671173096 0.077670000493526459
vt 0.33672899007797241 0.066224999725818634
vt 0.33543500304222107 0.080265998840332031
vt 0.32991299033164978 0.070449002087116241
vt 0.33137398958206177 0.0794529989361763
vt 0.33829399943351746 0.074805997312068939
vt 0.33752399682998657 0.067718997597694397
vt 0.33031401038169861 0.068565003573894501
vt 0.33367601037025452 0.066648997366428375
vt 0.33831900358200073 0.072232000529766083
vt 0.33807399868965149 0.069779999554157257
vt 0.33227300643920898 0.080233000218868256
vt 0.33610799908638 0.078360997140407562
vt 0.33098000288009644 0.067428998649120331
vt 0.33469799160957336 0.06722799688577652
vt 0.33310100436210632 0.079842999577522278
vt 0.33644399046897888 0.075797997415065765
vt 0.3355650007724762 0.068553999066352844
vt 0.33182099461555481 0.067184001207351685
vt 0.33647599816322327 0.073133997619152069
vt 0.33616599440574646 0.070615999400615692
vt 0.33366400003433228 0.078372001647949219
vt 0.33264800906181335 0.067841000854969025
vt 0.33393499255180359 0.076232001185417175
vt 0.33331400156021118 0.069289997220039368
vt 0.33395498991012573 0.073803000152111053
vt 0.33375400304794312 0.071363002061843872
vt 0.32230201363563538 0.080512002110481262
vt 0.32194000482559204 0.077425003051757813
vt 0.32307100296020508 0.083765000104904175
vt 0.32208800315856934 0.074683003127574921
vt 0.32401499152183533 0.086551003158092499
vt 0.31611999869346619 0.079218998551368713
vt 0.32263800501823425 0.072576999664306641
vt 0.31578999757766724 0.082416996359825134
vt 0.32503700256347656 0.087788000702857971
vt 0.31241500377655029 0.078561000525951385
vt 0.31216898560523987 0.08173699676990509
vt 0.31617799401283264 0.076333001255989075
vt 0.32047799229621887 0.085213996469974518
vt 0.31255701184272766 0.075797997415065765
vt 0.31187799572944641 0.085147000849246979
vt 0.31529200077056885 0.086028002202510834
vt 0.32340800762176514 0.071307003498077393
vt 0.32598799467086792 0.08697500079870224
vt 0.28747299313545227 0.072576999664306641
vt 0.28722700476646423 0.075519002974033356
vt 0.32171300053596497 0.088279001414775848
vt 0.28479000926017761 0.071897000074386597
vt 0.28453698754310608 0.074761003255844116
vt 0.31811198592185974 0.088825002312660217
vt 0.2877190113067627 0.070047996938228607
vt 0.29000198841094971 0.075975999236106873
vt 0.29020199179649353 0.073312997817993164
vt 0.2869429886341095 0.078606002032756805
vt 0.31164500117301941 0.088111996650695801
vt 0.31262099742889404 0.073735997080802917
vt 0.31606799364089966 0.073959000408649445
vt 0.28497698903083801 0.069435000419616699
vt 0.32434499263763428 0.071038998663425446
vt 0.28419500589370728 0.077803999185562134
vt 0.31489801406860352 0.08931499719619751
vt 0.31997400522232056 0.073302000761032104
vt 0.32277399301528931 0.089583002030849457
vt 0.32277399301528931 0.089583002030849457
vt 0.32277399301528931 0.089583002030849457
vt 0.28981399536132813 0.078506000339984894
vt 0.29037699103355408 0.070849999785423279
vt 0.32677000761032104 0.084556996822357178
vt 0.28200298547744751 0.074014998972415924
vt 0.28222200274467468 0.071484997868537903
vt 0.26362499594688416 0.051906000822782516
vt 0.2647629976272583 0.049320001155138016
vt 0.28790000081062317 0.068241998553276062
vt 0.28174999356269836 0.07636599987745285
vt 0.26270601153373718 0.053922999650239944
vt 0.28241598606109619 0.069077998399734497
vt 0.28511899709701538 0.067617997527122498
vt 0.32534098625183105 0.071763999760150909
vt 0.26211199164390564 0.048652000725269318
vt 0.26211199164390564 0.048652000725269318
vt 0.28667101263999939 0.081214003264904022
vt 0.26605001091957092 0.046401001513004303
vt 0.2838909924030304 0.080356001853942871
vt 0.26309400796890259 0.046500999480485916
vt 0.26309400796890259 0.046500999480485916
vt 0.26609501242637634 0.054758001118898392
vt 0.26699399948120117 0.05266299843788147
vt 0.29050600528717041 0.068954996764659882
vt 0.28967198729515076 0.080512002110481262
vt 0.26115500926971436 0.050556998699903488
vt 0.26115500926971436 0.050556998699903488
vt 0.31147700548171997 0.089527003467082977
vt 0.31262800097465515 0.072554998099803925
vt 0.26407098770141602 0.044227998703718185
vt 0.26407098770141602 0.044227998703718185
vt 0.32737201452255249 0.081592001020908356
vt 0.32374399900436401 0.088712997734546661
vt 0.32374399900436401 0.088712997734546661
vt 0.32374399900436401 0.088712997734546661
vt 0.31470400094985962 0.090786002576351166
vt 0.31470400094985962 0.090786002576351166
vt 0.26787298917770386 0.050567999482154846
vt 0.26543501019477844 0.056430000811815262
vt 0.3159320056438446 0.072509996592998505
vt 0.28153699636459351 0.078216001391410828
vt 0.32629799842834473 0.073423996567726135
vt 0.28255200386047363 0.06722799688577652
vt 0.26696100831031799 0.04442799836397171
vt 0.26696100831031799 0.04442799836397171
vt 0.26487898826599121 0.042321998625993729
vt 0.26487898826599121 0.042321998625993729
vt 0.26487898826599121 0.042321998625993729
vt 0.2620919942855835 0.05536000058054924
vt 0.32073000073432922 0.07166299968957901
vt 0.32753300666809082 0.078672997653484344
vt 0.32711899280548096 0.075831003487110138
vt 0.26037201285362244 0.052039001137018204
vt 0.28802898526191711 0.067406997084617615
vt 0.26835200190544128 0.049286998808383942
vt 0.28520300984382629 0.066604003310203552
vt 0.29058399796485901 0.067896999418735504
vt 0.28657400608062744 0.082516998052597046
vt 0.28962698578834534 0.081502996385097504
vt 0.32201099395751953 0.071318000555038452
vt 0.26506701111793518 0.057555001229047775
vt 0.28378099203109741 0.081625998020172119
vt 0.28262299299240112 0.066146999597549438
vt 0.31137299537658691 0.088846996426582336
vt 0.28146600723266602 0.079140998423099518
vt 0.31254398822784424 0.072398997843265533
vt 0.31738099455833435 0.071998000144958496
vt 0.31461998820304871 0.09006199985742569
vt 0.31461998820304871 0.09006199985742569
vt 0.26129001379013062 0.046934999525547028
vt 0.26129001379013062 0.046934999525547028
vt 0.32484298944473267 0.086038999259471893
vt 0.32484298944473267 0.086038999259471893
vt 0.26724600791931152 0.043903999030590057
vt 0.26052099466323853 0.048406001180410385
vt 0.26052099466323853 0.048406001180410385
vt 0.26528000831604004 0.041453000158071518
vt 0.26528000831604004 0.041453000158071518
vt 0.26211199164390564 0.045285999774932861
vt 0.26211199164390564 0.045285999774932861
vt 0.26844200491905212 0.048896998167037964
vt 0.25996500253677368 0.049499001353979111
vt 0.26284900307655334 0.043614998459815979
vt 0.26284900307655334 0.043614998459815979
vt 0.3224639892578125 0.072076000273227692
vt 0.29061600565910339 0.067796997725963593
vt 0.26497000455856323 0.058100998401641846
vt 0.26191100478172302 0.056083999574184418
vt 0.31610700488090515 0.072299003601074219
vt 0.28808799386024475 0.067473001778125763
vt 0.28970399498939514 0.081257998943328857
vt 0.26344400644302368 0.042132999747991562
vt 0.26344400644302368 0.042132999747991562
vt 0.26006200909614563 0.052875000983476639
vt 0.28523600101470947 0.066526003181934357
vt 0.25977098941802979 0.049988999962806702
vt 0.25860700011253357 0.039882000535726547
vt 0.2579210102558136 0.040561001747846603
vt 0.28266200423240662 0.066001996397972107
vt 0.25934401154518127 0.039078999310731888
vt 0.2867099940776825 0.082093998789787292
vt 0.28160199522972107 0.078939996659755707
vt 0.25742301344871521 0.041085001081228256
vt 0.26002299785614014 0.038176998496055603
vt 0.28392300009727478 0.081235997378826141
vt 0.31233701109886169 0.073279000818729401
vt 0.31134799122810364 0.086507000029087067
vt 0.26379299163818359 0.041230000555515289
vt 0.26379299163818359 0.041230000555515289
vt 0.26057299971580505 0.037330001592636108
vt 0.25724899768829346 0.041352000087499619
vt 0.25724899768829346 0.041352000087499619
vt 0.25989401340484619 0.049733001738786697
vt 0.25989401340484619 0.049733001738786697
vt 0.26838400959968567 0.049042001366615295
vt 0.26090198755264282 0.036805998533964157
vt 0.32439100742340088 0.074281997978687286
vt 0.25640198588371277 0.030141999945044518
vt 0.25640198588371277 0.030141999945044518
vt 0.25737199187278748 0.041207998991012573
vt 0.25737199187278748 0.041207998991012573
vt 0.25590398907661438 0.03024199977517128
vt 0.25743600726127625 0.029673999175429344
vt 0.26390299201011658 0.041018001735210419
vt 0.26390299201011658 0.041018001735210419
vt 0.29061600565910339 0.06863199919462204
vt 0.26036599278450012 0.048730000853538513
vt 0.26036599278450012 0.048730000853538513
vt 0.26495000720024109 0.05812399834394455
vt 0.32590401172637939 0.083153001964092255
vt 0.32590401172637939 0.083153001964092255
vt 0.28986600041389465 0.079842999577522278
vt 0.25554800033569336 0.030331000685691833
vt 0.26721999049186707 0.044116001576185226
vt 0.25785699486732483 0.02931700088083744
vt 0.26101198792457581 0.03668300062417984
vt 0.26101198792457581 0.03668300062417984
vt 0.2578049898147583 0.040695000439882278
vt 0.26533800363540649 0.041464000940322876
vt 0.28271400928497314 0.066826999187469482
vt 0.28192499279975891 0.077659003436565399
vt 0.26107001304626465 0.047235999256372452
vt 0.26107001304626465 0.047235999256372452
vt 0.31461301445960999 0.087531998753547668
vt 0.31461301445960999 0.087531998753547668
vt 0.25811499357223511 0.029106000438332558
vt 0.25542500615119934 0.030442999675869942
vt 0.25845101475715637 0.039937000721693039
vt 0.28806799650192261 0.068276003003120422
vt 0.26087000966072083 0.036917001008987427
vt 0.26374098658561707 0.041430000215768814
vt 0.26374098658561707 0.041430000215768814
vt 0.25918200612068176 0.039078999310731888
vt 0.28524899482727051 0.067461997270584106
vt 0.31205898523330688 0.075096003711223602
vt 0.26188498735427856 0.045543000102043152
vt 0.26188498735427856 0.045543000102043152
vt 0.31679201126098633 0.073523998260498047
vt 0.25989401340484619 0.038221001625061035
vt 0.25551599264144897 0.030409000813961029
vt 0.25551599264144897 0.030409000813961029
vt 0.25819298624992371 0.029071999713778496
vt 0.25819298624992371 0.029071999713778496
vt 0.26048800349235535 0.03744100034236908
vt 0.26191100478172302 0.056207001209259033
vt 0.28700798749923706 0.080243997275829315
vt 0.26266101002693176 0.043871000409126282
vt 0.26266101002693176 0.043871000409126282
vt 0.28428500890731812 0.07940799742937088
vt 0.26331400871276855 0.042410999536514282
vt 0.26331400871276855 0.042410999536514282
vt 0.26017799973487854 0.052841998636722565
vt 0.25583899021148682 0.030276000499725342
vt 0.32243800163269043 0.0725879967212677
vt 0.31139299273490906 0.083576001226902008
vt 0.32564499974250793 0.077179998159408569
vt 0.25808900594711304 0.029184000566601753
vt 0.25808900594711304 0.029184000566601753
vt 0.29007300734519958 0.077659003436565399
vt 0.25631099939346313 0.03007500059902668
vt 0.29056400060653687 0.070281997323036194
vt 0.26832601428031921 0.049453999847173691
vt 0.25684800744056702 0.02986299991607666
vt 0.25839999318122864 0.019331999123096466
vt 0.25839999318122864 0.019331999123096466
vt 0.25839999318122864 0.019331999123096466
vt 0.2578049898147583 0.02937299944460392
vt 0.32627201080322266 0.080243997275829315
vt 0.32627201080322266 0.080243997275829315
vt 0.32627201080322266 0.080243997275829315
vt 0.25865799188613892 0.019644999876618385
vt 0.25865799188613892 0.019644999876618385
vt 0.25865799188613892 0.019644999876618385
vt 0.28229400515556335 0.07566399872303009
vt 0.28275299072265625 0.068487003445625305
vt 0.26522800326347351 0.057466000318527222
vt 0.25899499654769897 0.019621999934315681
vt 0.29028001427650452 0.075117997825145721
vt 0.29044800996780396 0.072532996535301208
vt 0.31176799535751343 0.077659003436565399
vt 0.31176799535751343 0.077659003436565399
vt 0.25918900966644287 0.019711000844836235
vt 0.25918900966644287 0.019711000844836235
vt 0.25787600874900818 0.01855199970304966
vt 0.25787600874900818 0.01855199970304966
vt 0.25787600874900818 0.01855199970304966
vt 0.28256499767303467 0.073246002197265625
vt 0.28270700573921204 0.070716001093387604
vt 0.31153500080108643 0.080623000860214233
vt 0.2590009868144989 0.019666999578475952
vt 0.31531798839569092 0.075552999973297119
vt 0.28797098994255066 0.069835998117923737
vt 0.28522899746894836 0.069188997149467468
vt 0.25867798924446106 0.019644999876618385
vt 0.28731799125671387 0.077614001929759979
vt 0.28469300270080566 0.076834000647068024
vt 0.26584899425506592 0.056083999574184418
vt 0.26813799142837524 0.050312001258134842
vt 0.26510599255561829 0.04214400053024292
vt 0.26510599255561829 0.04214400053024292
vt 0.26709699630737305 0.044661998748779297
vt 0.26079198718070984 0.051771998405456543
vt 0.26079198718070984 0.051771998405456543
vt 0.26241499185562134 0.05536000058054924
vt 0.26673498749732971 0.05406700074672699
vt 0.28780901432037354 0.072120003402233124
vt 0.28513899445533752 0.071484997868537903
vt 0.28756999969482422 0.074817001819610596
vt 0.2640259861946106 0.010986000299453735
vt 0.2640259861946106 0.010986000299453735
vt 0.2640259861946106 0.010986000299453735
vt 0.2640259861946106 0.010986000299453735
vt 0.26761499047279358 0.051883000880479813
vt 0.28497698903083801 0.074115000665187836
vt 0.26165199279785156 0.049910999834537506
vt 0.26165199279785156 0.049910999834537506
vt 0.32548999786376953 0.082806997001171112
vt 0.31467100977897644 0.084757000207901001
vt 0.26260900497436523 0.047681998461484909
vt 0.26260900497436523 0.047681998461484909
vt 0.26329499483108521 0.053520999848842621
vt 0.26443898677825928 0.050902999937534332
vt 0.26454898715019226 0.043425001204013824
vt 0.26454898715019226 0.043425001204013824
vt 0.26454898715019226 0.043425001204013824
vt 0.26363798975944519 0.045409001410007477
vt 0.26363798975944519 0.045409001410007477
vt 0.31670200824737549 0.074193000793457031
vt 0.26669600605964661 0.045798998326063156
vt 0.26669600605964661 0.045798998326063156
vt 0.2657260000705719 0.047993998974561691
vt 0.31462600827217102 0.082806997001171112
vt 0.31462600827217102 0.082806997001171112
vt 0.31462600827217102 0.082806997001171112
vt 0.31487798690795898 0.079775996506214142
vt 0.31487798690795898 0.079775996506214142
vt 0.31487798690795898 0.079775996506214142
vt 0.31487798690795898 0.079775996506214142
vt 0.31448400020599365 0.085960999131202698
vt 0.31448400020599365 0.085960999131202698
vt 0.3223859965801239 0.072977997362613678
vt 0.32508200407028198 0.083296999335289001
vt 0.31639799475669861 0.074727997183799744
vt 0.31082999706268311 0.081927001476287842
vt 0.31518900394439697 0.07711300253868103
vt 0.31518900394439697 0.07711300253868103
vt 0.31108200550079346 0.079052001237869263
vt 0.3106749951839447 0.085036002099514008
vt 0.31443199515342712 0.08925899863243103
vt 0.31443199515342712 0.08925899863243103
vt 0.32471999526023865 0.082906998693943024
vt 0.31139901280403137 0.076745003461837769
vt 0.31062999367713928 0.088312000036239624
vt 0.32398301362991333 0.079742997884750366
vt 0.32398301362991333 0.079742997884750366
vt 0.31616500020027161 0.075462996959686279
vt 0.31616500020027161 0.075462996959686279
vt 0.32288399338722229 0.073536001145839691
vt 0.32288399338722229 0.073536001145839691
vt 0.31462600827217102 0.092367999255657196
vt 0.31462600827217102 0.092367999255657196
vt 0.32370498776435852 0.076733998954296112
vt 0.32370498776435852 0.076733998954296112
vt 0.3241640031337738 0.082763001322746277
vt 0.3241640031337738 0.082763001322746277
vt 0.31170299649238586 0.075251996517181396
vt 0.31066900491714478 0.091041997075080872
vt 0.31698000431060791 0.07496199756860733
vt 0.28148499131202698 0.074862003326416016
vt 0.31478101015090942 0.093526996672153473
vt 0.31478101015090942 0.093526996672153473
vt 0.28126499056816101 0.07779199630022049
vt 0.28175699710845947 0.072209000587463379
vt 0.27849799394607544 0.0740479975938797
vt 0.31787198781967163 0.074248999357223511
vt 0.32681500911712646 0.078450001776218414
vt 0.28471198678016663 0.075563997030258179
vt 0.32316198945045471 0.073969997465610504
vt 0.32316198945045471 0.073969997465610504
vt 0.32316198945045471 0.073969997465610504
vt 0.2786790132522583 0.071451999247074127
vt 0.27824500203132629 0.07690100371837616
vt 0.2849000096321106 0.072990000247955322
vt 0.28453698754310608 0.078204996883869171
vt 0.32655000686645508 0.075641997158527374
vt 0.31192299723625183 0.074772000312805176
vt 0.31079798936843872 0.09212300181388855
vt 0.32700300216674805 0.081436000764369965
vt 0.31919100880622864 0.073523998260498047
vt 0.32427400350570679 0.085860997438430786
vt 0.32427400350570679 0.085860997438430786
vt 0.32427400350570679 0.085860997438430786
vt 0.32131901383399963 0.072878003120422363
vt 0.28103899955749512 0.080711998045444489
vt 0.28201499581336975 0.070137001574039459
vt 0.28440201282501221 0.080623000860214233
vt 0.28507399559020996 0.070882998406887054
vt 0.27885299921035767 0.069367997348308563
vt 0.2779029905796051 0.079764999449253082
vt 0.2758139967918396 0.073324002325534821
vt 0.3262459933757782 0.07334599643945694
vt 0.32284501194953918 0.072098001837730408
vt 0.27597600221633911 0.070804998278617859
vt 0.27555501461029053 0.075831003487110138
vt 0.32711300253868103 0.084545999765396118
vt 0.31478101015090942 0.0923909991979599
vt 0.31584200263023376 0.075373999774456024
vt 0.31201401352882385 0.075306996703147888
vt 0.31098499894142151 0.091086998581886292
vt 0.28435000777244568 0.082373000681400299
vt 0.28523600101470947 0.069513000547885895
vt 0.28225499391555786 0.068943999707698822
vt 0.27523899078369141 0.07804899662733078
vt 0.28087699413299561 0.083007998764514923
vt 0.27606600522994995 0.068720996379852295
vt 0.32433199882507324 0.088747002184391022
vt 0.32433199882507324 0.088747002184391022
vt 0.32433199882507324 0.088747002184391022
vt 0.32596200704574585 0.071818999946117401
vt 0.31703799962997437 0.09146600216627121
vt 0.27900201082229614 0.067985996603965759
vt 0.27766299247741699 0.082005001604557037
vt 0.34229001402854919 0.074203997850418091
vt 0.34202501177787781 0.07171899825334549
vt 0.34251001477241516 0.07690100371837616
vt 0.32715800404548645 0.087108999490737915
vt 0.3445659875869751 0.0733800008893013
vt 0.33980000019073486 0.074883997440338135
vt 0.33961299061775208 0.072476997971534729
vt 0.3443790078163147 0.070972003042697906
vt 0.33998799324035645 0.07733599841594696
vt 0.2749989926815033 0.079641997814178467
vt 0.25665399432182312 0.038656000047922134
vt 0.32284501194953918 0.071428999304771423
vt 0.31903600692749023 0.090651996433734894
vt 0.27612400054931641 0.067340001463890076
vt 0.34481799602508545 0.075986996293067932
vt 0.31522101163864136 0.089482001960277557
vt 0.31599700450897217 0.077257998287677765
vt 0.3417850136756897 0.069757997989654541
vt 0.31199398636817932 0.07685600221157074
vt 0.31123098731040955 0.088423997163772583
vt 0.2576499879360199 0.036550000309944153
vt 0.2576499879360199 0.036550000309944153
vt 0.28538501262664795 0.069055996835231781
vt 0.2844269871711731 0.083030000329017639
vt 0.25422200560569763 0.044183000922203064
vt 0.25538000464439392 0.041597999632358551
vt 0.3394320011138916 0.070482000708580017
vt 0.25805100798606873 0.045320000499486923
vt 0.34274300932884216 0.079542003571987152
vt 0.25893598794937134 0.043157998472452164
vt 0.32574200630187988 0.071250997483730316
vt 0.32426100969314575 0.089772000908851624
vt 0.32426100969314575 0.089772000908851624
vt 0.28246200084686279 0.068609997630119324
vt 0.34420999884605408 0.068999998271465302
vt 0.34014299511909485 0.079542003571987152
vt 0.32065901160240173 0.089983999729156494
vt 0.2809160053730011 0.083921000361442566
vt 0.25717100501060486 0.047370001673698425
vt 0.25428101420402527 0.035780999809503555
vt 0.25428101420402527 0.035780999809503555
vt 0.25335600972175598 0.046089000999927521
vt 0.34660300612449646 0.07263299822807312
vt 0.34513500332832336 0.07857300341129303
vt 0.25521200895309448 0.03386399894952774
vt 0.25521200895309448 0.03386399894952774
vt 0.25521200895309448 0.03386399894952774
vt 0.25325900316238403 0.038054000586271286
vt 0.25325900316238403 0.038054000586271286
vt 0.34644100069999695 0.070315003395080566
vt 0.27916398644447327 0.067506998777389526
vt 0.25229498744010925 0.040272001177072525
vt 0.25229498744010925 0.040272001177072525
vt 0.3270609974861145 0.088067002594470978
vt 0.27768900990486145 0.082874000072479248
vt 0.25947999954223633 0.041708998382091522
vt 0.3468489944934845 0.074917003512382507
vt 0.33927598595619202 0.069145001471042633
vt 0.31193000078201294 0.079196996986865997
vt 0.3115290105342865 0.085213996469974518
vt 0.34156599640846252 0.068565003573894501
vt 0.25658300518989563 0.048886001110076904
vt 0.27618899941444397 0.066859997808933258
vt 0.25144198536872864 0.042176999151706696
vt 0.25144198536872864 0.042176999151706696
vt 0.27499300241470337 0.080243997275829315
vt 0.32270300388336182 0.072008997201919556
vt 0.34633100032806396 0.068365000188350677
vt 0.31575798988342285 0.086172997951507568
vt 0.31614598631858826 0.079998999834060669
vt 0.34020799398422241 0.081113003194332123
vt 0.25812199711799622 0.035725001245737076
vt 0.31178098917007446 0.082093998789787292
vt 0.34405499696731567 0.067662999033927917
vt 0.34713301062583923 0.076912000775337219
vt 0.34290400147438049 0.081580996513366699
vt 0.28550699353218079 0.069557003676891327
vt 0.35773798823356628 0.055560998618602753
vt 0.2846280038356781 0.082416996359825134
vt 0.35986599326133728 0.060798000544309616
vt 0.32563900947570801 0.071685999631881714
vt 0.32399600744247437 0.088624000549316406
vt 0.35886400938034058 0.058357998728752136
vt 0.35689800977706909 0.053543999791145325
vt 0.35689800977706909 0.053543999791145325
vt 0.25583899021148682 0.032850001007318497
vt 0.25583899021148682 0.032850001007318497
vt 0.31610700488090515 0.083062998950481415
vt 0.34535500407218933 0.080555997788906097
vt 0.25971201062202454 0.041085001081228256
vt 0.35681399703025818 0.06143299862742424
vt 0.25290998816490173 0.047224998474121094
vt 0.36064800620079041 0.062614999711513519
vt 0.35962000489234924 0.053197998553514481
vt 0.35962000489234924 0.053197998553514481
vt 0.35604399442672729 0.059415999799966812
vt 0.36051899194717407 0.055371001362800598
vt 0.36051899194717407 0.055371001362800598
vt 0.2825779914855957 0.069011002779006958
vt 0.36136001348495483 0.057489000260829926
vt 0.36136001348495483 0.057489000260829926
vt 0.3575960099697113 0.063360996544361115
vt 0.3268280029296875 0.08697500079870224
vt 0.28120699524879456 0.083075001835823059
vt 0.34625399112701416 0.067028000950813293
vt 0.35883098840713501 0.051359999924898148
vt 0.35883098840713501 0.051359999924898148
vt 0.35883098840713501 0.051359999924898148
vt 0.33914101123809814 0.06863199919462204
vt 0.25635600090026855 0.049798998981714249
vt 0.25087299942970276 0.043480999767780304
vt 0.3621160089969635 0.059305001050233841
vt 0.3621160089969635 0.059305001050233841
vt 0.27629300951957703 0.067373000085353851
vt 0.34733998775482178 0.078304998576641083
vt 0.27931201457977295 0.068063996732234955
vt 0.34138500690460205 0.068163998425006866
vt 0.27798700332641602 0.082071997225284576
vt 0.27521300315856934 0.079676002264022827
vt 0.35560399293899536 0.05806799978017807
vt 0.35560399293899536 0.05806799978017807
vt 0.34014299511909485 0.081647999584674835
vt 0.35815200209617615 0.064799003303050995
vt 0.32256099581718445 0.073757998645305634
vt 0.28555899858474731 0.07096099853515625
vt 0.28489300608634949 0.080711998045444489
vt 0.3439059853553772 0.067116998136043549
vt 0.3256320059299469 0.073100998997688293
vt 0.34287801384925842 0.082327999174594879
vt 0.35657399892807007 0.052786000072956085
vt 0.32349199056625366 0.085703998804092407
vt 0.253277987241745 0.034588001668453217
vt 0.253277987241745 0.034588001668453217
vt 0.36111998558044434 0.063707001507282257
vt 0.25394400954246521 0.033162001520395279
vt 0.25394400954246521 0.033162001520395279
vt 0.25248900055885315 0.036249000579118729
vt 0.25248900055885315 0.036249000579118729
vt 0.35836601257324219 0.050390001386404037
vt 0.35836601257324219 0.050390001386404037
vt 0.32649898529052734 0.084322996437549591
vt 0.34617599844932556 0.0665149986743927
vt 0.25167500972747803 0.037943001836538315
vt 0.25167500972747803 0.037943001836538315
vt 0.25982901453971863 0.040984999388456345
vt 0.36267200112342834 0.060564000159502029
vt 0.34533599019050598 0.081257998943328857
vt 0.25834199786186218 0.035624999552965164
vt 0.33903101086616516 0.069021999835968018
vt 0.28551399707794189 0.073100998997688293
vt 0.28515800833702087 0.078327000141143799
vt 0.35546201467514038 0.057511001825332642
vt 0.25097000598907471 0.03944699838757515
vt 0.25439101457595825 0.032258998602628708
vt 0.25439101457595825 0.032258998602628708
vt 0.27633801102638245 0.068777002394199371
vt 0.35842999815940857 0.065656997263431549
vt 0.28260400891304016 0.070270001888275146
vt 0.2755419909954071 0.078092999756336212
vt 0.2564530074596405 0.050099998712539673
vt 0.28163400292396545 0.080834999680519104
vt 0.34733998775482178 0.078783996403217316
vt 0.25616899132728577 0.032593999058008194
vt 0.28537800908088684 0.075686000287532806
vt 0.33994901180267334 0.081001996994018555
vt 0.32568401098251343 0.075329996645450592
vt 0.25051099061965942 0.040527999401092529
vt 0.32245698571205139 0.076388001441955566
vt 0.27938398718833923 0.069502003490924835
vt 0.27845200896263123 0.079875998198986053
vt 0.25002598762512207 0.028348000720143318
vt 0.253013014793396 0.04755999892950058
vt 0.34127500653266907 0.068443000316619873
vt 0.25065299868583679 0.027622999623417854
vt 0.32613000273704529 0.081169001758098602
vt 0.24928200244903564 0.029171999543905258
vt 0.32291600108146667 0.082428000867366791
vt 0.25457799434661865 0.031980998814105988
vt 0.36055099964141846 0.052262000739574432
vt 0.36055099964141846 0.052262000739574432
vt 0.36122998595237732 0.053867001086473465
vt 0.36122998595237732 0.053867001086473465
vt 0.24851199984550476 0.029997000470757484
vt 0.36194199323654175 0.055482998490333557
vt 0.36194199323654175 0.055482998490333557
vt 0.25106000900268555 0.027166999876499176
vt 0.35997599363327026 0.050891999155282974
vt 0.35997599363327026 0.050891999155282974
vt 0.2762799859046936 0.070849999785423279
vt 0.27587199211120605 0.075887002050876617
vt 0.25084701180458069 0.043949000537395477
vt 0.32584598660469055 0.078115999698638916
vt 0.36255601048469543 0.056931000202894211
vt 0.36255601048469543 0.056931000202894211
vt 0.24784600734710693 0.030733000487089157
vt 0.34377101063728333 0.067539997398853302
vt 0.34609198570251465 0.066915996372699738
vt 0.34259998798370361 0.081459000706672668
vt 0.27611801028251648 0.073367998003959656
vt 0.3225409984588623 0.079364001750946045
vt 0.33899199962615967 0.070270001888275146
vt 0.25042000412940979 0.040918000042438507
vt 0.35961401462554932 0.050032999366521835
vt 0.35961401462554932 0.050032999366521835
vt 0.35961401462554932 0.050032999366521835
vt 0.28251999616622925 0.072376996278762817
vt 0.25122800469398499 0.027022000402212143
vt 0.25122800469398499 0.027022000402212143
vt 0.24689599871635437 0.018875999376177788
vt 0.28202798962593079 0.077959999442100525
vt 0.24737399816513062 0.018686000257730484
vt 0.24740000069141388 0.031289998441934586
vt 0.36297601461410522 0.057968001812696457
vt 0.25346601009368896 0
vt 0.25346601009368896 0
vt 0.25346601009368896 0
vt 0.35544300079345703 0.057422000914812088
vt 0.24634000658988953 0.019076000899076462
vt 0.36305400729179382 0.046902000904083252
vt 0.35651001334190369 0.05270799994468689
vt 0.25996500253677368 0.041152000427246094
vt 0.36253601312637329 0.046177998185157776
vt 0.36432799696922302 0.048574000597000122
vt 0.35843700170516968 0.065947003662586212
vt 0.24575799703598022 0.019243000075221062
vt 0.25450700521469116 0.032326001673936844
vt 0.25450700521469116 0.032326001673936844
vt 0.24769100546836853 0.018564000725746155
vt 0.24769100546836853 0.018564000725746155
vt 0.33968400955200195 0.079352997243404388
vt 0.34505799412727356 0.080434001982212067
vt 0.34713301062583923 0.078193999826908112
vt 0.24762000143527985 0.0078880004584789276
vt 0.35819700360298157 0.050156001001596451
vt 0.24793699383735657 0.0084560001268982887
vt 0.36489701271057129 0.049320001155138016
vt 0.36115899682044983 0.064041003584861755
vt 0.24525299668312073 0.019409999251365662
vt 0.27934500575065613 0.071607999503612518
vt 0.27890500426292419 0.077035002410411835
vt 0.24829299747943878 0.0085570001974701881
vt 0.24719999730587006 0.0075420001521706581
vt 0.36219999194145203 0.045710001140832901
vt 0.36219999194145203 0.045710001140832901
vt 0.28230598568916321 0.075039997696876526
vt 0.36281499266624451 0.061032000929117203
vt 0.25113800168037415 0.027222000062465668
vt 0.36536198854446411 0.038532998412847519
vt 0.247297003865242 0.031500998884439468
vt 0.247297003865242 0.031500998884439468
vt 0.3594839870929718 0.049766000360250473
vt 0.3594839870929718 0.049766000360250473
vt 0.36497399210929871 0.03830999881029129
vt 0.36528500914573669 0.049876999109983444
vt 0.24781399965286255 0.018530000001192093
vt 0.24781399965286255 0.018530000001192093
vt 0.36629998683929443 0.038989998400211334
vt 0.25661501288414001 0.049855001270771027
vt 0.24851900339126587 0.0086789997294545174
vt 0.24851900339126587 0.0086789997294545174
vt 0.24491700530052185 0.019555000588297844
vt 0.36671999096870422 0.039202000945806503
vt 0.36309900879859924 0.058347001671791077
vt 0.25064599514007568 0.040561001747846603
vt 0.36472898721694946 0.038164999336004257
vt 0.36472898721694946 0.038164999336004257
vt 0.3390440046787262 0.072232000529766083
vt 0.25417700409889221 0.033339999616146088
vt 0.25417700409889221 0.033339999616146088
vt 0.36451500654220581 0.028270000591874123
vt 0.36208400130271912 0.045575998723506927
vt 0.36208400130271912 0.045575998723506927
vt 0.27920299768447876 0.074203997850418091
vt 0.36427599191665649 0.028770999982953072
vt 0.24702499806880951 0.0072639998979866505
vt 0.24702499806880951 0.0072639998979866505
vt 0.34124898910522461 0.069535002112388611
vt 0.36701101064682007 0.039368998259305954
vt 0.36484500765800476 0.028001999482512474
vt 0.25080201029777527 0.027801999822258949
vt 0.24831199645996094 0.0085899997502565384
vt 0.33941900730133057 0.077101998031139374
vt 0.24774299561977386 0.018619000911712646
vt 0.36399099230766296 0.0288270004093647
vt 0.34605300426483154 0.06814199686050415
vt 0.36539500951766968 0.050099998712539673
vt 0.36539500951766968 0.050099998712539673
vt 0.24749100208282471 0.03132300078868866
vt 0.24483299255371094 0.019644999876618385
vt 0.24483299255371094 0.019644999876618385
vt 0.36464500427246094 0.038120999932289124
vt 0.36464500427246094 0.038120999932289124
vt 0.35958799719810486 0.020279999822378159
vt 0.35958799719810486 0.020279999822378159
vt 0.35958799719810486 0.020279999822378159
vt 0.25360199809074402 0.034866999834775925
vt 0.25360199809074402 0.034866999834775925
vt 0.33919200301170349 0.074628002941608429
vt 0.25024598836898804 0.028659999370574951
vt 0.2479500025510788 0.0086009996011853218
vt 0.36382299661636353 0.028915999457240105
vt 0.36382299661636353 0.028915999457240105
vt 0.25123500823974609 0.039581000804901123
vt 0.25847101211547852 0.035870000720024109
vt 0.36709499359130859 0.039468999952077866
vt 0.35958799719810486 0.050110999494791031
vt 0.35958799719810486 0.050110999494791031
vt 0.36218699812889099 0.045777000486850739
vt 0.36500000953674316 0.027767999097704887
vt 0.24727100133895874 0.0077320002019405365
vt 0.24747799336910248 0.018864000216126442
vt 0.24954099953174591 0.029528999701142311
vt 0.25286400318145752 0.036550000309944153
vt 0.25286400318145752 0.036550000309944153
vt 0.24802699685096741 0.030899999663233757
vt 0.34218600392341614 0.079319000244140625
vt 0.24765899777412415 0.0082670003175735474
vt 0.25202998518943787 0.038176998496055603
vt 0.25202998518943787 0.038176998496055603
vt 0.34371200203895569 0.068787999451160431
vt 0.36293700337409973 0.058012001216411591
vt 0.24875800311565399 0.030286999419331551
vt 0.34682300686836243 0.076688997447490692
vt 0.36472201347351074 0.038210000842809677
vt 0.24498200416564941 0.019600000232458115
vt 0.36525198817253113 0.049922000616788864
vt 0.36399799585342407 0.028872000053524971
vt 0.24704499542713165 0.019199000671505928
vt 0.25620800256729126 0.033027999103069305
vt 0.25620800256729126 0.033027999103069305
vt 0.36699199676513672 0.039425000548362732
vt 0.36248499155044556 0.046344999223947525
vt 0.36430200934410095 0.028915999457240105
vt 0.24650099873542786 0.019455000758171082
vt 0.24537600576877594 0.019588999450206757
vt 0.35541000962257385 0.057599999010562897
vt 0.36483201384544373 0.028180999681353569
vt 0.36494898796081543 0.038476999849081039
vt 0.24591900408267975 0.01956699974834919
vt 0.3648189902305603 0.049476001411676407
vt 0.36453500390052795 0.028636999428272247
vt 0.25993898510932922 0.04182099923491478
vt 0.35837900638580322 0.065746001899242401
vt 0.35990500450134277 0.051070000976324081
vt 0.35990500450134277 0.051070000976324081
vt 0.36296999454498291 0.047191999852657318
vt 0.3666749894618988 0.039379999041557312
vt 0.34461799263954163 0.078350000083446503
vt 0.3653239905834198 0.038833998143672943
vt 0.36356499791145325 0.048071999102830887
vt 0.36421799659729004 0.048840999603271484
vt 0.34611201286315918 0.070024996995925903
vt 0.36576300859451294 0.039135001599788666
vt 0.36245900392532349 0.057064998894929886
vt 0.36245900392532349 0.057064998894929886
vt 0.36624199151992798 0.039301998913288116
vt 0.25329101085662842 0.047281000763177872
vt 0.36042198538780212 0.052530001848936081
vt 0.36042198538780212 0.052530001848936081
vt 0.34651198983192444 0.074638999998569489
vt 0.36178600788116455 0.055716998875141144
vt 0.36178600788116455 0.055716998875141144
vt 0.36106899380683899 0.054145000874996185
vt 0.36106899380683899 0.054145000874996185
vt 0.34132599830627441 0.071441002190113068
vt 0.25703498721122742 0.048974998295307159
vt 0.34627300500869751 0.072310000658035278
vt 0.25126099586486816 0.043570000678300858
vt 0.25126099586486816 0.043570000678300858
vt 0.34180501103401184 0.076610997319221497
vt 0.35652300715446472 0.052963998168706894
vt 0.3437579870223999 0.070683002471923828
vt 0.3582879900932312 0.05059099942445755
vt 0.3582879900932312 0.05059099942445755
vt 0.34152698516845703 0.073891997337341309
vt 0.36103600263595581 0.063807003200054169
vt 0.34419101476669312 0.075686000287532806
vt 0.3625819981098175 0.060687001794576645
vt 0.2595059871673584 0.043269000947475433
vt 0.2577269971370697 0.04745899885892868
vt 0.3439059853553772 0.073068000376224518
vt 0.35551398992538452 0.058235000818967819
vt 0.35806798934936523 0.064943999052047729
vt 0.25863298773765564 0.045409001410007477
vt 0.25826400518417358 0.03673899918794632
vt 0.25826400518417358 0.03673899918794632
vt 0.2558709979057312 0.034198001027107239
vt 0.2558709979057312 0.034198001027107239
vt 0.2558709979057312 0.034198001027107239
vt 0.35594698786735535 0.059594999998807907
vt 0.35749900341033936 0.063539996743202209
vt 0.25398299098014832 0.046188998967409134
vt 0.25212699174880981 0.042399998754262924
vt 0.25212699174880981 0.042399998754262924
vt 0.35671699047088623 0.061611998826265335
vt 0.35866299271583557 0.051727000623941422
vt 0.35866299271583557 0.051727000623941422
vt 0.35866299271583557 0.051727000623941422
vt 0.3619219958782196 0.059572000056505203
vt 0.3619219958782196 0.059572000056505203
vt 0.35680100321769714 0.053810998797416687
vt 0.35680100321769714 0.053810998797416687
vt 0.36052501201629639 0.062793001532554626
vt 0.25509500503540039 0.036226000636816025
vt 0.25509500503540039 0.036226000636816025
vt 0.25737801194190979 0.038833998143672943
vt 0.25608500838279724 0.041742999106645584
vt 0.25411900877952576 0.038499999791383743
vt 0.25411900877952576 0.038499999791383743
vt 0.25312298536300659 0.040628001093864441
vt 0.25312298536300659 0.040628001093864441
vt 0.25494000315666199 0.044305998831987381
vt 0.35937398672103882 0.053665999323129654
vt 0.35937398672103882 0.053665999323129654
vt 0.36109399795532227 0.057879000902175903
vt 0.36109399795532227 0.057879000902175903
vt 0.36023399233818054 0.055849999189376831
vt 0.36023399233818054 0.055849999189376831
vt 0.35760900378227234 0.055817000567913055
vt 0.35873401165008545 0.058591999113559723
vt 0.35972398519515991 0.061021000146865845
vt 0.34345999360084534 0.20182199776172638
vt 0.34028500318527222 0.20264700055122375
vt 0.34662199020385742 0.20094199478626251
vt 0.3375760018825531 0.20299200713634491
vt 0.34922200441360474 0.20116500556468964
vt 0.35062500834465027 0.20167699456214905
vt 0.35323798656463623 0.20258000493049622
vt 0.33583000302314758 0.20318199694156647
vt 0.35598599910736084 0.20070800185203552
vt 0.33540898561477661 0.20324799418449402
vt 0.33590701222419739 0.20410700142383575
vt 0.35625800490379333 0.20071899890899658
vt 0.32237300276756287 0.091899998486042023
vt 0.32237300276756287 0.091899998486042023
vt 0.32422900199890137 0.091499000787734985
vt 0.32422900199890137 0.091499000787734985
vt 0.32422900199890137 0.091499000787734985
vt 0.33717501163482666 0.20485299825668335
vt 0.31999298930168152 0.092679999768733978
vt 0.31999298930168152 0.092679999768733978
vt 0.32567098736763 0.090998001396656036
vt 0.32567098736763 0.090998001396656036
vt 0.32562598586082458 0.10009100288152695
vt 0.35344499349594116 0.20241299271583557
vt 0.32781800627708435 0.099099002778530121
vt 0.32404100894927979 0.10214100033044815
vt 0.32727500796318054 0.08996099978685379
vt 0.35153698921203613 0.2024800032377243
vt 0.31813099980354309 0.093717001378536224
vt 0.31813099980354309 0.093717001378536224
vt 0.35026299953460693 0.20226800441741943
vt 0.3295769989490509 0.098775997757911682
vt 0.32783100008964539 0.089583002030849457
vt 0.32352998852729797 0.10482700169086456
vt 0.33941200375556946 0.20532099902629852
vt 0.34825798869132996 0.20207799971103668
vt 0.33093500137329102 0.098586998879909515
vt 0.32937601208686829 0.088747002184391022
vt 0.32937601208686829 0.088747002184391022
vt 0.31678599119186401 0.094752997159957886
vt 0.3457300066947937 0.20299200713634491
vt 0.32350501418113708 0.10703399777412415
vt 0.33215698599815369 0.097873002290725708
vt 0.34245198965072632 0.204352006316185
vt 0.3329780101776123 0.097249001264572144
vt 0.33369600772857666 0.096904002130031586
vt 0.33007499575614929 0.088958002626895905
vt 0.33418700098991394 0.096726000308990479
vt 0.33435499668121338 0.096570000052452087
vt 0.3234269917011261 0.10774700343608856
vt 0.33417400717735291 0.096468999981880188
vt 0.31592598557472229 0.094842001795768738
vt 0.33375400304794312 0.096658997237682343
vt 0.33237698674201965 0.097795002162456512
vt 0.32945400476455688 0.089482001960277557
vt 0.32317501306533813 0.10655400156974792
vt 0.33114200830459595 0.098541997373104095
vt 0.32329100370407104 0.10429199784994125
vt 0.31670799851417542 0.09446299821138382
vt 0.31670799851417542 0.09446299821138382
vt 0.32790198922157288 0.09006199985742569
vt 0.32986798882484436 0.098307996988296509
vt 0.32402199506759644 0.1013059988617897
vt 0.32708698511123657 0.09070800244808197
vt 0.32822498679161072 0.098052002489566803
vt 0.31816300749778748 0.092881001532077789
vt 0.31816300749778748 0.092881001532077789
vt 0.32596799731254578 0.098888002336025238
vt 0.32559999823570251 0.090630002319812775
vt 0.32041400671005249 0.092179000377655029
vt 0.32041400671005249 0.092179000377655029
vt 0.32453298568725586 0.091031000018119812
vt 0.32453298568725586 0.091031000018119812
vt 0.32453298568725586 0.091031000018119812
vt 0.32295501232147217 0.091622002422809601
vt 0.32295501232147217 0.091622002422809601
vt 0.32295501232147217 0.091622002422809601
vt 0.32295501232147217 0.091622002422809601
vt 0.35839799046516418 0.26498499512672424
vt 0.35839799046516418 0.26498499512672424
vt 0.35750600695610046 0.25602498650550842
vt 0.36848598718643188 0.25990301370620728
vt 0.33921799063682556 0.25638198852539063
vt 0.3441460132598877 0.22463299334049225
vt 0.38937899470329285 0.2849540114402771
vt 0.34247100353240967 0.21960699558258057
vt 0.34593001008033752 0.22136799991130829
vt 0.35151800513267517 0.22504599392414093
vt 0.33736199140548706 0.2197519987821579
vt 0.34585899114608765 0.21414700150489807
vt 0.34258100390434265 0.21299900114536285
vt 0.33890798687934875 0.21731199324131012
vt 0.35039201378822327 0.22204799950122833
vt 0.36741200089454651 0.23029400408267975
vt 0.34866601228713989 0.21488299965858459
vt 0.33908200263977051 0.21201899647712708
vt 0.35045701265335083 0.21551799774169922
vt 0.32759800553321838 0.2553899884223938
vt 0.32759800553321838 0.2553899884223938
vt 0.33617299795150757 0.21532799303531647
vt 0.35225498676300049 0.21474899351596832
vt 0.34384199976921082 0.20528799295425415
vt 0.35630300641059875 0.22052100300788879
vt 0.34651899337768555 0.20535500347614288
vt 0.33619201183319092 0.21127200126647949
vt 0.34080898761749268 0.20526500046253204
vt 0.28270700573921204 0.31056201457977295
vt 0.35519099235534668 0.2136790007352829
vt 0.34893101453781128 0.20582300424575806
vt 0.33791801333427429 0.2051209956407547
vt 0.33321699500083923 0.21622000634670258
vt 0.35069000720977783 0.20657999813556671
vt 0.35969799757003784 0.21901699900627136
vt 0.35179600119590759 0.20737199485301971
vt 0.35788100957870483 0.21217499673366547
vt 0.3537290096282959 0.2076060026884079
vt 0.33367601037025452 0.2140360027551651
vt 0.36231699585914612 0.222338005900383
vt 0.33405798673629761 0.21032500267028809
vt 0.35603800415992737 0.2070930004119873
vt 0.33576500415802002 0.20487500727176666
vt 0.36241999268531799 0.21865999698638916
vt 0.36066800355911255 0.21195200085639954
vt 0.35841101408004761 0.20624600350856781
vt 0.37279200553894043 0.23602199554443359
vt 0.33196300268173218 0.21668800711631775
vt 0.33364400267601013 0.21031400561332703
vt 0.33520901203155518 0.2050199955701828
vt 0.33329498767852783 0.21409100294113159
vt 0.36454799771308899 0.2226720005273819
vt 0.36369401216506958 0.21749000251293182
vt 0.36175400018692017 0.21048100292682648
vt 0.35938099026679993 0.20528799295425415
vt 0.32847699522972107 0.31284698843955994
vt 0.3324739933013916 0.2696869969367981
vt 0.33586901426315308 0.20576700568199158
vt 0.38070699572563171 0.30335301160812378
vt 0.36336401104927063 0.30621600151062012
vt 0.33473101258277893 0.21153900027275085
vt 0.36254298686981201 0.21812500059604645
vt 0.36092600226402283 0.21138300001621246
vt 0.33493098616600037 0.21614199876785278
vt 0.33429700136184692 0.21820299327373505
vt 0.3586370050907135 0.20627999305725098
vt 0.36896398663520813 0.28808599710464478
vt 0.36203199625015259 0.22265000641345978
vt 0.36203199625015259 0.22265000641345978
vt 0.33731099963188171 0.20698200166225433
vt 0.35632899403572083 0.20719300210475922
vt 0.35822299122810364 0.21159499883651733
vt 0.36001500487327576 0.21797999739646912
vt 0.35422098636627197 0.20767299830913544
vt 0.3369159996509552 0.21302199363708496
vt 0.35613501071929932 0.21293200552463531
vt 0.35215100646018982 0.20692600309848785
vt 0.35747998952865601 0.22058799862861633
vt 0.33800899982452393 0.21922899782657623
vt 0.33984598517417908 0.20781700313091278
vt 0.3387719988822937 0.22317300736904144
vt 0.35427901148796082 0.2142920047044754
vt 0.35286900401115417 0.28174498677253723
vt 0.34920299053192139 0.20714899897575378
vt 0.35468000173568726 0.22926899790763855
vt 0.35468000173568726 0.22926899790763855
vt 0.34046000242233276 0.21504999697208405
vt 0.34664800763130188 0.20753900706768036
vt 0.34316301345825195 0.22316199541091919
vt 0.34821298718452454 0.22908000648021698
vt 0.34345999360084534 0.20803999900817871
vt 0.35324400663375854 0.22540199756622314
vt 0.36516198515892029 0.23937599360942841
vt 0.35107800364494324 0.21675500273704529
vt 0.34805199503898621 0.22503399848937988
vt 0.34489598870277405 0.21655400097370148
vt 0.34825798869132996 0.21624200046062469
vt 0.2153329998254776 0.72545397281646729
vt 0.18629799783229828 0.75378197431564331
vt 0.11245699971914291 0.70198601484298706
vt 0.25182300806045532 0.79114699363708496
vt 0.28411099314689636 0.78443801403045654
vt 0.26185300946235657 0.80237901210784912
vt 0.096878997981548309 0.69256901741027832
vt 0.081960998475551605 0.64240002632141113
vt 0.07824300229549408 0.69217902421951294
vt 0.26641800999641418 0.81229698657989502
vt 0.065361000597476959 0.64001500606536865
vt 0.29929399490356445 0.77711701393127441
vt 0.066739000380039215 0.69173300266265869
vt 0.054058000445365906 0.63490098714828491
vt 0.057911999523639679 0.68646299839019775
vt 0.29412698745727539 0.79095697402954102
vt 0.26857799291610718 0.81648701429367065
vt 0.2586129903793335 0.85775297880172729
vt 0.066739000380039215 0.69173300266265869
vt 0.29929399490356445 0.77711701393127441
vt 0.065361000597476959 0.64001500606536865
vt 0.25366601347923279 0.83802801370620728
vt 0.26641800999641418 0.81229698657989502
vt 0.07824300229549408 0.69217902421951294
vt 0.24697999656200409 0.82569199800491333
vt 0.081960998475551605 0.64240002632141113
vt 0.096878997981548309 0.69256901741027832
vt 0.26185300946235657 0.80237901210784912
vt 0.28411099314689636 0.78443801403045654
vt 0.25182300806045532 0.79114699363708496
vt 0.11245699971914291 0.70198601484298706
vt 0.23794600367546082 0.77660399675369263
vt 0.10378500074148178 0.64993298053741455
vt 0.27626699209213257 0.78043699264526367
vt 0.21528099477291107 0.76398897171020508
vt 0.18629799783229828 0.75378197431564331
vt 0.14755100011825562 0.66973602771759033
vt 0.26756900548934937 0.76391100883483887
vt 0.15813000500202179 0.71906900405883789
vt 0.18327200412750244 0.68249499797821045
vt 0.2153329998254776 0.72545397281646729
vt 0.24577699601650238 0.74457699060440063
vt 0.2101140022277832 0.68587201833724976
vt 0.35873401165008545 0.058591999113559723
vt 0.35972398519515991 0.061021000146865845
vt 0.35760900378227234 0.055817000567913055
vt 0.36023399233818054 0.055849999189376831
vt 0.36023399233818054 0.055849999189376831
vt 0.36109399795532227 0.057879000902175903
vt 0.36109399795532227 0.057879000902175903
vt 0.35937398672103882 0.053665999323129654
vt 0.35937398672103882 0.053665999323129654
vt 0.25494000315666199 0.044305998831987381
vt 0.25312298536300659 0.040628001093864441
vt 0.25312298536300659 0.040628001093864441
vt 0.25411900877952576 0.038499999791383743
vt 0.25411900877952576 0.038499999791383743
vt 0.25608500838279724 0.041742999106645584
vt 0.25737801194190979 0.038833998143672943
vt 0.25509500503540039 0.036226000636816025
vt 0.25509500503540039 0.036226000636816025
vt 0.36052501201629639 0.062793001532554626
vt 0.35680100321769714 0.053810998797416687
vt 0.35680100321769714 0.053810998797416687
vt 0.3619219958782196 0.059572000056505203
vt 0.3619219958782196 0.059572000056505203
vt 0.35866299271583557 0.051727000623941422
vt 0.35866299271583557 0.051727000623941422
vt 0.35866299271583557 0.051727000623941422
vt 0.35671699047088623 0.061611998826265335
vt 0.25212699174880981 0.042399998754262924
vt 0.25212699174880981 0.042399998754262924
vt 0.25398299098014832 0.046188998967409134
vt 0.35749900341033936 0.063539996743202209
vt 0.35594698786735535 0.059594999998807907
vt 0.2558709979057312 0.034198001027107239
vt 0.2558709979057312 0.034198001027107239
vt 0.2558709979057312 0.034198001027107239
vt 0.25826400518417358 0.03673899918794632
vt 0.25826400518417358 0.03673899918794632
vt 0.25863298773765564 0.045409001410007477
vt 0.35806798934936523 0.064943999052047729
vt 0.35551398992538452 0.058235000818967819
vt 0.2577269971370697 0.04745899885892868
vt 0.3439059853553772 0.073068000376224518
vt 0.2595059871673584 0.043269000947475433
vt 0.3625819981098175 0.060687001794576645
vt 0.34419101476669312 0.075686000287532806
vt 0.36103600263595581 0.063807003200054169
vt 0.34152698516845703 0.073891997337341309
vt 0.3582879900932312 0.05059099942445755
vt 0.3582879900932312 0.05059099942445755
vt 0.3437579870223999 0.070683002471923828
vt 0.35652300715446472 0.052963998168706894
vt 0.34180501103401184 0.076610997319221497
vt 0.25126099586486816 0.043570000678300858
vt 0.25126099586486816 0.043570000678300858
vt 0.34627300500869751 0.072310000658035278
vt 0.25703498721122742 0.048974998295307159
vt 0.34132599830627441 0.071441002190113068
vt 0.36106899380683899 0.054145000874996185
vt 0.36106899380683899 0.054145000874996185
vt 0.36178600788116455 0.055716998875141144
vt 0.36178600788116455 0.055716998875141144
vt 0.34651198983192444 0.074638999998569489
vt 0.36042198538780212 0.052530001848936081
vt 0.36042198538780212 0.052530001848936081
vt 0.25329101085662842 0.047281000763177872
vt 0.36624199151992798 0.039301998913288116
vt 0.36245900392532349 0.057064998894929886
vt 0.36245900392532349 0.057064998894929886
vt 0.34611201286315918 0.070024996995925903
vt 0.36356499791145325 0.048071999102830887
vt 0.36421799659729004 0.048840999603271484
vt 0.3653239905834198 0.038833998143672943
vt 0.3666749894618988 0.039379999041557312
vt 0.34461799263954163 0.078350000083446503
vt 0.36296999454498291 0.047191999852657318
vt 0.35990500450134277 0.051070000976324081
vt 0.35990500450134277 0.051070000976324081
vt 0.25993898510932922 0.04182099923491478
vt 0.35837900638580322 0.065746001899242401
vt 0.36453500390052795 0.028636999428272247
vt 0.3648189902305603 0.049476001411676407
vt 0.24591900408267975 0.01956699974834919
vt 0.36494898796081543 0.038476999849081039
vt 0.36483201384544373 0.028180999681353569
vt 0.35541000962257385 0.057599999010562897
vt 0.24537600576877594 0.019588999450206757
vt 0.24650099873542786 0.019455000758171082
vt 0.36430200934410095 0.028915999457240105
vt 0.36248499155044556 0.046344999223947525
vt 0.36699199676513672 0.039425000548362732
vt 0.25620800256729126 0.033027999103069305
vt 0.25620800256729126 0.033027999103069305
vt 0.24704499542713165 0.019199000671505928
vt 0.36399799585342407 0.028872000053524971
vt 0.24498200416564941 0.019600000232458115
vt 0.36525198817253113 0.049922000616788864
vt 0.36472201347351074 0.038210000842809677
vt 0.24875800311565399 0.030286999419331551
vt 0.34682300686836243 0.076688997447490692
vt 0.36293700337409973 0.058012001216411591
vt 0.24765899777412415 0.0082670003175735474
vt 0.25202998518943787 0.038176998496055603
vt 0.25202998518943787 0.038176998496055603
vt 0.34371200203895569 0.068787999451160431
vt 0.34218600392341614 0.079319000244140625
vt 0.24802699685096741 0.030899999663233757
vt 0.24727100133895874 0.0077320002019405365
vt 0.24747799336910248 0.018864000216126442
vt 0.24954099953174591 0.029528999701142311
vt 0.25286400318145752 0.036550000309944153
vt 0.25286400318145752 0.036550000309944153
vt 0.36500000953674316 0.027767999097704887
vt 0.36218699812889099 0.045777000486850739
vt 0.35958799719810486 0.050110999494791031
vt 0.35958799719810486 0.050110999494791031
vt 0.36709499359130859 0.039468999952077866
vt 0.25847101211547852 0.035870000720024109
vt 0.25123500823974609 0.039581000804901123
vt 0.2479500025510788 0.0086009996011853218
vt 0.36382299661636353 0.028915999457240105
vt 0.36382299661636353 0.028915999457240105
vt 0.25024598836898804 0.028659999370574951
vt 0.25360199809074402 0.034866999834775925
vt 0.25360199809074402 0.034866999834775925
vt 0.33919200301170349 0.074628002941608429
vt 0.35958799719810486 0.020279999822378159
vt 0.35958799719810486 0.020279999822378159
vt 0.35958799719810486 0.020279999822378159
vt 0.36464500427246094 0.038120999932289124
vt 0.36464500427246094 0.038120999932289124
vt 0.24483299255371094 0.019644999876618385
vt 0.24483299255371094 0.019644999876618385
vt 0.24749100208282471 0.03132300078868866
vt 0.36539500951766968 0.050099998712539673
vt 0.36539500951766968 0.050099998712539673
vt 0.24774299561977386 0.018619000911712646
vt 0.36399099230766296 0.0288270004093647
vt 0.34605300426483154 0.06814199686050415
vt 0.33941900730133057 0.077101998031139374
vt 0.24831199645996094 0.0085899997502565384
vt 0.25080201029777527 0.027801999822258949
vt 0.36484500765800476 0.028001999482512474
vt 0.36701101064682007 0.039368998259305954
vt 0.24702499806880951 0.0072639998979866505
vt 0.24702499806880951 0.0072639998979866505
vt 0.34124898910522461 0.069535002112388611
vt 0.36427599191665649 0.028770999982953072
vt 0.27920299768447876 0.074203997850418091
vt 0.36451500654220581 0.028270000591874123
vt 0.36208400130271912 0.045575998723506927
vt 0.36208400130271912 0.045575998723506927
vt 0.25417700409889221 0.033339999616146088
vt 0.25417700409889221 0.033339999616146088
vt 0.3390440046787262 0.072232000529766083
vt 0.36472898721694946 0.038164999336004257
vt 0.36472898721694946 0.038164999336004257
vt 0.25064599514007568 0.040561001747846603
vt 0.36309900879859924 0.058347001671791077
vt 0.36671999096870422 0.039202000945806503
vt 0.24491700530052185 0.019555000588297844
vt 0.24851900339126587 0.0086789997294545174
vt 0.24851900339126587 0.0086789997294545174
vt 0.36629998683929443 0.038989998400211334
vt 0.25661501288414001 0.049855001270771027
vt 0.24781399965286255 0.018530000001192093
vt 0.24781399965286255 0.018530000001192093
vt 0.36497399210929871 0.03830999881029129
vt 0.36528500914573669 0.049876999109983444
vt 0.3594839870929718 0.049766000360250473
vt 0.3594839870929718 0.049766000360250473
vt 0.247297003865242 0.031500998884439468
vt 0.247297003865242 0.031500998884439468
vt 0.3658280074596405 0.038777999579906464
vt 0.25113800168037415 0.027222000062465668
vt 0.36281499266624451 0.061032000929117203
vt 0.28230598568916321 0.075039997696876526
vt 0.24719999730587006 0.0075420001521706581
vt 0.36219999194145203 0.045710001140832901
vt 0.36219999194145203 0.045710001140832901
vt 0.24829299747943878 0.0085570001974701881
vt 0.27890500426292419 0.077035002410411835
vt 0.27934500575065613 0.071607999503612518
vt 0.24525299668312073 0.019409999251365662
vt 0.36489701271057129 0.049320001155138016
vt 0.36115899682044983 0.064041003584861755
vt 0.24793699383735657 0.0084560001268982887
vt 0.35819700360298157 0.050156001001596451
vt 0.34713301062583923 0.078193999826908112
vt 0.34505799412727356 0.080434001982212067
vt 0.33968400955200195 0.079352997243404388
vt 0.24769100546836853 0.018564000725746155
vt 0.24769100546836853 0.018564000725746155
vt 0.24575799703598022 0.019243000075221062
vt 0.25450700521469116 0.032326001673936844
vt 0.25450700521469116 0.032326001673936844
vt 0.36253601312637329 0.046177998185157776
vt 0.36432799696922302 0.048574000597000122
vt 0.35843700170516968 0.065947003662586212
vt 0.25996500253677368 0.041152000427246094
vt 0.35651001334190369 0.05270799994468689
vt 0.36368098855018616 0.047738000750541687
vt 0.24634000658988953 0.019076000899076462
vt 0.25346601009368896 0
vt 0.25346601009368896 0
vt 0.25346601009368896 0
vt 0.35544300079345703 0.057422000914812088
vt 0.24740000069141388 0.031289998441934586
vt 0.36297601461410522 0.057968001812696457
vt 0.24737399816513062 0.018686000257730484
vt 0.28202798962593079 0.077959999442100525
vt 0.24689599871635437 0.018875999376177788
vt 0.25122800469398499 0.027022000402212143
vt 0.25122800469398499 0.027022000402212143
vt 0.28251999616622925 0.072376996278762817
vt 0.25042000412940979 0.040918000042438507
vt 0.35961401462554932 0.050032999366521835
vt 0.35961401462554932 0.050032999366521835
vt 0.35961401462554932 0.050032999366521835
vt 0.33899199962615967 0.070270001888275146
vt 0.3225409984588623 0.079364001750946045
vt 0.27611801028251648 0.073367998003959656
vt 0.34259998798370361 0.081459000706672668
vt 0.34609198570251465 0.066915996372699738
vt 0.34377101063728333 0.067539997398853302
vt 0.24784600734710693 0.030733000487089157
vt 0.36255601048469543 0.056931000202894211
vt 0.36255601048469543 0.056931000202894211
vt 0.32584598660469055 0.078115999698638916
vt 0.25084701180458069 0.043949000537395477
vt 0.27587199211120605 0.075887002050876617
vt 0.2762799859046936 0.070849999785423279
vt 0.35997599363327026 0.050891999155282974
vt 0.35997599363327026 0.050891999155282974
vt 0.25106000900268555 0.027166999876499176
vt 0.24851199984550476 0.029997000470757484
vt 0.36194199323654175 0.055482998490333557
vt 0.36194199323654175 0.055482998490333557
vt 0.36122998595237732 0.053867001086473465
vt 0.36122998595237732 0.053867001086473465
vt 0.36055099964141846 0.052262000739574432
vt 0.36055099964141846 0.052262000739574432
vt 0.25457799434661865 0.031980998814105988
vt 0.32291600108146667 0.082428000867366791
vt 0.24928200244903564 0.029171999543905258
vt 0.32613000273704529 0.081169001758098602
vt 0.25065299868583679 0.027622999623417854
vt 0.34127500653266907 0.068443000316619873
vt 0.25002598762512207 0.028348000720143318
vt 0.253013014793396 0.04755999892950058
vt 0.27845200896263123 0.079875998198986053
vt 0.27938398718833923 0.069502003490924835
vt 0.25051099061965942 0.040527999401092529
vt 0.32245698571205139 0.076388001441955566
vt 0.32568401098251343 0.075329996645450592
vt 0.33994901180267334 0.081001996994018555
vt 0.25616899132728577 0.032593999058008194
vt 0.28537800908088684 0.075686000287532806
vt 0.34733998775482178 0.078783996403217316
vt 0.28163400292396545 0.080834999680519104
vt 0.2564530074596405 0.050099998712539673
vt 0.2755419909954071 0.078092999756336212
vt 0.28260400891304016 0.070270001888275146
vt 0.35842999815940857 0.065656997263431549
vt 0.27633801102638245 0.068777002394199371
vt 0.25439101457595825 0.032258998602628708
vt 0.25439101457595825 0.032258998602628708
vt 0.25097000598907471 0.03944699838757515
vt 0.35546201467514038 0.057511001825332642
vt 0.28551399707794189 0.073100998997688293
vt 0.28515800833702087 0.078327000141143799
vt 0.33903101086616516 0.069021999835968018
vt 0.25834199786186218 0.035624999552965164
vt 0.34533599019050598 0.081257998943328857
vt 0.25982901453971863 0.040984999388456345
vt 0.36267200112342834 0.060564000159502029
vt 0.25167500972747803 0.037943001836538315
vt 0.25167500972747803 0.037943001836538315
vt 0.34617599844932556 0.0665149986743927
vt 0.32649898529052734 0.084322996437549591
vt 0.35836601257324219 0.050390001386404037
vt 0.35836601257324219 0.050390001386404037
vt 0.25394400954246521 0.033162001520395279
vt 0.25394400954246521 0.033162001520395279
vt 0.25248900055885315 0.036249000579118729
vt 0.25248900055885315 0.036249000579118729
vt 0.36111998558044434 0.063707001507282257
vt 0.253277987241745 0.034588001668453217
vt 0.253277987241745 0.034588001668453217
vt 0.32349199056625366 0.085703998804092407
vt 0.35657399892807007 0.052786000072956085
vt 0.34287801384925842 0.082327999174594879
vt 0.3439059853553772 0.067116998136043549
vt 0.3256320059299469 0.073100998997688293
vt 0.28489300608634949 0.080711998045444489
vt 0.28555899858474731 0.07096099853515625
vt 0.32256099581718445 0.073757998645305634
vt 0.35815200209617615 0.064799003303050995
vt 0.34014299511909485 0.081647999584674835
vt 0.35560399293899536 0.05806799978017807
vt 0.35560399293899536 0.05806799978017807
vt 0.27521300315856934 0.079676002264022827
vt 0.27798700332641602 0.082071997225284576
vt 0.34138500690460205 0.068163998425006866
vt 0.27931201457977295 0.068063996732234955
vt 0.34733998775482178 0.078304998576641083
vt 0.27629300951957703 0.067373000085353851
vt 0.3621160089969635 0.059305001050233841
vt 0.3621160089969635 0.059305001050233841
vt 0.25087299942970276 0.043480999767780304
vt 0.25635600090026855 0.049798998981714249
vt 0.35883098840713501 0.051359999924898148
vt 0.35883098840713501 0.051359999924898148
vt 0.35883098840713501 0.051359999924898148
vt 0.33914101123809814 0.06863199919462204
vt 0.34625399112701416 0.067028000950813293
vt 0.28120699524879456 0.083075001835823059
vt 0.3268280029296875 0.08697500079870224
vt 0.3575960099697113 0.063360996544361115
vt 0.36136001348495483 0.057489000260829926
vt 0.36136001348495483 0.057489000260829926
vt 0.36051899194717407 0.055371001362800598
vt 0.36051899194717407 0.055371001362800598
vt 0.2825779914855957 0.069011002779006958
vt 0.35604399442672729 0.059415999799966812
vt 0.35962000489234924 0.053197998553514481
vt 0.35962000489234924 0.053197998553514481
vt 0.36064800620079041 0.062614999711513519
vt 0.25290998816490173 0.047224998474121094
vt 0.35681399703025818 0.06143299862742424
vt 0.25971201062202454 0.041085001081228256
vt 0.34535500407218933 0.080555997788906097
vt 0.31610700488090515 0.083062998950481415
vt 0.25583899021148682 0.032850001007318497
vt 0.25583899021148682 0.032850001007318497
vt 0.35689800977706909 0.053543999791145325
vt 0.35689800977706909 0.053543999791145325
vt 0.35886400938034058 0.058357998728752136
vt 0.32399600744247437 0.088624000549316406
vt 0.32563900947570801 0.071685999631881714
vt 0.35986599326133728 0.060798000544309616
vt 0.2846280038356781 0.082416996359825134
vt 0.35773798823356628 0.055560998618602753
vt 0.28550699353218079 0.069557003676891327
vt 0.34405499696731567 0.067662999033927917
vt 0.34713301062583923 0.076912000775337219
vt 0.34290400147438049 0.081580996513366699
vt 0.31178098917007446 0.082093998789787292
vt 0.25812199711799622 0.035725001245737076
vt 0.34020799398422241 0.081113003194332123
vt 0.31614598631858826 0.079998999834060669
vt 0.31575798988342285 0.086172997951507568
vt 0.34633100032806396 0.068365000188350677
vt 0.32270300388336182 0.072008997201919556
vt 0.27499300241470337 0.080243997275829315
vt 0.25144198536872864 0.042176999151706696
vt 0.25144198536872864 0.042176999151706696
vt 0.25658300518989563 0.048886001110076904
vt 0.27618899941444397 0.066859997808933258
vt 0.34156599640846252 0.068565003573894501
vt 0.3115290105342865 0.085213996469974518
vt 0.31193000078201294 0.079196996986865997
vt 0.33927598595619202 0.069145001471042633
vt 0.3468489944934845 0.074917003512382507
vt 0.25947999954223633 0.041708998382091522
vt 0.27768900990486145 0.082874000072479248
vt 0.3270609974861145 0.088067002594470978
vt 0.25229498744010925 0.040272001177072525
vt 0.25229498744010925 0.040272001177072525
vt 0.27916398644447327 0.067506998777389526
vt 0.34644100069999695 0.070315003395080566
vt 0.25521200895309448 0.03386399894952774
vt 0.25521200895309448 0.03386399894952774
vt 0.25521200895309448 0.03386399894952774
vt 0.25325900316238403 0.038054000586271286
vt 0.25325900316238403 0.038054000586271286
vt 0.34513500332832336 0.07857300341129303
vt 0.34660300612449646 0.07263299822807312
vt 0.25335600972175598 0.046089000999927521
vt 0.25428101420402527 0.035780999809503555
vt 0.25428101420402527 0.035780999809503555
vt 0.25717100501060486 0.047370001673698425
vt 0.2809160053730011 0.083921000361442566
vt 0.32065901160240173 0.089983999729156494
vt 0.34420999884605408 0.068999998271465302
vt 0.34014299511909485 0.079542003571987152
vt 0.28246200084686279 0.068609997630119324
vt 0.32426100969314575 0.089772000908851624
vt 0.32426100969314575 0.089772000908851624
vt 0.32574200630187988 0.071250997483730316
vt 0.25893598794937134 0.043157998472452164
vt 0.34274300932884216 0.079542003571987152
vt 0.25805100798606873 0.045320000499486923
vt 0.3394320011138916 0.070482000708580017
vt 0.25538000464439392 0.041597999632358551
vt 0.25422200560569763 0.044183000922203064
vt 0.2844269871711731 0.083030000329017639
vt 0.28538501262664795 0.069055996835231781
vt 0.2576499879360199 0.036550000309944153
vt 0.2576499879360199 0.036550000309944153
vt 0.31199398636817932 0.07685600221157074
vt 0.31123098731040955 0.088423997163772583
vt 0.3417850136756897 0.069757997989654541
vt 0.31599700450897217 0.077257998287677765
vt 0.31522101163864136 0.089482001960277557
vt 0.34481799602508545 0.075986996293067932
vt 0.27612400054931641 0.067340001463890076
vt 0.31903600692749023 0.090651996433734894
vt 0.25665399432182312 0.038656000047922134
vt 0.32284501194953918 0.071428999304771423
vt 0.2749989926815033 0.079641997814178467
vt 0.33998799324035645 0.07733599841594696
vt 0.3443790078163147 0.070972003042697906
vt 0.33961299061775208 0.072476997971534729
vt 0.33980000019073486 0.074883997440338135
vt 0.3445659875869751 0.0733800008893013
vt 0.34251001477241516 0.07690100371837616
vt 0.32715800404548645 0.087108999490737915
vt 0.34202501177787781 0.07171899825334549
vt 0.34229001402854919 0.074203997850418091
vt 0.27766299247741699 0.082005001604557037
vt 0.27900201082229614 0.067985996603965759
vt 0.31703799962997437 0.09146600216627121
vt 0.32596200704574585 0.071818999946117401
vt 0.32433199882507324 0.088747002184391022
vt 0.32433199882507324 0.088747002184391022
vt 0.32433199882507324 0.088747002184391022
vt 0.27606600522994995 0.068720996379852295
vt 0.28087699413299561 0.083007998764514923
vt 0.27523899078369141 0.07804899662733078
vt 0.28225499391555786 0.068943999707698822
vt 0.28523600101470947 0.069513000547885895
vt 0.28435000777244568 0.082373000681400299
vt 0.31098499894142151 0.091086998581886292
vt 0.31201401352882385 0.075306996703147888
vt 0.31584200263023376 0.075373999774456024
vt 0.31478101015090942 0.0923909991979599
vt 0.32711300253868103 0.084545999765396118
vt 0.27555501461029053 0.075831003487110138
vt 0.27597600221633911 0.070804998278617859
vt 0.32284501194953918 0.072098001837730408
vt 0.3262459933757782 0.07334599643945694
vt 0.2758139967918396 0.073324002325534821
vt 0.27885299921035767 0.069367997348308563
vt 0.2779029905796051 0.079764999449253082
vt 0.28507399559020996 0.070882998406887054
vt 0.28440201282501221 0.080623000860214233
vt 0.28201499581336975 0.070137001574039459
vt 0.28103899955749512 0.080711998045444489
vt 0.32131901383399963 0.072878003120422363
vt 0.32453298568725586 0.091031000018119812
vt 0.32453298568725586 0.091031000018119812
vt 0.32453298568725586 0.091031000018119812
vt 0.32427400350570679 0.085860997438430786
vt 0.32427400350570679 0.085860997438430786
vt 0.32427400350570679 0.085860997438430786
vt 0.31919100880622864 0.073523998260498047
vt 0.32700300216674805 0.081436000764369965
vt 0.31079798936843872 0.09212300181388855
vt 0.31192299723625183 0.074772000312805176
vt 0.32559999823570251 0.090630002319812775
vt 0.32655000686645508 0.075641997158527374
vt 0.2849000096321106 0.072990000247955322
vt 0.28453698754310608 0.078204996883869171
vt 0.27824500203132629 0.07690100371837616
vt 0.2786790132522583 0.071451999247074127
vt 0.32316198945045471 0.073969997465610504
vt 0.32316198945045471 0.073969997465610504
vt 0.32316198945045471 0.073969997465610504
vt 0.28471198678016663 0.075563997030258179
vt 0.32681500911712646 0.078450001776218414
vt 0.31787198781967163 0.074248999357223511
vt 0.27849799394607544 0.0740479975938797
vt 0.31816300749778748 0.092881001532077789
vt 0.31816300749778748 0.092881001532077789
vt 0.28175699710845947 0.072209000587463379
vt 0.28126499056816101 0.07779199630022049
vt 0.31478101015090942 0.093526996672153473
vt 0.31478101015090942 0.093526996672153473
vt 0.32708698511123657 0.09070800244808197
vt 0.28148499131202698 0.074862003326416016
vt 0.31698000431060791 0.07496199756860733
vt 0.31066900491714478 0.091041997075080872
vt 0.31170299649238586 0.075251996517181396
vt 0.3241640031337738 0.082763001322746277
vt 0.3241640031337738 0.082763001322746277
vt 0.32370498776435852 0.076733998954296112
vt 0.32370498776435852 0.076733998954296112
vt 0.31462600827217102 0.092367999255657196
vt 0.31462600827217102 0.092367999255657196
vt 0.32288399338722229 0.073536001145839691
vt 0.32288399338722229 0.073536001145839691
vt 0.31670799851417542 0.09446299821138382
vt 0.31670799851417542 0.09446299821138382
vt 0.31616500020027161 0.075462996959686279
vt 0.31616500020027161 0.075462996959686279
vt 0.32398301362991333 0.079742997884750366
vt 0.32398301362991333 0.079742997884750366
vt 0.31062999367713928 0.088312000036239624
vt 0.31139901280403137 0.076745003461837769
vt 0.32471999526023865 0.082906998693943024
vt 0.31443199515342712 0.08925899863243103
vt 0.31443199515342712 0.08925899863243103
vt 0.3106749951839447 0.085036002099514008
vt 0.31108200550079346 0.079052001237869263
vt 0.31518900394439697 0.07711300253868103
vt 0.31518900394439697 0.07711300253868103
vt 0.31082999706268311 0.081927001476287842
vt 0.31639799475669861 0.074727997183799744
vt 0.32508200407028198 0.083296999335289001
vt 0.3223859965801239 0.072977997362613678
vt 0.31448400020599365 0.085960999131202698
vt 0.31448400020599365 0.085960999131202698
vt 0.31487798690795898 0.079775996506214142
vt 0.31487798690795898 0.079775996506214142
vt 0.31487798690795898 0.079775996506214142
vt 0.31487798690795898 0.079775996506214142
vt 0.31462600827217102 0.082806997001171112
vt 0.31462600827217102 0.082806997001171112
vt 0.31462600827217102 0.082806997001171112
vt 0.33007499575614929 0.088958002626895905
vt 0.2657260000705719 0.047993998974561691
vt 0.26669600605964661 0.045798998326063156
vt 0.26669600605964661 0.045798998326063156
vt 0.31670200824737549 0.074193000793457031
vt 0.26363798975944519 0.045409001410007477
vt 0.26363798975944519 0.045409001410007477
vt 0.26454898715019226 0.043425001204013824
vt 0.26454898715019226 0.043425001204013824
vt 0.26454898715019226 0.043425001204013824
vt 0.26443898677825928 0.050902999937534332
vt 0.26260900497436523 0.047681998461484909
vt 0.26260900497436523 0.047681998461484909
vt 0.26329499483108521 0.053520999848842621
vt 0.31467100977897644 0.084757000207901001
vt 0.32548999786376953 0.082806997001171112
vt 0.26165199279785156 0.049910999834537506
vt 0.26165199279785156 0.049910999834537506
vt 0.28497698903083801 0.074115000665187836
vt 0.26761499047279358 0.051883000880479813
vt 0.2640259861946106 0.010986000299453735
vt 0.2640259861946106 0.010986000299453735
vt 0.2640259861946106 0.010986000299453735
vt 0.31678599119186401 0.094752997159957886
vt 0.28513899445533752 0.071484997868537903
vt 0.28756999969482422 0.074817001819610596
vt 0.28780901432037354 0.072120003402233124
vt 0.26673498749732971 0.05406700074672699
vt 0.26241499185562134 0.05536000058054924
vt 0.26079198718070984 0.051771998405456543
vt 0.26079198718070984 0.051771998405456543
vt 0.26510599255561829 0.04214400053024292
vt 0.26510599255561829 0.04214400053024292
vt 0.26709699630737305 0.044661998748779297
vt 0.26813799142837524 0.050312001258134842
vt 0.26584899425506592 0.056083999574184418
vt 0.28469300270080566 0.076834000647068024
vt 0.28731799125671387 0.077614001929759979
vt 0.25841298699378967 0.019143000245094299
vt 0.28522899746894836 0.069188997149467468
vt 0.28797098994255066 0.069835998117923737
vt 0.31531798839569092 0.075552999973297119
vt 0.2590009868144989 0.019666999578475952
vt 0.31153500080108643 0.080623000860214233
vt 0.28270700573921204 0.070716001093387604
vt 0.28256499767303467 0.073246002197265625
vt 0.25787600874900818 0.01855199970304966
vt 0.25787600874900818 0.01855199970304966
vt 0.25918900966644287 0.019711000844836235
vt 0.25918900966644287 0.019711000844836235
vt 0.31176799535751343 0.077659003436565399
vt 0.31176799535751343 0.077659003436565399
vt 0.29044800996780396 0.072532996535301208
vt 0.29028001427650452 0.075117997825145721
vt 0.25899499654769897 0.019621999934315681
vt 0.26522800326347351 0.057466000318527222
vt 0.28275299072265625 0.068487003445625305
vt 0.25806999206542969 0.018897999078035355
vt 0.28229400515556335 0.07566399872303009
vt 0.25865799188613892 0.019644999876618385
vt 0.32627201080322266 0.080243997275829315
vt 0.32627201080322266 0.080243997275829315
vt 0.32627201080322266 0.080243997275829315
vt 0.25736498832702637 0.029618000611662865
vt 0.25839999318122864 0.019331999123096466
vt 0.25684800744056702 0.02986299991607666
vt 0.26832601428031921 0.049453999847173691
vt 0.29056400060653687 0.070281997323036194
vt 0.25631099939346313 0.03007500059902668
vt 0.29007300734519958 0.077659003436565399
vt 0.25808900594711304 0.029184000566601753
vt 0.25808900594711304 0.029184000566601753
vt 0.32564499974250793 0.077179998159408569
vt 0.31139299273490906 0.083576001226902008
vt 0.25583899021148682 0.030276000499725342
vt 0.32243800163269043 0.0725879967212677
vt 0.26017799973487854 0.052841998636722565
vt 0.26331400871276855 0.042410999536514282
vt 0.26331400871276855 0.042410999536514282
vt 0.28428500890731812 0.07940799742937088
vt 0.26266101002693176 0.043871000409126282
vt 0.26266101002693176 0.043871000409126282
vt 0.28700798749923706 0.080243997275829315
vt 0.26191100478172302 0.056207001209259033
vt 0.25819298624992371 0.029071999713778496
vt 0.25819298624992371 0.029071999713778496
vt 0.26048800349235535 0.03744100034236908
vt 0.25551599264144897 0.030409000813961029
vt 0.25551599264144897 0.030409000813961029
vt 0.25989401340484619 0.038221001625061035
vt 0.31679201126098633 0.073523998260498047
vt 0.26188498735427856 0.045543000102043152
vt 0.26188498735427856 0.045543000102043152
vt 0.25918200612068176 0.039078999310731888
vt 0.28524899482727051 0.067461997270584106
vt 0.31205898523330688 0.075096003711223602
vt 0.26374098658561707 0.041430000215768814
vt 0.26374098658561707 0.041430000215768814
vt 0.26087000966072083 0.036917001008987427
vt 0.28806799650192261 0.068276003003120422
vt 0.25845101475715637 0.039937000721693039
vt 0.25811499357223511 0.029106000438332558
vt 0.25542500615119934 0.030442999675869942
vt 0.31461301445960999 0.087531998753547668
vt 0.31461301445960999 0.087531998753547668
vt 0.26107001304626465 0.047235999256372452
vt 0.26107001304626465 0.047235999256372452
vt 0.28192499279975891 0.077659003436565399
vt 0.28271400928497314 0.066826999187469482
vt 0.31813099980354309 0.093717001378536224
vt 0.31813099980354309 0.093717001378536224
vt 0.26533800363540649 0.041464000940322876
vt 0.2578049898147583 0.040695000439882278
vt 0.26101198792457581 0.03668300062417984
vt 0.26101198792457581 0.03668300062417984
vt 0.25785699486732483 0.02931700088083744
vt 0.25554800033569336 0.030331000685691833
vt 0.26721999049186707 0.044116001576185226
vt 0.28986600041389465 0.079842999577522278
vt 0.32590401172637939 0.083153001964092255
vt 0.32590401172637939 0.083153001964092255
vt 0.26036599278450012 0.048730000853538513
vt 0.26036599278450012 0.048730000853538513
vt 0.26495000720024109 0.05812399834394455
vt 0.29061600565910339 0.06863199919462204
vt 0.26390299201011658 0.041018001735210419
vt 0.26390299201011658 0.041018001735210419
vt 0.25743600726127625 0.029673999175429344
vt 0.25590398907661438 0.03024199977517128
vt 0.25693801045417786 0.02996399998664856
vt 0.25737199187278748 0.041207998991012573
vt 0.25737199187278748 0.041207998991012573
vt 0.25640198588371277 0.030141999945044518
vt 0.32439100742340088 0.074281997978687286
vt 0.26090198755264282 0.036805998533964157
vt 0.26838400959968567 0.049042001366615295
vt 0.25989401340484619 0.049733001738786697
vt 0.25989401340484619 0.049733001738786697
vt 0.25724899768829346 0.041352000087499619
vt 0.25724899768829346 0.041352000087499619
vt 0.26057299971580505 0.037330001592636108
vt 0.26379299163818359 0.041230000555515289
vt 0.26379299163818359 0.041230000555515289
vt 0.31134799122810364 0.086507000029087067
vt 0.31233701109886169 0.073279000818729401
vt 0.28392300009727478 0.081235997378826141
vt 0.26002299785614014 0.038176998496055603
vt 0.25742301344871521 0.041085001081228256
vt 0.28160199522972107 0.078939996659755707
vt 0.2867099940776825 0.082093998789787292
vt 0.25934401154518127 0.039078999310731888
vt 0.2579210102558136 0.040561001747846603
vt 0.28266200423240662 0.066001996397972107
vt 0.25860700011253357 0.039882000535726547
vt 0.25977098941802979 0.049988999962806702
vt 0.28523600101470947 0.066526003181934357
vt 0.26006200909614563 0.052875000983476639
vt 0.26344400644302368 0.042132999747991562
vt 0.26344400644302368 0.042132999747991562
vt 0.28970399498939514 0.081257998943328857
vt 0.28808799386024475 0.067473001778125763
vt 0.26191100478172302 0.056083999574184418
vt 0.31610700488090515 0.072299003601074219
vt 0.26497000455856323 0.058100998401641846
vt 0.29061600565910339 0.067796997725963593
vt 0.31999298930168152 0.092679999768733978
vt 0.31999298930168152 0.092679999768733978
vt 0.3224639892578125 0.072076000273227692
vt 0.26284900307655334 0.043614998459815979
vt 0.26284900307655334 0.043614998459815979
vt 0.25996500253677368 0.049499001353979111
vt 0.26844200491905212 0.048896998167037964
vt 0.26528000831604004 0.041453000158071518
vt 0.26528000831604004 0.041453000158071518
vt 0.26211199164390564 0.045285999774932861
vt 0.26211199164390564 0.045285999774932861
vt 0.26052099466323853 0.048406001180410385
vt 0.26052099466323853 0.048406001180410385
vt 0.26724600791931152 0.043903999030590057
vt 0.32422900199890137 0.091499000787734985
vt 0.32422900199890137 0.091499000787734985
vt 0.32422900199890137 0.091499000787734985
vt 0.26129001379013062 0.046934999525547028
vt 0.26129001379013062 0.046934999525547028
vt 0.32484298944473267 0.086038999259471893
vt 0.32484298944473267 0.086038999259471893
vt 0.31461998820304871 0.09006199985742569
vt 0.31461998820304871 0.09006199985742569
vt 0.31738099455833435 0.071998000144958496
vt 0.31254398822784424 0.072398997843265533
vt 0.28146600723266602 0.079140998423099518
vt 0.31137299537658691 0.088846996426582336
vt 0.28262299299240112 0.066146999597549438
vt 0.28378099203109741 0.081625998020172119
vt 0.26506701111793518 0.057555001229047775
vt 0.32201099395751953 0.071318000555038452
vt 0.28962698578834534 0.081502996385097504
vt 0.28657400608062744 0.082516998052597046
vt 0.32237300276756287 0.091899998486042023
vt 0.32237300276756287 0.091899998486042023
vt 0.29058399796485901 0.067896999418735504
vt 0.28520300984382629 0.066604003310203552
vt 0.26835200190544128 0.049286998808383942
vt 0.28802898526191711 0.067406997084617615
vt 0.26037201285362244 0.052039001137018204
vt 0.32711899280548096 0.075831003487110138
vt 0.32753300666809082 0.078672997653484344
vt 0.26487898826599121 0.042321998625993729
vt 0.26487898826599121 0.042321998625993729
vt 0.26487898826599121 0.042321998625993729
vt 0.2620919942855835 0.05536000058054924
vt 0.32073000073432922 0.07166299968957901
vt 0.26696100831031799 0.04442799836397171
vt 0.26696100831031799 0.04442799836397171
vt 0.28255200386047363 0.06722799688577652
vt 0.32629799842834473 0.073423996567726135
vt 0.28153699636459351 0.078216001391410828
vt 0.3159320056438446 0.072509996592998505
vt 0.26543501019477844 0.056430000811815262
vt 0.26787298917770386 0.050567999482154846
vt 0.32374399900436401 0.088712997734546661
vt 0.32374399900436401 0.088712997734546661
vt 0.32374399900436401 0.088712997734546661
vt 0.31470400094985962 0.090786002576351166
vt 0.31470400094985962 0.090786002576351166
vt 0.32737201452255249 0.081592001020908356
vt 0.26407098770141602 0.044227998703718185
vt 0.26407098770141602 0.044227998703718185
vt 0.31262800097465515 0.072554998099803925
vt 0.31147700548171997 0.089527003467082977
vt 0.26115500926971436 0.050556998699903488
vt 0.26115500926971436 0.050556998699903488
vt 0.28967198729515076 0.080512002110481262
vt 0.26699399948120117 0.05266299843788147
vt 0.29050600528717041 0.068954996764659882
vt 0.26609501242637634 0.054758001118898392
vt 0.26309400796890259 0.046500999480485916
vt 0.26309400796890259 0.046500999480485916
vt 0.2838909924030304 0.080356001853942871
vt 0.26605001091957092 0.046401001513004303
vt 0.26211199164390564 0.048652000725269318
vt 0.26211199164390564 0.048652000725269318
vt 0.28667101263999939 0.081214003264904022
vt 0.32534098625183105 0.071763999760150909
vt 0.28511899709701538 0.067617997527122498
vt 0.28241598606109619 0.069077998399734497
vt 0.26270601153373718 0.053922999650239944
vt 0.28174999356269836 0.07636599987745285
vt 0.28790000081062317 0.068241998553276062
vt 0.2647629976272583 0.049320001155138016
vt 0.26362499594688416 0.051906000822782516
vt 0.28222200274467468 0.071484997868537903
vt 0.28200298547744751 0.074014998972415924
vt 0.29037699103355408 0.070849999785423279
vt 0.32677000761032104 0.084556996822357178
vt 0.28981399536132813 0.078506000339984894
vt 0.32277399301528931 0.089583002030849457
vt 0.32277399301528931 0.089583002030849457
vt 0.32277399301528931 0.089583002030849457
vt 0.31997400522232056 0.073302000761032104
vt 0.31489801406860352 0.08931499719619751
vt 0.28419500589370728 0.077803999185562134
vt 0.32434499263763428 0.071038998663425446
vt 0.28497698903083801 0.069435000419616699
vt 0.31606799364089966 0.073959000408649445
vt 0.31262099742889404 0.073735997080802917
vt 0.2869429886341095 0.078606002032756805
vt 0.31164500117301941 0.088111996650695801
vt 0.29020199179649353 0.073312997817993164
vt 0.29000198841094971 0.075975999236106873
vt 0.2877190113067627 0.070047996938228607
vt 0.31811198592185974 0.088825002312660217
vt 0.28453698754310608 0.074761003255844116
vt 0.28479000926017761 0.071897000074386597
vt 0.32171300053596497 0.088279001414775848
vt 0.28722700476646423 0.075519002974033356
vt 0.28747299313545227 0.072576999664306641
vt 0.32598799467086792 0.08697500079870224
vt 0.32340800762176514 0.071307003498077393
vt 0.31529200077056885 0.086028002202510834
vt 0.31187799572944641 0.085147000849246979
vt 0.31255701184272766 0.075797997415065765
vt 0.32047799229621887 0.085213996469974518
vt 0.31617799401283264 0.076333001255989075
vt 0.31216898560523987 0.08173699676990509
vt 0.31241500377655029 0.078561000525951385
vt 0.32503700256347656 0.087788000702857971
vt 0.31578999757766724 0.082416996359825134
vt 0.32263800501823425 0.072576999664306641
vt 0.31611999869346619 0.079218998551368713
vt 0.32401499152183533 0.086551003158092499
vt 0.32208800315856934 0.074683003127574921
vt 0.32307100296020508 0.083765000104904175
vt 0.32194000482559204 0.077425003051757813
vt 0.32230201363563538 0.080512002110481262
vt 0.33375400304794312 0.071363002061843872
vt 0.33395498991012573 0.073803000152111053
vt 0.33331400156021118 0.069289997220039368
vt 0.33393499255180359 0.076232001185417175
vt 0.33264800906181335 0.067841000854969025
vt 0.33366400003433228 0.078372001647949219
vt 0.33616599440574646 0.070615999400615692
vt 0.33647599816322327 0.073133997619152069
vt 0.33182099461555481 0.067184001207351685
vt 0.3355650007724762 0.068553999066352844
vt 0.33644399046897888 0.075797997415065765
vt 0.33310100436210632 0.079842999577522278
vt 0.33469799160957336 0.06722799688577652
vt 0.33098000288009644 0.067428998649120331
vt 0.33610799908638 0.078360997140407562
vt 0.33227300643920898 0.080233000218868256
vt 0.33807399868965149 0.069779999554157257
vt 0.33831900358200073 0.072232000529766083
vt 0.33367601037025452 0.066648997366428375
vt 0.33031401038169861 0.068565003573894501
vt 0.33752399682998657 0.067718997597694397
vt 0.33829399943351746 0.074805997312068939
vt 0.33137398958206177 0.0794529989361763
vt 0.32991299033164978 0.070449002087116241
vt 0.33543500304222107 0.080265998840332031
vt 0.33672899007797241 0.066224999725818634
vt 0.33059799671173096 0.077670000493526459
vt 0.32983499765396118 0.072833001613616943
vt 0.33270600438117981 0.066748999059200287
vt 0.33006799221038818 0.075341001152992249
vt 0.33802801370620728 0.077302001416683197
vt 0.33449101448059082 0.080845996737480164
vt 0.33575901389122009 0.065500997006893158
vt 0.33930900692939758 0.068966999650001526
vt 0.33191800117492676 0.067695997655391693
vt 0.33948299288749695 0.071307003498077393
vt 0.33892101049423218 0.066937997937202454
vt 0.33743399381637573 0.079152002930641174
vt 0.33950901031494141 0.073579996824264526
vt 0.33339801430702209 0.079809002578258514
vt 0.33143898844718933 0.069502003490924835
vt 0.33833199739456177 0.065479002892971039
vt 0.33476299047470093 0.065756998956203461
vt 0.33237001299858093 0.077514000236988068
vt 0.33934798836708069 0.075507998466491699
vt 0.33135500550270081 0.071942001581192017
vt 0.3316589891910553 0.074706003069877625
vt 0.33761501312255859 0.064820997416973114
vt 0.33650898933410645 0.079697996377944946
vt 0.33396700024604797 0.066859997808933258
vt 0.33891400694847107 0.076801002025604248
vt 0.33687099814414978 0.065099999308586121
vt 0.33541598916053772 0.078694999217987061
vt 0.33346998691558838 0.06867700070142746
vt 0.33440101146697998 0.076466001570224762
vt 0.33335301280021667 0.071038998663425446
vt 0.3381899893283844 0.077134996652603149
vt 0.33625701069831848 0.066214002668857574
vt 0.3336699903011322 0.073702998459339142
vt 0.33591398596763611 0.068030998110771179
vt 0.3373430073261261 0.07641100138425827
vt 0.33586901426315308 0.070315003395080566
vt 0.33660599589347839 0.074805997312068939
vt 0.33609500527381897 0.072677001357078552
vt 0.34620898962020874 0.057388000190258026
vt 0.34551000595092773 0.055973000824451447
vt 0.34717199206352234 0.051493000239133835
vt 0.34717199206352234 0.051493000239133835
vt 0.34717199206352234 0.051493000239133835
vt 0.34808400273323059 0.053543999791145325
vt 0.34695199131965637 0.059438999742269516
vt 0.34483098983764648 0.055282000452280045
vt 0.34616300463676453 0.050567999482154846
vt 0.34754100441932678 0.061344001442193985
vt 0.34412598609924316 0.055048000067472458
vt 0.34898298978805542 0.056340999901294708
vt 0.34869199991226196 0.049198001623153687
vt 0.34869199991226196 0.049198001623153687
vt 0.34869199991226196 0.049198001623153687
vt 0.34769600629806519 0.048094000667333603
vt 0.34510898590087891 0.050266999751329422
vt 0.34952598810195923 0.051070000976324081
vt 0.34952598810195923 0.051070000976324081
vt 0.34772199392318726 0.062715001404285431
vt 0.34992000460624695 0.058791998773813248
vt 0.34340900182723999 0.055070001631975174
vt 0.35027000308036804 0.053243000060319901
vt 0.35027000308036804 0.053243000060319901
vt 0.34768900275230408 0.017338000237941742
vt 0.34768900275230408 0.017338000237941742
vt 0.34768900275230408 0.017338000237941742
vt 0.34768900275230408 0.017338000237941742
vt 0.34768900275230408 0.017338000237941742
vt 0.34741100668907166 0.06347300112247467
vt 0.34659698605537415 0.047648999840021133
vt 0.35039898753166199 0.060575000941753387
vt 0.34292399883270264 0.055583000183105469
vt 0.34411299228668213 0.050301000475883484
vt 0.35101300477981567 0.055371001362800598
vt 0.35101300477981567 0.055371001362800598
vt 0.3480449914932251 0.047536998987197876
vt 0.3480449914932251 0.047536998987197876
vt 0.34673899412155151 0.063617996871471405
vt 0.34295600652694702 0.056887000799179077
vt 0.34763801097869873 0.047203000634908676
vt 0.34763801097869873 0.047203000634908676
vt 0.34912499785423279 0.049832999706268311
vt 0.34912499785423279 0.049832999706268311
vt 0.35154300928115845 0.057165000587701797
vt 0.35154300928115845 0.057165000587701797
vt 0.3501339852809906 0.06152300164103508
vt 0.34569099545478821 0.047860000282526016
vt 0.34569099545478821 0.047860000282526016
vt 0.3474310040473938 0.047481998801231384
vt 0.3474310040473938 0.047481998801231384
vt 0.34359601140022278 0.05096999928355217
vt 0.34359601140022278 0.05096999928355217
vt 0.34972599148750305 0.051438000053167343
vt 0.34972599148750305 0.051438000053167343
vt 0.34353798627853394 0.058892998844385147
vt 0.34599500894546509 0.0632610023021698
vt 0.34749498963356018 0.048395000398159027
vt 0.34749498963356018 0.048395000398159027
vt 0.34432700276374817 0.060853999108076096
vt 0.34516099095344543 0.062336001545190811
vt 0.35033398866653442 0.053064998239278793
vt 0.35033398866653442 0.053064998239278793
vt 0.35148501396179199 0.058313000947237015
vt 0.34402298927307129 0.052930999547243118
vt 0.35020500421524048 0.043079998344182968
vt 0.35020500421524048 0.043079998344182968
vt 0.34535500407218933 0.048852000385522842
vt 0.34535500407218933 0.048852000385522842
vt 0.34535500407218933 0.048852000385522842
vt 0.34785100817680359 0.049844000488519669
vt 0.34785100817680359 0.049844000488519669
vt 0.35061898827552795 0.043570000678300858
vt 0.34917700290679932 0.061645001173019409
vt 0.34992000460624695 0.042900998145341873
vt 0.34992000460624695 0.042900998145341873
vt 0.35081300139427185 0.054501999169588089
vt 0.35081300139427185 0.054501999169588089
vt 0.35111701488494873 0.044305998831987381
vt 0.34981700778007507 0.043056998401880264
vt 0.3483940064907074 0.051470998674631119
vt 0.3483940064907074 0.051470998674631119
vt 0.35169899463653564 0.025907000526785851
vt 0.35169899463653564 0.025907000526785851
vt 0.34994599223136902 0.043591998517513275
vt 0.34501200914382935 0.055716998875141144
vt 0.35100001096725464 0.055505000054836273
vt 0.35224199295043945 0.025350000709295273
vt 0.35166600346565247 0.045141000300645828
vt 0.3457300066947937 0.050746999680995941
vt 0.3457300066947937 0.050746999680995941
vt 0.35151100158691406 0.025895999744534492
vt 0.35151100158691406 0.025895999744534492
vt 0.3490540087223053 0.053041998296976089
vt 0.3490540087223053 0.053041998296976089
vt 0.35250699520111084 0.025059999898076057
vt 0.35250699520111084 0.025059999898076057
vt 0.35064500570297241 0.058570001274347305
vt 0.35170501470565796 0.025930000469088554
vt 0.35030800104141235 0.04442799836397171
vt 0.34807100892066956 0.061198998242616653
vt 0.35081300139427185 0.055817000567913055
vt 0.35222899913787842 0.045965999364852905
vt 0.35186699032783508 0.02562900073826313
vt 0.35186699032783508 0.02562900073826313
vt 0.35186699032783508 0.02562900073826313
vt 0.35186699032783508 0.02562900073826313
vt 0.35240301489830017 0.035356998443603516
vt 0.35240301489830017 0.035356998443603516
vt 0.35240301489830017 0.035356998443603516
vt 0.34973898530006409 0.054423999041318893
vt 0.34973898530006409 0.054423999041318893
vt 0.35270699858665466 0.035523999482393265
vt 0.35217100381851196 0.025172000750899315
vt 0.35217100381851196 0.025172000750899315
vt 0.35217100381851196 0.025172000750899315
vt 0.35217100381851196 0.025172000750899315
vt 0.352183997631073 0.035289999097585678
vt 0.352183997631073 0.035289999097585678
vt 0.35036700963973999 0.055426999926567078
vt 0.35036700963973999 0.055426999926567078
vt 0.34646099805831909 0.052942000329494476
vt 0.34646099805831909 0.052942000329494476
vt 0.34590500593185425 0.058168001472949982
vt 0.35308200120925903 0.035757999867200851
vt 0.35081899166107178 0.045297000557184219
vt 0.3521060049533844 0.035346001386642456
vt 0.3526880145072937 0.046700999140739441
vt 0.34689998626708984 0.060017999261617661
vt 0.35348999500274658 0.03598099946975708
vt 0.35220900177955627 0.035580001771450043
vt 0.35140800476074219 0.046077001839876175
vt 0.34726300835609436 0.054992001503705978
vt 0.34726300835609436 0.054992001503705978
vt 0.34944799542427063 0.058012001216411591
vt 0.35290798544883728 0.047224998474121094
vt 0.35390400886535645 0.036192998290061951
vt 0.35248801112174988 0.035925000905990601
vt 0.34823301434516907 0.056752998381853104
vt 0.34823301434516907 0.056752998381853104
vt 0.35199600458145142 0.046723999083042145
vt 0.35282400250434875 0.047403998672962189
vt 0.35282400250434875 0.047403998672962189
vt 0.35282400250434875 0.047403998672962189
vt 0.35251298546791077 0.047191999852657318
vt 0.35251298546791077 0.047191999852657318
vt 0.35251298546791077 0.047191999852657318
vt 0.35424000024795532 0.036382000893354416
vt 0.35286900401115417 0.036214999854564667
vt 0.35440200567245483 0.036527000367641449
vt 0.35440200567245483 0.036527000367641449
vt 0.35440200567245483 0.036527000367641449
vt 0.35329601168632507 0.036371000111103058
vt 0.35433700680732727 0.036593999713659286
vt 0.35433700680732727 0.036593999713659286
vt 0.35433700680732727 0.036593999713659286
vt 0.35433700680732727 0.036593999713659286
vt 0.35433700680732727 0.036593999713659286
vt 0.35410401225090027 0.036515999585390091
vt 0.35410401225090027 0.036515999585390091
vt 0.35410401225090027 0.036515999585390091
vt 0.35410401225090027 0.036515999585390091
vt 0.35410401225090027 0.036515999585390091
vt 0.32295501232147217 0.091622002422809601
vt 0.32295501232147217 0.091622002422809601
vt 0.32295501232147217 0.091622002422809601
vt 0.32295501232147217 0.091622002422809601
vt 0.32041400671005249 0.092179000377655029
vt 0.32041400671005249 0.092179000377655029
vt 0.32596799731254578 0.098888002336025238
vt 0.32822498679161072 0.098052002489566803
vt 0.32402199506759644 0.1013059988617897
vt 0.32986798882484436 0.098307996988296509
vt 0.32790198922157288 0.09006199985742569
vt 0.32329100370407104 0.10429199784994125
vt 0.33114200830459595 0.098541997373104095
vt 0.32317501306533813 0.10655400156974792
vt 0.32945400476455688 0.089482001960277557
vt 0.33237698674201965 0.097795002162456512
vt 0.33311998844146729 0.097081996500492096
vt 0.31592598557472229 0.094842001795768738
vt 0.33417400717735291 0.096468999981880188
vt 0.3234269917011261 0.10774700343608856
vt 0.33435499668121338 0.096570000052452087
vt 0.33418700098991394 0.096726000308990479
vt 0.33369600772857666 0.096904002130031586
vt 0.34345999360084534 0.20803999900817871
vt 0.34664800763130188 0.20753900706768036
vt 0.3329780101776123 0.097249001264572144
vt 0.34245198965072632 0.204352006316185
vt 0.33215698599815369 0.097873002290725708
vt 0.32350501418113708 0.10703399777412415
vt 0.3457300066947937 0.20299200713634491
vt 0.32937601208686829 0.088747002184391022
vt 0.32937601208686829 0.088747002184391022
vt 0.33093500137329102 0.098586998879909515
vt 0.33984598517417908 0.20781700313091278
vt 0.34825798869132996 0.20207799971103668
vt 0.33941200375556946 0.20532099902629852
vt 0.32352998852729797 0.10482700169086456
vt 0.32783100008964539 0.089583002030849457
vt 0.3295769989490509 0.098775997757911682
vt 0.35026299953460693 0.20226800441741943
vt 0.35153698921203613 0.2024800032377243
vt 0.32727500796318054 0.08996099978685379
vt 0.32404100894927979 0.10214100033044815
vt 0.32781800627708435 0.099099002778530121
vt 0.35344499349594116 0.20241299271583557
vt 0.32562598586082458 0.10009100288152695
vt 0.32567098736763 0.090998001396656036
vt 0.32567098736763 0.090998001396656036
vt 0.35632899403572083 0.20719300210475922
vt 0.33717501163482666 0.20485299825668335
vt 0.3586370050907135 0.20627999305725098
vt 0.35625800490379333 0.20071899890899658
vt 0.33590701222419739 0.20410700142383575
vt 0.33586901426315308 0.20576700568199158
vt 0.33540898561477661 0.20324799418449402
vt 0.35598599910736084 0.20070800185203552
vt 0.35841101408004761 0.20624600350856781
vt 0.33583000302314758 0.20318199694156647
vt 0.35323798656463623 0.20258000493049622
vt 0.35603800415992737 0.2070930004119873
vt 0.35062500834465027 0.20167699456214905
vt 0.34922200441360474 0.20116500556468964
vt 0.3375760018825531 0.20299200713634491
vt 0.35179600119590759 0.20737199485301971
vt 0.34662199020385742 0.20094199478626251
vt 0.34028500318527222 0.20264700055122375
vt 0.34345999360084534 0.20182199776172638
vt 0.34825798869132996 0.21624200046062469
vt 0.34489598870277405 0.21655400097370148
vt 0.34805199503898621 0.22503399848937988
vt 0.35107800364494324 0.21675500273704529
vt 0.36516198515892029 0.23937599360942841
vt 0.35324400663375854 0.22540199756622314
vt 0.34821298718452454 0.22908000648021698
vt 0.34316301345825195 0.22316199541091919
vt 0.34046000242233276 0.21504999697208405
vt 0.35468000173568726 0.22926899790763855
vt 0.35468000173568726 0.22926899790763855
vt 0.34920299053192139 0.20714899897575378
vt 0.35286900401115417 0.28174498677253723
vt 0.35427901148796082 0.2142920047044754
vt 0.3387719988822937 0.22317300736904144
vt 0.33800899982452393 0.21922899782657623
vt 0.35747998952865601 0.22058799862861633
vt 0.35215100646018982 0.20692600309848785
vt 0.35613501071929932 0.21293200552463531
vt 0.3369159996509552 0.21302199363708496
vt 0.35422098636627197 0.20767299830913544
vt 0.36001500487327576 0.21797999739646912
vt 0.35822299122810364 0.21159499883651733
vt 0.33731099963188171 0.20698200166225433
vt 0.36203199625015259 0.22265000641345978
vt 0.36203199625015259 0.22265000641345978
vt 0.36896398663520813 0.28808599710464478
vt 0.33429700136184692 0.21820299327373505
vt 0.33493098616600037 0.21614199876785278
vt 0.36092600226402283 0.21138300001621246
vt 0.36254298686981201 0.21812500059604645
vt 0.33473101258277893 0.21153900027275085
vt 0.36336401104927063 0.30621600151062012
vt 0.3324739933013916 0.2696869969367981
vt 0.35938099026679993 0.20528799295425415
vt 0.36175400018692017 0.21048100292682648
vt 0.36369401216506958 0.21749000251293182
vt 0.36454799771308899 0.2226720005273819
vt 0.33329498767852783 0.21409100294113159
vt 0.33520901203155518 0.2050199955701828
vt 0.33364400267601013 0.21031400561332703
vt 0.33196300268173218 0.21668800711631775
vt 0.37279200553894043 0.23602199554443359
vt 0.36066800355911255 0.21195200085639954
vt 0.36241999268531799 0.21865999698638916
vt 0.33576500415802002 0.20487500727176666
vt 0.33405798673629761 0.21032500267028809
vt 0.36231699585914612 0.222338005900383
vt 0.33367601037025452 0.2140360027551651
vt 0.3537290096282959 0.2076060026884079
vt 0.35788100957870483 0.21217499673366547
vt 0.35969799757003784 0.21901699900627136
vt 0.35069000720977783 0.20657999813556671
vt 0.33321699500083923 0.21622000634670258
vt 0.33791801333427429 0.2051209956407547
vt 0.34893101453781128 0.20582300424575806
vt 0.35519099235534668 0.2136790007352829
vt 0.28270700573921204 0.31056201457977295
vt 0.34080898761749268 0.20526500046253204
vt 0.33619201183319092 0.21127200126647949
vt 0.34651899337768555 0.20535500347614288
vt 0.35630300641059875 0.22052100300788879
vt 0.34384199976921082 0.20528799295425415
vt 0.35225498676300049 0.21474899351596832
vt 0.33617299795150757 0.21532799303531647
vt 0.32759800553321838 0.2553899884223938
vt 0.32759800553321838 0.2553899884223938
vt 0.35045701265335083 0.21551799774169922
vt 0.33908200263977051 0.21201899647712708
vt 0.34866601228713989 0.21488299965858459
vt 0.36741200089454651 0.23029400408267975
vt 0.35039201378822327 0.22204799950122833
vt 0.33890798687934875 0.21731199324131012
vt 0.34258100390434265 0.21299900114536285
vt 0.34585899114608765 0.21414700150489807
vt 0.33736199140548706 0.2197519987821579
vt 0.35151800513267517 0.22504599392414093
vt 0.34593001008033752 0.22136799991130829
vt 0.34247100353240967 0.21960699558258057
vt 0.38937899470329285 0.2849540114402771
vt 0.3441460132598877 0.22463299334049225
vt 0.33921799063682556 0.25638198852539063
vt 0.36848598718643188 0.25990301370620728
vt 0.35750600695610046 0.25602498650550842
vt 0.94170999526977539 0.34263399243354797
vt 0.94170999526977539 0.34263399243354797
vt 0.94170999526977539 0.34263399243354797
vt 0.94022297859191895 0.33544600009918213
vt 0.94022297859191895 0.33544600009918213
vt 0.94022297859191895 0.33544600009918213
vt 0.9620019793510437 0.35549399256706238
vt 0.9620019793510437 0.35549399256706238
vt 0.9596869945526123 0.35055699944496155
vt 0.94056499004364014 0.3468799889087677
vt 0.94056499004364014 0.3468799889087677
vt 0.94507902860641479 0.36946800351142883
vt 0.87931400537490845 0.37213200330734253
vt 0.87931400537490845 0.37213200330734253
vt 0.87763297557830811 0.36388498544692993
vt 0.87763297557830811 0.36388498544692993
vt 0.87763297557830811 0.36388498544692993
vt 0.88206297159194946 0.38497999310493469
vt 0.94306802749633789 0.35472500324249268
vt 0.97643500566482544 0.37384799122810364
vt 0.97643500566482544 0.37384799122810364
vt 0.87654697895050049 0.35943898558616638
vt 0.9697679877281189 0.36615899205207825
vt 0.77844297885894775 0.40754601359367371
vt 0.77844297885894775 0.40754601359367371
vt 0.77642601728439331 0.39675900340080261
vt 0.77642601728439331 0.39675900340080261
vt 0.87594497203826904 0.35777801275253296
vt 0.88148099184036255 0.40092700719833374
vt 0.9533039927482605 0.3985309898853302
vt 0.59187799692153931 0.43162798881530762
vt 0.78061002492904663 0.42241200804710388
vt 0.67546999454498291 0.43895998597145081
vt 0.67546999454498291 0.43895998597145081
vt 0.67461699247360229 0.42153200507164001
vt 0.67461699247360229 0.42153200507164001
vt 0.58390498161315918 0.40830400586128235
vt 0.94524699449539185 0.36672699451446533
vt 0.62369298934936523 0.41939198970794678
vt 0.64711499214172363 0.43960699439048767
vt 0.65055501461029053 0.42075198888778687
vt 0.61962598562240601 0.47202399373054504
vt 0.6761620044708252 0.45759299397468567
vt 0.87349498271942139 0.35733300447463989
vt 0.61600399017333984 0.39284801483154297
vt 0.7734450101852417 0.38658499717712402
vt 0.58691799640655518 0.48594200611114502
vt 0.64147001504898071 0.40413600206375122
vt 0.98341202735900879 0.38535898923873901
vt 0.78159201145172119 0.43315500020980835
vt 0.67320102453231812 0.39667001366615295
vt 0.99152100086212158 0.40840399265289307
vt 0.99152100086212158 0.40840399265289307
vt 0.58949202299118042 0.37904098629951477
vt 0.6761239767074585 0.46598398685455322
vt 0.88097602128982544 0.41721901297569275
vt 0.87359797954559326 0.35642999410629272
vt 0.96423900127410889 0.42045098543167114
vt 0.62955200672149658 0.48281100392341614
vt 0.95213997364044189 0.38204899430274963
vt 0.62553000450134277 0.37428200244903564
vt 0.77070897817611694 0.37612101435661316
vt 0.782368004322052 0.4409329891204834
vt 0.67171299457550049 0.3733690083026886
vt 0.99363601207733154 0.40812599658966064
vt 0.99363601207733154 0.40812599658966064
vt 0.675819993019104 0.47374001145362854
vt 0.87621098756790161 0.35744398832321167
vt 0.99730300903320313 0.418489009141922
vt 0.99730300903320313 0.418489009141922
vt 0.59867399930953979 0.35970601439476013
vt 0.95897501707077026 0.39203399419784546
vt 0.88805097341537476 0.42923200130462646
vt 0.97450798749923706 0.42747101187705994
vt 0.60615599155426025 0.49948200583457947
vt 0.77001100778579712 0.37774801254272461
vt 0.59189099073410034 0.50986802577972412
vt 0.78413397073745728 0.45212098956108093
vt 0.67563199996948242 0.48492801189422607
vt 0.63142102956771851 0.49320799112319946
vt 0.59146398305892944 0.3503119945526123
vt 0.87685102224349976 0.35396701097488403
vt 0.67073702812194824 0.36473199725151062
vt 0.76958400011062622 0.37869501113891602
vt 0.96027499437332153 0.38545900583267212
vt 0.99489098787307739 0.39675900340080261
vt 0.99489098787307739 0.39675900340080261
vt 0.99999898672103882 0.40867200493812561
vt 0.99999898672103882 0.40867200493812561
vt 0.9756850004196167 0.42324799299240112
vt 0.8858720064163208 0.42997899651527405
vt 0.78393298387527466 0.45282301306724548
vt 0.67508900165557861 0.48440501093864441
vt 0.63535898923873901 0.49085700511932373
vt 0.59344899654388428 0.51433700323104858
vt 0.63142102956771851 0.49320799112319946
vt 0.67563199996948242 0.48492801189422607
vt 0.78413397073745728 0.45212098956108093
vt 0.59189099073410034 0.50986802577972412
vt 0.77001100778579712 0.37774801254272461
vt 0.60615599155426025 0.49948200583457947
vt 0.97450798749923706 0.42747101187705994
vt 0.88805097341537476 0.42923200130462646
vt 0.95897501707077026 0.39203399419784546
vt 0.99730300903320313 0.418489009141922
vt 0.99730300903320313 0.418489009141922
vt 0.87621098756790161 0.35744398832321167
vt 0.675819993019104 0.47374001145362854
vt 0.99363601207733154 0.40812599658966064
vt 0.99363601207733154 0.40812599658966064
vt 0.67171299457550049 0.3733690083026886
vt 0.782368004322052 0.4409329891204834
vt 0.77070897817611694 0.37612101435661316
vt 0.62553000450134277 0.37428200244903564
vt 0.95213997364044189 0.38204899430274963
vt 0.62955200672149658 0.48281100392341614
vt 0.96423900127410889 0.42045098543167114
vt 0.87359797954559326 0.35642999410629272
vt 0.88097602128982544 0.41721901297569275
vt 0.6761239767074585 0.46598398685455322
vt 0.99152100086212158 0.40840399265289307
vt 0.99152100086212158 0.40840399265289307
vt 0.67320102453231812 0.39667001366615295
vt 0.78159201145172119 0.43315500020980835
vt 0.98341202735900879 0.38535898923873901
vt 0.64147001504898071 0.40413600206375122
vt 0.7734450101852417 0.38658499717712402
vt 0.61600399017333984 0.39284801483154297
vt 0.87349498271942139 0.35733300447463989
vt 0.6761620044708252 0.45759299397468567
vt 0.61962598562240601 0.47202399373054504
vt 0.65055501461029053 0.42075198888778687
vt 0.64711499214172363 0.43960699439048767
vt 0.62369298934936523 0.41939198970794678
vt 0.94524699449539185 0.36672699451446533
vt 0.67461699247360229 0.42153200507164001
vt 0.67461699247360229 0.42153200507164001
vt 0.67546999454498291 0.43895998597145081
vt 0.67546999454498291 0.43895998597145081
vt 0.78061002492904663 0.42241200804710388
vt 0.9533039927482605 0.3985309898853302
vt 0.88148099184036255 0.40092700719833374
vt 0.87594497203826904 0.35777801275253296
vt 0.77642601728439331 0.39675900340080261
vt 0.77642601728439331 0.39675900340080261
vt 0.77844297885894775 0.40754601359367371
vt 0.77844297885894775 0.40754601359367371
vt 0.9697679877281189 0.36615899205207825
vt 0.87654697895050049 0.35943898558616638
vt 0.97643500566482544 0.37384799122810364
vt 0.97643500566482544 0.37384799122810364
vt 0.94306802749633789 0.35472500324249268
vt 0.88206297159194946 0.38497999310493469
vt 0.87763297557830811 0.36388498544692993
vt 0.87763297557830811 0.36388498544692993
vt 0.87763297557830811 0.36388498544692993
vt 0.87931400537490845 0.37213200330734253
vt 0.87931400537490845 0.37213200330734253
vt 0.94507902860641479 0.36946800351142883
vt 0.94056499004364014 0.3468799889087677
vt 0.94056499004364014 0.3468799889087677
vt 0.9596869945526123 0.35055699944496155
vt 0.9620019793510437 0.35549399256706238
vt 0.9620019793510437 0.35549399256706238
vt 0.94022297859191895 0.33544600009918213
vt 0.94022297859191895 0.33544600009918213
vt 0.94022297859191895 0.33544600009918213
vt 0.94170999526977539 0.34263399243354797
vt 0.94170999526977539 0.34263399243354797
vt 0.94170999526977539 0.34263399243354797
vn -0.98499161005020142 -0.054888974875211716 -0.16364194452762604
vn -0.99798202514648438 -0.042872998863458633 0.046838000416755676
vn -0.95538979768753052 0.16837997734546661 -0.24264895915985107
vn -0.98631918430328369 0.16476103663444519 0.0053200009278953075
vn -0.98798674345016479 -0.15449295938014984 -0.0037649988662451506
vn -0.99912762641906738 -0.039933986961841583 0.012214997783303261
vn -0.99557650089263916 -0.092659957706928253 0.015542993322014809
vn -0.99379068613052368 -0.10826697200536728 0.025656992569565773
vn -0.99493837356567383 -0.098704040050506592 -0.018844006583094597
vn -0.99938899278640747 -0.027406001463532448 0.021693000569939613
vn -0.99567699432373047 -0.085886001586914063 -0.03536900132894516
vn -0.99974888563156128 0.014311997219920158 0.017242997884750366
vn -0.99047070741653442 -0.11414497345685959 0.077062979340553284
vn -0.99267154932022095 -0.11732795089483261 -0.028935985639691353
vn -0.98789137601852417 -0.14656205475330353 -0.050894014537334442
vn -0.98843866586685181 -0.090639948844909668 -0.12154595553874969
vn -0.98719066381454468 0.13678896427154541 0.082117974758148193
vn -0.97195130586624146 -0.23359706997871399 0.027259010821580887
vn -0.99828064441680908 -0.013960996642708778 0.056927986443042755
vn -0.99797046184539795 -0.0037600018549710512 0.063567027449607849
vn -0.99427336454391479 0.10061904042959213 -0.036004010587930679
vn -0.99199104309082031 -0.12153800576925278 -0.034384999424219131
vn -0.96907800436019897 -0.24325399100780487 -0.041416998952627182
vn -0.99766343832015991 -0.0065240026451647282 0.06800803542137146
vn -0.99216312170028687 -0.088862016797065735 -0.087840020656585693
vn -0.9591028094291687 -0.26063793897628784 0.11040697991847992
vn -0.84919261932373047 0.42823880910873413 -0.30900388956069946
vn -0.98198288679122925 -0.18323798477649689 -0.046188995242118835
vn -0.97925287485122681 -0.19119198620319366 -0.0671519935131073
vn -0.93432104587554932 -0.35494205355644226 -0.032563004642724991
vn -0.85980910062789917 0.48435705900192261 -0.16163702309131622
vn -0.954792320728302 -0.29491010308265686 -0.037412013858556747
vn -0.98046642541885376 0.081582039594650269 0.17896907031536102
vn -0.88265305757522583 -0.46471807360649109 0.070432007312774658
vn -0.97258710861206055 0.10512302070856094 0.20742103457450867
vn -0.93411135673522949 -0.28823709487915039 0.21060706675052643
vn -0.87536269426345825 0.44384783506393433 -0.19167493283748627
vn -0.87331616878509521 -0.46957105398178101 0.12969903647899628
vn -0.87193810939788818 0.47558706998825073 -0.11636503040790558
vn -0.92159754037857056 0.38660314679145813 -0.034583013504743576
vn -0.95362472534179688 0.12981694936752319 -0.27156490087509155
vn -0.86977565288543701 -0.49312481284141541 -0.017837991937994957
vn -0.9024619460105896 -0.42601296305656433 -0.06383899599313736
vn -0.96847182512283325 -0.11660897731781006 -0.22014693915843964
vn -0.80607306957244873 -0.59156316518783569 0.017297003418207169
vn -0.90571105480194092 -0.3863300085067749 -0.1744610071182251
vn -0.85466396808624268 -0.51898491382598877 -0.014289999380707741
vn -0.86604589223861694 -0.45364290475845337 0.21017296612262726
vn -0.88496387004852295 0.27769693732261658 -0.37379592657089233
vn -0.56292897462844849 0.72016501426696777 -0.40555307269096375
vn -0.76855319738388062 0.43291908502578735 -0.47107011079788208
vn -0.58776295185089111 0.72449898719787598 -0.36004996299743652
vn -0.84464490413665771 -0.41594797372817993 0.33698996901512146
vn -0.62296992540359497 -0.77526891231536865 0.10424298793077469
vn -0.76917117834091187 -0.61780816316604614 -0.16336704790592194
vn -0.68720996379852295 -0.70838993787765503 0.16101598739624023
vn -0.49967491626739502 -0.86434483528137207 0.056859001517295837
vn -0.52679204940795898 -0.84847503900527954 0.050796002149581909
vn -0.60919475555419922 0.60372978448867798 -0.51419073343276978
vn -0.59353822469711304 -0.80393630266189575 -0.037401013076305389
vn -0.63466769456863403 -0.766021728515625 -0.10201794654130936
vn -0.88556253910064697 0.13514207303524017 -0.44442731142044067
vn -0.88352203369140625 -0.28372102975845337 -0.37268102169036865
vn -0.83253782987594604 -0.33396792411804199 0.44197988510131836
vn -0.81490510702133179 -0.53287708759307861 0.22797304391860962
vn -0.71637022495269775 -0.64193224906921387 -0.2733801007270813
vn -0.40364018082618713 -0.91383129358291626 0.044575009495019913
vn -0.43988907337188721 0.83285611867904663 -0.33592903614044189
vn -0.13155700266361237 -0.98945707082748413 0.060559999197721481
vn -0.45108509063720703 0.7610851526260376 -0.46612408757209778
vn -0.58357197046279907 -0.80551493167877197 0.10290499031543732
vn -0.40823277831077576 0.78435057401657104 -0.46705475449562073
vn -0.21241407096385956 -0.97606438398361206 0.046675018966197968
vn -0.76521909236907959 0.47157105803489685 -0.43824705481529236
vn -0.084529004991054535 -0.99401110410690308 0.069259010255336761
vn -0.82717549800872803 0.079275958240032196 -0.55632370710372925
vn -0.61365175247192383 -0.76764869689941406 -0.18478894233703613
vn -0.34502008557319641 0.82798224687576294 -0.44204813241958618
vn -0.39811602234840393 -0.91683804988861084 0.03019300103187561
vn -0.94028937816619873 -0.32017010450363159 0.11552904546260834
vn -0.88708823919296265 -0.34874609112739563 -0.30240809917449951
vn -0.85703223943710327 0.19289505481719971 -0.47779414057731628
vn -0.90343111753463745 -0.42865607142448425 -0.0081330006942152977
vn -0.6980518102645874 0.45864084362983704 -0.54988384246826172
vn -0.98013883829116821 -0.18903493881225586 -0.05994698777794838
vn -0.99499362707138062 -0.091830961406230927 -0.039430983364582062
vn 0.046064980328083038 -0.99623781442642212 0.073404967784881592
vn -0.70556974411010742 -0.69376975297927856 0.14441195130348206
vn -0.98800551891326904 0.14858388900756836 -0.042046979069709778
vn -0.43794900178909302 -0.8989529013633728 -0.0091840000823140144
vn -0.9189038872718811 -0.39364790916442871 0.025630995631217957
vn -0.059587985277175903 -0.99772274494171143 0.031600993126630783
vn -0.95229095220565796 -0.30367198586463928 0.030417997390031815
vn -0.98772674798965454 0.14651493728160858 -0.054122976958751678
vn -0.20784892141819 -0.97791373729705811 -0.021989993751049042
vn -0.73127102851867676 -0.63814502954483032 -0.24086001515388489
vn -0.99320071935653687 -0.11316096037626266 -0.027329994365572929
vn -0.18483507633209229 0.86168336868286133 -0.47258621454238892
vn -0.86355900764465332 -0.50145399570465088 0.053007002919912338
vn -0.92710906267166138 0.2050190269947052 -0.31374502182006836
vn -0.96680593490600586 -0.25458797812461853 -0.021707998588681221
vn -0.84582507610321045 -0.52217203378677368 -0.10916199535131454
vn -0.94481527805328369 -0.32200607657432556 -0.060301017016172409
vn -0.98440128564834595 0.060654018074274063 -0.16515204310417175
vn -0.84634679555892944 -0.41281196475028992 0.33657598495483398
vn -0.97276216745376587 -0.048142999410629272 -0.22675102949142456
vn -0.88702565431594849 -0.44710072875022888 -0.11526694148778915
vn -0.62535524368286133 0.51349920034408569 -0.58757925033569336
vn -0.83432799577713013 -0.53875106573104858 0.11680799722671509
vn -0.99394416809082031 0.02383500337600708 0.1072700247168541
vn -0.8163217306137085 -0.55539584159851074 0.15860094130039215
vn -0.99771422147750854 -0.067419014871120453 -0.004579001571983099
vn -0.9867323637008667 -0.1092110350728035 -0.12013404071331024
vn -0.92434674501419067 -0.36422792077064514 -0.11367097496986389
vn -0.99399352073669434 -0.10939694195985794 0.0030279986094683409
vn -0.97162431478500366 -0.07578403502702713 -0.22406011819839478
vn -0.36313199996948242 -0.62531501054763794 -0.69073605537414551
vn -0.99374538660049438 -0.02446700818836689 -0.10895604640245438
vn -0.06530800461769104 -0.49715906381607056 -0.86519807577133179
vn -0.79935765266418457 -0.22341088950634003 -0.55777674913406372
vn -0.50967895984649658 0.69863790273666382 -0.50212794542312622
vn -0.91996985673904419 -0.34997895359992981 0.1765509694814682
vn -0.73896199464797974 0.5335959792137146 -0.4113520085811615
vn -0.9732629656791687 0.20779100060462952 -0.097887992858886719
vn -0.73302018642425537 -0.62651413679122925 -0.26488006114959717
vn -0.70711064338684082 0.59583771228790283 -0.38075181841850281
vn -0.73053306341171265 -0.67509704828262329 -0.10278800874948502
vn -0.79644995927810669 0.50796294212341309 -0.3280869722366333
vn -0.24464789032936096 0.85628056526184082 -0.45489674806594849
vn -0.16535697877407074 0.8650469183921814 -0.47365698218345642
vn -0.55682826042175293 -0.81427431106567383 0.16401106119155884
vn -0.062548995018005371 -0.70262390375137329 -0.70880693197250366
vn -0.62457716464996338 -0.77362221479415894 -0.1068270355463028
vn -0.33865988254547119 0.79443967342376709 -0.50415784120559692
vn -0.49520024657249451 -0.84702539443969727 0.19319607317447662
vn -0.43471205234527588 0.76895105838775635 -0.4687640368938446
vn 0.021817998960614204 -0.94282686710357666 0.33256796002388
vn -0.4305969774723053 0.72155094146728516 -0.54217195510864258
vn -0.18536809086799622 0.83712542057037354 -0.51464521884918213
vn -0.21714191138744354 -0.91506278514862061 -0.33986687660217285
vn -0.09031996876001358 -0.97553169727325439 0.20044997334480286
vn 0.7072981595993042 -0.70263010263442993 -0.077719017863273621
vn -0.24209104478359222 0.85153508186340332 -0.46505910158157349
vn -0.088849008083343506 0.92001920938491821 -0.38166806101799011
vn -0.26014608144760132 -0.9540373682975769 0.14878405630588531
vn -0.17230093479156494 0.86872076988220215 -0.4643668532371521
vn -0.13858594000339508 0.90470564365386963 -0.40286681056022644
vn 0.66204994916915894 -0.56649893522262573 -0.4906819760799408
vn 0.056033007800579071 -0.92808711528778076 -0.36812305450439453
vn -0.24334307014942169 -0.96222919225692749 -0.12206202000379562
vn -0.21061405539512634 -0.96148830652236938 0.17658406496047974
vn -0.29122090339660645 0.81465774774551392 -0.50152081251144409
vn -0.23566009104251862 0.84062939882278442 -0.48765414953231812
vn -0.23003588616847992 -0.96750843524932861 -0.10493294149637222
vn -0.26810494065284729 0.82016676664352417 -0.5054168701171875
vn -0.19012396037578583 0.89405494928359985 -0.40560898184776306
vn -0.25113010406494141 0.85206228494644165 -0.45926415920257568
vn -0.32445988059043884 0.83892667293548584 -0.4369528591632843
vn -0.21735405921936035 0.88993221521377563 -0.40097111463546753
vn -0.081777021288871765 -0.98978328704833984 0.11679704487323761
vn 0.80078220367431641 -0.56452012062072754 -0.20016203820705414
vn 0.014276000671088696 -0.96904397010803223 -0.24647502601146698
vn -0.15801499783992767 -0.96049702167510986 -0.229078009724617
vn -0.18187294900417328 -0.97608977556228638 0.11904197186231613
vn 0 -0.99978339672088623 0.020813008770346642
vn 0 -0.99286824464797974 0.11921702325344086
vn 0 -0.9874235987663269 0.15809692442417145
vn 0 -0.97490483522415161 -0.22262197732925415
vn 0 -0.98618727922439575 -0.16563405096530914
vn 0 -0.99536329507827759 -0.096187017858028412
vn 0 0.84981811046600342 -0.52707606554031372
vn 0 0.86050456762313843 -0.50944274663925171
vn 0 0.89491283893585205 -0.44624096155166626
vn 0 0.88281810283660889 -0.46971505880355835
vn 0 0.89146381616592407 -0.45309188961982727
vn 0.18187294900417328 -0.97608977556228638 0.11904197186231613
vn 0.15801499783992767 -0.96049702167510986 -0.229078009724617
vn -0.014276000671088696 -0.96904397010803223 -0.24647502601146698
vn 0.081777021288871765 -0.98978328704833984 0.11679704487323761
vn -0.80078220367431641 -0.56452012062072754 -0.20016203820705414
vn 0.25888907909393311 -0.96208536624908447 -0.08583802729845047
vn 0.21735405921936035 0.88993221521377563 -0.40097111463546753
vn 0.32445988059043884 0.83892667293548584 -0.4369528591632843
vn 0.25113010406494141 0.85206228494644165 -0.45926415920257568
vn 0.19012396037578583 0.89405494928359985 -0.40560898184776306
vn 0.26810494065284729 0.82016676664352417 -0.5054168701171875
vn 0.23003588616847992 -0.96750843524932861 -0.10493294149637222
vn 0.23566009104251862 0.84062939882278442 -0.48765414953231812
vn 0.29122090339660645 0.81465774774551392 -0.50152081251144409
vn 0.21061405539512634 -0.96148830652236938 0.17658406496047974
vn 0.24334307014942169 -0.96222919225692749 -0.12206202000379562
vn -0.66204994916915894 -0.56649893522262573 -0.4906819760799408
vn -0.056033007800579071 -0.92808711528778076 -0.36812305450439453
vn 0.13858594000339508 0.90470564365386963 -0.40286681056022644
vn 0.17230093479156494 0.86872076988220215 -0.4643668532371521
vn 0.26014608144760132 -0.9540373682975769 0.14878405630588531
vn 0.088849008083343506 0.92001920938491821 -0.38166806101799011
vn 0.24209104478359222 0.85153508186340332 -0.46505910158157349
vn 0.21714191138744354 -0.91506278514862061 -0.33986687660217285
vn 0.18536798655986786 0.83712500333786011 -0.51464599370956421
vn 0.4305969774723053 0.72155094146728516 -0.54217195510864258
vn -0.021817998960614204 -0.94282686710357666 0.33256796002388
vn 0.48843675851821899 -0.87012356519699097 -0.065684966742992401
vn 0.43471205234527588 0.76895105838775635 -0.4687640368938446
vn 0.49520024657249451 -0.84702539443969727 0.19319607317447662
vn 0.33865988254547119 0.79443967342376709 -0.50415784120559692
vn 0.50007623434066772 0.84493142366409302 -0.18977510929107666
vn 0.64104616641998291 -0.63164818286895752 0.43598213791847229
vn 0.62457716464996338 -0.77362221479415894 -0.1068270355463028
vn 0.062548995018005371 -0.70262390375137329 -0.70880693197250366
vn 0.55682826042175293 -0.81427431106567383 0.16401106119155884
vn 0.16535697877407074 0.8650469183921814 -0.47365698218345642
vn 0.24464789032936096 0.85628056526184082 -0.45489674806594849
vn 0.79644995927810669 0.50796294212341309 -0.3280869722366333
vn 0.73053306341171265 -0.67509704828262329 -0.10278800874948502
vn 0.8878747820854187 -0.45409888029098511 -0.073976978659629822
vn 0.70711064338684082 0.59583771228790283 -0.38075181841850281
vn 0.73302018642425537 -0.62651413679122925 -0.26488006114959717
vn 0.9732629656791687 0.20779100060462952 -0.097887992858886719
vn 0.73896163702011108 0.5335966944694519 -0.4113517701625824
vn 0.98426508903503418 -0.14389500021934509 -0.10254999995231628
vn 0.23923797905445099 0.86883294582366943 -0.43346795439720154
vn 0.91996985673904419 -0.34997895359992981 0.1765509694814682
vn 0.50967895984649658 0.69863790273666382 -0.50212794542312622
vn 0.06530800461769104 -0.49715906381607056 -0.86519807577133179
vn 0.79935765266418457 -0.22341088950634003 -0.55777674913406372
vn 0.99374538660049438 -0.02446700818836689 -0.10895604640245438
vn 0.97162431478500366 -0.07578403502702713 -0.22406011819839478
vn 0.36313199996948242 -0.62531501054763794 -0.69073605537414551
vn 0.99399352073669434 -0.10939694195985794 0.0030279986094683409
vn 0.92434674501419067 -0.36422792077064514 -0.11367097496986389
vn 0.9867323637008667 -0.1092110350728035 -0.12013404071331024
vn 0.99771422147750854 -0.067419014871120453 -0.004579001571983099
vn 0.8163217306137085 -0.55539584159851074 0.15860094130039215
vn 0.83432799577713013 -0.53875106573104858 0.11680799722671509
vn 0.62535524368286133 0.51349920034408569 -0.58757925033569336
vn 0.88702565431594849 -0.44710072875022888 -0.11526694148778915
vn 0.97276216745376587 -0.048142999410629272 -0.22675102949142456
vn 0.94481527805328369 -0.32200607657432556 -0.060301017016172409
vn 0.84582507610321045 -0.52217203378677368 -0.10916199535131454
vn 0.96680593490600586 -0.25458797812461853 -0.021707998588681221
vn 0.92710906267166138 0.2050190269947052 -0.31374502182006836
vn 0.86355900764465332 -0.50145399570465088 0.053007002919912338
vn 0.18483507633209229 0.86168336868286133 -0.47258621454238892
vn 0.99320083856582642 -0.11315997689962387 -0.02732999250292778
vn 0.73127102851867676 -0.63814502954483032 -0.24086001515388489
vn 0.98772674798965454 0.14651493728160858 -0.054122976958751678
vn 0.20784892141819 -0.97791373729705811 -0.021989993751049042
vn 0.059587985277175903 -0.99772274494171143 0.031600993126630783
vn 0.95229095220565796 -0.30367198586463928 0.030417997390031815
vn 0.9189038872718811 -0.39364790916442871 0.025630995631217957
vn 0.98800551891326904 0.14858388900756836 -0.042046979069709778
vn 0.43794900178909302 -0.8989529013633728 -0.0091840000823140144
vn -0.046064980328083038 -0.99623781442642212 0.073404967784881592
vn 0.70556974411010742 -0.69376975297927856 0.14441195130348206
vn 0.99499362707138062 -0.091830961406230927 -0.039430983364582062
vn 0.98013883829116821 -0.18903493881225586 -0.05994698777794838
vn 0.6980518102645874 0.45864084362983704 -0.54988384246826172
vn 0.90343111753463745 -0.42865607142448425 -0.0081330006942152977
vn 0.85703223943710327 0.19289505481719971 -0.47779414057731628
vn 0.88708823919296265 -0.34874609112739563 -0.30240809917449951
vn 0.94028937816619873 -0.32017010450363159 0.11552904546260834
vn 0.39811602234840393 -0.91683804988861084 0.03019300103187561
vn 0.34502008557319641 0.82798224687576294 -0.44204813241958618
vn 0.61365175247192383 -0.76764869689941406 -0.18478894233703613
vn 0.82717549800872803 0.079275958240032196 -0.55632370710372925
vn 0.084529004991054535 -0.99401110410690308 0.069259010255336761
vn 0.76521909236907959 0.47157105803489685 -0.43824705481529236
vn 0.21241407096385956 -0.97606438398361206 0.046675018966197968
vn 0.40823298692703247 0.7843509316444397 -0.46705400943756104
vn 0.58357197046279907 -0.80551493167877197 0.10290499031543732
vn 0.45108509063720703 0.7610851526260376 -0.46612408757209778
vn 0.13155700266361237 -0.98945707082748413 0.060559999197721481
vn 0.43988907337188721 0.83285611867904663 -0.33592903614044189
vn 0.40364018082618713 -0.91383129358291626 0.044575009495019913
vn 0.71637022495269775 -0.64193224906921387 -0.2733801007270813
vn 0.81490510702133179 -0.53287708759307861 0.22797304391860962
vn 0.88352203369140625 -0.28372102975845337 -0.37268102169036865
vn 0.88556253910064697 0.13514207303524017 -0.44442731142044067
vn 0.63466769456863403 -0.766021728515625 -0.10201794654130936
vn 0.59353822469711304 -0.80393630266189575 -0.037401013076305389
vn 0.60919475555419922 0.60372978448867798 -0.51419073343276978
vn 0.52679204940795898 -0.84847503900527954 0.050796002149581909
vn 0.49967491626739502 -0.86434483528137207 0.056859001517295837
vn 0.68720996379852295 -0.70838993787765503 0.16101598739624023
vn 0.76917117834091187 -0.61780816316604614 -0.16336704790592194
vn 0.62296992540359497 -0.77526891231536865 0.10424298793077469
vn 0.84464490413665771 -0.41594797372817993 0.33698996901512146
vn 0.58776295185089111 0.72449898719787598 -0.36004996299743652
vn 0.76855319738388062 0.43291908502578735 -0.47107011079788208
vn 0.56292992830276489 0.720164954662323 -0.40555194020271301
vn 0.88496387004852295 0.27769693732261658 -0.37379592657089233
vn 0.86604589223861694 -0.45364290475845337 0.21017296612262726
vn 0.85466396808624268 -0.51898491382598877 -0.014289999380707741
vn 0.90571105480194092 -0.3863300085067749 -0.1744610071182251
vn 0.80607306957244873 -0.59156316518783569 0.017297003418207169
vn 0.96847182512283325 -0.11660897731781006 -0.22014693915843964
vn 0.9024619460105896 -0.42601296305656433 -0.06383899599313736
vn 0.86977565288543701 -0.49312481284141541 -0.017837991937994957
vn 0.95362460613250732 0.12981706857681274 -0.27156516909599304
vn 0.87331616878509521 -0.46957105398178101 0.12969903647899628
vn 0.87536269426345825 0.44384783506393433 -0.19167493283748627
vn 0.93411135673522949 -0.28823709487915039 0.21060706675052643
vn 0.88265305757522583 -0.46471807360649109 0.070432007312774658
vn 0.954792320728302 -0.29491010308265686 -0.037412013858556747
vn 0.85980910062789917 0.48435705900192261 -0.16163702309131622
vn 0.93432104587554932 -0.35494205355644226 -0.032563004642724991
vn 0.97925287485122681 -0.19119198620319366 -0.0671519935131073
vn 0.98198288679122925 -0.18323798477649689 -0.046188995242118835
vn 0.84919261932373047 0.42823880910873413 -0.30900388956069946
vn 0.9591028094291687 -0.26063793897628784 0.11040697991847992
vn 0.99216312170028687 -0.088862016797065735 -0.087840020656585693
vn 0.99766343832015991 -0.0065240026451647282 0.06800803542137146
vn 0.96907800436019897 -0.24325399100780487 -0.041416998952627182
vn 0.99199104309082031 -0.12153800576925278 -0.034384999424219131
vn 0.99427336454391479 0.10061904042959213 -0.036004010587930679
vn 0.99797046184539795 -0.0037600018549710512 0.063567027449607849
vn 0.99828064441680908 -0.013960996642708778 0.056927986443042755
vn 0.97195130586624146 -0.23359706997871399 0.027259010821580887
vn 0.98719066381454468 0.13678896427154541 0.082117974758148193
vn 0.98843866586685181 -0.090639948844909668 -0.12154595553874969
vn 0.98789137601852417 -0.14656205475330353 -0.050894014537334442
vn 0.99047070741653442 -0.11414497345685959 0.077062979340553284
vn 0.99267154932022095 -0.11732795089483261 -0.028935985639691353
vn 0.99974888563156128 0.014311997219920158 0.017242997884750366
vn 0.99567699432373047 -0.085886001586914063 -0.03536900132894516
vn 0.99938899278640747 -0.027406001463532448 0.021693000569939613
vn 0.99493837356567383 -0.098704040050506592 -0.018844006583094597
vn 0.99379068613052368 -0.10826697200536728 0.025656992569565773
vn 0.99557650089263916 -0.092659957706928253 0.015542993322014809
vn 0.99912762641906738 -0.039933986961841583 0.012214997783303261
vn 0.98798674345016479 -0.15449295938014984 -0.0037649988662451506
vn 0.98631918430328369 0.16476103663444519 0.0053200009278953075
vn 0.95538979768753052 0.16837997734546661 -0.24264895915985107
vn 0.99798202514648438 -0.042872998863458633 0.046838000416755676
vn 0.98499161005020142 -0.054888974875211716 -0.16364194452762604
vn -0.97802358865737915 0.16586393117904663 0.12632894515991211
vn -0.97434818744659424 -0.076964020729064941 0.21147604286670685
vn -0.89552628993988037 0.42283004522323608 0.13873504102230072
vn -0.88714510202407837 -0.2119150310754776 0.40995806455612183
vn -0.91381317377090454 0.23232404887676239 0.33312305808067322
vn -0.92712706327438354 0.10234101116657257 0.36050203442573547
vn -0.8989032506942749 0.30341601371765137 0.31608808040618896
vn -0.72204399108886719 0.65824598073959351 -0.21298998594284058
vn -0.91514289379119873 0.23990096151828766 0.32397693395614624
vn -0.57201886177062988 0.78418982028961182 -0.24050095677375793
vn -0.76661419868469238 0.63676917552947998 -0.08263002336025238
vn -0.88799834251403809 -0.061503026634454727 0.4557151198387146
vn -0.91713118553161621 0.19818900525569916 0.34582003951072693
vn -0.92281341552734375 0.2447851151227951 0.29748216271400452
vn -0.68743205070495605 0.69537597894668579 0.20949797332286835
vn -0.5967070460319519 0.73286610841751099 -0.32687607407569885
vn -0.88809072971343994 -0.22499392926692963 0.40083986520767212
vn -0.94797194004058838 0.13125000894069672 0.29003903269767761
vn -0.91038036346435547 -0.27262908220291138 0.31125712394714355
vn -0.49867096543312073 0.74386686086654663 -0.44495993852615356
vn -0.92490381002426147 -0.11921297758817673 0.36102798581123352
vn -0.90269297361373901 0.091127000749111176 0.42052501440048218
vn -0.94166380167007446 -0.22207193076610565 0.25288990139961243
vn -0.54023605585098267 0.84101909399032593 -0.028843004256486893
vn -0.89846342802047729 0.1355060487985611 0.4176141619682312
vn -0.44671908020973206 0.79828613996505737 -0.4039570689201355
vn -0.87585461139678955 -0.23616316914558411 0.42083927989006042
vn -0.87572073936462402 -0.11840996146202087 0.46807289123535156
vn -0.87501877546310425 0.050201985985040665 0.48147886991500854
vn -0.87784373760223389 0.11224397271871567 0.46560889482498169
vn -0.34195104241371155 0.76616108417510986 -0.54412007331848145
vn -0.23923797905445099 0.86883294582366943 -0.43346795439720154
vn -0.39255189895629883 0.88422882556915283 -0.25306594371795654
vn -0.78685665130615234 0.17262192070484161 0.59250169992446899
vn -0.25845196843147278 0.82734394073486328 -0.49870294332504272
vn -0.76158201694488525 -0.061404000967741013 0.6451529860496521
vn -0.73091679811477661 -0.25791493058204651 0.6318548321723938
vn -0.68747812509536743 -0.42601615190505981 0.58811908960342407
vn -0.74843305349349976 0.053954005241394043 0.66101205348968506
vn -0.64104616641998291 -0.63164818286895752 0.43598213791847229
vn -0.17551393806934357 0.82024568319320679 -0.5444188117980957
vn -0.49055206775665283 -0.37540704011917114 0.78640204668045044
vn -0.50193977355957031 -0.12108694761991501 0.8563845157623291
vn -0.43065795302391052 -0.54212093353271484 0.72155290842056274
vn -0.32405003905296326 -0.8131331205368042 0.48353499174118042
vn -0.17871403694152832 0.85379600524902344 -0.488972008228302
vn 0 -0.91506421566009521 0.40330809354782104
vn 0 -0.66760319471359253 0.74451726675033569
vn 0 -0.3764740526676178 0.92642718553543091
vn 0 0.87005704641342163 -0.49295103549957275
vn 0.17871403694152832 0.85379600524902344 -0.488972008228302
vn 0.32405003905296326 -0.8131331205368042 0.48353499174118042
vn 0.43065795302391052 -0.54212093353271484 0.72155290842056274
vn 0.50193977355957031 -0.12108694761991501 0.8563845157623291
vn 0.49055206775665283 -0.37540704011917114 0.78640204668045044
vn 0.17551393806934357 0.82024568319320679 -0.5444188117980957
vn 0.74843305349349976 0.053954005241394043 0.66101205348968506
vn 0.68747866153717041 -0.42601582407951355 0.58811867237091064
vn 0.73091679811477661 -0.25791493058204651 0.6318548321723938
vn 0.76158201694488525 -0.061404000967741013 0.6451529860496521
vn 0.25845196843147278 0.82734394073486328 -0.49870294332504272
vn 0.34195104241371155 0.76616108417510986 -0.54412007331848145
vn 0.87784373760223389 0.11224397271871567 0.46560889482498169
vn 0.84634679555892944 -0.41281196475028992 0.33657598495483398
vn 0.87501877546310425 0.050201985985040665 0.48147886991500854
vn 0.87572073936462402 -0.11840996146202087 0.46807289123535156
vn 0.87585461139678955 -0.23616316914558411 0.42083927989006042
vn 0.44671908020973206 0.79828613996505737 -0.4039570689201355
vn 0.94166380167007446 -0.22207193076610565 0.25288990139961243
vn 0.90269297361373901 0.091127000749111176 0.42052501440048218
vn 0.92490381002426147 -0.11921297758817673 0.36102798581123352
vn 0.49867096543312073 0.74386686086654663 -0.44495993852615356
vn 0.91038036346435547 -0.27262908220291138 0.31125712394714355
vn 0.88809072971343994 -0.22499392926692963 0.40083986520767212
vn 0.5967070460319519 0.73286610841751099 -0.32687607407569885
vn 0.91713118553161621 0.19818900525569916 0.34582003951072693
vn 0.88799834251403809 -0.061503026634454727 0.4557151198387146
vn 0.83253782987594604 -0.33396792411804199 0.44197988510131836
vn 0.76661419868469238 0.63676917552947998 -0.08263002336025238
vn 0.57201886177062988 0.78418982028961182 -0.24050095677375793
vn 0.91514289379119873 0.23990096151828766 0.32397693395614624
vn 0.72204399108886719 0.65824598073959351 -0.21298998594284058
vn 0.8989032506942749 0.30341601371765137 0.31608808040618896
vn 0.92712706327438354 0.10234101116657257 0.36050203442573547
vn 0.91381317377090454 0.23232404887676239 0.33312305808067322
vn 0.88714510202407837 -0.2119150310754776 0.40995806455612183
vn 0.89552628993988037 0.42283004522323608 0.13873504102230072
vn 0.92159754037857056 0.38660314679145813 -0.034583013504743576
vn 0.87193810939788818 0.47558706998825073 -0.11636503040790558
vn 0.97258710861206055 0.10512302070856094 0.20742103457450867
vn 0.98046642541885376 0.081582039594650269 0.17896907031536102
vn 0.97434818744659424 -0.076964020729064941 0.21147604286670685
vn 0.97802358865737915 0.16586393117904663 0.12632894515991211
vn -0.91180384159088135 0.2948969304561615 0.28574395179748535
vn -0.92701661586761475 0.37439486384391785 0.021647993475198746
vn -0.7198261022567749 0.68422609567642212 0.11698301881551743
vn -0.88298690319061279 -0.039140991866588593 0.46776288747787476
vn -0.93094384670257568 0.27226594090461731 -0.24334093928337097
vn -0.94170981645584106 0.29321396350860596 -0.164948970079422
vn -0.86073428392410278 -0.24198709428310394 0.44786015152931213
vn -0.69520705938339233 0.70869207382202148 0.1201779916882515
vn -0.91859942674636841 0.37036913633346558 -0.13784706592559814
vn -0.84166616201400757 -0.23774006962776184 0.48484814167022705
vn -0.59118223190307617 0.68446725606918335 0.42662414908409119
vn -0.94094151258468628 0.33803117275238037 -0.019079010933637619
vn -0.89152991771697998 0.45051592588424683 -0.047007996588945389
vn -0.95702171325683594 0.2396969348192215 -0.16326294839382172
vn -0.77348792552947998 0.30103000998497009 0.55776101350784302
vn -0.94733434915542603 0.24545305967330933 -0.20569504797458649
vn -0.8543969988822937 0.093184009194374084 0.51119709014892578
vn -0.94820511341094971 -0.0031600005459040403 0.31764301657676697
vn -0.89139413833618164 0.44170704483985901 -0.10154501348733902
vn -0.60417062044143677 0.73501157760620117 0.30779182910919189
vn -0.8728366494178772 0.47231683135032654 -0.12277195602655411
vn -0.93239122629165649 0.24752804636955261 -0.2633940577507019
vn -0.74786502122879028 -0.38272500038146973 0.54242002964019775
vn -0.75431275367736816 0.54018980264663696 0.37310487031936646
vn -0.92091900110244751 0.33649000525474548 -0.19667899608612061
vn -0.77114421129226685 0.070929020643234253 0.63269716501235962
vn -0.80045813322067261 0.54118305444717407 -0.25765803456306458
vn -0.99837672710418701 -0.056907989084720612 0.0023129992187023163
vn -0.99839168787002563 0.053782988339662552 -0.01792699471116066
vn -0.98659634590148926 -0.16101506352424622 -0.026491014286875725
vn -0.97925060987472534 0.2007509171962738 0.027699988335371017
vn -0.95499908924102783 -0.2965560257434845 0.0055920006707310677
vn -0.94721996784210205 0.28162297606468201 0.15317597985267639
vn -0.91910165548324585 -0.37567484378814697 0.11882995814085007
vn -0.93072414398193359 -0.036857005208730698 -0.36386004090309143
vn -0.92771142721176147 -0.06512703001499176 0.36757314205169678
vn -0.92523276805877686 0.21365895867347717 -0.3135189414024353
vn -0.90432655811309814 -0.27747616171836853 -0.32434618473052979
vn -0.90736621618270874 0.32765212655067444 0.26330709457397461
vn -0.87902748584747314 -0.42190477252006531 0.22205188870429993
vn -0.8801005482673645 0.41148725152015686 -0.23685713112354279
vn -0.85071980953216553 -0.45609387755393982 -0.2612549364566803
vn -0.86290913820266724 0.33283206820487976 0.38027706742286682
vn -0.83856600522994995 -0.43217000365257263 0.33171701431274414
vn -0.85043448209762573 0.52212768793106079 -0.064372964203357697
vn -0.81868785619735718 0.29903993010520935 0.49022990465164185
vn -0.8007165789604187 -0.40717476606369019 0.43938779830932617
vn -0.81865227222442627 -0.56449925899505615 -0.10558904707431793
vn -0.8127930760383606 0.35081303119659424 0.46507808566093445
vn -0.78103679418563843 0.23260395228862762 0.57954889535903931
vn -0.76761698722839355 -0.34922301769256592 0.53740805387496948
vn -0.78674423694610596 0.60452419519424438 0.12483604252338409
vn -0.87816518545150757 0.38588711619377136 0.28269606828689575
vn -0.75196331739425659 0.14195406436920166 0.64373922348022461
vn -0.74357074499130249 -0.26841792464256287 0.61241680383682251
vn -0.92184412479400635 0.23437802493572235 -0.30865901708602905
vn -0.75967121124267578 -0.64711320400238037 0.064375020563602448
vn -0.73366683721542358 0.032118991017341614 0.67874979972839355
vn -0.72986960411071777 -0.16476891934871674 0.66343164443969727
vn -0.82860636711120605 -0.076282024383544922 -0.55461025238037109
vn -0.74939799308776855 -0.068489998579025269 0.65856796503067017
vn -0.85570228099822998 0.21640709042549133 -0.47004419565200806
vn -0.80440425872802734 -0.24543307721614838 -0.54101419448852539
vn -0.82116907835006714 0.40468007326126099 0.40238705277442932
vn -0.7454790472984314 0.5916290283203125 0.3069789707660675
vn -0.85344469547271729 0.40395784378051758 -0.32931786775588989
vn -0.72357708215713501 -0.64760303497314453 0.23884403705596924
vn -0.80816620588302612 -0.4531920850276947 -0.37614405155181885
vn -0.77242487668991089 -0.22663997113704681 0.59329092502593994
vn -0.86981886625289917 0.052732992917299271 -0.49054494500160217
vn -0.66242188215255737 0.58020097017288208 0.47388193011283875
vn -0.73002785444259644 0.65918886661529541 -0.18035899102687836
vn -0.65007376670837402 -0.64680474996566772 0.39880785346031189
vn -0.73761868476867676 -0.37544181942939758 0.5612148642539978
vn -0.83046692609786987 0.48230794072151184 -0.27875396609306335
vn -0.75960397720336914 -0.61293798685073853 -0.21750600636005402
vn -0.6034209132194519 0.48012694716453552 0.63667994737625122
vn -0.59665679931640625 -0.56564384698867798 0.56925183534622192
vn -0.64306157827377319 0.76559048891067505 -0.018520986661314964
vn -0.81912398338317871 0.23372997343540192 0.52383798360824585
vn -0.78968703746795654 -0.41338500380516052 -0.45332902669906616
vn -0.53560799360275269 0.32682201266288757 0.77865999937057495
vn -0.95184338092803955 0.29477912187576294 -0.084258027374744415
vn -0.7359689474105835 -0.67699992656707764 0.0045589995570480824
vn -0.53298294544219971 -0.4310869574546814 0.72807502746582031
vn -0.52278417348861694 0.12344803661108017 0.84347927570343018
vn -0.52168196439743042 -0.24237097799777985 0.81798791885375977
vn -0.55469608306884766 -0.063098005950450897 0.82965707778930664
vn -0.57878482341766357 0.77047973871231079 0.26714992523193359
vn -0.77158981561660767 -0.55354785919189453 0.31342294812202454
vn -0.8078417181968689 0.37549689412117004 0.45430585741996765
vn -0.62731999158859253 -0.74793696403503418 0.2169329822063446
vn -0.66158699989318848 -0.74140900373458862 0.1123180016875267
vn -0.80694693326950073 0.34169796109199524 0.48174595832824707
vn -0.72038590908050537 0.49738886952400208 -0.48337191343307495
vn -0.4636930525302887 0.74267512559890747 0.48313808441162109
vn -0.71577298641204834 -0.52408099174499512 0.46152800321578979
vn -0.52885103225708008 0.84163802862167358 0.10937099903821945
vn -0.44979709386825562 -0.79029315710067749 0.41607609391212463
vn -0.34790286421775818 0.61453968286514282 0.70802867412567139
vn -0.32686308026313782 -0.69280123710632324 0.64279621839523315
vn -0.31732791662216187 0.42698290944099426 0.84675174951553345
vn -0.80705982446670532 0.25488695502281189 -0.5326228141784668
vn -0.89687711000442505 0.36621904373168945 -0.24798202514648438
vn -0.11480400711297989 -0.59863400459289551 0.79275304079055786
vn -0.68330121040344238 -0.14922703802585602 0.71472424268722534
vn -0.28103402256965637 0.21596600115299225 0.93508213758468628
vn -0.77676296234130859 -0.55084091424942017 0.30530896782875061
vn -0.30703496932983398 0.77714979648590088 0.54933387041091919
vn -0.1648699939250946 -0.35828098654747009 0.91894102096557617
vn -0.25779786705970764 -0.016460992395877838 0.96605861186981201
vn -0.88783687353134155 0.45860397815704346 0.037790000438690186
vn -0.94305151700973511 0.20678688585758209 0.26056286692619324
vn -0.89243984222412109 0.41203394532203674 0.18379096686840057
vn -0.10760701447725296 -0.81857019662857056 0.56423711776733398
vn -0.90492087602615356 0.42516693472862244 -0.018742999061942101
vn -0.96038705110549927 0.27858799695968628 0.0067420005798339844
vn 0.1388859897851944 -0.5611758828163147 0.81596100330352783
vn -0.92275869846343994 -0.37109792232513428 0.10393597185611725
vn -0.68009966611862183 0.14435692131519318 0.71876662969589233
vn -0.93715918064117432 -0.3273790180683136 0.12064701318740845
vn -0.13913305103778839 0.4045051634311676 0.90389025211334229
vn -0.98329776525497437 0.17714396119117737 0.041779991239309311
vn -0.02231200784444809 -0.1625540554523468 0.98644733428955078
vn -0.80636686086654663 -0.086990989744663239 0.58498293161392212
vn -0.61665385961532593 0.57347089052200317 -0.53932285308837891
vn -0.89703184366226196 0.16792894899845123 0.40881991386413574
vn -0.80521196126937866 0.50080394744873047 0.31753599643707275
vn -0.46970909833908081 0.36966007947921753 -0.80170118808746338
vn -0.75360506772994995 0.62840408086776733 0.19284100830554962
vn -0.47142091393470764 0.39385491609573364 -0.78907579183578491
vn -0.73988664150238037 0.46505874395370483 0.48609474301338196
vn -0.71441787481307983 0.68788087368011475 -0.12816797196865082
vn -0.48105001449584961 -0.26742199063301086 0.83491098880767822
vn -0.80162012577056885 0.17492103576660156 0.57167106866836548
vn -0.58863216638565063 -0.29984807968139648 0.75073516368865967
vn -0.57544994354248047 0.42667794227600098 0.69771289825439453
vn -0.5482059121131897 0.64752006530761719 0.52932792901992798
vn -0.86501646041870117 -0.0069570033811032772 0.50169527530670166
vn -0.87653005123138428 0.4170880913734436 0.2402760237455368
vn -0.71627289056777954 -0.32924693822860718 0.61526387929916382
vn -0.15375696122646332 0.4293389618396759 -0.88995891809463501
vn -0.52819907665252686 0.37393403053283691 0.76235103607177734
vn -0.33637800812721252 0.89355301856994629 0.29734301567077637
vn -0.43807315826416016 0.88332927227020264 -0.16679705679416656
vn -0.95552486181259155 -0.016776997596025467 0.29443299770355225
vn -0.17743197083473206 0.45015090703964233 -0.87514686584472656
vn -0.13056002557277679 0.64145517349243164 -0.75596916675567627
vn -0.94222652912139893 -0.13616491854190826 0.30605283379554749
vn -0.93281710147857666 0.24846504628658295 0.26099303364753723
vn -0.74990373849868774 -0.5825808048248291 0.31343892216682434
vn -0.59031826257705688 -0.68965232372283936 0.41940915584564209
vn -0.72064930200576782 0.68365329504013062 0.11525103449821472
vn -0.68038636445999146 -0.55078029632568359 0.48344126343727112
vn -0.10668301582336426 -0.0037140003405511379 0.99428611993789673
vn -0.92299163341522217 -0.23650790750980377 0.30356287956237793
vn -0.77926653623580933 0.59871363639831543 0.18516387045383453
vn -0.69484591484069824 0.66079896688461304 0.28378495573997498
vn -0.5652536153793335 -0.75332355499267578 0.33614277839660645
vn -0.82320225238800049 0.52517515420913696 0.21570606529712677
vn -0.42065882682800293 -0.31698384881019592 0.85003966093063354
vn -0.88639914989471436 -0.2440500408411026 0.39336508512496948
vn -0.24968501925468445 -0.082516007125377655 0.96480488777160645
vn -0.56134301424026489 -0.80647695064544678 0.18571197986602783
vn -0.86876469850540161 -0.29906687140464783 0.39472386240959167
vn -0.92671269178390503 -0.14091596007347107 0.34834787249565125
vn -0.59408408403396606 0.79639309644699097 0.11323500424623489
vn -0.91685253381729126 0.21542586386203766 0.33611482381820679
vn -0.57718366384506226 -0.76964759826660156 0.27294984459877014
vn -0.68187862634658813 -0.64230769872665405 0.34997481107711792
vn -0.54586821794509888 -0.7599453330039978 0.35286113619804382
vn -0.97089594602584839 0.0064049996435642242 0.2394159734249115
vn -0.96603691577911377 0.0020679996814578772 0.25839594006538391
vn -0.78325188159942627 0.55899596214294434 0.27210298180580139
vn -0.42877233028411865 0.60169148445129395 0.6738855242729187
vn -0.5250059962272644 -0.80602097511291504 0.27331098914146423
vn -0.89522141218185425 -0.16818207502365112 0.41266623139381409
vn -0.96776670217514038 -0.069454975426197052 0.24208192527294159
vn -0.56774622201919556 -0.78198730945587158 0.25721609592437744
vn -0.49332508444786072 0.76947313547134399 0.40563708543777466
vn -0.4735909104347229 -0.77469879388809204 0.41899091005325317
vn -0.97600030899047852 -0.068458020687103271 0.20672905445098877
vn -0.48058411478996277 -0.83990812301635742 0.25217702984809875
vn -0.97625994682312012 -0.1217389777302742 0.17915396392345428
vn -0.34027600288391113 0.50679594278335571 0.79206699132919312
vn -0.89015334844589233 -0.093671038746833801 0.4459291398525238
vn -0.40970385074615479 -0.87770962715148926 0.24853292107582092
vn -0.84472090005874634 -0.27537393569946289 0.45892894268035889
vn -0.97923791408538818 -0.12715698778629303 0.15787398815155029
vn -0.8591378927230835 0.19995199143886566 0.47106394171714783
vn -0.51588022708892822 0.84929639101028442 0.11208604276180267
vn -0.53462702035903931 0.81409305334091187 0.22677403688430786
vn -0.7371787428855896 0.57652080059051514 0.35240787267684937
vn -0.86045604944229126 -0.038355004042387009 0.50807905197143555
vn -0.47759896516799927 -0.79450595378875732 0.37504598498344421
vn -0.95780825614929199 -0.033592008054256439 0.28543806076049805
vn -0.73069208860397339 0.51306098699569702 0.45039704442024231
vn -0.95242834091186523 -0.12785604596138 0.27664610743522644
vn -0.7217411994934082 0.39907911419868469 0.56553113460540771
vn -0.50874876976013184 -0.83724457025527954 0.20048989355564117
vn -0.48121613264083862 -0.86153620481491089 0.16182205080986023
vn -0.31323996186256409 -0.16978296637535095 0.93437385559082031
vn -0.82299739122390747 -0.45226022601127625 0.34370917081832886
vn -0.89323538541793823 -0.026235012337565422 0.44882318377494812
vn -0.30756300687789917 0.75697505474090576 0.57653599977493286
vn -0.56240594387054443 0.69212990999221802 0.4523889422416687
vn -0.73754149675369263 -0.090779058635234833 0.66917240619659424
vn -0.88181185722351074 0.1188189685344696 0.45638787746429443
vn -0.38390785455703735 -0.82859963178634644 0.40747684240341187
vn -0.70748001337051392 0.10749701410531998 0.69851011037826538
vn -0.67530274391174316 -0.52841383218765259 0.51453381776809692
vn -0.91114944219589233 0.02162700891494751 0.41150820255279541
vn -0.47161996364593506 -0.86392694711685181 0.17664895951747894
vn -0.61785590648651123 0.21227696537971497 0.75709480047225952
vn -0.39676499366760254 0.90686702728271484 0.14202000200748444
vn -0.91461163759231567 0.086466960608959198 0.39497983455657959
vn -0.91901183128356934 0.081611983478069305 0.38568994402885437
vn -0.4213460385799408 -0.88434207439422607 0.20101401209831238
vn -0.48590114712715149 0.52896618843078613 0.69576925039291382
vn -0.89089417457580566 -0.16947305202484131 0.42141014337539673
vn -0.53107297420501709 -0.82005602121353149 0.21323598921298981
vn -0.32487404346466064 0.73999005556106567 0.58895808458328247
vn -0.53309410810470581 -0.16223204135894775 0.8303561806678772
vn -0.43898385763168335 -0.85599476099014282 0.27306795120239258
vn -0.2846149206161499 0.84969568252563477 0.44385987520217896
vn -0.90988701581954956 0.093441002070903778 0.40419596433639526
vn -0.44799685478210449 -0.88118070363998413 0.15106093883514404
vn -0.91626709699630737 -0.0035560003016144037 0.40055206418037415
vn -0.42128616571426392 0.17747007310390472 0.88939440250396729
vn -0.25870916247367859 0.94104957580566406 0.21793413162231445
vn -0.44761082530021667 -0.082855962216854095 0.89038163423538208
vn -0.54059684276580811 -0.69902282953262329 0.46810483932495117
vn -0.63469588756561279 -0.54905390739440918 0.54378390312194824
vn -0.51298576593399048 -0.7772095799446106 0.3644048273563385
vn -0.92675304412841797 0.044752005487680435 0.37299603223800659
vn -0.43168872594833374 -0.39196175336837769 0.81241053342819214
vn -0.45805999636650085 -0.72634291648864746 0.51245194673538208
vn -0.24326609075069427 0.91456431150436401 0.32310011982917786
vn -0.3034159243106842 0.93951374292373657 0.15891095995903015
vn -0.92303764820098877 -0.0081020072102546692 0.38462427258491516
vn -0.41403818130493164 -0.89092636108398438 0.18660807609558105
vn -0.82780647277832031 -0.16513389348983765 0.5361596941947937
vn -0.49523892998695374 -0.82397985458374023 0.2753099799156189
vn -0.45801198482513428 -0.77801698446273804 0.43001699447631836
vn -0.31031185388565063 0.5393107533454895 0.78284764289855957
vn -0.33231112360954285 0.15619604289531708 0.93014627695083618
vn -0.42837199568748474 -0.49228000640869141 0.75773203372955322
vn -0.87175387144088745 -0.012481998652219772 0.48978501558303833
vn -0.38553422689437866 -0.87191855907440186 0.30186319351196289
vn -0.86056333780288696 -0.051930021494626999 0.50668925046920776
vn -0.20734405517578125 0.37548911571502686 0.90333622694015503
vn -0.76578068733215332 -0.17841093242168427 0.61785876750946045
vn 0 -0.27490302920341492 0.96147197484970093
vn 0 -0.34748518466949463 0.93768548965454102
vn 0 -0.35791799426078796 0.93375301361083984
vn -0.44903907179832458 -0.87710011005401611 0.17046801745891571
vn 0.44903907179832458 -0.87710011005401611 0.17046801745891571
vn 0 -0.97622072696685791 0.21677891910076141
vn 0 -0.91280126571655273 0.40840405225753784
vn -0.36693403124809265 -0.7904401421546936 0.49047306180000305
vn 0.36693403124809265 -0.7904401421546936 0.49047306180000305
vn -0.45414498448371887 -0.67320102453231812 0.5835689902305603
vn 0.45414498448371887 -0.67320102453231812 0.5835689902305603
vn -0.5944710373878479 -0.45453408360481262 0.66332715749740601
vn 0.5944710373878479 -0.45453408360481262 0.66332715749740601
vn -0.44337481260299683 -0.72255176305770874 0.53041279315948486
vn -0.71560686826705933 -0.20645993947982788 0.66729390621185303
vn 0.44337481260299683 -0.72255176305770874 0.53041279315948486
vn 0.71560686826705933 -0.20645993947982788 0.66729390621185303
vn -0.4287320077419281 -0.45350503921508789 0.78135907649993896
vn 0.4287320077419281 -0.45350503921508789 0.78135907649993896
vn 0 -0.1783679723739624 0.98396384716033936
vn 0 0.21039795875549316 0.9776158332824707
vn 0 0.69823837280273438 0.7158653736114502
vn 0 0.89420789480209351 0.44765195250511169
vn 0 0.97178465127944946 0.23586989939212799
vn -0.3532131016254425 0.91976016759872437 0.17111904919147491
vn 0.3532131016254425 0.91976016759872437 0.17111904919147491
vn 0 0.85208708047866821 0.52340006828308105
vn 0 0.53407436609268188 0.84543752670288086
vn 0 0.63838291168212891 0.76971894502639771
vn 0 0.58438992500305176 -0.81147301197052002
vn 0 0.81220883131027222 0.58336681127548218
vn 0 0.93671494722366333 0.35009297728538513
vn 0 0.97222429513931274 0.23405107855796814
vn 0 0.74312573671340942 -0.66915178298950195
vn 0.76578068733215332 -0.17841093242168427 0.61785876750946045
vn 0.20734386146068573 0.3754887580871582 0.90333640575408936
vn 0.38553422689437866 -0.87191855907440186 0.30186319351196289
vn 0.86056333780288696 -0.051930021494626999 0.50668925046920776
vn 0.87175387144088745 -0.012481998652219772 0.48978501558303833
vn 0.42837199568748474 -0.49228000640869141 0.75773203372955322
vn 0.33231112360954285 0.15619604289531708 0.93014627695083618
vn 0.31031185388565063 0.5393107533454895 0.78284764289855957
vn 0.49523892998695374 -0.82397985458374023 0.2753099799156189
vn 0.45801198482513428 -0.77801698446273804 0.43001699447631836
vn 0.82780647277832031 -0.16513389348983765 0.5361596941947937
vn 0.92303764820098877 -0.0081020072102546692 0.38462427258491516
vn 0.41403818130493164 -0.89092636108398438 0.18660807609558105
vn 0.45805999636650085 -0.72634291648864746 0.51245194673538208
vn 0.24326609075069427 0.91456431150436401 0.32310011982917786
vn 0.3034159243106842 0.93951374292373657 0.15891095995903015
vn 0.43168872594833374 -0.39196175336837769 0.81241053342819214
vn 0.92675304412841797 0.044752005487680435 0.37299603223800659
vn 0.51298576593399048 -0.7772095799446106 0.3644048273563385
vn 0.63469588756561279 -0.54905390739440918 0.54378390312194824
vn 0.54059684276580811 -0.69902282953262329 0.46810483932495117
vn 0.44761082530021667 -0.082855962216854095 0.89038163423538208
vn 0.25870916247367859 0.94104957580566406 0.21793413162231445
vn 0.44799685478210449 -0.88118070363998413 0.15106093883514404
vn 0.91626709699630737 -0.0035560003016144037 0.40055206418037415
vn 0.42128577828407288 0.17746990919113159 0.88939458131790161
vn 0.90988701581954956 0.093441002070903778 0.40419596433639526
vn 0.2846149206161499 0.84969568252563477 0.44385987520217896
vn 0.43898385763168335 -0.85599476099014282 0.27306795120239258
vn 0.53309410810470581 -0.16223204135894775 0.8303561806678772
vn 0.32487404346466064 0.73999005556106567 0.58895808458328247
vn 0.53107297420501709 -0.82005602121353149 0.21323598921298981
vn 0.89089417457580566 -0.16947305202484131 0.42141014337539673
vn 0.48590114712715149 0.52896618843078613 0.69576925039291382
vn 0.91901183128356934 0.081611983478069305 0.38568994402885437
vn 0.4213460385799408 -0.88434207439422607 0.20101401209831238
vn 0.91461145877838135 0.086467042565345764 0.39498022198677063
vn 0.39676499366760254 0.90686702728271484 0.14202000200748444
vn 0.61785590648651123 0.21227696537971497 0.75709480047225952
vn 0.47161996364593506 -0.86392694711685181 0.17664895951747894
vn 0.91114944219589233 0.02162700891494751 0.41150820255279541
vn 0.67530274391174316 -0.52841383218765259 0.51453381776809692
vn 0.88181185722351074 0.1188189685344696 0.45638787746429443
vn 0.38390818238258362 -0.82859933376312256 0.40747717022895813
vn 0.70748001337051392 0.10749701410531998 0.69851011037826538
vn 0.73754191398620605 -0.090779006481170654 0.66917192935943604
vn 0.56240594387054443 0.69212990999221802 0.4523889422416687
vn 0.30756300687789917 0.75697505474090576 0.57653599977493286
vn 0.89323538541793823 -0.026235012337565422 0.44882318377494812
vn 0.48121613264083862 -0.86153620481491089 0.16182205080986023
vn 0.31323996186256409 -0.16978296637535095 0.93437385559082031
vn 0.82299739122390747 -0.45226022601127625 0.34370917081832886
vn 0.50874876976013184 -0.83724457025527954 0.20048989355564117
vn 0.7217411994934082 0.39907911419868469 0.56553113460540771
vn 0.95242834091186523 -0.12785604596138 0.27664610743522644
vn 0.73069208860397339 0.51306098699569702 0.45039704442024231
vn 0.47759896516799927 -0.79450595378875732 0.37504598498344421
vn 0.95780825614929199 -0.033592008054256439 0.28543806076049805
vn 0.86045604944229126 -0.038355004042387009 0.50807905197143555
vn 0.7371789813041687 0.57652097940444946 0.35240700840950012
vn 0.53462702035903931 0.81409305334091187 0.22677403688430786
vn 0.51588022708892822 0.84929639101028442 0.11208604276180267
vn 0.8591378927230835 0.19995199143886566 0.47106394171714783
vn 0.97923791408538818 -0.12715698778629303 0.15787398815155029
vn 0.40970385074615479 -0.87770962715148926 0.24853292107582092
vn 0.84472090005874634 -0.27537393569946289 0.45892894268035889
vn 0.89015334844589233 -0.093671038746833801 0.4459291398525238
vn 0.34027600288391113 0.50679594278335571 0.79206699132919312
vn 0.48058411478996277 -0.83990812301635742 0.25217702984809875
vn 0.97625994682312012 -0.1217389777302742 0.17915396392345428
vn 0.97600030899047852 -0.068458020687103271 0.20672905445098877
vn 0.47359126806259155 -0.77469843626022339 0.41899123787879944
vn 0.49332508444786072 0.76947313547134399 0.40563708543777466
vn 0.96776670217514038 -0.069454975426197052 0.24208192527294159
vn 0.56774622201919556 -0.78198730945587158 0.25721609592437744
vn 0.89522141218185425 -0.16818207502365112 0.41266623139381409
vn 0.5250059962272644 -0.80602097511291504 0.27331098914146423
vn 0.42877233028411865 0.60169148445129395 0.6738855242729187
vn 0.78325188159942627 0.55899596214294434 0.27210298180580139
vn 0.96603691577911377 0.0020679996814578772 0.25839594006538391
vn 0.54586821794509888 -0.7599453330039978 0.35286113619804382
vn 0.97089594602584839 0.0064049996435642242 0.2394159734249115
vn 0.68187862634658813 -0.64230769872665405 0.34997481107711792
vn 0.57718366384506226 -0.76964759826660156 0.27294984459877014
vn 0.91685253381729126 0.21542586386203766 0.33611482381820679
vn 0.59408408403396606 0.79639309644699097 0.11323500424623489
vn 0.92671269178390503 -0.14091596007347107 0.34834787249565125
vn 0.86876469850540161 -0.29906687140464783 0.39472386240959167
vn 0.88639914989471436 -0.2440500408411026 0.39336508512496948
vn 0.24968501925468445 -0.082516007125377655 0.96480488777160645
vn 0.56134301424026489 -0.80647695064544678 0.18571197986602783
vn 0.42065882682800293 -0.31698384881019592 0.85003966093063354
vn 0.82320225238800049 0.52517515420913696 0.21570606529712677
vn 0.56525403261184692 -0.75332313776016235 0.33614304661750793
vn 0.69484591484069824 0.66079896688461304 0.28378495573997498
vn 0.77926653623580933 0.59871363639831543 0.18516387045383453
vn 0.92299163341522217 -0.23650790750980377 0.30356287956237793
vn 0.68038636445999146 -0.55078029632568359 0.48344126343727112
vn 0.10668301582336426 -0.0037140003405511379 0.99428611993789673
vn 0.72064930200576782 0.68365329504013062 0.11525103449821472
vn 0.59031826257705688 -0.68965232372283936 0.41940915584564209
vn 0.74990373849868774 -0.5825808048248291 0.31343892216682434
vn 0.93281710147857666 0.24846504628658295 0.26099303364753723
vn 0.94222652912139893 -0.13616491854190826 0.30605283379554749
vn 0.13056002557277679 0.64145517349243164 -0.75596916675567627
vn 0.17743197083473206 0.45015090703964233 -0.87514686584472656
vn 0.95552486181259155 -0.016776997596025467 0.29443299770355225
vn 0.43807315826416016 0.88332927227020264 -0.16679705679416656
vn 0.33637800812721252 0.89355301856994629 0.29734301567077637
vn 0.52819907665252686 0.37393403053283691 0.76235103607177734
vn 0.15375696122646332 0.4293389618396759 -0.88995891809463501
vn 0.71627289056777954 -0.32924693822860718 0.61526387929916382
vn 0.87653005123138428 0.4170880913734436 0.2402760237455368
vn 0.86501646041870117 -0.0069570033811032772 0.50169527530670166
vn 0.5482059121131897 0.64752006530761719 0.52932792901992798
vn 0.57544994354248047 0.42667794227600098 0.69771289825439453
vn 0.58863216638565063 -0.29984807968139648 0.75073516368865967
vn 0.80162012577056885 0.17492103576660156 0.57167106866836548
vn 0.48105001449584961 -0.26742199063301086 0.83491098880767822
vn 0.71441787481307983 0.68788087368011475 -0.12816797196865082
vn 0.73988664150238037 0.46505874395370483 0.48609474301338196
vn 0.75360506772994995 0.62840408086776733 0.19284100830554962
vn 0.46970909833908081 0.36966007947921753 -0.80170118808746338
vn 0.80521196126937866 0.50080394744873047 0.31753599643707275
vn 0.89703184366226196 0.16792894899845123 0.40881991386413574
vn 0.61665385961532593 0.57347089052200317 -0.53932285308837891
vn 0.80636686086654663 -0.086990989744663239 0.58498293161392212
vn 0.98329776525497437 0.17714396119117737 0.041779991239309311
vn 0.02231200784444809 -0.1625540554523468 0.98644733428955078
vn 0.93715918064117432 -0.3273790180683136 0.12064701318740845
vn 0.13913305103778839 0.4045051634311676 0.90389025211334229
vn 0.92275869846343994 -0.37109792232513428 0.10393597185611725
vn 0.68009966611862183 0.14435692131519318 0.71876662969589233
vn 0.96038705110549927 0.27858799695968628 0.0067420005798339844
vn -0.1388859897851944 -0.5611758828163147 0.81596100330352783
vn 0.90492087602615356 0.42516693472862244 -0.018742999061942101
vn 0.89243984222412109 0.41203394532203674 0.18379096686840057
vn 0.10760701447725296 -0.81857019662857056 0.56423711776733398
vn 0.94305151700973511 0.20678688585758209 0.26056286692619324
vn 0.88783687353134155 0.45860397815704346 0.037790000438690186
vn 0.25779786705970764 -0.016460992395877838 0.96605861186981201
vn 0.1648699939250946 -0.35828098654747009 0.91894102096557617
vn 0.77676296234130859 -0.55084091424942017 0.30530896782875061
vn 0.30703496932983398 0.77714979648590088 0.54933387041091919
vn 0.28103402256965637 0.21596600115299225 0.93508213758468628
vn 0.68330121040344238 -0.14922703802585602 0.71472424268722534
vn 0.11480400711297989 -0.59863400459289551 0.79275304079055786
vn 0.89687711000442505 0.36621904373168945 -0.24798202514648438
vn 0.80705982446670532 0.25488695502281189 -0.5326228141784668
vn 0.31732791662216187 0.42698290944099426 0.84675174951553345
vn 0.32686308026313782 -0.69280123710632324 0.64279621839523315
vn 0.34790286421775818 0.61453968286514282 0.70802867412567139
vn 0.44979709386825562 -0.79029315710067749 0.41607609391212463
vn 0.71577298641204834 -0.52408099174499512 0.46152800321578979
vn 0.52885103225708008 0.84163802862167358 0.10937099903821945
vn 0.4636930525302887 0.74267512559890747 0.48313808441162109
vn 0.66158699989318848 -0.74140900373458862 0.1123180016875267
vn 0.80694693326950073 0.34169796109199524 0.48174595832824707
vn 0.62731999158859253 -0.74793696403503418 0.2169329822063446
vn 0.77158981561660767 -0.55354785919189453 0.31342294812202454
vn 0.8078417181968689 0.37549689412117004 0.45430585741996765
vn 0.57878482341766357 0.77047973871231079 0.26714992523193359
vn 0.55469608306884766 -0.063098005950450897 0.82965707778930664
vn 0.52168196439743042 -0.24237097799777985 0.81798791885375977
vn 0.52278417348861694 0.12344803661108017 0.84347927570343018
vn 0.53298294544219971 -0.4310869574546814 0.72807502746582031
vn 0.7359689474105835 -0.67699992656707764 0.0045589995570480824
vn 0.95184338092803955 0.29477912187576294 -0.084258027374744415
vn 0.53560799360275269 0.32682201266288757 0.77865999937057495
vn 0.81912398338317871 0.23372997343540192 0.52383798360824585
vn 0.78968703746795654 -0.41338500380516052 -0.45332902669906616
vn 0.64306157827377319 0.76559048891067505 -0.018520986661314964
vn 0.59665679931640625 -0.56564384698867798 0.56925183534622192
vn 0.6034209132194519 0.48012694716453552 0.63667994737625122
vn 0.75960397720336914 -0.61293798685073853 -0.21750600636005402
vn 0.73761868476867676 -0.37544181942939758 0.5612148642539978
vn 0.83046692609786987 0.48230794072151184 -0.27875396609306335
vn 0.65007376670837402 -0.64680474996566772 0.39880785346031189
vn 0.73002785444259644 0.65918886661529541 -0.18035899102687836
vn 0.66242188215255737 0.58020097017288208 0.47388193011283875
vn 0.77242487668991089 -0.22663997113704681 0.59329092502593994
vn 0.86981886625289917 0.052732992917299271 -0.49054494500160217
vn 0.80816620588302612 -0.4531920850276947 -0.37614405155181885
vn 0.72357708215713501 -0.64760303497314453 0.23884403705596924
vn 0.85344469547271729 0.40395784378051758 -0.32931786775588989
vn 0.7454790472984314 0.5916290283203125 0.3069789707660675
vn 0.82116907835006714 0.40468007326126099 0.40238705277442932
vn 0.80440425872802734 -0.24543307721614838 -0.54101419448852539
vn 0.85570228099822998 0.21640709042549133 -0.47004419565200806
vn 0.74939799308776855 -0.068489998579025269 0.65856796503067017
vn 0.82860636711120605 -0.076282024383544922 -0.55461025238037109
vn 0.72986960411071777 -0.16476891934871674 0.66343164443969727
vn 0.73366683721542358 0.032118991017341614 0.67874979972839355
vn 0.75967121124267578 -0.64711320400238037 0.064375020563602448
vn 0.92184412479400635 0.23437802493572235 -0.30865901708602905
vn 0.74357074499130249 -0.26841792464256287 0.61241680383682251
vn 0.75196331739425659 0.14195406436920166 0.64373922348022461
vn 0.87816518545150757 0.38588711619377136 0.28269606828689575
vn 0.78674423694610596 0.60452419519424438 0.12483604252338409
vn 0.76761698722839355 -0.34922301769256592 0.53740805387496948
vn 0.78103679418563843 0.23260395228862762 0.57954889535903931
vn 0.8127930760383606 0.35081303119659424 0.46507808566093445
vn 0.81865227222442627 -0.56449925899505615 -0.10558904707431793
vn 0.8007165789604187 -0.40717476606369019 0.43938779830932617
vn 0.81868785619735718 0.29903993010520935 0.49022990465164185
vn 0.85043448209762573 0.52212768793106079 -0.064372964203357697
vn 0.83856600522994995 -0.43217000365257263 0.33171701431274414
vn 0.86290913820266724 0.33283206820487976 0.38027706742286682
vn 0.85071980953216553 -0.45609387755393982 -0.2612549364566803
vn 0.8801005482673645 0.41148725152015686 -0.23685713112354279
vn 0.87902748584747314 -0.42190477252006531 0.22205188870429993
vn 0.90736621618270874 0.32765212655067444 0.26330709457397461
vn 0.90432655811309814 -0.27747616171836853 -0.32434618473052979
vn 0.92523276805877686 0.21365895867347717 -0.3135189414024353
vn 0.92771142721176147 -0.06512703001499176 0.36757314205169678
vn 0.93072378635406494 -0.036856994032859802 -0.36386090517044067
vn 0.91910165548324585 -0.37567484378814697 0.11882995814085007
vn 0.94721996784210205 0.28162297606468201 0.15317597985267639
vn 0.95499908924102783 -0.2965560257434845 0.0055920006707310677
vn 0.97925060987472534 0.2007509171962738 0.027699988335371017
vn 0.98659634590148926 -0.16101506352424622 -0.026491014286875725
vn 0.99839168787002563 0.053782988339662552 -0.01792699471116066
vn 0.99837672710418701 -0.056907989084720612 0.0023129992187023163
vn 0.80045813322067261 0.54118305444717407 -0.25765803456306458
vn 0.77114421129226685 0.070929020643234253 0.63269716501235962
vn 0.92091900110244751 0.33649000525474548 -0.19667899608612061
vn 0.74786502122879028 -0.38272500038146973 0.54242002964019775
vn 0.75431275367736816 0.54018980264663696 0.37310487031936646
vn 0.9323914647102356 0.24752813577651978 -0.26339316368103027
vn 0.8728366494178772 0.47231683135032654 -0.12277195602655411
vn 0.94820511341094971 -0.0031600005459040403 0.31764301657676697
vn 0.89139413833618164 0.44170704483985901 -0.10154501348733902
vn 0.60417062044143677 0.73501157760620117 0.30779182910919189
vn 0.8543969988822937 0.093184009194374084 0.51119709014892578
vn 0.94733434915542603 0.24545305967330933 -0.20569504797458649
vn 0.77348792552947998 0.30103000998497009 0.55776101350784302
vn 0.95702171325683594 0.2396969348192215 -0.16326294839382172
vn 0.89152991771697998 0.45051592588424683 -0.047007996588945389
vn 0.84166616201400757 -0.23774006962776184 0.48484814167022705
vn 0.59118223190307617 0.68446725606918335 0.42662414908409119
vn 0.94094151258468628 0.33803117275238037 -0.019079010933637619
vn 0.91859942674636841 0.37036913633346558 -0.13784706592559814
vn 0.94170981645584106 0.29321396350860596 -0.164948970079422
vn 0.86073428392410278 -0.24198709428310394 0.44786015152931213
vn 0.88298690319061279 -0.039140991866588593 0.46776288747787476
vn 0.93094384670257568 0.27226594090461731 -0.24334093928337097
vn 0.92701661586761475 0.37439486384391785 0.021647993475198746
vn -0.99791854619979858 -0.064440026879310608 -0.0024720011278986931
vn 0.96350795030593872 0.06636299192905426 -0.25932297110557556
vn -0.90373402833938599 -0.069737009704113007 -0.42237606644630432
vn 0.96350795030593872 0.06636299192905426 -0.25932297110557556
vn -0.91822034120559692 -0.044553019106388092 0.393556147813797
vn -0.81285971403121948 -0.068022981286048889 0.57847380638122559
vn -0.90373402833938599 -0.069737009704113007 -0.42237606644630432
vn 0.2522660493850708 0.027392003685235977 -0.9672701358795166
vn -0.74736559391021729 -0.070184960961341858 0.66069567203521729
vn 0.56730711460113525 0.0183390062302351 -0.82330209016799927
vn -0.97482484579086304 0.22029095888137817 0.034472990781068802
vn -0.11658503860235214 0.33058011531829834 -0.93654936552047729
vn -0.89475893974304199 0.1981089860200882 -0.40019896626472473
vn -0.8863598108291626 0.31863489747047424 -0.33591389656066895
vn 0.95487618446350098 -0.11138202250003815 -0.27532806992530823
vn -0.87448710203170776 0.013310002163052559 0.48486608266830444
vn -0.93087571859359741 0.32221591472625732 0.17218394577503204
vn -0.87461656332015991 -0.38134026527404785 -0.29937517642974854
vn -0.6541748046875 -0.079375974833965302 0.752166748046875
vn 0.6886945366859436 0.0091659948229789734 -0.72499364614486694
vn 0.17320804297924042 0.27325806021690369 -0.94621825218200684
vn -0.8085208535194397 0.35088193416595459 -0.47241491079330444
vn -0.79509025812149048 -0.059715021401643753 0.60354417562484741
vn -0.84496569633483887 -0.037263985723257065 0.53352069854736328
vn -0.80507296323776245 -0.55916202068328857 -0.19797800481319427
vn -0.4740099310874939 -0.14598798751831055 0.86833292245864868
vn 0.74498623609542847 0.023088008165359497 -0.66668015718460083
vn -0.80899262428283691 0.51816475391387939 0.27755394577980042
vn 0.56231594085693359 0.095393002033233643 -0.82140183448791504
vn -0.14600604772567749 -0.13031405210494995 0.98066329956054688
vn -0.76060891151428223 -0.098665997385978699 0.64166897535324097
vn 0.77037733793258667 0.0085970014333724976 -0.63753032684326172
vn -0.79540926218032837 0.20085406303405762 0.57182317972183228
vn -0.78919994831085205 -0.095922999083995819 0.60659891366958618
vn -0.77372461557388306 -0.6029316782951355 -0.19448290765285492
vn -0.90096890926361084 -0.064003989100456238 -0.42913693189620972
vn -0.943928062915802 0.15036901831626892 0.29392004013061523
vn 0.20423293113708496 -0.29551690816879272 0.93325167894363403
vn 0.88772785663604736 -0.18807697296142578 0.42019793391227722
vn -0.89744365215301514 -0.28541487455368042 0.33635285496711731
vn 0.88836175203323364 -0.030351994559168816 -0.45813986659049988
vn -0.91394788026809692 0.081757985055446625 0.39751094579696655
vn -0.82734155654907227 -0.51418578624725342 -0.22609491646289825
vn 0.84907156229019165 -0.1927369087934494 0.49186375737190247
vn 0.95182180404663086 -0.10390997678041458 -0.28850993514060974
vn -0.86987817287445068 -0.49326011538505554 -0.0025270006153732538
vn 0.94138091802597046 0.24198900163173676 -0.23503898084163666
vn 0.15418197214603424 -0.43914389610290527 -0.88508790731430054
vn -0.84735691547393799 -0.33253997564315796 -0.41400900483131409
vn -0.72380685806274414 -0.060718007385730743 0.68732595443725586
vn 0.69073235988616943 0.026154013350605965 -0.7226373553276062
vn -0.59425711631774902 0.30793306231498718 -0.74299103021621704
vn -0.64538592100143433 0.75930696725845337 -0.083245992660522461
vn -0.71083801984786987 -0.14153599739074707 0.6889680027961731
vn -0.5067020058631897 0.070838004350662231 0.85920608043670654
vn -0.4723258912563324 0.45917186141014099 -0.75237584114074707
vn 0.4756259024143219 -0.20614394545555115 -0.85515183210372925
vn -0.82525616884231567 -0.0406310074031353 0.56329512596130371
vn -0.77794390916824341 -0.59953385591506958 -0.18804897367954254
vn -0.47276166081428528 0.157852903008461 0.86693650484085083
vn 0.28183591365814209 0.14967797696590424 0.94771569967269897
vn 0.85112482309341431 0.44325488805770874 0.28126788139343262
vn -0.74154317378997803 -0.19836606085300446 0.64090919494628906
vn -0.75394302606582642 -0.63177698850631714 -0.18007700145244598
vn 0.74866372346878052 -0.00058099976740777493 -0.66294968128204346
vn 0.71716797351837158 -0.00065800000447779894 -0.69690001010894775
vn -0.12129794061183929 0.056169979274272919 -0.99102562665939331
vn -0.5662810206413269 -0.26702401041984558 0.77975893020629883
vn -0.71923297643661499 -0.0045670000836253166 0.69475400447845459
vn 0.84713304042816162 0.056092999875545502 -0.52841192483901978
vn 0.85960114002227783 0.34505203366279602 0.3768620491027832
vn -0.77847236394882202 -0.10040505230426788 0.61959630250930786
vn -0.76647788286209106 -0.61067289113998413 -0.19897297024726868
vn -0.16833603382110596 -0.4659619927406311 0.86864399909973145
vn 0.76108700037002563 -0.036052998155355453 -0.64764708280563354
vn 0.52018308639526367 0.13533401489257813 -0.84326404333114624
vn -0.0065469974651932716 -0.43131285905838013 -0.90217870473861694
vn 0.81563013792037964 -0.55981111526489258 0.14614702761173248
vn 0.072529003024101257 -0.63255500793457031 0.77111202478408813
vn -0.34435907006263733 0.86565715074539185 -0.36339306831359863
vn 0.8426969051361084 -0.16141097247600555 -0.51362282037734985
vn -0.73795795440673828 -0.1517619788646698 0.65756094455718994
vn -0.76073193550109863 -0.61748594045639038 -0.19999498128890991
vn -0.63374131917953491 -0.35550814867019653 0.68701231479644775
vn -0.065416991710662842 -0.75659185647964478 0.65060693025588989
vn -0.56917792558670044 -0.82026290893554688 -0.056614987552165985
vn 0.87684881687164307 -0.255158931016922 -0.40746790170669556
vn 0.77597188949584961 -0.54174494743347168 0.32307896018028259
vn -0.56888997554779053 -0.17070198059082031 0.80450296401977539
vn -0.19024395942687988 0.29974091053009033 -0.93485969305038452
vn 0.65993583202362061 0.027899989858269691 -0.75080376863479614
vn 0.032998014241456985 -0.5017891526222229 -0.86436033248901367
vn -0.70923489332199097 0.63426089286804199 0.30773192644119263
vn -0.75461703538894653 0.26717600226402283 0.5993080735206604
vn -0.61909383535385132 -0.28117895126342773 0.7332538366317749
vn -0.64845448732376099 -0.76011151075363159 -0.041681025177240372
vn -0.68943506479263306 -0.011189000681042671 0.72426104545593262
vn -0.49811998009681702 0.85771292448043823 -0.1272989809513092
vn 0.69610822200775146 -0.014260002411901951 -0.71779525279998779
vn 0.038357995450496674 -0.52366393804550171 -0.85106092691421509
vn -0.17901100218296051 -0.74992400407791138 0.63684302568435669
vn -0.66347891092300415 -0.73449593782424927 0.14251799881458282
vn 0.11711397022008896 -0.61930388212203979 0.77636784315109253
vn -0.51131874322891235 -0.19459189474582672 0.83707058429718018
vn 0.11857101321220398 -0.86004406213760376 0.49625104665756226
vn -0.53885215520858765 -0.83914321660995483 0.074007026851177216
vn -0.015369996428489685 0.76036185026168823 -0.64931780099868774
vn -0.060701973736286163 -0.33274084329605103 -0.9410625696182251
vn 0.35016798973083496 0.30264201760292053 -0.88644808530807495
vn 0.72776180505752563 -0.062623985111713409 -0.68296486139297485
vn 0.025171006098389626 -0.53193807601928711 -0.84640908241271973
vn 0.70804250240325928 -0.64579957723617554 -0.2856898307800293
vn -0.035085994750261307 -0.83073389530181885 0.55556291341781616
vn -0.49883812665939331 -0.20749205350875854 0.84149128198623657
vn -0.29747092723846436 0.88859075307846069 -0.34916689991950989
vn 0.80287998914718628 -0.21006397902965546 -0.55790400505065918
vn 0.38699007034301758 -0.80890703201293945 -0.44261503219604492
vn 0.025635998696088791 -0.47547999024391174 -0.87935292720794678
vn 0.64604294300079346 -0.025231996551156044 -0.76288390159606934
vn 0.26672804355621338 -0.58267712593078613 0.76768714189529419
vn -0.06370197981595993 -0.45228284597396851 0.88959670066833496
vn 0.41475525498390198 0.5179782509803772 -0.74811536073684692
vn 0.16264396905899048 -0.91041684150695801 0.38037896156311035
vn 0.28443491458892822 -0.89847171306610107 -0.33443287014961243
vn -0.080786965787410736 0.86563962697982788 -0.49410682916641235
vn 0.62704485654830933 -0.23170998692512512 -0.74372386932373047
vn -0.73776072263717651 -0.12224394828081131 0.66390174627304077
vn 0.68586522340774536 0.6957162618637085 0.21346607804298401
vn 0.030083997175097466 -0.51295387744903564 -0.85788881778717041
vn 0.66910606622695923 -0.022071003913879395 -0.74283909797668457
vn 0.31009611487388611 -0.67558228969573975 0.66890132427215576
vn 0.68085366487503052 0.21072891354560852 -0.70144963264465332
vn 0.37083297967910767 0.66236996650695801 -0.65095996856689453
vn 0.031469985842704773 -0.55450576543807983 -0.831584632396698
vn 0.67069071531295776 -0.064839959144592285 -0.73889768123626709
vn 0.46046695113182068 -0.65136992931365967 0.60306495428085327
vn 0.060633998364210129 -0.92816400527954102 -0.36719900369644165
vn 0.56605494022369385 -0.78584092855453491 0.24906997382640839
vn 0.0904650017619133 -0.74144893884658813 -0.6648830771446228
vn 0.71918588876724243 -0.20097894966602325 -0.66511589288711548
vn 0.6720612645149231 -0.74023324251174927 -0.019707009196281433
vn 0.74500280618667603 0.066901981830596924 -0.66369789838790894
vn 0.47505420446395874 -0.60244029760360718 0.64139628410339355
vn 0.64625531435012817 0.31838613748550415 -0.69353032112121582
vn 0.69735819101333618 -0.60562515258789063 0.38328808546066284
vn 0.60064715147018433 -0.63032013177871704 0.49185314774513245
vn 0.73834037780761719 0.087414033710956573 -0.66873931884765625
vn 0.83912777900695801 -0.033464998006820679 -0.54290390014648438
vn 0.86682289838790894 -0.027828997001051903 -0.49783891439437866
vn 0.81615078449249268 -0.33526086807250977 0.47063583135604858
vn 0.58553975820541382 -0.80989962816238403 0.034723985940217972
vn 0.91077858209609985 -0.4096028208732605 0.05203697457909584
vn 0.87530887126922607 -0.1218939870595932 -0.46794894337654114
vn -0.83078700304031372 0.13027399778366089 0.54113000631332397
vn -0.837638258934021 0.40788310766220093 0.3633091151714325
vn -0.81457316875457764 -0.093973025679588318 0.57239812612533569
vn -0.70169621706008911 0.71166223287582397 0.034048009663820267
vn -0.68877494335174561 -0.34346696734428406 0.63845086097717285
vn -0.82179069519042969 0.20818091928958893 0.53039681911468506
vn -0.39927896857261658 -0.6943780779838562 0.59867805242538452
vn -0.39170598983764648 0.83339989185333252 -0.38988593220710754
vn -0.78928118944168091 -0.11800001561641693 0.60258710384368896
vn -0.74262380599975586 0.53338581323623657 0.40498083829879761
vn -0.64347803592681885 -0.47933506965637207 0.59680306911468506
vn -0.57238775491714478 0.80207067728042603 0.17045493423938751
vn -0.0052660009823739529 -0.89046818017959595 0.45501506328582764
vn -0.035990998148918152 0.76026695966720581 -0.64861297607421875
vn -0.35676005482673645 -0.79409217834472656 0.49207711219787598
vn -0.33186209201812744 0.9055141806602478 -0.26440808176994324
vn 0.30472889542579651 -0.90896862745285034 0.28445789217948914
vn -0.62347686290740967 0.25397297739982605 0.73944187164306641
vn -0.57329607009887695 -0.099755004048347473 0.81325304508209229
vn 0.29568290710449219 0.5101999044418335 -0.80763089656829834
vn -0.57491499185562134 0.54378598928451538 0.61136698722839355
vn -0.10628298670053482 -0.94667088985443115 0.30416795611381531
vn 0.51125192642211914 -0.85694587230682373 -0.065308995544910431
vn -0.45875385403633118 -0.50378882884979248 0.73194378614425659
vn -0.46139714121818542 0.79072624444961548 0.40232411026954651
vn 0.48367682099342346 0.24245892465114594 -0.84099370241165161
vn 0.080946989357471466 0.81700408458709717 -0.57092195749282837
vn 0.67215484380722046 -0.59222984313964844 -0.4443778395652771
vn 0.54271411895751953 0.011019002646207809 -0.83984518051147461
vn -0.27552399039268494 -0.78523504734039307 0.55452001094818115
vn 0.65512090921401978 -0.25296995043754578 -0.71191489696502686
vn 0.16485899686813354 -0.98464787006378174 0.057358995079994202
vn -0.13517594337463379 0.99044167995452881 0.027436988428235054
vn 0.33211296796798706 0.60735893249511719 -0.72167593240737915
vn -0.67737925052642822 0.18450106680393219 0.71212124824523926
vn -0.094798028469085693 -0.92941635847091675 0.35664913058280945
vn -0.65666460990905762 -0.12756192684173584 0.74331659078598022
vn -0.65073204040527344 0.48748308420181274 0.58215808868408203
vn 0.38495916128158569 -0.8911513090133667 -0.24011608958244324
vn 0.2965889573097229 0.888141930103302 -0.35105398297309875
vn -0.51878291368484497 -0.41360995173454285 0.74819189310073853
vn -0.49454084038734436 0.80826377868652344 0.31959190964698792
vn 0.44778385758399963 0.36218187212944031 -0.81750470399856567
vn 0.51472413539886475 -0.66423916816711426 -0.54207509756088257
vn -0.30709999799728394 -0.75129199028015137 0.58416599035263062
vn 0.17002500593662262 -0.98347687721252441 0.06216699630022049
vn 0.55587911605834961 0.057195015251636505 -0.82929313182830811
vn 0.56840217113494873 -0.31970611214637756 -0.75809431076049805
vn -0.080393999814987183 0.98683291673660278 -0.14034800231456757
vn 0.50485581159591675 0.62684476375579834 -0.5934528112411499
vn -0.053655985742807388 -0.95295971632003784 0.29830992221832275
vn 0.43998587131500244 -0.87138074636459351 -0.21704393625259399
vn 0.23539893329143524 0.85952579975128174 -0.45365491509437561
vn 0.66119807958602905 0.39172199368476868 -0.63982105255126953
vn 0.66358309984207153 -0.60009711980819702 -0.44670003652572632
vn 0.17398899793624878 -0.98288708925247192 0.060504995286464691
vn 0.77355712652206421 0.12332501262426376 -0.62161105871200562
vn 0.77406388521194458 -0.21501699090003967 -0.59547692537307739
vn 0.52005606889724731 0.64207702875137329 -0.5632750391960144
vn 0.40753787755966187 -0.89891374111175537 -0.16083195805549622
vn 0.67786496877670288 0.33829593658447266 -0.6527288556098938
vn 0.64774388074874878 -0.65163487195968628 -0.39471492171287537
vn 0.76822924613952637 0.023476006463170052 -0.63974422216415405
vn 0.77036881446838379 -0.31314092874526978 -0.5554049015045166
vn -0.83921217918395996 0.32085409760475159 0.43906211853027344
vn -0.88831824064254761 -0.12275002896785736 0.44251912832260132
vn -0.74849295616149902 0.49948590993881226 0.43620195984840393
vn -0.64563781023025513 -0.54758286476135254 0.53226387500762939
vn -0.62590581178665161 0.73188775777816772 0.26941090822219849
vn -0.96912604570388794 -0.15306301414966583 0.19330401718616486
vn -0.39326906204223633 -0.76012212038040161 0.51725608110427856
vn -0.95059788227081299 0.27655696868896484 0.14099597930908203
vn -0.2763698399066925 0.93308961391448975 -0.23013791441917419
vn -0.98905324935913086 -0.12711001932621002 0.074945017695426941
vn -0.96008157730102539 0.26268488168716431 0.096124954521656036
vn -0.79812765121459961 -0.58291476964950562 0.15232394635677338
vn -0.80870902538299561 0.53604507446289063 0.24216799437999725
vn -0.84462964534759521 -0.53534573316574097 0.0023979989346116781
vn -0.86842679977416992 0.48312085866928101 0.11148598045110703
vn -0.86785519123077393 0.4946841299533844 0.045989010483026505
vn -0.15329301357269287 -0.92484712600708008 0.34807905554771423
vn 0.10236296802759171 0.82714074850082397 -0.5525938868522644
vn -0.98049134016036987 -0.15134905278682709 -0.12542004883289337
vn -0.9766191840171814 0.21055403351783752 -0.043382007628679276
vn -0.68914610147476196 0.70272010564804077 0.17681102454662323
vn -0.96458613872528076 -0.15297101438045502 0.21488003432750702
vn -0.94799703359603882 0.16396000981330872 0.27279803156852722
vn -0.65923994779586792 0.75168293714523315 0.0193759985268116
vn -0.81404614448547363 -0.56343215703964233 -0.14097201824188232
vn -0.98738139867782593 0.14873005449771881 -0.054381027817726135
vn -0.98276019096374512 -0.16944102942943573 -0.073974005877971649
vn -0.86674517393112183 0.49868407845497131 -0.0081840017810463905
vn -0.68045133352279663 0.72066134214401245 0.13279007375240326
vn -0.59321391582489014 -0.80373686552047729 -0.045872986316680908
vn -0.59453511238098145 -0.80405813455581665 0.0043059997260570526
vn -0.84616100788116455 -0.51951402425765991 0.11881400644779205
vn 0.13780497014522552 -0.98803776502609253 0.069217987358570099
vn -0.83227026462554932 0.4784892201423645 0.27995407581329346
vn -0.67275768518447876 0.7375836968421936 0.058028984814882278
vn -0.45894980430603027 -0.85615265369415283 0.23741888999938965
vn -0.50955295562744141 0.86043912172317505 -0.0006019999273121357
vn 0.022432990372180939 0.89863759279251099 -0.43811780214309692
vn -0.49058383703231812 0.32689890265464783 -0.80775278806686401
vn -0.89099496603012085 0.45393097400665283 -0.008640998974442482
vn -0.87257504463195801 -0.46776306629180908 -0.14075000584125519
vn 0.32302209734916687 0.64052516222000122 -0.69669520854949951
vn -0.97381472587585449 0.087403975427150726 0.20986990630626678
vn -0.97008770704269409 -0.12321695685386658 0.20915891230106354
vn -0.98812538385391235 0.14158989489078522 0.059669964015483856
vn -0.99331384897232056 -0.065007992088794708 -0.095401987433433533
vn -0.52922588586807251 -0.83575081825256348 -0.14642597734928131
vn -0.86779296398162842 0.35376501083374023 0.34897801280021667
vn -0.84277886152267456 0.44861191511154175 0.29744097590446472
vn -0.91962867975234985 -0.38942182064056396 0.051319979131221771
vn -0.5464891791343689 -0.83693420886993408 -0.029845008626580238
vn 0.42085099220275879 -0.87232798337936401 -0.24885399639606476
vn -0.98705530166625977 -0.092120029032230377 0.13128504157066345
vn -0.49545994400978088 -0.53894996643066406 0.68121391534805298
vn -0.65993338823318481 0.7504734992980957 0.03574201837182045
vn -0.92547118663787842 -0.23715004324913025 -0.29540303349494934
vn -0.57968497276306152 0.75884008407592773 0.29686200618743896
vn -0.98725539445877075 -0.15627205371856689 0.030097013339400291
vn -0.4709288477897644 -0.58418279886245728 0.66102683544158936
vn -0.97877424955368042 0.2034500390291214 0.024679005146026611
vn -0.99159568548202515 -0.069332979619503021 -0.1092289611697197
vn -0.57417911291122437 -0.80540519952774048 -0.14710803329944611
vn -0.62362611293792725 0.78155213594436646 0.016332002356648445
vn -0.85168808698654175 0.25206497311592102 0.45944604277610779
vn -0.50362700223922729 -0.36774897575378418 0.78174197673797607
vn -0.12708796560764313 0.96811676025390625 0.21586695313453674
vn -0.28589504957199097 -0.95590323209762573 -0.067179016768932343
vn -0.96419572830200195 -0.2636319100856781 -0.028718991205096245
vn -0.46157890558242798 -0.6169278621673584 0.6374518871307373
vn 0.36880496144294739 0.43385297060012817 -0.82204288244247437
vn 0.14923602342605591 0.81319713592529297 -0.56252914667129517
vn -0.57704919576644897 0.4689490795135498 -0.6686561107635498
vn -0.56012475490570068 -0.046597979962825775 -0.82709664106369019
vn -0.49525579810142517 0.8665156364440918 0.062227975577116013
vn 0.22024813294410706 0.93991357088088989 0.26087018847465515
vn -0.8922458291053772 -0.27586692571640015 -0.35748395323753357
vn -0.78954774141311646 0.57035380601882935 0.22651897370815277
vn -0.25086012482643127 -0.96723449230194092 0.03907201811671257
vn -0.57795619964599609 0.65753614902496338 0.48333513736724854
vn 0.55651700496673584 -0.67519092559814453 -0.48415496945381165
vn -0.65507227182388306 -0.74464231729507446 -0.12801605463027954
vn -0.89402914047241211 -0.26099202036857605 -0.36413607001304626
vn -0.26758688688278198 -0.64572972059249878 -0.71514362096786499
vn -0.89522391557693481 -0.42349997162818909 -0.13864301145076752
vn -0.3497750461101532 -0.79540616273880005 -0.49496108293533325
vn -0.37395200133323669 -0.81959199905395508 0.4340839684009552
vn -0.5332673192024231 0.6974603533744812 0.47872227430343628
vn -0.07569199800491333 -0.97704225778579712 0.19914603233337402
vn 0.49968796968460083 -0.01759299635887146 -0.86602681875228882
vn 0.5731651782989502 -0.4007611870765686 -0.71475321054458618
vn -0.41307410597801208 0.30954211950302124 0.85647732019424438
vn -0.24473901093006134 -0.95919400453567505 -0.14159700274467468
vn -0.52055984735488892 -0.49594986438751221 -0.69501882791519165
vn -0.22071214020252228 -0.97067940235137939 -0.095224052667617798
vn -0.1731850653886795 -0.9789922833442688 -0.10761504620313644
vn -0.18686987459659576 0.98197251558303833 0.028454985469579697
vn -0.040413010865449905 0.99911230802536011 0.01189100369811058
vn 0.22771598398685455 -0.97364300489425659 0.012835999950766563
vn -0.3895910382270813 0.81270313262939453 0.43328103423118591
vn -0.13379502296447754 0.89826291799545288 0.41859599947929382
vn -0.23096403479576111 -0.91513222455978394 -0.3304370641708374
vn 0.37574803829193115 0.90478616952896118 0.200437992811203
vn -0.1230030283331871 0.81179326772689819 0.57084321975708008
vn 0.11442103236913681 -0.9918372631072998 -0.056273005902767181
vn 0.12836705148220062 -0.99089920520782471 0.040505006909370422
vn 0.38428479433059692 0.86124861240386963 0.33252981305122375
vn -0.51671218872070313 0.83701133728027344 0.18005707859992981
vn -0.99084591865539551 -0.098618999123573303 0.09218800812959671
vn -0.47807911038398743 -0.58026909828186035 0.65933918952941895
vn 0.23900793492794037 0.62536680698394775 -0.74282675981521606
vn -0.72187709808349609 -0.05011700838804245 -0.69020414352416992
vn -0.14084094762802124 -0.59152877330780029 -0.79388761520385742
vn -0.95938128232955933 0.024758009240031242 0.28102409839630127
vn -0.50011301040649414 -0.49552696943283081 0.71016901731491089
vn -0.10268302261829376 -0.87148219347000122 -0.4795570969581604
vn -0.42455378174781799 -0.848732590675354 0.31528884172439575
vn -0.98722714185714722 -0.15869201719760895 0.014120002277195454
vn -0.46223613619804382 -0.59282219409942627 0.65946918725967407
vn -0.059352993965148926 -0.66781193017959595 -0.74195986986160278
vn -0.58761221170425415 -0.039102014154195786 0.80819731950759888
vn -0.9758419394493103 -0.21359899640083313 -0.045912995934486389
vn -0.4565589427947998 -0.60113096237182617 0.65589290857315063
vn 0.29307708144187927 -0.94688427448272705 -0.13234804570674896
vn 0.15385104715824127 -0.9827803373336792 -0.10233603417873383
vn -0.13218505680561066 0.86831021308898926 0.47808420658111572
vn -0.15980596840381622 0.83938884735107422 0.51950788497924805
vn 0.19122004508972168 -0.98019325733184814 0.051537014544010162
vn 0.15030902624130249 -0.97885721921920776 -0.1387290358543396
vn 0.41081485152244568 0.91149270534515381 0.020303992554545403
vn -0.91607832908630371 -0.35066714882850647 -0.19450707733631134
vn -0.44994482398033142 -0.75908970832824707 0.47045984864234924
vn -0.030099017545580864 0.44045025110244751 0.89727234840393066
vn 0.14946196973323822 -0.97920995950698853 -0.13714598119258881
vn -0.10299401730298996 0.295367032289505 0.94981604814529419
vn -0.99185276031494141 -0.11747096478939056 0.04928198829293251
vn -0.98117655515670776 -0.04168098047375679 0.18856093287467957
vn 0.13170896470546722 -0.89227372407913208 -0.43185684084892273
vn -0.98706269264221191 -0.15950395166873932 -0.016300994902849197
vn 0.39146888256072998 0.91906768083572388 -0.045460984110832214
vn 0.33404991030693054 0.78890979290008545 0.51578289270401001
vn -0.79795718193054199 0.16274501383304596 0.5803261399269104
vn -0.9750063419342041 -0.2042020857334137 -0.087545044720172882
vn 0.38683190941810608 0.86616075038909912 0.31642791628837585
vn 0.51095587015151978 -0.85960686206817627 0.00044199993135407567
vn 0.65395462512969971 0.72848266363143921 0.2040988951921463
vn -0.44672089815139771 -0.7974318265914917 -0.40563887357711792
vn -0.57075005769729614 -0.74770504236221313 0.3393840491771698
vn -0.9003371000289917 -0.33824005722999573 -0.27383702993392944
vn 0.35694980621337891 0.33985981345176697 0.87010467052459717
vn -0.51836484670639038 0.2481769323348999 0.8183557391166687
vn 0.31035500764846802 0.053536005318164825 0.94911205768585205
vn 0.84528380632400513 0.26096293330192566 0.46625491976737976
vn 0.098119057714939117 -0.57406944036483765 -0.81290644407272339
vn -0.59249693155288696 -0.52339094877243042 -0.61238002777099609
vn 0.24597999453544617 -0.77128404378890991 -0.58703899383544922
vn -0.9917646050453186 -0.12563806772232056 0.024861013516783714
vn 0.95556437969207764 0.04188200831413269 0.2917921245098114
vn 0.87067645788192749 0.2262561172246933 0.43672725558280945
vn 0.34810709953308105 0.39056205749511719 0.8522222638130188
vn -0.95041507482528687 -0.112124003469944 0.29006800055503845
vn -0.9740634560585022 -0.14202792942523956 -0.17614889144897461
vn 0.48138102889060974 -0.80338907241821289 -0.35048303008079529
vn -0.25813809037208557 -0.86500227451324463 -0.43027415871620178
vn 0.46158608794212341 -0.87831419706344604 -0.12450902163982391
vn 0.50299197435379028 -0.3859650194644928 0.77332407236099243
vn 0.90771180391311646 0.200517937541008 0.36858090758323669
vn 0.14416992664337158 0.87759673595428467 0.45720785856246948
vn 0.20854714512825012 0.49945631623268127 -0.84086352586746216
vn -0.64094984531402588 -0.25866395235061646 -0.72268682718276978
vn 0.71349883079528809 0.69618183374404907 -0.079058974981307983
vn -0.73954272270202637 -0.085449963808059692 0.66766375303268433
vn 0.10971697419881821 -0.62819188833236694 -0.77028381824493408
vn -0.88210904598236084 -0.21318402886390686 -0.42004305124282837
vn -0.31004500389099121 -0.66436302661895752 -0.68006902933120728
vn 0.49822026491165161 -0.58695632219314575 -0.6381683349609375
vn 0.93428575992584229 0.16039295494556427 0.31840893626213074
vn 0.11824905127286911 -0.94645333290100098 -0.30040514469146729
vn 0.4834231436252594 -0.81888711452484131 -0.30939605832099915
vn 0.72840386629104614 0.56482785940170288 0.38781091570854187
vn 0.97879707813262939 0.08917100727558136 0.18440401554107666
vn 0.52346813678741455 -0.46143209934234619 0.71628314256668091
vn 0.52030783891677856 0.64945775270462036 0.55451273918151855
vn -0.53661084175109863 0.59022682905197144 0.60305976867675781
vn -0.65619713068008423 -0.18412004411220551 -0.73178213834762573
vn -0.052030991762876511 -0.040940996259450912 0.9978058934211731
vn 0.98601186275482178 0.088471993803977966 0.14125598967075348
vn 0.5201912522315979 -0.83893537521362305 -0.15996406972408295
vn 0.76245421171188354 -0.40326207876205444 -0.50600719451904297
vn 0.56498396396636963 -0.75504696369171143 -0.33271196484565735
vn 0.61286723613739014 -0.64354223012924194 0.45852717757225037
vn 0.99501651525497437 0.051864035427570343 0.085160054266452789
vn 0.49749302864074707 -0.8614620566368103 -0.10190100967884064
vn 0.76504558324813843 -0.64183062314987183 0.052523963153362274
vn 0.52224206924438477 -0.4860890805721283 0.70070010423660278
vn 0.99038034677505493 0.046823006123304367 0.13020902872085571
vn 0.34172388911247253 -0.92879867553710938 0.14337995648384094
vn 0.99853664636611938 0.021200992166996002 0.049749981611967087
vn 0.89449256658554077 0.053864032030105591 0.44382625818252563
vn 0.33737993240356445 0.10000298172235489 0.93604177236557007
vn -0.42259699106216431 -0.23691700398921967 -0.87480401992797852
vn 0.53505498170852661 -0.13908301293849945 -0.83328992128372192
vn 0.98414003849029541 -0.10786300897598267 -0.14083302021026611
vn 0.28249895572662354 0.78363192081451416 0.55327695608139038
vn 0.73199611902236938 0.68100112676620483 -0.020472003147006035
vn 0.5084879994392395 -0.49385109543800354 0.70537298917770386
vn 0.99684274196624756 -0.0044069988653063774 0.07927897572517395
vn 0.70054030418395996 0.67515528202056885 0.23110310733318329
vn 0.52479207515716553 -0.65237414836883545 0.54681003093719482
vn 0.97132015228271484 -0.20098502933979034 -0.12705200910568237
vn 0.31397688388824463 0.32252690196037292 0.89296972751617432
vn 0.94667237997055054 0.061354037374258041 0.31630212068557739
vn 0.10433204472064972 -0.98587441444396973 -0.13102103769779205
vn 0.75824177265167236 0.566963791847229 0.32190290093421936
vn 0.2994171679019928 -0.41225022077560425 -0.86046445369720459
vn 0.92633658647537231 -0.011181995272636414 -0.37653085589408875
vn 0.40654906630516052 -0.14556503295898438 -0.90195822715759277
vn 0.91294217109680176 0.39257913827896118 -0.11143703758716583
vn 0.98715919256210327 0.067843012511730194 0.14461703598499298
vn 0.77006238698959351 -0.61707532405853271 -0.1619320809841156
vn 0.25920093059539795 -0.58582884073257446 -0.76786679029464722
vn 0.99554795026779175 0.073619991540908813 0.058858994394540787
vn -0.97090327739715576 0.044957015663385391 -0.23521406948566437
vn -0.97803390026092529 -0.10133398324251175 -0.18215696513652802
vn 0.95556437969207764 0.04188200831413269 0.2917921245098114
vn 0.98871093988418579 0.035154994577169418 -0.14565297961235046
vn 0.29392015933990479 0.0057970029301941395 -0.95581239461898804
vn -0.69412988424301147 -0.22785095870494843 -0.68283790349960327
vn 0.73511207103729248 -0.49422606825828552 -0.46405905485153198
vn -0.90762919187545776 0.0083850016817450523 -0.41968908905982971
vn -0.96689152717590332 -0.21387289464473724 0.13920894265174866
vn 0.95556437969207764 0.04188200831413269 0.2917921245098114
vn 0.91412073373794556 0.29423487186431885 0.27894291281700134
vn 0.82649815082550049 -0.54356414079666138 -0.14642003178596497
vn 0.63856381177902222 0.7152448296546936 0.28400894999504089
vn -0.73561286926269531 0.17770096659660339 -0.65367889404296875
vn 0.98511296510696411 0.068766996264457703 -0.1575549840927124
vn 0.9456821084022522 -0.27170202136039734 -0.17850303649902344
vn 0.89385610818862915 -0.43708103895187378 0.099907010793685913
vn 0.6754610538482666 -0.19281001389026642 0.71174198389053345
vn 0.69809544086456299 0.39757469296455383 -0.59548056125640869
vn -0.71792811155319214 0.25397604703903198 -0.64813220500946045
vn -0.023708999156951904 -0.33712300658226013 0.94116204977035522
vn 0.9589049220085144 -0.091759979724884033 0.26847997307777405
vn -0.9429510235786438 -0.28185299038887024 0.17720699310302734
vn 0.97303467988967896 0.053948987275362015 0.22426095604896545
vn 0.97692936658859253 -0.20450405776500702 0.061539024114608765
vn 0.90708518028259277 0.1391640305519104 0.39727804064750671
vn 0.76325416564941406 0.31188908219337463 -0.56583410501480103
vn 0.35113683342933655 -0.74943464994430542 0.56129372119903564
vn 0.80995899438858032 -0.55539298057556152 -0.18842796981334686
vn 0.78044301271438599 -0.62520301342010498 0.0054680001921951771
vn 0.99790608882904053 0.050980005413293839 0.039806000888347626
vn 0.8914642333984375 0.44140812754631042 -0.10222703218460083
vn 0.87533605098724365 0.4292360246181488 0.22258301079273224
vn 0.91823762655258179 0.37658989429473877 0.1225549727678299
vn 0.70717859268188477 -0.34446778893470764 -0.6174466609954834
vn 0.35155710577964783 -0.82468926906585693 -0.44305214285850525
vn 0.52410382032394409 -0.7469336986541748 0.40915185213088989
vn 0.39849284291267395 -0.55431383848190308 -0.73071175813674927
vn 0.77351194620132446 0.36108896136283875 0.52085894346237183
vn 0.46841293573379517 -0.28884196281433105 0.83496087789535522
vn 0.73732209205627441 0.57714110612869263 0.35109007358551025
vn 0.98948866128921509 0.14281295239925385 0.022729992866516113
vn 0.96688926219940186 -0.16859804093837738 -0.19157204031944275
vn 0.95492017269134521 -0.27599203586578369 0.10934301465749741
vn 0.96709400415420532 0.16633899509906769 -0.19251100718975067
vn -0.79089170694351196 0.35587888956069946 -0.49783584475517273
vn -0.98701286315917969 -0.15091198682785034 -0.05505598708987236
vn 0.78542602062225342 0.47753798961639404 -0.39378094673156738
vn 0.9630359411239624 -0.15154697000980377 0.22269997000694275
vn 0.97516578435897827 -0.056245990097522736 -0.21421495079994202
vn 0.98134088516235352 0.11336798965930939 0.15529897809028625
vn 0.97811388969421387 0.036300990730524063 0.20487900078296661
vn 0.52301216125488281 -0.43187913298606873 0.73480522632598877
vn 0.38073703646659851 -0.3539310097694397 -0.85426700115203857
vn 0.25112104415893555 0.46714106202125549 0.84777206182479858
vn 0.98486661911010742 0.039004985243082047 0.16886794567108154
vn 0.51799905300140381 -0.47426706552505493 0.71186214685440063
vn 0.95421844720840454 0.27119782567024231 0.12616991996765137
vn 0.99097853899002075 0.12544894218444824 0.04715997725725174
vn 0.98739254474639893 -0.14234292507171631 0.069241970777511597
vn 0.60137063264846802 -0.68176460266113281 -0.4165937602519989
vn 0.48232799768447876 -0.71019601821899414 0.51281702518463135
vn 0.98619240522384644 -0.0044380016624927521 0.16554407775402069
vn 0.50756490230560303 -0.5165678858757019 0.68959081172943115
vn 0.084019996225833893 -0.94873589277267456 0.30469796061515808
vn 0.49452200531959534 -0.5523219108581543 -0.67110991477966309
vn 0.98532891273498535 0.024085003882646561 -0.16895802319049835
vn 0.99372899532318115 0.024809999391436577 -0.10902799665927887
vn -0.065251030027866364 -0.041764020919799805 0.9969944953918457
vn -0.84388190507888794 0.05927199125289917 0.53324496746063232
vn 0.67194074392318726 0.4037928581237793 0.62084376811981201
vn -0.75936776399612427 -0.52220183610916138 0.38815692067146301
vn 0.70440793037414551 0.021978998556733131 0.70945495367050171
vn 0.52686125040054321 -0.79505437612533569 0.30050915479660034
vn 0.0077830026857554913 -0.18718303740024567 0.98229420185089111
vn -0.70007288455963135 0.54725390672683716 0.45870590209960938
vn -0.19277101755142212 0.22362901270389557 0.95542103052139282
vn 0.08158797025680542 -0.96729165315628052 -0.24018791317939758
vn 0.09919198602437973 -0.64572495222091675 -0.75709986686706543
vn 0.084492973983287811 -0.87526780366897583 0.47620084881782532
vn -0.93642526865005493 -0.061691019684076309 0.34540107846260071
vn -0.57513195276260376 -0.79885989427566528 0.17619898915290833
vn 0.051041014492511749 -0.53233104944229126 0.84499609470367432
vn -0.84638321399688721 -0.49175915122032166 0.20447106659412384
vn -0.81916749477386475 0.45539727807044983 0.34868019819259644
vn -0.66216278076171875 0.66520076990127563 0.34503388404846191
vn -0.232107013463974 0.31416702270507813 0.92055714130401611
vn 0.19838595390319824 -0.54606688022613525 -0.81391274929046631
vn -0.64449715614318848 -0.76132524013519287 0.070762023329734802
vn -0.70680731534957886 0.6638522744178772 0.24438409507274628
vn -0.80112791061401367 0.061539001762866974 -0.5953209400177002
vn 0.21271297335624695 -0.16279999911785126 -0.96345698833465576
vn -0.16534997522830963 -0.98018878698348999 0.10903798788785934
vn 0.043641000986099243 -0.67046999931335449 0.74065202474594116
vn -0.1346200704574585 -0.98674130439758301 0.09065902978181839
vn -0.078377999365329742 -0.38690400123596191 -0.91878300905227661
vn -0.37572506070137024 0.86083018779754639 0.34322306513786316
vn -0.19218003749847412 0.33413606882095337 0.92272418737411499
vn -0.78295004367828369 -0.44545003771781921 -0.43423900008201599
vn 0.073707990348339081 -0.46583396196365356 -0.88179695606231689
vn -0.67645114660263062 0.47734907269477844 -0.56084907054901123
vn 0.29626095294952393 -0.49535292387008667 -0.81661182641983032
vn -0.35971209406852722 -0.93297725915908813 -0.01267500314861536
vn -0.46535378694534302 0.85648965835571289 0.22331890463829041
vn -0.084179989993572235 -0.99160295724868774 0.098169974982738495
vn -0.99954086542129517 0.022620998322963715 -0.020156996324658394
vn 0.34875792264938354 0.93710869550704956 -0.013969996944069862
vn -0.35103720426559448 0.85903549194335938 0.37260019779205322
vn -0.93503004312515259 0.35255396366119385 0.037742998450994492
vn -0.93473905324935913 -0.33979502320289612 -0.10393400490283966
vn -0.96273446083068848 0.03136998787522316 0.26862290501594543
vn -0.17239497601985931 -0.94808685779571533 0.26722896099090576
vn -0.91467547416687012 -0.018873006105422974 -0.40374821424484253
vn -0.9990159273147583 -0.042270004749298096 -0.013430999591946602
vn -0.6899152398109436 -0.70204025506973267 -0.17651206254959106
vn 0.068243019282817841 -0.93802326917648315 -0.33978709578514099
vn -0.075763009488582611 -0.38753801584243774 -0.91873514652252197
vn -0.90789914131164551 -0.3695700466632843 0.19783104956150055
vn -0.89530676603317261 0.3015759289264679 0.32783791422843933
vn -0.92812764644622803 -0.37097087502479553 -0.030977988615632057
vn -0.95281386375427246 0.30183994770050049 0.03222399577498436
vn -0.87796014547348022 -0.40735208988189697 -0.2514960765838623
vn -0.00051300018094480038 -0.99594038724899292 -0.090014033019542694
vn -0.001258000498637557 0.98002243041992188 0.19888307154178619
vn -0.8027421236038208 0.41755810379981995 -0.42573505640029907
vn -0.15028393268585205 -0.96270155906677246 0.22498986124992371
vn -0.65957283973693848 0.59658187627792358 -0.45722395181655884
vn 0.77139240503311157 -0.35070422291755676 -0.53099930286407471
vn 0.046593993902206421 -0.088196992874145508 -0.99501270055770874
vn -0.2626500129699707 -0.964729905128479 0.017639998346567154
vn -0.79277414083480835 0.60146307945251465 0.098749004304409027
vn -0.6866917610168457 -0.7235027551651001 -0.070697978138923645
vn -0.78313112258911133 0.62014710903167725 0.04607800766825676
vn -0.69367116689682007 -0.71416717767715454 -0.093731038272380829
vn -0.66552865505218506 -0.74221360683441162 0.078679956495761871
vn -0.73172718286514282 0.57747024297714233 0.36208212375640869
vn -0.94373893737792969 -0.012527999468147755 0.33045399188995361
vn -0.7414519190788269 -0.65928393602371216 -0.12487498670816422
vn -0.47336617112159729 -0.87972736358642578 -0.044769018888473511
vn -0.93992769718170166 -0.3227938711643219 0.11108596622943878
vn -0.89292424917221069 0.25408709049224854 0.37165310978889465
vn -0.71445292234420776 0.61872994899749756 -0.32669594883918762
vn 0.46947184205055237 0.88175171613693237 0.045935984700918198
vn 0.22612105309963226 -0.95061224699020386 0.21261607110500336
vn 0.34212011098861694 -0.93405133485794067 -0.10247904062271118
vn 0.54270672798156738 0.83260458707809448 0.11062993854284286
vn -0.47582978010177612 0.87723267078399658 0.063630968332290649
vn -0.31339004635810852 -0.94578731060028076 -0.085282027721405029
vn -0.38056585192680359 -0.91770464181900024 -0.11396394670009613
vn -0.73888909816741943 0.47789007425308228 0.47504100203514099
vn -0.54135710000991821 0.83779728412628174 0.070910029113292694
vn -0.74226981401443481 -0.65348881483078003 -0.14828298985958099
vn -0.44635206460952759 0.75460201501846313 -0.48098403215408325
vn 0.046593993902206421 -0.088196992874145508 -0.99501270055770874
vn 0.60223573446273804 0.77804070711135864 -0.17878691852092743
vn -0.43175697326660156 -0.9017099142074585 -0.022474998608231544
vn 0.49955078959465027 0.86625063419342041 -0.0076679978519678116
vn -0.34979304671287537 -0.93461114168167114 -0.064396008849143982
vn -0.42231291532516479 0.84459596872329712 0.32910394668579102
vn -0.99403262138366699 0.10727895051240921 0.019757991656661034
vn -0.97477966547012329 -0.21939291059970856 0.040881983935832977
vn -0.92901098728179932 0.36299899220466614 -0.07190500944852829
vn -0.46983388066291809 0.82416683435440063 -0.31623589992523193
vn -0.94792407751083374 0.045476999133825302 -0.31523299217224121
vn -0.99960702657699585 0.012435000389814377 -0.025123000144958496
vn -0.94686901569366455 -0.32102501392364502 0.019543999806046486
vn -0.9103240966796875 -0.32795703411102295 -0.25249603390693665
vn -0.94646763801574707 0.31507387757301331 -0.070195972919464111
vn -0.41402101516723633 0.71651607751846313 0.56141906976699829
vn -0.99670904874801636 -0.061785008758306503 -0.052475005388259888
vn -0.067491985857486725 -0.98574978113174438 0.15408496558666229
vn 0.50901871919631958 0.86063653230667114 -0.014308991841971874
vn -0.35793191194534302 -0.86441278457641602 -0.35309392213821411
vn -0.86201947927474976 0.3391578197479248 -0.37668874859809875
vn 0.76809895038604736 0.63155794143676758 0.10563398897647858
vn 0.64393007755279541 -0.72491008043289185 0.24466198682785034
vn -0.79197150468826294 -0.60387659072875977 0.090078942477703094
vn 0.66090512275695801 -0.74265009164810181 -0.10805203020572662
vn 0.78837078809738159 0.61342084407806396 0.046758975833654404
vn -0.99145370721817017 -0.065988980233669281 -0.11253895610570908
vn -0.43190714716911316 -0.62350517511367798 -0.65168821811676025
vn -0.0043329992331564426 -0.99439573287963867 -0.1056329756975174
vn 0.0016140002990141511 0.99684810638427734 0.079317033290863037
vn -0.95984065532684326 0.20385691523551941 0.19273889064788818
vn -0.99288541078567505 0.051562022417783737 0.1073310524225235
vn -0.74373805522918701 -0.6665380597114563 0.050801001489162445
vn -0.99442929029464722 0.057301022112369537 0.088470026850700378
vn -0.79344099760055542 0.5919349193572998 -0.14164899289608002
vn -0.97024810314178467 -0.14799802005290985 -0.19161203503608704
vn -0.0035090015735477209 -0.99651139974594116 0.083383038640022278
vn -0.26134809851646423 0.73152720928192139 -0.62973415851593018
vn 0.41940602660179138 0.89766710996627808 -0.13524901866912842
vn -0.0038719987496733665 -0.98996883630752563 -0.14123295247554779
vn -0.7273520827293396 -0.67799603939056396 -0.10620900988578796
vn -0.78851467370986938 0.60933274030685425 -0.083415970206260681
vn 0.51887625455856323 0.85479038953781128 0.010039004497230053
vn -0.0062539991922676563 0.99972695112228394 0.022514998912811279
vn -0.93120753765106201 0.29456484317779541 0.21467189490795135
vn -0.97402656078338623 -0.073801971971988678 0.21406890451908112
vn -0.43497198820114136 -0.56341499090194702 0.70239800214767456
vn -0.75054460763931274 0.52217668294906616 0.40498676896095276
vn -0.93759125471115112 -0.0034550011623650789 -0.34772208333015442
vn -0.72625309228897095 0.5759010910987854 -0.37535905838012695
vn -0.51192915439605713 -0.75075721740722656 -0.41748315095901489
vn -0.96827816963195801 -0.2243320494890213 0.11005702614784241
vn -0.38584902882575989 -0.77608507871627808 0.49881106615066528
vn -0.97557222843170166 -0.026440007612109184 0.21808205544948578
vn -0.45011892914772034 -0.51468896865844727 0.7297179102897644
vn -0.94653308391571045 -0.26770198345184326 -0.18002998828887939
vn -0.0020100001711398363 -0.99002605676651001 -0.14087001979351044
vn -0.96673017740249634 -0.02908000536262989 0.25414001941680908
vn -0.4590628445148468 -0.46865886449813843 0.75473183393478394
vn 0.044048979878425598 0.95446068048477173 -0.29506692290306091
vn 0.027538999915122986 0.92101097106933594 0.38856199383735657
vn -0.66745865345001221 -0.41106882691383362 -0.62090367078781128
vn -0.89996337890625 0.22052809596061707 -0.37607616186141968
vn -0.38561204075813293 -0.91936898231506348 0.077872008085250854
vn 0.88501948118209839 -0.45942527055740356 -0.075292043387889862
vn 0.92052793502807617 0.38962596654891968 0.028634997084736824
vn -0.45663779973983765 -0.88036155700683594 0.1282399445772171
vn -0.67220669984817505 0.63492369651794434 0.38080182671546936
vn -0.031262002885341644 -0.8561631441116333 -0.51575905084609985
vn -0.76648592948913574 0.32561001181602478 0.55360400676727295
vn -0.3961089551448822 -0.31179094314575195 0.86364585161209106
vn 0.026452010497450829 0.79164433479309082 0.61040931940078735
vn 0.38133108615875244 -0.89254122972488403 0.24074207246303558
vn -0.79244190454483032 -0.60857689380645752 0.04086599126458168
vn 0.91320806741714478 0.37378200888633728 0.16229002177715302
vn 0.87052226066589355 -0.42966112494468689 0.23996306955814362
vn -0.5195048451423645 0.84175872802734375 -0.14682294428348541
vn -0.34267798066139221 -0.61828696727752686 -0.70731395483016968
vn 0.99974519014358521 -0.022071003913879395 0.0047370009124279022
vn -0.41876310110092163 -0.90574026107788086 0.065361015498638153
vn -0.7385515570640564 0.48580273985862732 -0.46747973561286926
vn -0.50691699981689453 0.85804301500320435 -0.082446001470088959
vn 0.29190906882286072 -0.94480222463607788 -0.14878803491592407
vn -0.99140256643295288 -0.050951976329088211 0.12051895260810852
vn 0.46965304017066956 0.88177508115768433 -0.043574005365371704
vn -0.97561562061309814 0.18567092716693878 -0.1170489564538002
vn 0.39745175838470459 -0.90690946578979492 0.13981188833713531
vn 0.66182327270507813 0.74935334920883179 -0.021437009796500206
vn -0.99817824363708496 0.04648100957274437 -0.038467004895210266
vn -0.40907791256904602 -0.58675092458724976 0.6988409161567688
vn -0.98267054557800293 -0.051981016993522644 0.1779230535030365
vn -0.25086295604705811 -0.85498696565628052 -0.45394390821456909
vn -0.42839109897613525 -0.81742215156555176 0.38510015606880188
vn 0.9679526686668396 0.0024359989911317825 0.251120924949646
vn -0.44548085331916809 0.78619879484176636 -0.42829692363739014
vn -0.19770598411560059 -0.58363801240921021 -0.78757792711257935
vn -0.99619746208190918 0.060294017195701599 -0.062891028821468353
vn -0.36881604790687561 0.75314211845397949 0.54474920034408569
vn -0.80171829462051392 0.4901161789894104 -0.34210214018821716
vn -0.98485821485519409 -0.073495015501976013 -0.15701204538345337
vn -0.46389788389205933 -0.53157591819763184 -0.70867890119552612
vn -0.9728543758392334 -0.14664505422115326 0.17902402579784393
vn -0.98617386817932129 -0.032278001308441162 -0.16253998875617981
vn -0.47814112901687622 -0.48854514956474304 -0.72986620664596558
vn 0.35379096865653992 -0.91641891002655029 -0.18710498511791229
vn -0.97974586486816406 -0.03662099689245224 -0.19686794281005859
vn -0.48523595929145813 -0.44839400053024292 -0.75065898895263672
vn -0.94816094636917114 0.29008996486663818 -0.12976397573947906
vn 0.65798771381378174 0.73834472894668579 -0.14798393845558167
vn 0.53978288173675537 0.84033381938934326 -0.04973398894071579
vn -0.41951587796211243 -0.87353682518005371 0.24685992300510406
vn -0.41230401396751404 -0.73694407939910889 -0.53564804792404175
vn -0.97661721706390381 -0.20667004585266113 -0.05921400710940361
vn -0.51729893684387207 -0.72601991891860962 0.45309698581695557
vn -0.044259022921323776 -0.99291151762008667 0.11030805855989456
vn -0.2146429717540741 0.81666791439056396 0.53570693731307983
vn -0.30132690072059631 0.30717292428016663 0.90268868207931519
vn -0.44733020663261414 -0.30350911617279053 -0.84129536151885986
vn -0.81371331214904785 0.28506016731262207 -0.50656819343566895
vn 0.30703619122505188 -0.85323739051818848 -0.42156225442886353
vn -0.38938891887664795 0.73868483304977417 -0.55020087957382202
vn 0.33798205852508545 -0.92970603704452515 -0.14633801579475403
vn -0.044691018760204315 -0.98369842767715454 0.17418406903743744
vn 0.51012080907821655 0.82340371608734131 0.24856191873550415
vn 0.42548897862434387 0.73891592025756836 0.52245801687240601
vn -0.30539393424987793 -0.31531193852424622 0.89850592613220215
vn -0.79215598106384277 -0.44001597166061401 0.42293599247932434
vn -0.083483986556529999 0.99344384670257568 -0.078100979328155518
vn -0.72054582834243774 0.63607585430145264 -0.27608194947242737
vn 0.65794390439987183 -0.70730280876159668 0.25851994752883911
vn 0.61867940425872803 -0.75797748565673828 -0.20665411651134491
vn 0.78168332576751709 0.61106514930725098 -0.1247820109128952
vn -0.043425019830465317 -0.9850614070892334 0.1666380763053894
vn 0.67750358581542969 -0.72048759460449219 0.14794090390205383
vn 0.074451036751270294 0.99484747648239136 -0.068815037608146667
vn -0.30857202410697937 -0.57680004835128784 0.75636303424835205
vn 0.8547782301902771 0.51857614517211914 0.02080700546503067
vn -0.98881399631500244 -0.089502997696399689 0.119315005838871
vn -0.43861293792724609 -0.53747594356536865 0.72023487091064453
vn -0.40217295289039612 0.72894287109375 -0.5539848804473877
vn -0.95149439573287964 -0.29355710744857788 -0.092101044952869415
vn -0.43973201513290405 -0.71631103754043579 0.54178804159164429
vn -0.98370587825775146 -0.027484994381666183 0.17767196893692017
vn -0.45349591970443726 -0.52810794115066528 0.71794390678405762
vn -0.23441708087921143 -0.84724026918411255 0.47668915987014771
vn -0.45251521468162537 -0.78116339445114136 -0.43013221025466919
vn 0.85937029123306274 0.50924915075302124 -0.046347014605998993
vn -0.032514013350009918 -0.92085540294647217 0.3885461688041687
vn -0.97206646203994751 0.02228998951613903 0.23364488780498505
vn -0.45686396956443787 -0.50143492221832275 0.73473691940307617
vn -0.064708001911640167 -0.59525799751281738 -0.80092495679855347
vn -0.372499018907547 0.28926002979278564 -0.8818010687828064
vn 0.073193959891796112 0.88199460506439209 -0.46554076671600342
vn -0.056528009474277496 -0.63145405054092407 -0.7733500599861145
vn 0.28657695651054382 -0.9430699348449707 0.16879798471927643
vn 0.85899835824966431 -0.45191711187362671 -0.2406090646982193
vn 0.94616705179214478 0.27081701159477234 -0.17727398872375488
vn -0.17813394963741302 -0.63887178897857666 0.74840575456619263
vn -0.68961787223815918 -0.14082497358322144 0.71034890413284302
vn -0.46635487675666809 -0.81400877237319946 -0.3462698757648468
vn -0.53756791353225708 -0.71109294891357422 0.45317497849464417
vn 0.6833917498588562 -0.66068875789642334 -0.31058987975120544
vn -0.27182388305664063 0.85295963287353516 -0.4456138014793396
vn 0.64580482244491577 -0.72151476144790649 -0.24970494210720062
vn 0.81810009479522705 0.48230811953544617 0.31319504976272583
vn 0.088944993913173676 0.81769895553588867 0.56873297691345215
vn 0.80043119192123413 0.59455114603042603 -0.076281018555164337
vn 0.050524000078439713 0.82833307981491089 -0.55795305967330933
vn -0.009152999147772789 -0.94025790691375732 -0.34033992886543274
vn 0.96909832954406738 -0.090861029922962189 -0.22933107614517212
vn 0.55884462594985962 0.8285326361656189 0.035019982606172562
vn 0.88549578189849854 -0.45111286640167236 0.11132998764514923
vn -0.40776708722114563 0.17621302604675293 0.89592128992080688
vn 0.84054160118103027 -0.47350576519966125 0.26321485638618469
vn 0.66653400659561157 -0.73974704742431641 -0.092231996357440948
vn 0.78700548410415649 0.60004538297653198 0.14341509342193604
vn -0.99408698081970215 -0.048604995012283325 0.097101002931594849
vn 0.04493500292301178 0.82783710956573486 0.55916601419448853
vn 0.34818607568740845 -0.90736323595046997 0.23549607396125793
vn -0.97540462017059326 -0.19787092506885529 -0.09712296724319458
vn 0.95715117454528809 0.28916904330253601 -0.015585001558065414
vn -0.98972123861312866 -0.0072500030510127544 0.14282603561878204
vn 0.95828002691268921 0.27223101258277893 0.087118998169898987
vn -0.023536002263426781 -0.89483505487442017 -0.44577601552009583
vn -0.99478268623352051 -0.085974991321563721 -0.054914996027946472
vn -0.46732914447784424 -0.50767809152603149 -0.72378617525100708
vn -0.99225074052810669 -0.025612995028495789 -0.12158297747373581
vn -0.48092219233512878 -0.49950224161148071 -0.72056323289871216
vn -0.9825822114944458 0.013656002469360828 0.18532603979110718
vn -0.9840208888053894 0.018474997952580452 -0.17709197103977203
vn -0.48366773128509521 -0.47658875584602356 -0.73411762714385986
vn -0.72564506530761719 -0.4942670464515686 -0.47868499159812927
vn -0.46529194712638855 -0.67859393358230591 -0.56834292411804199
vn -0.95352792739868164 -0.26496300101280212 0.14345400035381317
vn 0.92416125535964966 -0.36456307768821716 -0.11410403251647949
vn 0.97091013193130493 0.19146403670310974 0.14378799498081207
vn 0.091365993022918701 0.39871299266815186 0.9125131368637085
vn 0.99696683883666992 -0.073979988694190979 0.024166995659470558
vn -0.92798936367034912 0.12380803376436234 -0.35143610835075378
vn -0.47013205289840698 -0.40173608064651489 -0.78586512804031372
vn -0.93252784013748169 0.10153597593307495 0.34652894735336304
vn 0.33017387986183167 -0.92605972290039063 0.18275293707847595
vn 0.33103093504905701 -0.8802717924118042 0.33991193771362305
vn 0.5969359278678894 0.80197292566299438 0.022513998672366142
vn 0.99240219593048096 -0.06197001039981842 0.10629002004861832
vn 0.96509236097335815 -0.12149704992771149 0.23202410340309143
vn 0.64217591285705566 -0.71983802318572998 0.26352095603942871
vn 0.099894978106021881 0.41264492273330688 0.90539777278900146
vn -0.32530310750007629 -0.86843228340148926 0.37417012453079224
vn -0.55965101718902588 -0.67590707540512085 -0.47952097654342651
vn -0.90403544902801514 -0.34944218397140503 0.2461911141872406
vn 0.86785233020782471 -0.42335522174835205 -0.26000511646270752
vn 0.32676103711128235 -0.64948302507400513 -0.68658500909805298
vn -0.43185406923294067 -0.65260905027389526 -0.62257808446884155
vn -0.99766290187835693 -0.0078989993780851364 0.067869991064071655
vn 0.92932021617889404 0.33339110016822815 -0.15879005193710327
vn -0.98617070913314819 -0.064854986965656281 -0.1525159627199173
vn -0.63186347484588623 0.3180372416973114 0.70682448148727417
vn -0.4502759575843811 0.063719995319843292 -0.8906129002571106
vn -0.9739537239074707 0.19575993716716766 -0.11442097276449203
vn -0.57287693023681641 -0.65098708868026733 0.49802395701408386
vn 0.97042495012283325 0.022725997492671013 -0.24033097922801971
vn 0.006268003024160862 -0.60132324695587158 0.79898130893707275
vn -0.99473738670349121 0.011536002159118652 0.10180602967739105
vn -0.99841791391372681 -0.045983996242284775 -0.032359987497329712
vn 0.00093400024343281984 -0.61571013927459717 0.78797215223312378
vn 0.06890396773815155 -0.5864797830581665 -0.80702769756317139
vn -0.97054207324981689 -0.17700701951980591 0.16345202922821045
vn -0.99156147241592407 0.013771005906164646 -0.12890402972698212
vn -0.0089320018887519836 0.88284897804260254 -0.4695720374584198
vn -0.98009312152862549 0.012473003007471561 0.19814606010913849
vn 0.4025319516658783 -0.79696089029312134 -0.45035693049430847
vn 0.67534619569778442 -0.69777417182922363 0.23878602683544159
vn -0.9430503249168396 -0.10460803657770157 -0.31577408313751221
vn -0.41382795572280884 -0.22747896611690521 -0.88147586584091187
vn 0.85569828748703003 0.50068020820617676 0.13076604902744293
vn 0.54297482967376709 0.79690378904342651 -0.26480689644813538
vn 0.56259709596633911 0.70383119583129883 -0.43371209502220154
vn -0.99535447359085083 -0.0087019950151443481 0.095883958041667938
vn 0.024223990738391876 -0.94635862112045288 0.32220888137817383
vn -0.99117296934127808 0.072095990180969238 -0.11125799268484116
vn -0.9477418065071106 0.0866289883852005 -0.30705192685127258
vn 0.023213010281324387 0.83992534875869751 -0.54220521450042725
vn -0.91894048452377319 0.018674988299608231 0.3939538300037384
vn 0.92365533113479614 -0.38314607739448547 0.0077440021559596062
vn 0.94660472869873047 0.28952190279960632 0.14183296263217926
vn -0.83652657270431519 0.22481189668178558 -0.49968275427818298
vn -0.86811178922653198 -0.2137429416179657 0.44799089431762695
vn -0.91988039016723633 -0.29271811246871948 0.26102912425994873
vn -0.40213695168495178 -0.5399509072303772 0.73941797018051147
vn 0.97322040796279907 -0.031321015208959579 -0.22773008048534393
vn -0.057202007621526718 0.43302503228187561 -0.89956504106521606
vn 0.599884033203125 -0.5150800347328186 -0.61223506927490234
vn -0.99991095066070557 0.0022700000554323196 0.01314999908208847
vn 0.51128911972045898 0.3442440927028656 0.78745120763778687
vn -0.33449879288673401 0.36371684074401855 0.86937946081161499
vn 0.39981496334075928 -0.80405306816101074 0.44005301594734192
vn -0.37707403302192688 -0.84292507171630859 0.38378703594207764
vn -0.97046053409576416 -0.051861025393009186 0.23562011122703552
vn -0.69262319803237915 0.26346108317375183 -0.67146211862564087
vn 0.40918201208114624 -0.24661701917648315 -0.87849307060241699
vn -0.55240607261657715 -0.22769604623317719 -0.80187410116195679
vn -0.99134033918380737 -0.0014020005473867059 -0.13131004571914673
vn 0.29489699006080627 0.83757692575454712 0.45989197492599487
vn 0.69196832180023193 0.27838513255119324 -0.66609424352645874
vn -0.79665893316268921 0.31535196304321289 -0.51564294099807739
vn -0.60867786407470703 0.052556987851858139 0.79167479276657104
vn -0.95107358694076538 0.012754007242619991 -0.30870118737220764
vn 0.043417014181613922 0.29621106386184692 -0.95413517951965332
vn 0.59701186418533325 0.18001395463943481 0.78177481889724731
vn -0.91503000259399414 -0.079366981983184814 0.39550098776817322
vn -0.36092197895050049 -0.17798697948455811 0.91545397043228149
vn 0.87958657741546631 -0.38078182935714722 0.28518885374069214
vn 0.90137094259262085 -0.32121503353118896 -0.29043298959732056
vn 0.58009713888168335 -0.74363309144973755 0.33241105079650879
vn -0.99949723482131958 -0.010933002457022667 -0.029762005433440208
vn 0.41511282324790955 -0.60039371252059937 0.68352669477462769
vn -0.41327589750289917 -0.60941094160079956 0.67662495374679565
vn 0.99879342317581177 -0.017375007271766663 0.045933019369840622
vn -0.96888929605484009 0.085936009883880615 0.23209604620933533
vn -0.46278694272041321 -0.40411296486854553 0.78899997472763062
vn 0.75342202186584473 -0.43605798482894897 0.49214702844619751
vn 0.59966510534286499 -0.75180602073669434 0.27420702576637268
vn -0.65447896718978882 0.018660997971892357 -0.75584989786148071
vn -0.88831990957260132 -0.20615497231483459 -0.41035094857215881
vn 0.88481467962265015 -0.28645092248916626 -0.36748987436294556
vn 0.70620888471603394 0.19951696693897247 -0.6793099045753479
vn 0.95861876010894775 0.19846595823764801 0.20411096513271332
vn 0.67366307973861694 -0.19774101674556732 -0.7120930552482605
vn -0.78921622037887573 0.22470708191394806 0.57152819633483887
vn 0.72062391042709351 -0.66269385814666748 0.20380891859531403
vn 0.46113988757133484 0.28169593214988708 -0.84142583608627319
vn -0.40389591455459595 0.29848194122314453 -0.86474078893661499
vn 0.79715293645858765 0.26808896660804749 0.54099494218826294
vn 0.57184183597564697 -0.089201986789703369 0.81549978256225586
vn -0.27037784457206726 0.024576982483267784 0.96244055032730103
vn 0.4640451967716217 -0.19600409269332886 0.86385440826416016
vn -0.4975687563419342 -0.18070791661739349 0.84839260578155518
vn 0.98336285352706909 0.023732997477054596 0.18009498715400696
vn -0.6097419261932373 -0.59985196590423584 -0.51806598901748657
vn -0.96368318796157837 0.18241201341152191 0.19504000246524811
vn 0.97979068756103516 -0.15728695690631866 -0.12357596307992935
vn 0.59018611907958984 -0.58569812774658203 0.55555206537246704
vn 0.96833860874176025 -0.1032959520816803 0.22726693749427795
vn 0.97613435983657837 -0.14449705183506012 -0.16211806237697601
vn 0.9005962610244751 0.059938013553619385 -0.43050414323806763
vn 0.69915884733200073 0.27977195382118225 0.65795481204986572
vn -0.74546033143997192 0.30406713485717773 0.59315437078475952
vn 0.86691296100616455 -0.14137700200080872 0.47798997163772583
vn 0.20613303780555725 -0.6250421404838562 -0.75288212299346924
vn 0.036099005490541458 -0.021022001281380653 -0.9991270899772644
vn 0.56043326854705811 -0.72172027826309204 0.40624421834945679
vn 0.66686642169952393 -0.66157639026641846 -0.34293720126152039
vn 0.65965324640274048 -0.44376415014266968 0.60657316446304321
vn 0.060569010674953461 -0.46222212910652161 -0.8846932053565979
vn 0.87094634771347046 -0.29362612962722778 0.39400020241737366
vn 0.89728808403015137 -0.13614797592163086 -0.41992595791816711
vn 0.99384051561355591 -0.075528040528297424 -0.081096045672893524
vn 0.99385380744934082 -0.094461977481842041 -0.057719994336366653
vn 0.58677935600280762 -0.547718346118927 0.59640133380889893
vn 0.98795121908187866 0.055546026676893234 0.14445407688617706
vn 0.82544976472854614 0.55145782232284546 0.1205279603600502
vn 0.99159258604049683 -0.062282972037792206 -0.11342395097017288
vn 0.99913471937179565 -0.041581988334655762 0.00083599978825077415
vn 0.59951388835906982 -0.53576892614364624 0.59458786249160767
vn 0.63188695907592773 -0.75799691677093506 0.16173899173736572
vn 0.57216686010360718 0.015495997853577137 -0.81999081373214722
vn 0.99963134527206421 -0.025851009413599968 -0.0082990024238824844
vn 0.87644189596176147 0.4126279354095459 -0.24816897511482239
vn 0.68176925182342529 -0.13232004642486572 0.71950125694274902
vn 0.71502017974853516 0.051463015377521515 0.69720709323883057
vn 0.76611411571502686 0.22034904360771179 -0.60375112295150757
vn 0.73435169458389282 0.20198193192481995 0.64802074432373047
vn 0.97199362516403198 -0.070681974291801453 -0.22412590682506561
vn 0.1795850396156311 -0.84656417369842529 -0.50107711553573608
vn 0.54179215431213379 -0.81278026103973389 0.21412505209445953
vn 0.6605951189994812 -0.029305007308721542 -0.75017017126083374
vn 0.93056601285934448 -0.25074198842048645 0.26678702235221863
vn 0.92394417524337769 0.06459500640630722 0.37703406810760498
vn 0.99311059713363647 -0.057860985398292542 -0.10189896076917648
vn 0.97952628135681152 -0.020664004608988762 0.20025302469730377
vn 0.16642901301383972 -0.68373006582260132 0.71050304174423218
vn 0.91635292768478394 -0.23734699189662933 -0.32243400812149048
vn 0.89940696954727173 -0.13959698379039764 0.41422194242477417
vn 0.99923574924468994 -0.039087995886802673 -6.9999996412661858E-06
vn 0.97837013006210327 0.034286003559827805 -0.20400099456310272
vn 0.99582058191299438 -0.047766979783773422 0.077843964099884033
vn 0.50531888008117676 -0.44594886898994446 -0.73877090215682983
vn 0.2868349552154541 0.86073476076126099 -0.42054888606071472
vn 0.94652640819549561 -0.26204812526702881 0.18819808959960938
vn 0.55147314071655273 -0.68405914306640625 -0.47743111848831177
vn 0.98845654726028442 -0.12469495832920074 0.086050964891910553
vn 0.95290708541870117 -0.018866002559661865 -0.3026750385761261
vn 0.83186781406402588 0.52463388442993164 -0.18098397552967072
vn 0.98194879293441772 -0.068750001490116119 0.17621000111103058
vn 0.99692875146865845 -0.077949985861778259 0.0075399978086352348
vn 0.99814140796661377 -0.040813017636537552 -0.045255020260810852
vn 0.94817334413528442 -0.31288811564445496 0.05539301410317421
vn 0.99787497520446777 -0.05451299250125885 0.035691998898983002
vn 0.94883692264556885 0.099596992135047913 -0.29964801669120789
vn 0.55070286989212036 -0.42421489953994751 -0.71886581182479858
vn 0.99582713842391968 -0.04871000349521637 -0.077173009514808655
vn 0.44328698515892029 0.75832301378250122 0.47795701026916504
vn 0.9906390905380249 -0.13093400001525879 0.038607001304626465
vn 0.52943319082260132 -0.52563619613647461 -0.66588819026947021
vn 0.98407304286956787 0.14755901694297791 -0.099129006266593933
vn 0.99459546804428101 -0.021127009764313698 -0.1016540452837944
vn 0.54438680410385132 -0.50732290744781494 -0.66803181171417236
vn 0.99676215648651123 -0.077002011239528656 -0.023149004206061363
vn 0.53201723098754883 -0.51868319511413574 -0.66927230358123779
vn 0.830852210521698 -0.47124713659286499 0.29599109292030334
vn 0.72114378213882446 0.64361274242401123 0.25634792447090149
vn 0.99425876140594482 -0.076076984405517578 -0.075244985520839691
vn 0.34070989489555359 0.55874580144882202 0.75612163543701172
vn 0.61568397283554077 -0.22380699217319489 0.75554198026657104
vn 0.94605720043182373 0.26004403829574585 0.19326899945735931
vn 0.24369402229785919 -0.55369806289672852 0.79626107215881348
vn 0.89674228429794312 -0.44003117084503174 0.04717901349067688
vn 0.24269406497478485 -0.83386117219924927 0.49575716257095337
vn 0.54310619831085205 -0.7762412428855896 -0.32013309001922607
vn 0.95389288663864136 -0.083346985280513763 0.28834298253059387
vn 0.43417283892631531 0.74285775423049927 -0.50956481695175171
vn 0.96929717063903809 0.21024303138256073 -0.12751802802085876
vn 0.34785401821136475 0.34096503257751465 -0.87335014343261719
vn 0.87754124402999878 -0.20688404142856598 -0.43257412314414978
vn 0.95787996053695679 0.28703001141548157 0.008929000236093998
vn 0.99415737390518188 -0.098395012319087982 -0.044380009174346924
vn 0.58856683969497681 -0.44860389828681946 0.67256492376327515
vn 0.73241573572158813 0.64856982231140137 -0.20718196034431458
vn 0.98626917600631714 0.011794001795351505 -0.16472403705120087
vn 0.29512202739715576 -0.63397806882858276 -0.71482503414154053
vn 0.88213962316513062 -0.21521094441413879 -0.418943852186203
vn 0.54072928428649902 -0.72438937425613403 0.42763525247573853
vn 0.3955400288105011 -0.75566703081130981 -0.5220300555229187
vn 0.90686410665512085 -0.36354207992553711 -0.21315403282642365
vn 0.91217106580734253 -0.19665201008319855 0.35954403877258301
vn 0.95813578367233276 0.28625893592834473 0.0056269983761012554
vn 0.78901594877243042 0.54597198963165283 0.28172400593757629
vn 0.5780339241027832 -0.30766096711158752 0.75579196214675903
vn 0.83224093914031982 0.3555009663105011 0.42543396353721619
vn 0.98917949199676514 0.0088030034676194191 0.14644607901573181
vn 0.4893200695514679 -0.75199413299560547 -0.4416680634021759
vn 0.47442883253097534 -0.72393077611923218 0.50084084272384644
vn 0.93390947580337524 -0.33026883006095886 0.13687790930271149
vn 0.53244221210479736 -0.30204612016677856 -0.79074233770370483
vn 0.81394624710083008 0.31760108470916748 -0.4864371120929718
vn 0.37627092003822327 -0.59138983488082886 0.71321684122085571
vn 0.91547048091888428 -0.18362309038639069 0.35804519057273865
vn 0.79084104299545288 0.52028608322143555 -0.32229304313659668
vn 0.57948559522628784 -0.57708257436752319 0.57547557353973389
vn 0.97723162174224854 -0.18904492259025574 -0.096334964036941528
vn 0.91873753070831299 -0.18255090713500977 -0.35013782978057861
vn 0.98872309923171997 0.0069010020233690739 -0.14959603548049927
vn 0.59376591444015503 -0.53866696357727051 0.59772896766662598
vn 0.99647063016891479 -0.077670969069004059 -0.031834989786148071
vn 0.61299312114715576 -0.49061110615730286 0.61930620670318604
vn 0.99753659963607788 -0.010276995599269867 0.069390967488288879
vn 0.97260838747024536 0.23163409531116486 0.01945800706744194
vn 0.53673696517944336 -0.54177892208099365 -0.64682996273040771
vn 0.98427993059158325 -0.17508101463317871 0.023230001330375671
vn 0.55409294366836548 -0.46682897210121155 -0.6892399787902832
vn 0.98992568254470825 -0.014724996872246265 -0.1408199667930603
vn 0.53813695907592773 -0.51139092445373535 -0.66999095678329468
vn 0.99657458066940308 -0.073299966752529144 -0.038291975855827332
vn 0.94466239213943481 -0.15760506689548492 0.28770411014556885
vn 0.99610906839370728 0.010232999920845032 0.087532989680767059
vn 0.97377234697341919 0.21625806391239166 -0.070710025727748871
vn -0.92830383777618408 -0.36703893542289734 0.059450991451740265
vn -0.82449173927307129 -0.26466691493988037 0.50016480684280396
vn -0.79522609710693359 -0.48413807153701782 -0.36500105261802673
vn -0.55009597539901733 -0.17265300452709198 0.8170589804649353
vn -0.69902712106704712 -0.45587104558944702 -0.55094707012176514
vn -0.74352431297302246 -0.45998421311378479 -0.4853721559047699
vn -0.73895174264907837 -0.47555980086326599 -0.47727686166763306
vn -0.22156700491905212 -0.074618995189666748 0.97228598594665527
vn -0.39068597555160522 -0.58353501558303833 -0.71193492412567139
vn 0.042049016803503036 0.0082580037415027618 0.99908143281936646
vn 0.2003689706325531 0.12225399166345596 0.97206288576126099
vn 0.4087638258934021 -0.46982082724571228 -0.78241968154907227
vn -0.57065486907958984 0.82072979211807251 0.027488993480801582
vn -0.90552294254302979 0.077958002686500549 -0.41707402467727661
vn -0.44055595993995667 0.84464788436889648 -0.3041059672832489
vn -0.57704919576644897 0.4689490795135498 -0.6686561107635498
vn -0.92870599031448364 0.037252001464366913 -0.3689410388469696
vn 0.45668008923530579 0.16441403329372406 0.87430620193481445
vn 0.21715998649597168 0.93280792236328125 0.2875950038433075
vn -0.68369507789611816 0.70077008008956909 0.20367203652858734
vn -0.83343559503555298 -0.034562978893518448 -0.55153465270996094
vn -0.63639110326766968 0.58895814418792725 -0.49813112616539001
vn -0.99003720283508301 0.13323003053665161 0.045564014464616776
vn 0.81898689270019531 -0.24091796576976776 -0.52078694105148315
vn -0.92248028516769409 -0.17790405452251434 -0.34260809421539307
vn -0.85890775918960571 0.21178092062473297 0.46628990769386292
vn -0.74422484636306763 -0.15226595103740692 -0.65034180879592896
vn 0.9214213490486145 -0.18651607632637024 -0.340873122215271
vn -0.62327092885971069 0.62293988466262817 0.4727359414100647
vn 0.41896384954452515 0.63595175743103027 0.64810079336166382
vn 0.86896896362304688 -0.2115279883146286 -0.44737997651100159
vn -0.80261003971099854 -0.24107006192207336 -0.54562103748321533
vn -0.67302298545837402 -0.23845799267292023 -0.7001270055770874
vn -0.56586098670959473 0.35848900675773621 0.74248701333999634
vn 0.74459797143936157 0.14341400563716888 0.65192502737045288
vn 0.81606018543243408 -0.31213405728340149 -0.48643407225608826
vn -0.70267271995544434 -0.29460889101028442 -0.64765471220016479
vn -0.81483733654022217 -0.14596708118915558 -0.56101131439208984
vn 0.13962799310684204 -0.73624998331069946 -0.66214799880981445
vn -0.2846238911151886 0.52607274055480957 0.80139672756195068
vn 0.93700242042541504 -0.21311011910438538 -0.27678611874580383
vn -0.26509019732475281 0.4403722882270813 0.85778754949569702
vn -0.80426114797592163 -0.23940303921699524 -0.54392111301422119
vn 0.97562241554260254 -0.0080020027235150337 0.21931010484695435
vn -0.88082402944564819 -0.22970901429653168 -0.4139840304851532
vn -0.76967620849609375 -0.36129510402679443 -0.52636909484863281
vn -0.143499955534935 -0.71793776750564575 -0.6811557412147522
vn -0.61948293447494507 -0.43382394313812256 -0.65424591302871704
vn -0.066623985767364502 -0.49575385451316833 -0.86590379476547241
vn -0.0261209886521101 0.38749980926513672 0.92149966955184937
vn 0.48022311925888062 -0.4478631317615509 -0.75419121980667114
vn -0.078542985022068024 0.59894788265228271 0.79692685604095459
vn 0.74920094013214111 -0.26580196619033813 -0.60666894912719727
vn 0.81517010927200317 -0.13002000749111176 -0.56444001197814941
vn 0.33699777722358704 -0.68868958950042725 -0.64198064804077148
vn 0.23461996018886566 0.48730483651161194 0.84112274646759033
vn 0.67556303739547729 -0.22860701382160187 -0.70096606016159058
vn 0.63093411922454834 0.42460408806800842 0.64933311939239502
vn 0.41785004734992981 0.90459209680557251 -0.084347017109394073
vn 0.26683810353279114 0.76494121551513672 0.5862271785736084
vn 0.54026788473129272 -0.47725588083267212 -0.69306379556655884
vn 0.76551204919815063 -0.17683202028274536 -0.6186450719833374
vn 0.89218413829803467 0.29332202672958374 0.34346705675125122
vn 0.71146196126937866 -0.30255195498466492 -0.63425880670547485
vn 0.94960016012191772 -0.032713010907173157 -0.31175211071968079
vn 0.34197291731834412 0.93565875291824341 -0.08716198056936264
vn 0.82181531190872192 0.45294001698493958 0.34563705325126648
vn 0.99079781770706177 0.13468599319458008 0.013391000218689442
vn 0.90739405155181885 -0.13566699624061584 -0.39778202772140503
vn 0.33584395051002502 0.93766385316848755 -0.0894169881939888
vn 0.95792478322982788 0.25838899612426758 0.12496097385883331
vn 0.98936915397644043 0.019871000200510025 -0.14406202733516693
vn 0.046593993902206421 -0.088196992874145508 -0.99501270055770874
vn 0.60223573446273804 0.77804070711135864 -0.17878691852092743
vn 0.32880005240440369 0.94092518091201782 -0.080934017896652222
vn 0.60223573446273804 0.77804070711135864 -0.17878691852092743
vn -0.16647203266620636 0.51828312873840332 -0.83885020017623901
vn 0.99364495277404785 0.11196499317884445 -0.011556000448763371
vn 0.09031996876001358 -0.97553169727325439 0.20044997334480286
vn -0.7072981595993042 -0.70263010263442993 -0.077719017863273621
vn -0.76694214344024658 -0.63725805282592773 -0.075511008501052856
vn -0.69195324182510376 -0.62842422723770142 -0.35536414384841919
vn -0.76897108554840088 -0.5660930871963501 0.29702207446098328
vn -0.95433950424194336 -0.2908378541469574 -0.068186961114406586
vn -0.34270802140235901 -0.53907406330108643 -0.76938307285308838
vn -0.93588840961456299 -0.33295822143554688 0.11511605232954025
vn -0.90032070875167847 -0.23734991252422333 -0.36481186747550964
vn -0.75714200735092163 -0.58360707759857178 -0.29349398612976074
vn -0.77551150321960449 -0.36903280019760132 0.51224672794342041
vn -0.82434636354446411 -0.50050419569015503 -0.26447808742523193
vn -0.81871974468231201 -0.56335490942001343 0.11103696376085281
vn -0.76470303535461426 -0.49079403281211853 0.41755303740501404
vn -0.82867926359176636 -0.35652908682823181 -0.43148311972618103
vn -0.388560950756073 -0.69337886571884155 -0.60683286190032959
vn -0.73947209119796753 -0.44533205032348633 -0.5048370361328125
vn -0.72204494476318359 -0.54223793745040894 0.42968490719795227
vn -0.74925017356872559 -0.4468940794467926 -0.4887840747833252
vn 0.085047990083694458 -0.85679996013641357 0.50858694314956665
vn -0.29921916127204895 -0.21696309745311737 0.92919045686721802
vn -0.58196395635604858 -0.49085196852684021 0.6483689546585083
vn -0.75230669975280762 -0.53247779607772827 -0.38794586062431335
vn -0.78864336013793945 -0.6141963005065918 0.028365012258291245
vn -0.78320217132568359 -0.34363007545471191 -0.51818209886550903
vn -0.75138396024703979 -0.61080193519592285 -0.24968598783016205
vn -0.58280092477798462 -0.45137590169906616 0.67572396993637085
vn -0.77811914682388306 -0.53479504585266113 0.32943105697631836
vn 0.59613007307052612 -0.72422903776168823 0.34658503532409668
vn -0.74601107835769653 -0.51175105571746826 -0.4261201024055481
vn -0.68379020690917969 -0.55347311496734619 -0.47549811005592346
vn -0.62661927938461304 -0.45976322889328003 0.62925833463668823
vn -0.37789595127105713 -0.46797600388526917 0.79886990785598755
vn -0.65780431032180786 -0.53554224967956543 -0.52961117029190063
vn -0.68346625566482544 -0.34966510534286499 -0.64078718423843384
vn -0.70337086915969849 -0.57975989580154419 -0.41127592325210571
vn -0.67643839120864868 -0.5222734808921814 -0.51928943395614624
vn -0.69350314140319824 -0.61249113082885742 -0.37935206294059753
vn -0.27426493167877197 -0.45711389183998108 0.84606480598449707
vn -0.49488916993141174 -0.54348009824752808 -0.67802220582962036
vn -0.27368912100791931 -0.37597015500068665 0.88529127836227417
vn -0.63612115383148193 -0.64511716365814209 -0.42328912019729614
vn -0.29129207134246826 -0.4038550853729248 0.86720818281173706
vn -0.41959384083747864 -0.34833487868309021 -0.83821463584899902
vn -0.45311996340751648 -0.48411804437637329 -0.74853992462158203
vn -0.43655186891555786 -0.65115684270858765 -0.6208198070526123
vn 0.11550197750329971 -0.6465609073638916 -0.75406783819198608
vn 0.12307899445295334 -0.35951200127601624 0.92498791217803955
vn 0.091141015291213989 -0.29641303420066833 0.95070111751556396
vn 0.046953987330198288 -0.30295094847679138 0.95184874534606934
vn 0.14781296253204346 -0.38961693644523621 0.90903794765472412
vn 0.011017992161214352 -0.40095475316047668 -0.9160315990447998
vn -0.029221979901194572 -0.36990576982498169 -0.92860960960388184
vn -0.029893985018134117 -0.56046175956726074 -0.8276405930519104
vn -0.014924001879990101 -0.66375190019607544 -0.74780392646789551
vn 0.99394416809082031 0.02383500337600708 0.1072700247168541
vn 0.77359879016876221 -0.13977095484733582 0.61806881427764893
vn 0.29158809781074524 -0.20457306504249573 0.93441224098205566
vn 0.98440128564834595 0.060654018074274063 -0.16515204310417175
vn 0.97974413633346558 0.19737403094768524 -0.033836003392934799
vn 0.36109408736228943 -0.19392205774784088 0.91214323043823242
vn 0.44028383493423462 -0.24079990386962891 -0.86496561765670776
vn 0.46299028396606445 -0.4150482714176178 -0.78318256139755249
vn 0.4713330864906311 -0.21534502506256104 0.85526114702224731
vn 0.49937191605567932 -0.31853693723678589 0.80570584535598755
vn 0.48317608237266541 -0.52358609437942505 -0.70171111822128296
vn 0.9827951192855835 0.16743999719619751 -0.077959008514881134
vn 0.5076831579208374 -0.65128123760223389 -0.56399518251419067
vn 0.67319869995117188 -0.089987963438034058 -0.73396569490432739
vn 0.52833908796310425 -0.13551302254199982 0.83814918994903564
vn 0.76143467426300049 -0.40510684251785278 -0.50606882572174072
vn 0.75491321086883545 -0.36390012502670288 -0.54560315608978271
vn 0.7266959547996521 -0.24618098139762878 -0.64133292436599731
vn 0.82803112268447876 -0.37986800074577332 -0.41238906979560852
vn 0.56454920768737793 -0.18468506634235382 0.80447226762771606
vn 0.77919405698776245 -0.36346304416656494 -0.51063805818557739
vn 0.80586707592010498 -0.43404102325439453 -0.40272402763366699
vn 0.80699926614761353 -0.15856003761291504 -0.56886810064315796
vn 0.6882559061050415 0.0082659991458058357 0.72542089223861694
vn 0.74809402227401733 -0.097935996949672699 0.65632599592208862
vn 0.84375858306884766 -0.026933984830975533 0.53604668378829956
vn 0.78454786539077759 -0.36522796750068665 -0.50109195709228516
vn 0.9852900505065918 0.1494470089673996 0.082880005240440369
vn 0.81294882297515869 -0.45293989777565002 -0.36600497364997864
vn 0.74585330486297607 -0.62731826305389404 -0.2239970862865448
vn 0.95254749059677124 0.15743690729141235 -0.26051285862922668
vn 0.82069927453994751 -0.091451019048690796 0.56399416923522949
vn 0.90924668312072754 -0.38273990154266357 -0.16364794969558716
vn 0.90578669309616089 0.19438494741916656 0.37651687860488892
vn 0.97062855958938599 0.23974815011024475 0.020026011392474174
vn 0.93706780672073364 -0.27917495369911194 0.20967893302440643
vn 0.92696535587310791 0.073351025581359863 -0.3679061233997345
vn 0.89156168699264526 -0.23827990889549255 -0.38514986634254456
vn 0.92454171180725098 -0.19742996990680695 -0.32595092058181763
vn 0.98186409473419189 0.1883140355348587 0.021925004199147224
vn 0.98378193378448486 -0.061537995934486389 0.16848199069499969
vn 0.96739643812179565 -0.20892009139060974 -0.14316606521606445
vn -0.79208236932754517 0.55560523271560669 0.25280112028121948
vn -0.80742472410202026 0.58987182378768921 -0.010795996524393559
vn -0.80548495054244995 0.10287900269031525 0.5836179256439209
vn -0.62040215730667114 0.78396320343017578 -0.022424004971981049
vn -0.20638705790042877 0.85664725303649902 -0.47282111644744873
vn -0.47099789977073669 0.83415490388870239 -0.28696092963218689
vn -0.70576995611190796 0.075177989900112152 0.70444095134735107
vn -0.64598023891448975 0.14339303970336914 0.74976527690887451
vn -0.61223125457763672 0.041928019374608994 0.7895662784576416
vn -0.26111301779747009 0.74389404058456421 -0.61517608165740967
vn -0.46182984113693237 0.12300597131252289 0.87839782238006592
vn -0.14038503170013428 0.84213513135910034 -0.52067303657531738
vn -0.44184392690658569 -0.019955998286604881 0.896869957447052
vn 0 0.016344010829925537 0.99986642599105835
vn 0 -0.079427972435951233 0.99684059619903564
vn 0 0.86122608184814453 -0.50822204351425171
vn 0 0.69013220071792603 -0.72368329763412476
vn 0 0.4384799599647522 -0.89874094724655151
vn 0.44184392690658569 -0.019955998286604881 0.896869957447052
vn 0.14038495719432831 0.84213471412658691 -0.52067381143569946
vn 0.46182984113693237 0.12300597131252289 0.87839782238006592
vn 0.47142091393470764 0.39385491609573364 -0.78907579183578491
vn 0.26111301779747009 0.74389404058456421 -0.61517608165740967
vn 0.61223125457763672 0.041928019374608994 0.7895662784576416
vn 0.72038590908050537 0.49738886952400208 -0.48337191343307495
vn 0.64598023891448975 0.14339303970336914 0.74976527690887451
vn 0.70576995611190796 0.075177989900112152 0.70444095134735107
vn 0.47099789977073669 0.83415490388870239 -0.28696092963218689
vn 0.20638705790042877 0.85664725303649902 -0.47282111644744873
vn 0.62040215730667114 0.78396320343017578 -0.022424004971981049
vn 0.80548495054244995 0.10287900269031525 0.5836179256439209
vn 0.69520705938339233 0.70869207382202148 0.1201779916882515
vn 0.78685665130615234 0.17262192070484161 0.59250169992446899
vn 0.39255189895629883 0.88422882556915283 -0.25306594371795654
vn 0.7198261022567749 0.68422609567642212 0.11698301881551743
vn 0.80742472410202026 0.58987182378768921 -0.010795996524393559
vn 0.89846342802047729 0.1355060487985611 0.4176141619682312
vn 0.54023605585098267 0.84101909399032593 -0.028843004256486893
vn 0.91180384159088135 0.2948969304561615 0.28574395179748535
vn 0.94797194004058838 0.13125000894069672 0.29003903269767761
vn 0.79208236932754517 0.55560523271560669 0.25280112028121948
vn 0.68743205070495605 0.69537597894668579 0.20949797332286835
vn 0.92281341552734375 0.2447851151227951 0.29748216271400452
vn -0.99610906839370728 0.010232999920845032 0.087532989680767059
vn -0.97377234697341919 0.21625806391239166 -0.070710025727748871
vn -0.94466239213943481 -0.15760506689548492 0.28770411014556885
vn -0.53813695907592773 -0.51139092445373535 -0.66999095678329468
vn -0.99657458066940308 -0.073299966752529144 -0.038291975855827332
vn -0.55409294366836548 -0.46682897210121155 -0.6892399787902832
vn -0.98992568254470825 -0.014724996872246265 -0.1408199667930603
vn -0.53673696517944336 -0.54177892208099365 -0.64682996273040771
vn -0.98427993059158325 -0.17508101463317871 0.023230001330375671
vn -0.97260838747024536 0.23163409531116486 0.01945800706744194
vn -0.61299312114715576 -0.49061110615730286 0.61930620670318604
vn -0.99753659963607788 -0.010276995599269867 0.069390967488288879
vn -0.59376591444015503 -0.53866696357727051 0.59772896766662598
vn -0.99647063016891479 -0.077670969069004059 -0.031834989786148071
vn -0.98872309923171997 0.0069010020233690739 -0.14959603548049927
vn -0.91873753070831299 -0.18255090713500977 -0.35013782978057861
vn -0.57948559522628784 -0.57708257436752319 0.57547557353973389
vn -0.97723162174224854 -0.18904492259025574 -0.096334964036941528
vn -0.79084104299545288 0.52028608322143555 -0.32229304313659668
vn -0.37627092003822327 -0.59138983488082886 0.71321684122085571
vn -0.91547048091888428 -0.18362309038639069 0.35804519057273865
vn -0.53244221210479736 -0.30204612016677856 -0.79074233770370483
vn -0.81394624710083008 0.31760108470916748 -0.4864371120929718
vn -0.4893200695514679 -0.75199413299560547 -0.4416680634021759
vn -0.47442883253097534 -0.72393077611923218 0.50084084272384644
vn -0.93390947580337524 -0.33026883006095886 0.13687790930271149
vn -0.98917949199676514 0.0088030034676194191 0.14644607901573181
vn -0.5780339241027832 -0.30766096711158752 0.75579196214675903
vn -0.83224093914031982 0.3555009663105011 0.42543396353721619
vn -0.78901594877243042 0.54597198963165283 0.28172400593757629
vn -0.95813578367233276 0.28625893592834473 0.0056269983761012554
vn -0.91217106580734253 -0.19665201008319855 0.35954403877258301
vn -0.54072928428649902 -0.72438937425613403 0.42763525247573853
vn -0.3955400288105011 -0.75566703081130981 -0.5220300555229187
vn -0.90686410665512085 -0.36354207992553711 -0.21315403282642365
vn -0.29512202739715576 -0.63397806882858276 -0.71482503414154053
vn -0.88213962316513062 -0.21521094441413879 -0.418943852186203
vn -0.98626917600631714 0.011794001795351505 -0.16472403705120087
vn -0.73241573572158813 0.64856982231140137 -0.20718196034431458
vn -0.58856683969497681 -0.44860389828681946 0.67256492376327515
vn -0.95787996053695679 0.28703001141548157 0.008929000236093998
vn -0.99415737390518188 -0.098395012319087982 -0.044380009174346924
vn -0.87754124402999878 -0.20688404142856598 -0.43257412314414978
vn -0.34785401821136475 0.34096503257751465 -0.87335014343261719
vn -0.96929717063903809 0.21024303138256073 -0.12751802802085876
vn -0.43417283892631531 0.74285775423049927 -0.50956481695175171
vn -0.95389288663864136 -0.083346985280513763 0.28834298253059387
vn -0.54310619831085205 -0.7762412428855896 -0.32013309001922607
vn -0.24269406497478485 -0.83386117219924927 0.49575716257095337
vn -0.89674228429794312 -0.44003117084503174 0.04717901349067688
vn -0.24369402229785919 -0.55369806289672852 0.79626107215881348
vn -0.94605720043182373 0.26004403829574585 0.19326899945735931
vn -0.34070989489555359 0.55874580144882202 0.75612163543701172
vn -0.61568397283554077 -0.22380699217319489 0.75554198026657104
vn -0.99425876140594482 -0.076076984405517578 -0.075244985520839691
vn -0.72114378213882446 0.64361274242401123 0.25634792447090149
vn -0.830852210521698 -0.47124713659286499 0.29599109292030334
vn -0.99676215648651123 -0.077002011239528656 -0.023149004206061363
vn -0.53201723098754883 -0.51868319511413574 -0.66927230358123779
vn -0.99459546804428101 -0.021127009764313698 -0.1016540452837944
vn -0.54438680410385132 -0.50732290744781494 -0.66803181171417236
vn -0.98407304286956787 0.14755901694297791 -0.099129006266593933
vn -0.9906390905380249 -0.13093400001525879 0.038607001304626465
vn -0.52943319082260132 -0.52563619613647461 -0.66588819026947021
vn -0.44328698515892029 0.75832301378250122 0.47795701026916504
vn -0.99767512083053589 -0.050707999616861343 -0.045531004667282104
vn -0.94883692264556885 0.099596992135047913 -0.29964801669120789
vn -0.55070286989212036 -0.42421489953994751 -0.71886581182479858
vn -0.94817334413528442 -0.31288811564445496 0.05539301410317421
vn -0.9969104528427124 -0.078209035098552704 0.0072710034437477589
vn -0.99756789207458496 -0.039285987615585327 -0.057574991136789322
vn -0.98343634605407715 -0.067724019289016724 0.16812604665756226
vn -0.95290708541870117 -0.018866002559661865 -0.3026750385761261
vn -0.83186829090118408 0.52463316917419434 -0.18098406493663788
vn -0.98894941806793213 -0.12342806160449982 0.082125037908554077
vn -0.94652640819549561 -0.26204812526702881 0.18819808959960938
vn -0.55147314071655273 -0.68405914306640625 -0.47743111848831177
vn -0.50531888008117676 -0.44594886898994446 -0.73877090215682983
vn -0.2868349552154541 0.86073476076126099 -0.42054888606071472
vn -0.99530017375946045 -0.046559002250432968 0.084911011159420013
vn -0.97837013006210327 0.034286003559827805 -0.20400099456310272
vn -0.99923574924468994 -0.039087995886802673 -6.9999996412661858E-06
vn -0.89940696954727173 -0.13959698379039764 0.41422194242477417
vn -0.91635292768478394 -0.23734699189662933 -0.32243400812149048
vn -0.16642901301383972 -0.68373006582260132 0.71050304174423218
vn -0.97952628135681152 -0.020664004608988762 0.20025302469730377
vn -0.99311059713363647 -0.057860985398292542 -0.10189896076917648
vn -0.92394417524337769 0.06459500640630722 0.37703406810760498
vn -0.93056601285934448 -0.25074198842048645 0.26678702235221863
vn -0.6605951189994812 -0.029305007308721542 -0.75017017126083374
vn -0.1795850396156311 -0.84656417369842529 -0.50107711553573608
vn -0.54179215431213379 -0.81278026103973389 0.21412505209445953
vn -0.97199362516403198 -0.070681974291801453 -0.22412590682506561
vn -0.73435169458389282 0.20198193192481995 0.64802074432373047
vn -0.71502017974853516 0.051463015377521515 0.69720709323883057
vn -0.76611411571502686 0.22034904360771179 -0.60375112295150757
vn -0.68176925182342529 -0.13232004642486572 0.71950125694274902
vn -0.99963134527206421 -0.025851009413599968 -0.0082990024238824844
vn -0.87644189596176147 0.4126279354095459 -0.24816897511482239
vn -0.57216686010360718 0.015495997853577137 -0.81999081373214722
vn -0.99159258604049683 -0.062282972037792206 -0.11342395097017288
vn -0.99913471937179565 -0.041581988334655762 0.00083599978825077415
vn -0.59951388835906982 -0.53576892614364624 0.59458786249160767
vn -0.63188695907592773 -0.75799691677093506 0.16173899173736572
vn -0.82544976472854614 0.55145782232284546 0.1205279603600502
vn -0.98795121908187866 0.055546026676893234 0.14445407688617706
vn -0.87094634771347046 -0.29362612962722778 0.39400020241737366
vn -0.89728808403015137 -0.13614797592163086 -0.41992595791816711
vn -0.99384051561355591 -0.075528040528297424 -0.081096045672893524
vn -0.99385380744934082 -0.094461977481842041 -0.057719994336366653
vn -0.58677935600280762 -0.547718346118927 0.59640133380889893
vn -0.060569010674953461 -0.46222212910652161 -0.8846932053565979
vn -0.65965324640274048 -0.44376415014266968 0.60657316446304321
vn -0.66686642169952393 -0.66157639026641846 -0.34293720126152039
vn -0.56043326854705811 -0.72172027826309204 0.40624421834945679
vn -0.036099005490541458 -0.021022001281380653 -0.9991270899772644
vn -0.20613303780555725 -0.6250421404838562 -0.75288212299346924
vn -0.86691296100616455 -0.14137700200080872 0.47798997163772583
vn -0.9005962610244751 0.059938013553619385 -0.43050414323806763
vn 0.74546033143997192 0.30406713485717773 0.59315437078475952
vn -0.69915884733200073 0.27977195382118225 0.65795481204986572
vn -0.97613435983657837 -0.14449705183506012 -0.16211806237697601
vn -0.97979068756103516 -0.15728695690631866 -0.12357596307992935
vn -0.59018611907958984 -0.58569812774658203 0.55555206537246704
vn -0.96833860874176025 -0.1032959520816803 0.22726693749427795
vn -0.98336285352706909 0.023732997477054596 0.18009498715400696
vn 0.96368318796157837 0.18241201341152191 0.19504000246524811
vn 0.6097419261932373 -0.59985196590423584 -0.51806598901748657
vn 0.4975687563419342 -0.18070791661739349 0.84839260578155518
vn -0.4640451967716217 -0.19600409269332886 0.86385440826416016
vn -0.57184183597564697 -0.089201986789703369 0.81549978256225586
vn 0.27037784457206726 0.024576982483267784 0.96244055032730103
vn -0.79715293645858765 0.26808896660804749 0.54099494218826294
vn -0.46113988757133484 0.28169593214988708 -0.84142583608627319
vn 0.40389591455459595 0.29848194122314453 -0.86474078893661499
vn -0.67366307973861694 -0.19774101674556732 -0.7120930552482605
vn 0.78921622037887573 0.22470708191394806 0.57152819633483887
vn -0.72062391042709351 -0.66269385814666748 0.20380891859531403
vn -0.95861876010894775 0.19846595823764801 0.20411096513271332
vn -0.70620888471603394 0.19951696693897247 -0.6793099045753479
vn -0.88481467962265015 -0.28645092248916626 -0.36748987436294556
vn 0.88831990957260132 -0.20615497231483459 -0.41035094857215881
vn 0.65447896718978882 0.018660997971892357 -0.75584989786148071
vn 0.46278694272041321 -0.40411296486854553 0.78899997472763062
vn -0.75342202186584473 -0.43605798482894897 0.49214702844619751
vn -0.59966510534286499 -0.75180602073669434 0.27420702576637268
vn 0.97232341766357422 0.086278028786182404 0.21712507307529449
vn -0.99879342317581177 -0.017375007271766663 0.045933019369840622
vn 0.9993361234664917 -0.0096020009368658066 -0.035144004970788956
vn -0.41511282324790955 -0.60039371252059937 0.68352669477462769
vn 0.41327589750289917 -0.60941094160079956 0.67662495374679565
vn -0.90137094259262085 -0.32121503353118896 -0.29043298959732056
vn -0.58009713888168335 -0.74363309144973755 0.33241105079650879
vn -0.87958657741546631 -0.38078182935714722 0.28518885374069214
vn 0.91503000259399414 -0.079366981983184814 0.39550098776817322
vn 0.36092197895050049 -0.17798697948455811 0.91545397043228149
vn -0.59701186418533325 0.18001395463943481 0.78177481889724731
vn -0.043417014181613922 0.29621106386184692 -0.95413517951965332
vn 0.95107358694076538 0.012754007242619991 -0.30870118737220764
vn 0.60867786407470703 0.052556987851858139 0.79167479276657104
vn -0.69196832180023193 0.27838513255119324 -0.66609424352645874
vn 0.79665893316268921 0.31535196304321289 -0.51564294099807739
vn 0.99063807725906372 -0.0013439999893307686 -0.13650800287723541
vn -0.29489699006080627 0.83757692575454712 0.45989197492599487
vn 0.55240607261657715 -0.22769604623317719 -0.80187410116195679
vn -0.40918201208114624 -0.24661701917648315 -0.87849307060241699
vn 0.98007601499557495 -0.039631001651287079 0.1946289986371994
vn 0.69262319803237915 0.26346108317375183 -0.67146211862564087
vn -0.39981496334075928 -0.80405306816101074 0.44005301594734192
vn 0.37707403302192688 -0.84292507171630859 0.38378703594207764
vn -0.51128911972045898 0.3442440927028656 0.78745120763778687
vn 0.33449879288673401 0.36371684074401855 0.86937946081161499
vn 0.99981921911239624 0.0087460018694400787 -0.016884002834558487
vn -0.599884033203125 -0.5150800347328186 -0.61223506927490234
vn 0.057202007621526718 0.43302503228187561 -0.89956504106521606
vn -0.97322040796279907 -0.031321015208959579 -0.22773008048534393
vn 0.88780689239501953 -0.19119696319103241 0.41861993074417114
vn 0.40213695168495178 -0.5399509072303772 0.73941797018051147
vn 0.91988039016723633 -0.29271811246871948 0.26102912425994873
vn 0.83652657270431519 0.22481189668178558 -0.49968275427818298
vn -0.94660472869873047 0.28952190279960632 0.14183296263217926
vn -0.92365533113479614 -0.38314607739448547 0.0077440021559596062
vn 0.91894048452377319 0.018674988299608231 0.3939538300037384
vn 0.9477418065071106 0.0866289883852005 -0.30705192685127258
vn -0.023212989792227745 0.83992570638656616 -0.54220473766326904
vn 0.99774807691574097 0.04486599937081337 -0.049858003854751587
vn -0.024223990738391876 -0.94635862112045288 0.32220888137817383
vn -0.56259709596633911 0.70383119583129883 -0.43371209502220154
vn -0.54297482967376709 0.79690378904342651 -0.26480689644813538
vn -0.85569828748703003 0.50068020820617676 0.13076604902744293
vn 0.9430503249168396 -0.10460803657770157 -0.31577408313751221
vn 0.41382795572280884 -0.22747896611690521 -0.88147586584091187
vn 0.98377454280853271 0.014687992632389069 0.17880691587924957
vn -0.4025319516658783 -0.79696089029312134 -0.45035693049430847
vn -0.67534619569778442 -0.69777417182922363 0.23878602683544159
vn 0.97575771808624268 -0.16602794826030731 0.14258895814418793
vn 0.99135887622833252 0.014505999162793159 -0.13037300109863281
vn 0.0089320018887519836 0.88284897804260254 -0.4695720374584198
vn -0.06890396773815155 -0.5864797830581665 -0.80702769756317139
vn -0.00093400024343281984 -0.61571013927459717 0.78797215223312378
vn 0.99759715795516968 -0.027922004461288452 -0.063406005501747131
vn 0.99124938249588013 0.0044620013795793056 0.13192704319953918
vn 0.9455798864364624 0.27135798335075378 -0.1795649379491806
vn 0.57287693023681641 -0.65098708868026733 0.49802395701408386
vn -0.97042495012283325 0.022725997492671013 -0.24033097922801971
vn -0.006268003024160862 -0.60132324695587158 0.79898130893707275
vn 0.63186347484588623 0.3180372416973114 0.70682448148727417
vn 0.4502759575843811 0.063719995319843292 -0.8906129002571106
vn 0.98617070913314819 -0.064854986965656281 -0.1525159627199173
vn -0.92932021617889404 0.33339110016822815 -0.15879005193710327
vn 0.99766290187835693 -0.0078989993780851364 0.067869991064071655
vn -0.32676103711128235 -0.64948302507400513 -0.68658500909805298
vn 0.43185406923294067 -0.65260905027389526 -0.62257808446884155
vn -0.86785233020782471 -0.42335522174835205 -0.26000511646270752
vn -0.099894978106021881 0.41264492273330688 0.90539777278900146
vn 0.32530310750007629 -0.86843228340148926 0.37417012453079224
vn 0.55965101718902588 -0.67590707540512085 -0.47952097654342651
vn 0.90403544902801514 -0.34944218397140503 0.2461911141872406
vn -0.64217591285705566 -0.71983802318572998 0.26352095603942871
vn -0.96509236097335815 -0.12149704992771149 0.23202410340309143
vn -0.99240219593048096 -0.06197001039981842 0.10629002004861832
vn -0.5969359278678894 0.80197292566299438 0.022513998672366142
vn -0.33103093504905701 -0.8802717924118042 0.33991193771362305
vn -0.33017387986183167 -0.92605972290039063 0.18275293707847595
vn 0.93252784013748169 0.10153597593307495 0.34652894735336304
vn 0.92798936367034912 0.12380803376436234 -0.35143610835075378
vn 0.47013205289840698 -0.40173608064651489 -0.78586512804031372
vn -0.99696683883666992 -0.073979988694190979 0.024166995659470558
vn -0.091365993022918701 0.39871299266815186 0.9125131368637085
vn -0.97091013193130493 0.19146403670310974 0.14378799498081207
vn -0.92416125535964966 -0.36456307768821716 -0.11410403251647949
vn 0.46529194712638855 -0.67859393358230591 -0.56834292411804199
vn 0.95352792739868164 -0.26496300101280212 0.14345400035381317
vn 0.72564458847045898 -0.49426737427711487 -0.47868537902832031
vn 0.9825822114944458 0.013656002469360828 0.18532603979110718
vn 0.9840208888053894 0.018474997952580452 -0.17709197103977203
vn 0.48366773128509521 -0.47658875584602356 -0.73411762714385986
vn 0.99234127998352051 -0.025390006601810455 -0.12088904529809952
vn 0.48092219233512878 -0.49950224161148071 -0.72056323289871216
vn 0.99443554878234863 -0.073902972042560577 -0.075074978172779083
vn 0.46732914447784424 -0.50767809152603149 -0.72378617525100708
vn 0.023536002263426781 -0.89483505487442017 -0.44577601552009583
vn -0.95828002691268921 0.27223101258277893 0.087118998169898987
vn 0.98972123861312866 -0.0072500030510127544 0.14282603561878204
vn -0.95715117454528809 0.28916904330253601 -0.015585001558065414
vn 0.97540462017059326 -0.19787092506885529 -0.09712296724319458
vn -0.34818607568740845 -0.90736323595046997 0.23549607396125793
vn 0.99408698081970215 -0.048604995012283325 0.097101002931594849
vn -0.04493500292301178 0.82783710956573486 0.55916601419448853
vn -0.78700548410415649 0.60004538297653198 0.14341509342193604
vn -0.66653400659561157 -0.73974704742431641 -0.092231996357440948
vn 0.40776708722114563 0.17621302604675293 0.89592128992080688
vn -0.84054160118103027 -0.47350576519966125 0.26321485638618469
vn -0.88549578189849854 -0.45111286640167236 0.11132998764514923
vn -0.55884462594985962 0.8285326361656189 0.035019982606172562
vn 0.009152999147772789 -0.94025790691375732 -0.34033992886543274
vn -0.96909832954406738 -0.090861029922962189 -0.22933107614517212
vn -0.050524000078439713 0.82833307981491089 -0.55795305967330933
vn -0.80043119192123413 0.59455114603042603 -0.076281018555164337
vn -0.088944993913173676 0.81769895553588867 0.56873297691345215
vn -0.81810009479522705 0.48230811953544617 0.31319504976272583
vn -0.64580482244491577 -0.72151476144790649 -0.24970494210720062
vn 0.27182388305664063 0.85295963287353516 -0.4456138014793396
vn -0.6833917498588562 -0.66068875789642334 -0.31058987975120544
vn 0.46635487675666809 -0.81400877237319946 -0.3462698757648468
vn 0.53756791353225708 -0.71109294891357422 0.45317497849464417
vn 0.68961787223815918 -0.14082497358322144 0.71034890413284302
vn 0.17813394963741302 -0.63887178897857666 0.74840575456619263
vn -0.85899835824966431 -0.45191711187362671 -0.2406090646982193
vn -0.94616705179214478 0.27081701159477234 -0.17727398872375488
vn -0.28657695651054382 -0.9430699348449707 0.16879798471927643
vn 0.056528009474277496 -0.63145405054092407 -0.7733500599861145
vn -0.073193959891796112 0.88199460506439209 -0.46554076671600342
vn 0.064708001911640167 -0.59525799751281738 -0.80092495679855347
vn 0.372499018907547 0.28926002979278564 -0.8818010687828064
vn 0.97206646203994751 0.02228998951613903 0.23364488780498505
vn 0.45686396956443787 -0.50143492221832275 0.73473691940307617
vn 0.032514013350009918 -0.92085540294647217 0.3885461688041687
vn -0.85937029123306274 0.50924915075302124 -0.046347014605998993
vn 0.45251521468162537 -0.78116339445114136 -0.43013221025466919
vn 0.23441708087921143 -0.84724026918411255 0.47668915987014771
vn 0.95149439573287964 -0.29355710744857788 -0.092101044952869415
vn 0.43973201513290405 -0.71631103754043579 0.54178804159164429
vn 0.98370587825775146 -0.027484994381666183 0.17767196893692017
vn 0.45349591970443726 -0.52810794115066528 0.71794390678405762
vn 0.40217295289039612 0.72894287109375 -0.5539848804473877
vn 0.98881399631500244 -0.089502997696399689 0.119315005838871
vn 0.43861293792724609 -0.53747594356536865 0.72023487091064453
vn -0.8547782301902771 0.51857614517211914 0.02080700546503067
vn 0.30857202410697937 -0.57680004835128784 0.75636303424835205
vn -0.074451036751270294 0.99484747648239136 -0.068815037608146667
vn 0.043425019830465317 -0.9850614070892334 0.1666380763053894
vn -0.67750358581542969 -0.72048759460449219 0.14794090390205383
vn -0.78168332576751709 0.61106514930725098 -0.1247820109128952
vn -0.61867892742156982 -0.75797790288925171 -0.20665396749973297
vn -0.65794390439987183 -0.70730280876159668 0.25851994752883911
vn 0.72054582834243774 0.63607585430145264 -0.27608194947242737
vn 0.083483986556529999 0.99344384670257568 -0.078100979328155518
vn 0.79215598106384277 -0.44001597166061401 0.42293599247932434
vn 0.30539393424987793 -0.31531193852424622 0.89850592613220215
vn -0.42548897862434387 0.73891592025756836 0.52245801687240601
vn -0.51012080907821655 0.82340371608734131 0.24856191873550415
vn 0.044691018760204315 -0.98369842767715454 0.17418406903743744
vn -0.33798205852508545 -0.92970603704452515 -0.14633801579475403
vn 0.38938891887664795 0.73868483304977417 -0.55020087957382202
vn -0.30703619122505188 -0.85323739051818848 -0.42156225442886353
vn 0.44733020663261414 -0.30350911617279053 -0.84129536151885986
vn 0.81371331214904785 0.28506016731262207 -0.50656819343566895
vn 0.30132690072059631 0.30717292428016663 0.90268868207931519
vn 0.2146429717540741 0.81666791439056396 0.53570693731307983
vn 0.41230401396751404 -0.73694407939910889 -0.53564804792404175
vn 0.97661721706390381 -0.20667004585266113 -0.05921400710940361
vn 0.51729893684387207 -0.72601991891860962 0.45309698581695557
vn 0.044259022921323776 -0.99291151762008667 0.11030805855989456
vn 0.41951587796211243 -0.87353682518005371 0.24685992300510406
vn -0.53978288173675537 0.84033381938934326 -0.04973398894071579
vn -0.65798771381378174 0.73834472894668579 -0.14798393845558167
vn 0.94816094636917114 0.29008996486663818 -0.12976397573947906
vn 0.97974586486816406 -0.03662099689245224 -0.19686794281005859
vn 0.48523595929145813 -0.44839400053024292 -0.75065898895263672
vn 0.98617386817932129 -0.032278001308441162 -0.16253998875617981
vn 0.47814112901687622 -0.48854514956474304 -0.72986620664596558
vn -0.35379096865653992 -0.91641891002655029 -0.18710498511791229
vn 0.9728543758392334 -0.14664505422115326 0.17902402579784393
vn 0.98485821485519409 -0.073495015501976013 -0.15701204538345337
vn 0.46389788389205933 -0.53157591819763184 -0.70867890119552612
vn 0.80171793699264526 0.49011695384979248 -0.34210193157196045
vn 0.36881604790687561 0.75314211845397949 0.54474920034408569
vn 0.99619746208190918 0.060294017195701599 -0.062891028821468353
vn 0.19770598411560059 -0.58363801240921021 -0.78757792711257935
vn 0.44548085331916809 0.78619879484176636 -0.42829692363739014
vn -0.9679526686668396 0.0024359989911317825 0.251120924949646
vn 0.25086295604705811 -0.85498696565628052 -0.45394390821456909
vn 0.42839109897613525 -0.81742215156555176 0.38510015606880188
vn 0.98267054557800293 -0.051981016993522644 0.1779230535030365
vn 0.40907791256904602 -0.58675092458724976 0.6988409161567688
vn 0.99817824363708496 0.04648100957274437 -0.038467004895210266
vn -0.6618238091468811 0.74935287237167358 -0.021436994895339012
vn -0.39745175838470459 -0.90690946578979492 0.13981188833713531
vn 0.97561562061309814 0.18567092716693878 -0.1170489564538002
vn -0.46965304017066956 0.88177508115768433 -0.043574005365371704
vn 0.99140256643295288 -0.050951976329088211 0.12051895260810852
vn -0.29190906882286072 -0.94480222463607788 -0.14878803491592407
vn 0.41876310110092163 -0.90574026107788086 0.065361015498638153
vn 0.7385515570640564 0.48580273985862732 -0.46747973561286926
vn 0.50691699981689453 0.85804301500320435 -0.082446001470088959
vn -0.99974519014358521 -0.022071003913879395 0.0047370009124279022
vn 0.34267798066139221 -0.61828696727752686 -0.70731395483016968
vn 0.5195048451423645 0.84175872802734375 -0.14682294428348541
vn -0.87052249908447266 -0.42966076731681824 0.2399628758430481
vn -0.91320806741714478 0.37378200888633728 0.16229002177715302
vn 0.79244190454483032 -0.60857689380645752 0.04086599126458168
vn -0.38133108615875244 -0.89254122972488403 0.24074207246303558
vn -0.026452010497450829 0.79164433479309082 0.61040931940078735
vn 0.76648592948913574 0.32561001181602478 0.55360400676727295
vn 0.3961089551448822 -0.31179094314575195 0.86364585161209106
vn 0.67220669984817505 0.63492369651794434 0.38080182671546936
vn 0.031262002885341644 -0.8561631441116333 -0.51575905084609985
vn 0.45663779973983765 -0.88036155700683594 0.1282399445772171
vn -0.92052793502807617 0.38962596654891968 0.028634997084736824
vn -0.88501948118209839 -0.45942527055740356 -0.075292043387889862
vn 0.38561204075813293 -0.91936898231506348 0.077872008085250854
vn 0.89996337890625 0.22052809596061707 -0.37607616186141968
vn 0.66745865345001221 -0.41106882691383362 -0.62090367078781128
vn -0.027538999915122986 0.92101097106933594 0.38856199383735657
vn -0.044048979878425598 0.95446068048477173 -0.29506692290306091
vn 0.96673017740249634 -0.02908000536262989 0.25414001941680908
vn 0.4590628445148468 -0.46865886449813843 0.75473183393478394
vn 0.0020100001711398363 -0.99002605676651001 -0.14087001979351044
vn 0.94653308391571045 -0.26770198345184326 -0.18002998828887939
vn 0.51192915439605713 -0.75075721740722656 -0.41748315095901489
vn 0.96827816963195801 -0.2243320494890213 0.11005702614784241
vn 0.38584902882575989 -0.77608507871627808 0.49881106615066528
vn 0.97557222843170166 -0.026440007612109184 0.21808205544948578
vn 0.45011892914772034 -0.51468896865844727 0.7297179102897644
vn 0.7262534499168396 0.57590043544769287 -0.37535926699638367
vn 0.93759125471115112 -0.0034550011623650789 -0.34772208333015442
vn 0.75054460763931274 0.52217668294906616 0.40498676896095276
vn 0.97402656078338623 -0.073801971971988678 0.21406890451908112
vn 0.43497198820114136 -0.56341499090194702 0.70239800214767456
vn 0.93120753765106201 0.29456484317779541 0.21467189490795135
vn 0.0062539991922676563 0.99972695112228394 0.022514998912811279
vn -0.51887625455856323 0.85479038953781128 0.010039004497230053
vn 0.7273520827293396 -0.67799603939056396 -0.10620900988578796
vn 0.78851467370986938 0.60933274030685425 -0.083415970206260681
vn 0.0038719987496733665 -0.98996883630752563 -0.14123295247554779
vn 0.26134809851646423 0.73152720928192139 -0.62973415851593018
vn -0.41940602660179138 0.89766710996627808 -0.13524901866912842
vn 0.0035090015735477209 -0.99651139974594116 0.083383038640022278
vn 0.97024810314178467 -0.14799802005290985 -0.19161203503608704
vn 0.79344099760055542 0.5919349193572998 -0.14164899289608002
vn 0.99442929029464722 0.057301022112369537 0.088470026850700378
vn 0.74373805522918701 -0.6665380597114563 0.050801001489162445
vn 0.99288541078567505 0.051562022417783737 0.1073310524225235
vn 0.95984065532684326 0.20385691523551941 0.19273889064788818
vn -0.0016140002990141511 0.99684810638427734 0.079317033290863037
vn 0.0043329992331564426 -0.99439573287963867 -0.1056329756975174
vn 0.99145370721817017 -0.065988980233669281 -0.11253895610570908
vn 0.43190714716911316 -0.62350517511367798 -0.65168821811676025
vn -0.66090512275695801 -0.74265009164810181 -0.10805203020572662
vn -0.78837078809738159 0.61342084407806396 0.046758975833654404
vn 0.79197114706039429 -0.60387706756591797 0.090079009532928467
vn -0.64393007755279541 -0.72491008043289185 0.24466198682785034
vn -0.76809895038604736 0.63155794143676758 0.10563398897647858
vn 0.86201947927474976 0.3391578197479248 -0.37668874859809875
vn 0.35793191194534302 -0.86441278457641602 -0.35309392213821411
vn -0.50901871919631958 0.86063653230667114 -0.014308991841971874
vn 0.99670904874801636 -0.061785008758306503 -0.052475005388259888
vn 0.067491985857486725 -0.98574978113174438 0.15408496558666229
vn 0.41402101516723633 0.71651607751846313 0.56141906976699829
vn 0.94646763801574707 0.31507387757301331 -0.070195972919464111
vn 0.9103240966796875 -0.32795703411102295 -0.25249603390693665
vn 0.94686901569366455 -0.32102501392364502 0.019543999806046486
vn 0.99960702657699585 0.012435000389814377 -0.025123000144958496
vn 0.94792407751083374 0.045476999133825302 -0.31523299217224121
vn 0.92901098728179932 0.36299899220466614 -0.07190500944852829
vn 0.46983388066291809 0.82416683435440063 -0.31623589992523193
vn 0.97477966547012329 -0.21939291059970856 0.040881983935832977
vn 0.99403262138366699 0.10727895051240921 0.019757991656661034
vn 0.42231291532516479 0.84459596872329712 0.32910394668579102
vn 0.34979304671287537 -0.93461114168167114 -0.064396008849143982
vn -0.49955078959465027 0.86625063419342041 -0.0076679978519678116
vn 0.43175697326660156 -0.9017099142074585 -0.022474998608231544
vn 0.44635206460952759 0.75460201501846313 -0.48098403215408325
vn -0.046593993902206421 -0.088196992874145508 -0.99501270055770874
vn -0.60223573446273804 0.77804070711135864 -0.17878691852092743
vn 0.74226981401443481 -0.65348881483078003 -0.14828298985958099
vn 0.54135710000991821 0.83779728412628174 0.070910029113292694
vn 0.73888874053955078 0.47788986563682556 0.47504180669784546
vn 0.38056585192680359 -0.91770464181900024 -0.11396394670009613
vn 0.31339097023010254 -0.94578701257705688 -0.085281997919082642
vn 0.47582978010177612 0.87723267078399658 0.063630968332290649
vn -0.54270672798156738 0.83260458707809448 0.11062993854284286
vn -0.34212011098861694 -0.93405133485794067 -0.10247904062271118
vn -0.22612105309963226 -0.95061224699020386 0.21261607110500336
vn -0.46947106719017029 0.8817521333694458 0.04593600332736969
vn 0.71445292234420776 0.61872994899749756 -0.32669594883918762
vn 0.89292424917221069 0.25408709049224854 0.37165310978889465
vn 0.93992769718170166 -0.3227938711643219 0.11108596622943878
vn 0.47336617112159729 -0.87972736358642578 -0.044769018888473511
vn 0.7414519190788269 -0.65928393602371216 -0.12487498670816422
vn 0.94373893737792969 -0.012527999468147755 0.33045399188995361
vn 0.66552865505218506 -0.74221360683441162 0.078679956495761871
vn 0.73172718286514282 0.57747024297714233 0.36208212375640869
vn 0.69367116689682007 -0.71416717767715454 -0.093731038272380829
vn 0.78313112258911133 0.62014710903167725 0.04607800766825676
vn 0.6866917610168457 -0.7235027551651001 -0.070697978138923645
vn 0.79277414083480835 0.60146307945251465 0.098749004304409027
vn 0.2626500129699707 -0.964729905128479 0.017639998346567154
vn -0.046593993902206421 -0.088196992874145508 -0.99501270055770874
vn -0.60223573446273804 0.77804070711135864 -0.17878691852092743
vn -0.98936915397644043 0.019871000200510025 -0.14406202733516693
vn 0.65957283973693848 0.59658187627792358 -0.45722395181655884
vn -0.046593993902206421 -0.088196992874145508 -0.99501270055770874
vn -0.77139240503311157 -0.35070422291755676 -0.53099930286407471
vn 0.15028393268585205 -0.96270155906677246 0.22498986124992371
vn 0.8027421236038208 0.41755810379981995 -0.42573505640029907
vn 0.001258000498637557 0.98002243041992188 0.19888307154178619
vn 0.00051300018094480038 -0.99594038724899292 -0.090014033019542694
vn -0.90739405155181885 -0.13566699624061584 -0.39778202772140503
vn 0.87796014547348022 -0.40735208988189697 -0.2514960765838623
vn 0.92812764644622803 -0.37097087502479553 -0.030977988615632057
vn 0.95281386375427246 0.30183994770050049 0.03222399577498436
vn 0.89530676603317261 0.3015759289264679 0.32783791422843933
vn 0.90789914131164551 -0.3695700466632843 0.19783104956150055
vn 0.6899152398109436 -0.70204025506973267 -0.17651206254959106
vn -0.068243019282817841 -0.93802326917648315 -0.33978709578514099
vn 0.075763009488582611 -0.38753801584243774 -0.91873514652252197
vn 0.9990159273147583 -0.042270004749298096 -0.013430999591946602
vn 0.91467547416687012 -0.018873006105422974 -0.40374821424484253
vn 0.1723950058221817 -0.94808709621429443 0.26722803711891174
vn 0.96273446083068848 0.03136998787522316 0.26862290501594543
vn -0.34197291731834412 0.93565875291824341 -0.08716198056936264
vn -0.82181531190872192 0.45294001698493958 0.34563705325126648
vn 0.93473905324935913 -0.33979502320289612 -0.10393400490283966
vn 0.93503004312515259 0.35255396366119385 0.037742998450994492
vn 0.35103720426559448 0.85903549194335938 0.37260019779205322
vn -0.34875792264938354 0.93710869550704956 -0.013969996944069862
vn -0.71146196126937866 -0.30255195498466492 -0.63425880670547485
vn 0.99954086542129517 0.022620998322963715 -0.020156996324658394
vn 0.084179989993572235 -0.99160295724868774 0.098169974982738495
vn 0.46535378694534302 0.85648965835571289 0.22331890463829041
vn 0.35971209406852722 -0.93297725915908813 -0.01267500314861536
vn 0.67645114660263062 0.47734907269477844 -0.56084907054901123
vn -0.29626095294952393 -0.49535292387008667 -0.81661182641983032
vn 0.78295004367828369 -0.44545003771781921 -0.43423900008201599
vn -0.073707990348339081 -0.46583396196365356 -0.88179695606231689
vn 0.37572506070137024 0.86083018779754639 0.34322306513786316
vn 0.19218003749847412 0.33413606882095337 0.92272418737411499
vn 0.1346200704574585 -0.98674130439758301 0.09065902978181839
vn 0.078377999365329742 -0.38690400123596191 -0.91878300905227661
vn -0.26683810353279114 0.76494121551513672 0.5862271785736084
vn -0.41785004734992981 0.90459209680557251 -0.084347017109394073
vn 0.16534997522830963 -0.98018878698348999 0.10903798788785934
vn -0.043641000986099243 -0.67046999931335449 0.74065202474594116
vn 0.80112791061401367 0.061539001762866974 -0.5953209400177002
vn -0.21271297335624695 -0.16279999911785126 -0.96345698833465576
vn 0.70680731534957886 0.6638522744178772 0.24438409507274628
vn 0.64449715614318848 -0.76132524013519287 0.070762023329734802
vn -0.19838595390319824 -0.54606688022613525 -0.81391274929046631
vn 0.66216278076171875 0.66520076990127563 0.34503388404846191
vn 0.232107013463974 0.31416702270507813 0.92055714130401611
vn 0.8191678524017334 0.45539692044258118 0.34867987036705017
vn 0.84638321399688721 -0.49175915122032166 0.20447106659412384
vn 0.57513195276260376 -0.79885989427566528 0.17619898915290833
vn -0.051041014492511749 -0.53233104944229126 0.84499609470367432
vn 0.93642526865005493 -0.061691019684076309 0.34540107846260071
vn -0.084492973983287811 -0.87526780366897583 0.47620084881782532
vn -0.09919198602437973 -0.64572495222091675 -0.75709986686706543
vn -0.08158797025680542 -0.96729165315628052 -0.24018791317939758
vn 0.70007288455963135 0.54725390672683716 0.45870590209960938
vn 0.19277101755142212 0.22362901270389557 0.95542103052139282
vn 0.75936776399612427 -0.52220183610916138 0.38815692067146301
vn -0.52686125040054321 -0.79505437612533569 0.30050915479660034
vn -0.70440793037414551 0.021978998556733131 0.70945495367050171
vn -0.0077830026857554913 -0.18718303740024567 0.98229420185089111
vn 0.065251030027866364 -0.041764020919799805 0.9969944953918457
vn 0.84388190507888794 0.05927199125289917 0.53324496746063232
vn -0.67194074392318726 0.4037928581237793 0.62084376811981201
vn 0.143499955534935 -0.71793776750564575 -0.6811557412147522
vn -0.99372899532318115 0.024809999391436577 -0.10902799665927887
vn -0.49452200531959534 -0.5523219108581543 -0.67110991477966309
vn -0.98532891273498535 0.024085003882646561 -0.16895802319049835
vn -0.084019996225833893 -0.94873589277267456 0.30469796061515808
vn -0.98619240522384644 -0.0044380016624927521 0.16554407775402069
vn -0.50756490230560303 -0.5165678858757019 0.68959081172943115
vn -0.60137063264846802 -0.68176460266113281 -0.4165937602519989
vn -0.98739254474639893 -0.14234292507171631 0.069241970777511597
vn -0.48232799768447876 -0.71019601821899414 0.51281702518463135
vn -0.99097853899002075 0.12544907629489899 0.04716002568602562
vn -0.98486661911010742 0.039004985243082047 0.16886794567108154
vn -0.51799905300140381 -0.47426706552505493 0.71186214685440063
vn -0.95421844720840454 0.27119782567024231 0.12616991996765137
vn -0.25112104415893555 0.46714106202125549 0.84777206182479858
vn -0.38073703646659851 -0.3539310097694397 -0.85426700115203857
vn -0.97811388969421387 0.036300990730524063 0.20487900078296661
vn -0.52301216125488281 -0.43187913298606873 0.73480522632598877
vn -0.98134088516235352 0.11336798965930939 0.15529897809028625
vn -0.97516578435897827 -0.056245990097522736 -0.21421495079994202
vn 0.98148870468139648 -0.042740985751152039 -0.18668994307518005
vn -0.83821994066238403 0.42779600620269775 -0.33819800615310669
vn -0.87591618299484253 -0.33729803562164307 0.34496507048606873
vn 0.2846238911151886 0.52607274055480957 0.80139672756195068
vn -0.95492017269134521 -0.27599203586578369 0.10934301465749741
vn -0.96709400415420532 0.16633899509906769 -0.19251100718975067
vn -0.96688926219940186 -0.16859804093837738 -0.19157204031944275
vn -0.98948866128921509 0.14281295239925385 0.022729992866516113
vn -0.73732209205627441 0.57714110612869263 0.35109007358551025
vn -0.77351194620132446 0.36108896136283875 0.52085894346237183
vn -0.46841293573379517 -0.28884196281433105 0.83496087789535522
vn -0.35155710577964783 -0.82468926906585693 -0.44305214285850525
vn -0.52410382032394409 -0.7469336986541748 0.40915185213088989
vn -0.39849284291267395 -0.55431383848190308 -0.73071175813674927
vn -0.70717859268188477 -0.34446778893470764 -0.6174466609954834
vn -0.91823750734329224 0.37658983469009399 0.12255594879388809
vn -0.87533605098724365 0.4292360246181488 0.22258301079273224
vn -0.8914642333984375 0.44140812754631042 -0.10222703218460083
vn -0.99109596014022827 0.0098989987745881081 0.13278102874755859
vn -0.78044301271438599 -0.62520301342010498 0.0054680001921951771
vn -0.80995899438858032 -0.55539298057556152 -0.18842796981334686
vn -0.35113683342933655 -0.74943464994430542 0.56129372119903564
vn -0.79687023162841797 0.28943610191345215 -0.53030616044998169
vn -0.90708518028259277 0.1391640305519104 0.39727804064750671
vn -0.97692936658859253 -0.20450405776500702 0.061539024114608765
vn -0.97303467988967896 0.053948987275362015 0.22426095604896545
vn 0.36987686157226563 -0.45860782265663147 0.80800372362136841
vn -0.87945818901062012 -0.22036999464035034 0.42188900709152222
vn -0.69809544086456299 0.39757469296455383 -0.59548056125640869
vn 0.71792811155319214 0.25397604703903198 -0.64813220500946045
vn -0.89385610818862915 -0.43708103895187378 0.099907010793685913
vn -0.6754610538482666 -0.19281001389026642 0.71174198389053345
vn -0.9456821084022522 -0.27170202136039734 -0.17850303649902344
vn -0.98511296510696411 0.068766996264457703 -0.1575549840927124
vn 0.73561286926269531 0.17770096659660339 -0.65367889404296875
vn -0.63856381177902222 0.7152448296546936 0.28400894999504089
vn -0.82649815082550049 -0.54356414079666138 -0.14642003178596497
vn 0.88896596431732178 -0.33075296878814697 0.31676796078681946
vn -0.91412073373794556 0.29423487186431885 0.27894291281700134
vn 0.92090284824371338 0.01462099701166153 -0.38951790332794189
vn -0.29392015933990479 0.0057970029301941395 -0.95581239461898804
vn 0.69412988424301147 -0.22785095870494843 -0.68283790349960327
vn -0.73511207103729248 -0.49422606825828552 -0.46405905485153198
vn -0.99730724096298218 0.051469016820192337 -0.052242010831832886
vn 0.98878437280654907 -0.1242220476269722 -0.082912012934684753
vn -0.99370503425598145 0.078438021242618561 0.079986013472080231
vn -0.25920093059539795 -0.58582884073257446 -0.76786679029464722
vn -0.77006238698959351 -0.61707532405853271 -0.1619320809841156
vn -0.9868740439414978 0.075534999370574951 0.14273799955844879
vn -0.91294217109680176 0.39257913827896118 -0.11143703758716583
vn -0.97028416395187378 0.005486000794917345 -0.24190604686737061
vn -0.40654906630516052 -0.14556503295898438 -0.90195822715759277
vn -0.2994171679019928 -0.41225022077560425 -0.86046445369720459
vn -0.75824177265167236 0.566963791847229 0.32190290093421936
vn -0.94663679599761963 0.072988986968994141 0.31392893195152283
vn -0.10433204472064972 -0.98587441444396973 -0.13102103769779205
vn -0.31397688388824463 0.32252690196037292 0.89296972751617432
vn -0.52479207515716553 -0.65237414836883545 0.54681003093719482
vn -0.97132015228271484 -0.20098502933979034 -0.12705200910568237
vn -0.70054030418395996 0.67515528202056885 0.23110310733318329
vn -0.5084879994392395 -0.49385109543800354 0.70537298917770386
vn -0.99684274196624756 -0.0044069988653063774 0.07927897572517395
vn -0.73199611902236938 0.68100112676620483 -0.020472003147006035
vn -0.28249895572662354 0.78363192081451416 0.55327695608139038
vn 0.42259699106216431 -0.23691700398921967 -0.87480401992797852
vn -0.53505498170852661 -0.13908301293849945 -0.83328992128372192
vn -0.99026918411254883 -0.089615017175674438 -0.10647102445363998
vn -0.87253457307815552 0.046485979110002518 0.48633575439453125
vn -0.33737993240356445 0.10000298172235489 0.93604177236557007
vn -0.99857133626937866 0.024051012471318245 0.04771602526307106
vn -0.34172388911247253 -0.92879867553710938 0.14337995648384094
vn -0.52224206924438477 -0.4860890805721283 0.70070010423660278
vn -0.99038034677505493 0.046823006123304367 0.13020902872085571
vn -0.99409466981887817 0.056908976286649704 0.092396959662437439
vn -0.49749302864074707 -0.8614620566368103 -0.10190100967884064
vn -0.76504558324813843 -0.64183062314987183 0.052523963153362274
vn -0.56498396396636963 -0.75504696369171143 -0.33271196484565735
vn -0.61286723613739014 -0.64354223012924194 0.45852717757225037
vn -0.76245421171188354 -0.40326207876205444 -0.50600719451904297
vn -0.5201912522315979 -0.83893537521362305 -0.15996406972408295
vn -0.98601186275482178 0.088471993803977966 0.14125598967075348
vn 0.65619713068008423 -0.18412004411220551 -0.73178213834762573
vn 0.052030991762876511 -0.040940996259450912 0.9978058934211731
vn -0.52030783891677856 0.64945775270462036 0.55451273918151855
vn 0.53661084175109863 0.59022682905197144 0.60305976867675781
vn -0.97879707813262939 0.08917100727558136 0.18440401554107666
vn -0.52346813678741455 -0.46143209934234619 0.71628314256668091
vn -0.72840410470962524 0.56482809782028198 0.38781008124351501
vn -0.4834231436252594 -0.81888711452484131 -0.30939605832099915
vn -0.41896384954452515 0.63595175743103027 0.64810079336166382
vn 0.62327092885971069 0.62293988466262817 0.4727359414100647
vn -0.11824905127286911 -0.94645333290100098 -0.30040514469146729
vn -0.93428575992584229 0.16039295494556427 0.31840893626213074
vn 0.31004500389099121 -0.66436302661895752 -0.68006902933120728
vn -0.49822026491165161 -0.58695632219314575 -0.6381683349609375
vn 0.88210904598236084 -0.21318402886390686 -0.42004305124282837
vn 0.66873174905776978 -0.093645967543125153 0.7375827431678772
vn -0.10971697419881821 -0.62819188833236694 -0.77028381824493408
vn -0.71349883079528809 0.69618183374404907 -0.079058974981307983
vn -0.20854714512825012 0.49945631623268127 -0.84086352586746216
vn 0.64094984531402588 -0.25866395235061646 -0.72268682718276978
vn -0.50299197435379028 -0.3859650194644928 0.77332407236099243
vn -0.90771180391311646 0.200517937541008 0.36858090758323669
vn -0.14416992664337158 0.87759673595428467 0.45720785856246948
vn -0.46158608794212341 -0.87831419706344604 -0.12450902163982391
vn -0.48138102889060974 -0.80338907241821289 -0.35048303008079529
vn 0.25813809037208557 -0.86500227451324463 -0.43027415871620178
vn 0.97155684232711792 -0.14343796670436859 -0.18842196464538574
vn 0.95250892639160156 -0.096150994300842285 0.28893199563026428
vn 0.99033856391906738 -0.13182194530963898 -0.043040979653596878
vn -0.87067645788192749 0.2262561172246933 0.43672725558280945
vn -0.34810709953308105 0.39056205749511719 0.8522222638130188
vn 0.98929935693740845 -0.1270020455121994 0.071814030408859253
vn -0.24597999453544617 -0.77128404378890991 -0.58703899383544922
vn 0.59249693155288696 -0.52339094877243042 -0.61238002777099609
vn -0.098119057714939117 -0.57406944036483765 -0.81290644407272339
vn -0.31035500764846802 0.053536005318164825 0.94911205768585205
vn -0.84528380632400513 0.26096293330192566 0.46625491976737976
vn -0.35694980621337891 0.33985981345176697 0.87010467052459717
vn 0.51836484670639038 0.2481769323348999 0.8183557391166687
vn 0.9003371000289917 -0.33824005722999573 -0.27383702993392944
vn 0.44672089815139771 -0.7974318265914917 -0.40563887357711792
vn 0.57075005769729614 -0.74770504236221313 0.3393840491771698
vn -0.65395462512969971 0.72848266363143921 0.2040988951921463
vn -0.51095587015151978 -0.85960686206817627 0.00044199993135407567
vn -0.38683190941810608 0.86616075038909912 0.31642791628837585
vn 0.97401338815689087 -0.20629608631134033 -0.093487024307250977
vn 0.79795718193054199 0.16274501383304596 0.5803261399269104
vn -0.33404991030693054 0.78890979290008545 0.51578289270401001
vn -0.39146888256072998 0.91906768083572388 -0.045460984110832214
vn 0.98717314004898071 -0.15875701606273651 -0.01689399778842926
vn 0.98117655515670776 -0.04168098047375679 0.18856093287467957
vn -0.13170896470546722 -0.89227372407913208 -0.43185684084892273
vn 0.99224263429641724 -0.11798995733261108 0.039152983576059341
vn 0.10299401730298996 0.295367032289505 0.94981604814529419
vn -0.14946196973323822 -0.97920995950698853 -0.13714598119258881
vn 0.030099017545580864 0.44045025110244751 0.89727234840393066
vn 0.91607832908630371 -0.35066714882850647 -0.19450707733631134
vn 0.44994482398033142 -0.75908970832824707 0.47045984864234924
vn -0.41081485152244568 0.91149270534515381 0.020302992314100266
vn -0.15030902624130249 -0.97885721921920776 -0.1387290358543396
vn 0.15980596840381622 0.83938884735107422 0.51950788497924805
vn -0.19122004508972168 -0.98019325733184814 0.051537014544010162
vn 0.13218505680561066 0.86831021308898926 0.47808420658111572
vn -0.15385104715824127 -0.9827803373336792 -0.10233603417873383
vn 0.68369507789611816 0.70077008008956909 0.20367203652858734
vn -0.21715998649597168 0.93280792236328125 0.2875950038433075
vn -0.29307708144187927 -0.94688427448272705 -0.13234804570674896
vn 0.9758419394493103 -0.21359899640083313 -0.045912995934486389
vn 0.4565589427947998 -0.60113096237182617 0.65589290857315063
vn 0.58761221170425415 -0.039102014154195786 0.80819731950759888
vn 0.059352993965148926 -0.66781193017959595 -0.74195986986160278
vn 0.10268302261829376 -0.87148219347000122 -0.4795570969581604
vn 0.42455378174781799 -0.848732590675354 0.31528884172439575
vn 0.98722714185714722 -0.15869201719760895 0.014120002277195454
vn 0.46223613619804382 -0.59282219409942627 0.65946918725967407
vn 0.95938128232955933 0.024758009240031242 0.28102409839630127
vn 0.50011301040649414 -0.49552696943283081 0.71016901731491089
vn 0.14084102213382721 -0.59152811765670776 -0.79388809204101563
vn 0.44055595993995667 0.84464788436889648 -0.3041059672832489
vn 0.57704919576644897 0.4689490795135498 -0.6686561107635498
vn 0.92870599031448364 0.037252001464366913 -0.3689410388469696
vn 0.99084591865539551 -0.098618999123573303 0.09218800812959671
vn 0.47807911038398743 -0.58026909828186035 0.65933918952941895
vn -0.23900793492794037 0.62536680698394775 -0.74282675981521606
vn 0.72187709808349609 -0.05011700838804245 -0.69020414352416992
vn -0.38428479433059692 0.86124861240386963 0.33252981305122375
vn 0.51671218872070313 0.83701133728027344 0.18005707859992981
vn -0.12836705148220062 -0.99089920520782471 0.040505006909370422
vn -0.11442103236913681 -0.9918372631072998 -0.056273005902767181
vn 0.1230030283331871 0.81179326772689819 0.57084321975708008
vn -0.37574803829193115 0.90478616952896118 0.200437992811203
vn 0.23096403479576111 -0.91513222455978394 -0.3304370641708374
vn 0.13379502296447754 0.89826291799545288 0.41859599947929382
vn 0.3895910382270813 0.81270313262939453 0.43328103423118591
vn -0.22771598398685455 -0.97364300489425659 0.012835999950766563
vn 0.040413010865449905 0.99911230802536011 0.01189100369811058
vn 0.18686987459659576 0.98197251558303833 0.028454985469579697
vn 0.57065486907958984 0.82072979211807251 0.027488993480801582
vn 0.90552294254302979 0.077958002686500549 -0.41707402467727661
vn 0.1731850653886795 -0.9789922833442688 -0.10761504620313644
vn 0.22071214020252228 -0.97067940235137939 -0.095224052667617798
vn 0.52055984735488892 -0.49594986438751221 -0.69501882791519165
vn 0.24473901093006134 -0.95919400453567505 -0.14159700274467468
vn 0.41307410597801208 0.30954211950302124 0.85647732019424438
vn -0.5731651782989502 -0.4007611870765686 -0.71475321054458618
vn -0.49968796968460083 -0.01759299635887146 -0.86602681875228882
vn 0.89522391557693481 -0.42349997162818909 -0.13864301145076752
vn 0.3497750461101532 -0.79540616273880005 -0.49496108293533325
vn 0.37395200133323669 -0.81959199905395508 0.4340839684009552
vn 0.5332673192024231 0.6974603533744812 0.47872227430343628
vn 0.07569199800491333 -0.97704225778579712 0.19914603233337402
vn 0.89402914047241211 -0.26099202036857605 -0.36413607001304626
vn 0.26758688688278198 -0.64572972059249878 -0.71514362096786499
vn 0.65507227182388306 -0.74464231729507446 -0.12801605463027954
vn -0.55651700496673584 -0.67519092559814453 -0.48415496945381165
vn 0.57795619964599609 0.65753614902496338 0.48333513736724854
vn 0.25086012482643127 -0.96723449230194092 0.03907201811671257
vn 0.78954774141311646 0.57035380601882935 0.22651897370815277
vn 0.8922458291053772 -0.27586692571640015 -0.35748395323753357
vn -0.14923602342605591 0.81319713592529297 -0.56252914667129517
vn 0.57704919576644897 0.4689490795135498 -0.6686561107635498
vn 0.56012475490570068 -0.046597979962825775 -0.82709664106369019
vn 0.49525579810142517 0.8665156364440918 0.062227975577116013
vn -0.22024813294410706 0.93991357088088989 0.26087018847465515
vn -0.36880496144294739 0.43385297060012817 -0.82204288244247437
vn 0.96419572830200195 -0.2636319100856781 -0.028718991205096245
vn 0.46157890558242798 -0.6169278621673584 0.6374518871307373
vn 0.28589504957199097 -0.95590323209762573 -0.067179016768932343
vn 0.12708796560764313 0.96811676025390625 0.21586695313453674
vn 0.85168808698654175 0.25206497311592102 0.45944604277610779
vn 0.50362700223922729 -0.36774897575378418 0.78174197673797607
vn 0.62362611293792725 0.78155213594436646 0.016332002356648445
vn 0.9915958046913147 -0.069332979619503021 -0.10922796279191971
vn 0.57417911291122437 -0.80540519952774048 -0.14710803329944611
vn 0.97877424955368042 0.2034500390291214 0.024679005146026611
vn 0.98725539445877075 -0.15627205371856689 0.030097013339400291
vn 0.4709288477897644 -0.58418279886245728 0.66102683544158936
vn 0.57968497276306152 0.75884008407592773 0.29686200618743896
vn 0.92547118663787842 -0.23715004324913025 -0.29540303349494934
vn 0.98705530166625977 -0.092120029032230377 0.13128504157066345
vn 0.49545994400978088 -0.53894996643066406 0.68121391534805298
vn 0.65993338823318481 0.7504734992980957 0.03574201837182045
vn -0.42085099220275879 -0.87232798337936401 -0.24885399639606476
vn 0.5464891791343689 -0.83693420886993408 -0.029845008626580238
vn 0.91962867975234985 -0.38942182064056396 0.051319979131221771
vn 0.84277886152267456 0.44861191511154175 0.29744097590446472
vn 0.86779296398162842 0.35376501083374023 0.34897801280021667
vn 0.52922588586807251 -0.83575081825256348 -0.14642597734928131
vn 0.99331384897232056 -0.065007992088794708 -0.095401987433433533
vn 0.98812538385391235 0.14158989489078522 0.059669964015483856
vn 0.97008770704269409 -0.12321695685386658 0.20915891230106354
vn 0.97381472587585449 0.087403975427150726 0.20986990630626678
vn 0.87257504463195801 -0.46776306629180908 -0.14075000584125519
vn -0.32302209734916687 0.64052516222000122 -0.69669520854949951
vn 0.89099496603012085 0.45393097400665283 -0.008640998974442482
vn 0.50955295562744141 0.86043912172317505 -0.0006019999273121357
vn -0.022432990372180939 0.89863759279251099 -0.43811780214309692
vn 0.49058383703231812 0.32689890265464783 -0.80775278806686401
vn 0.45894899964332581 -0.85615301132202148 0.23741899430751801
vn 0.67275720834732056 0.73758417367935181 0.058029014617204666
vn 0.83227056264877319 0.47848883271217346 0.27995386719703674
vn -0.13780497014522552 -0.98803776502609253 0.069217987358570099
vn 0.84616148471832275 -0.51951324939727783 0.11881406605243683
vn 0.59453511238098145 -0.80405813455581665 0.0043059997260570526
vn 0.59321391582489014 -0.80373686552047729 -0.045872986316680908
vn 0.86674517393112183 0.49868407845497131 -0.0081840017810463905
vn 0.68045133352279663 0.72066134214401245 0.13279007375240326
vn 0.98276019096374512 -0.16944102942943573 -0.073974005877971649
vn 0.98738139867782593 0.14873005449771881 -0.054381027817726135
vn 0.81404614448547363 -0.56343215703964233 -0.14097201824188232
vn 0.65923994779586792 0.75168293714523315 0.0193759985268116
vn 0.94799703359603882 0.16396000981330872 0.27279803156852722
vn 0.96458613872528076 -0.15297101438045502 0.21488003432750702
vn 0.68914610147476196 0.70272010564804077 0.17681102454662323
vn 0.97661936283111572 0.21055307984352112 -0.043382018804550171
vn 0.98049134016036987 -0.15134905278682709 -0.12542004883289337
vn -0.10236296802759171 0.82714074850082397 -0.5525938868522644
vn 0.15329301357269287 -0.92484712600708008 0.34807905554771423
vn 0.8678552508354187 0.49468410015106201 0.045988012105226517
vn 0.86842679977416992 0.48312085866928101 0.11148598045110703
vn 0.84462964534759521 -0.53534573316574097 0.0023979989346116781
vn 0.80870902538299561 0.53604507446289063 0.24216799437999725
vn 0.79812765121459961 -0.58291476964950562 0.15232394635677338
vn 0.96008157730102539 0.26268488168716431 0.096124954521656036
vn 0.98905324935913086 -0.12711001932621002 0.074945017695426941
vn 0.2763698399066925 0.93308961391448975 -0.23013791441917419
vn 0.95059788227081299 0.27655696868896484 0.14099597930908203
vn 0.39326906204223633 -0.76012212038040161 0.51725608110427856
vn 0.96912604570388794 -0.15306301414966583 0.19330401718616486
vn 0.62590515613555908 0.73188823461532593 0.26941108703613281
vn 0.64563781023025513 -0.54758286476135254 0.53226387500762939
vn 0.74849295616149902 0.49948590993881226 0.43620195984840393
vn 0.88831824064254761 -0.12275002896785736 0.44251912832260132
vn 0.83921217918395996 0.32085409760475159 0.43906211853027344
vn -0.77036839723587036 -0.31314116716384888 -0.5554053783416748
vn -0.76822876930236816 0.023475993424654007 -0.63974481821060181
vn -0.64774388074874878 -0.65163487195968628 -0.39471492171287537
vn -0.67786496877670288 0.33829593658447266 -0.6527288556098938
vn -0.40753787755966187 -0.89891374111175537 -0.16083195805549622
vn -0.52005606889724731 0.64207702875137329 -0.5632750391960144
vn -0.77406388521194458 -0.21501699090003967 -0.59547692537307739
vn -0.77355712652206421 0.12332501262426376 -0.62161105871200562
vn -0.17398899793624878 -0.98288708925247192 0.060504995286464691
vn -0.66358309984207153 -0.60009711980819702 -0.44670003652572632
vn -0.66119807958602905 0.39172199368476868 -0.63982105255126953
vn -0.23539893329143524 0.85952579975128174 -0.45365491509437561
vn -0.43998587131500244 -0.87138074636459351 -0.21704393625259399
vn 0.053656034171581268 -0.95295959711074829 0.29831022024154663
vn -0.50485581159591675 0.62684476375579834 -0.5934528112411499
vn 0.080393999814987183 0.98683291673660278 -0.14034800231456757
vn -0.56840217113494873 -0.31970611214637756 -0.75809431076049805
vn -0.55587911605834961 0.057195015251636505 -0.82929313182830811
vn -0.17002500593662262 -0.98347687721252441 0.06216699630022049
vn 0.30709999799728394 -0.75129199028015137 0.58416599035263062
vn -0.51472413539886475 -0.66423916816711426 -0.54207509756088257
vn -0.44778385758399963 0.36218187212944031 -0.81750470399856567
vn 0.49454084038734436 0.80826377868652344 0.31959190964698792
vn 0.51878291368484497 -0.41360995173454285 0.74819189310073853
vn -0.2965889573097229 0.888141930103302 -0.35105398297309875
vn -0.38495916128158569 -0.8911513090133667 -0.24011608958244324
vn 0.65073204040527344 0.48748308420181274 0.58215808868408203
vn 0.65666460990905762 -0.12756192684173584 0.74331659078598022
vn 0.094797946512699127 -0.9294164776802063 0.35664880275726318
vn 0.67737925052642822 0.18450106680393219 0.71212124824523926
vn -0.33211296796798706 0.60735893249511719 -0.72167593240737915
vn 0.13517594337463379 0.99044167995452881 0.027436988428235054
vn -0.16485899686813354 -0.98464787006378174 0.057358995079994202
vn -0.65512090921401978 -0.25296995043754578 -0.71191489696502686
vn 0.27552399039268494 -0.78523504734039307 0.55452001094818115
vn -0.54271411895751953 0.011019002646207809 -0.83984518051147461
vn -0.67215484380722046 -0.59222984313964844 -0.4443778395652771
vn -0.080946989357471466 0.81700408458709717 -0.57092195749282837
vn -0.48367682099342346 0.24245892465114594 -0.84099370241165161
vn 0.46139714121818542 0.79072624444961548 0.40232411026954651
vn 0.45875385403633118 -0.50378882884979248 0.73194378614425659
vn -0.51125115156173706 -0.85694628953933716 -0.065309025347232819
vn 0.10628298670053482 -0.94667088985443115 0.30416795611381531
vn 0.57491499185562134 0.54378598928451538 0.61136698722839355
vn -0.29568290710449219 0.5101999044418335 -0.80763089656829834
vn 0.57329607009887695 -0.099755004048347473 0.81325304508209229
vn 0.62347686290740967 0.25397297739982605 0.73944187164306641
vn -0.30472889542579651 -0.90896862745285034 0.28445789217948914
vn 0.33186209201812744 0.9055141806602478 -0.26440808176994324
vn 0.35676005482673645 -0.79409217834472656 0.49207711219787598
vn 0.035990998148918152 0.76026695966720581 -0.64861297607421875
vn 0.0052660009823739529 -0.89046818017959595 0.45501506328582764
vn 0.57238775491714478 0.80207067728042603 0.17045493423938751
vn 0.64347803592681885 -0.47933506965637207 0.59680306911468506
vn 0.74262380599975586 0.53338581323623657 0.40498083829879761
vn 0.78928118944168091 -0.11800001561641693 0.60258710384368896
vn 0.39170598983764648 0.83339989185333252 -0.38988593220710754
vn 0.39927896857261658 -0.6943780779838562 0.59867805242538452
vn 0.82179069519042969 0.20818091928958893 0.53039681911468506
vn 0.68877494335174561 -0.34346696734428406 0.63845086097717285
vn 0.70169621706008911 0.71166223287582397 0.034048009663820267
vn 0.81457316875457764 -0.093973025679588318 0.57239812612533569
vn 0.837638258934021 0.40788310766220093 0.3633091151714325
vn 0.83078700304031372 0.13027399778366089 0.54113000631332397
vn -0.87530887126922607 -0.1218939870595932 -0.46794894337654114
vn -0.91077858209609985 -0.4096028208732605 0.05203697457909584
vn -0.81615078449249268 -0.33526086807250977 0.47063583135604858
vn -0.86682289838790894 -0.027828997001051903 -0.49783891439437866
vn -0.58553975820541382 -0.80989962816238403 0.034723985940217972
vn -0.83912777900695801 -0.033464998006820679 -0.54290390014648438
vn -0.73834037780761719 0.087414033710956573 -0.66873931884765625
vn -0.60064780712127686 -0.63031977415084839 0.49185279011726379
vn -0.69735819101333618 -0.60562515258789063 0.38328808546066284
vn -0.64625531435012817 0.31838613748550415 -0.69353032112121582
vn -0.47505420446395874 -0.60244029760360718 0.64139628410339355
vn -0.74500280618667603 0.066901981830596924 -0.66369789838790894
vn -0.12021602690219879 -0.75386214256286621 -0.64594113826751709
vn -0.71918588876724243 -0.20097894966602325 -0.66511589288711548
vn -0.6720612645149231 -0.74023324251174927 -0.019707009196281433
vn -0.43662509322166443 -0.89842116832733154 0.046882007271051407
vn -0.46046695113182068 -0.65136992931365967 0.60306495428085327
vn -0.027646990492939949 -0.57620179653167725 -0.81683975458145142
vn -0.67069071531295776 -0.064839959144592285 -0.73889768123626709
vn -0.37083297967910767 0.66236996650695801 -0.65095996856689453
vn -0.68085366487503052 0.21072891354560852 -0.70144963264465332
vn -0.31009611487388611 -0.67558228969573975 0.66890132427215576
vn -0.030083997175097466 -0.51295387744903564 -0.85788881778717041
vn -0.66910606622695923 -0.022071003913879395 -0.74283909797668457
vn 0.7311587929725647 -0.68212884664535522 -0.010346997529268265
vn -0.77954614162445068 0.20329400897026062 -0.59243512153625488
vn -0.78023636341094971 0.028519013896584511 -0.62483429908752441
vn 0.54034703969955444 0.20282699167728424 0.81663107872009277
vn -0.3496989905834198 0.72632694244384766 0.59174299240112305
vn 0.080786965787410736 0.86563962697982788 -0.49410682916641235
vn -0.20112696290016174 -0.9542686939239502 0.22117692232131958
vn -0.41475525498390198 0.5179782509803772 -0.74811536073684692
vn 0.06370197981595993 -0.45228284597396851 0.88959670066833496
vn -0.26672804355621338 -0.58267712593078613 0.76768714189529419
vn -0.025635998696088791 -0.47547999024391174 -0.87935292720794678
vn -0.64604294300079346 -0.025231996551156044 -0.76288390159606934
vn -0.83297151327133179 -0.24601016938686371 -0.4956183135509491
vn -0.35315990447998047 -0.88427060842514038 -0.30552184581756592
vn 0.29747092723846436 0.88859075307846069 -0.34916689991950989
vn 0.49883812665939331 -0.20749205350875854 0.84149128198623657
vn -0.53359723091125488 -0.84550237655639648 0.019992008805274963
vn 0.035085994750261307 -0.83073389530181885 0.55556291341781616
vn -0.74863678216934204 -0.083122976124286652 -0.65774881839752197
vn -0.032420992851257324 -0.5504869818687439 -0.8342139720916748
vn 0.060701973736286163 -0.33274084329605103 -0.9410625696182251
vn -0.35016798973083496 0.30264201760292053 -0.88644808530807495
vn 0.015369996428489685 0.76036185026168823 -0.64931780099868774
vn -0.11857101321220398 -0.86004406213760376 0.49625104665756226
vn 0.53885215520858765 -0.83914321660995483 0.074007026851177216
vn 0.17901100218296051 -0.74992400407791138 0.63684302568435669
vn 0.66347891092300415 -0.73449593782424927 0.14251799881458282
vn -0.11711397022008896 -0.61930388212203979 0.77636784315109253
vn 0.51131874322891235 -0.19459189474582672 0.83707058429718018
vn -0.69610822200775146 -0.014260002411901951 -0.71779525279998779
vn -0.038357995450496674 -0.52366393804550171 -0.85106092691421509
vn 0.68943506479263306 -0.011189000681042671 0.72426104545593262
vn 0.49811998009681702 0.85771292448043823 -0.1272989809513092
vn 0.61909383535385132 -0.28117895126342773 0.7332538366317749
vn 0.64845448732376099 -0.76011151075363159 -0.041681025177240372
vn 0.75461703538894653 0.26717600226402283 0.5993080735206604
vn 0.70923489332199097 0.63426089286804199 0.30773192644119263
vn -0.65993583202362061 0.027899989858269691 -0.75080376863479614
vn -0.032998014241456985 -0.5017891526222229 -0.86436033248901367
vn 0.19024395942687988 0.29974091053009033 -0.93485969305038452
vn 0.56888997554779053 -0.17070198059082031 0.80450296401977539
vn -0.87825882434844971 -0.25255498290061951 -0.40605098009109497
vn -0.76150894165039063 -0.57315593957901001 0.30264896154403687
vn 0.63374131917953491 -0.35550814867019653 0.68701231479644775
vn 0.56917792558670044 -0.82026290893554688 -0.056614987552165985
vn 0.065416991710662842 -0.75659185647964478 0.65060693025588989
vn 0.73795795440673828 -0.1517619788646698 0.65756094455718994
vn 0.76073193550109863 -0.61748594045639038 -0.19999498128890991
vn -0.85266578197479248 -0.17367094755172729 -0.49274685978889465
vn 0.34435907006263733 0.86565715074539185 -0.36339306831359863
vn -0.72864919900894165 -0.64229315519332886 0.23776006698608398
vn -0.072529003024101257 -0.63255500793457031 0.77111202478408813
vn -0.52018308639526367 0.13533401489257813 -0.84326404333114624
vn 0.0065469974651932716 -0.43131285905838013 -0.90217870473861694
vn -0.76108700037002563 -0.036052998155355453 -0.64764708280563354
vn 0.16833603382110596 -0.4659619927406311 0.86864399909973145
vn 0.77847236394882202 -0.10040505230426788 0.61959630250930786
vn 0.76647788286209106 -0.61067289113998413 -0.19897297024726868
vn -0.86375695466995239 0.076714992523193359 -0.49803489446640015
vn -0.59943699836730957 0.3840160071849823 0.70228695869445801
vn 0.5662810206413269 -0.26702401041984558 0.77975893020629883
vn 0.71923297643661499 -0.0045670000836253166 0.69475400447845459
vn 0.12129794061183929 0.056169979274272919 -0.99102562665939331
vn -0.77093499898910522 0.02427699975669384 -0.63645100593566895
vn -0.71716797351837158 -0.00065800000447779894 -0.69690001010894775
vn 0.74154317378997803 -0.19836606085300446 0.64090919494628906
vn 0.75394302606582642 -0.63177698850631714 -0.18007700145244598
vn 0.47276166081428528 0.157852903008461 0.86693650484085083
vn -0.40394684672355652 0.36612892150878906 0.83831769227981567
vn 0.82525616884231567 -0.0406310074031353 0.56329512596130371
vn 0.77794390916824341 -0.59953385591506958 -0.18804897367954254
vn -0.60697883367538452 -0.078998975455760956 -0.79078179597854614
vn 0.83507931232452393 -0.53228920698165894 -0.13896304368972778
vn 0.4723258912563324 0.45917186141014099 -0.75237584114074707
vn 0.5067020058631897 0.070838004350662231 0.85920608043670654
vn 0.71083801984786987 -0.14153599739074707 0.6889680027961731
vn 0.64538592100143433 0.75930696725845337 -0.083245992660522461
vn 0.59425711631774902 0.30793306231498718 -0.74299103021621704
vn -0.69073235988616943 0.026154013350605965 -0.7226373553276062
vn -0.81099843978881836 0.15245907008647919 -0.56483429670333862
vn 0.52203190326690674 -0.44959086179733276 -0.72481083869934082
vn 0.83507931232452393 -0.53228920698165894 -0.13896304368972778
vn 0.70966118574142456 -0.031599011272192001 0.70383411645889282
vn -0.81948089599609375 0.18926997482776642 0.5409509539604187
vn -0.95262241363525391 -0.099644042551517487 -0.28737011551856995
vn -0.77146488428115845 -0.50354886054992676 0.38894793391227722
vn 0.91394788026809692 0.081757985055446625 0.39751094579696655
vn 0.82734155654907227 -0.51418578624725342 -0.22609491646289825
vn -0.88833850622177124 -0.030293984338641167 -0.45818883180618286
vn -0.77954614162445068 0.20329400897026062 -0.59243512153625488
vn -0.83893483877182007 0.10096297413110733 -0.53478485345840454
vn -0.76116907596588135 0.38697707653045654 0.52045208215713501
vn 0.90985292196273804 -0.16297401487827301 0.38158503174781799
vn -0.42611104249954224 -0.10863101482391357 0.89812511205673218
vn -0.78846830129623413 -0.49840816855430603 0.3604261577129364
vn 0.90096890926361084 -0.064003989100456238 -0.42913693189620972
vn 0.943928062915802 0.15036901831626892 0.29392004013061523
vn 0.78919994831085205 -0.095922999083995819 0.60659891366958618
vn 0.77372461557388306 -0.6029316782951355 -0.19448290765285492
vn 0.79540926218032837 0.20085406303405762 0.57182317972183228
vn -0.76927757263183594 0.0016289990162476897 -0.6389126181602478
vn 0.76060891151428223 -0.098665997385978699 0.64166897535324097
vn 0.14600604772567749 -0.13031405210494995 0.98066329956054688
vn -0.56231594085693359 0.095393002033233643 -0.82140183448791504
vn 0.80899262428283691 0.51816475391387939 0.27755394577980042
vn -0.75508147478103638 0.024002017453312874 -0.65519142150878906
vn 0.4740099310874939 -0.14598798751831055 0.86833292245864868
vn 0.79509025812149048 -0.059715021401643753 0.60354417562484741
vn 0.84496569633483887 -0.037263985723257065 0.53352069854736328
vn 0.80507296323776245 -0.55916202068328857 -0.19797800481319427
vn 0.8085208535194397 0.35088193416595459 -0.47241491079330444
vn -0.17320804297924042 0.27325806021690369 -0.94621825218200684
vn -0.6886945366859436 0.0091659948229789734 -0.72499364614486694
vn 0.6541748046875 -0.079375974833965302 0.752166748046875
vn 0.93087571859359741 0.32221591472625732 0.17218394577503204
vn 0.87461656332015991 -0.38134026527404785 -0.29937517642974854
vn 0.90123701095581055 0.021735997870564461 0.43278101086616516
vn 0.13947699964046478 0.30646404623985291 -0.94160819053649902
vn 0.8863598108291626 0.31863489747047424 -0.33591389656066895
vn -0.85728245973587036 -0.24216416478157043 0.45433828234672546
vn 0.86960601806640625 0.35114198923110962 -0.34710898995399475
vn 0.94092279672622681 0.09408896416425705 0.32528695464134216
vn -0.85662221908569336 -0.24690505862236023 0.45303010940551758
vn -0.56730711460113525 0.0183390062302351 -0.82330209016799927
vn 0.74736559391021729 -0.070184960961341858 0.66069567203521729
vn -0.20122195780277252 0.13589197397232056 -0.97007375955581665
vn 0.89741820096969604 -0.35594508051872253 -0.26066005229949951
vn 0.26069608330726624 -0.42123112082481384 -0.86867827177047729
vn 0.87324422597885132 -0.070457018911838531 0.48216214776039124
vn 0.18463404476642609 0.25736105442047119 -0.94851225614547729
vn -0.85728245973587036 -0.24216416478157043 0.45433828234672546
vn 0.52203190326690674 -0.44959086179733276 -0.72481083869934082
vn -0.8544878363609314 0.07398398220539093 0.51417595148086548
vn 0.96491974592208862 -0.037818990647792816 0.25980690121650696
vn 0.8970876932144165 0.23312591016292572 -0.37534785270690918
vn -0.85728245973587036 -0.24216416478157043 0.45433828234672546
vn -0.83893483877182007 0.10096297413110733 -0.53478485345840454
vn 0.73648875951766968 -0.43757981061935425 -0.51585680246353149
vn -0.8544878363609314 0.07398398220539093 0.51417595148086548
vn -0.60223573446273804 0.77804070711135864 -0.17878691852092743
vn 0.16647203266620636 0.51828312873840332 -0.83885020017623901
vn -0.32880005240440369 0.94092518091201782 -0.080934017896652222
vn -0.99364495277404785 0.11196499317884445 -0.011556000448763371
vn -0.33584395051002502 0.93766385316848755 -0.0894169881939888
vn -0.95792478322982788 0.25838899612426758 0.12496097385883331
vn -0.99079781770706177 0.13468599319458008 0.013391000218689442
vn -0.94960016012191772 -0.032713010907173157 -0.31175211071968079
vn -0.89218413829803467 0.29332202672958374 0.34346705675125122
vn -0.76551204919815063 -0.17683202028274536 -0.6186450719833374
vn -0.5436859130859375 -0.46859398484230042 -0.69629395008087158
vn -0.63093411922454834 0.42460408806800842 0.64933311939239502
vn -0.67556303739547729 -0.22860701382160187 -0.70096606016159058
vn -0.23461996018886566 0.48730483651161194 0.84112274646759033
vn -0.35980400443077087 -0.67236000299453735 -0.64689499139785767
vn -0.82021504640579224 -0.12482299655675888 -0.55827099084854126
vn -0.77992904186248779 -0.22983403503894806 -0.58214002847671509
vn 0.078542985022068024 0.59894788265228271 0.79692685604095459
vn -0.51576584577560425 -0.43142086267471313 -0.7401767373085022
vn 0.0261209886521101 0.38749980926513672 0.92149966955184937
vn 0.066623985767364502 -0.49575385451316833 -0.86590379476547241
vn 0.61948293447494507 -0.43382394313812256 -0.65424591302871704
vn 0.76967620849609375 -0.36129510402679443 -0.52636909484863281
vn -0.93706780672073364 -0.27917495369911194 0.20967893302440643
vn -0.90924668312072754 -0.38273990154266357 -0.16364794969558716
vn 0.88082402944564819 -0.22970901429653168 -0.4139840304851532
vn -0.97562241554260254 -0.0080020027235150337 0.21931010484695435
vn 0.80426114797592163 -0.23940303921699524 -0.54392111301422119
vn 0.26509019732475281 0.4403722882270813 0.85778754949569702
vn -0.93700242042541504 -0.21311011910438538 -0.27678611874580383
vn -0.13962799310684204 -0.73624998331069946 -0.66214799880981445
vn 0.81483733654022217 -0.14596708118915558 -0.56101131439208984
vn 0.70267271995544434 -0.29460889101028442 -0.64765471220016479
vn -0.74809402227401733 -0.097935996949672699 0.65632599592208862
vn -0.81606018543243408 -0.31213405728340149 -0.48643407225608826
vn -0.74459797143936157 0.14341400563716888 0.65192502737045288
vn 0.56586098670959473 0.35848900675773621 0.74248701333999634
vn 0.67302298545837402 -0.23845799267292023 -0.7001270055770874
vn 0.80261003971099854 -0.24107006192207336 -0.54562103748321533
vn -0.86896896362304688 -0.2115279883146286 -0.44737997651100159
vn -0.92304116487503052 -0.18446105718612671 -0.33759307861328125
vn 0.74422484636306763 -0.15226595103740692 -0.65034180879592896
vn 0.85890775918960571 0.21178092062473297 0.46628990769386292
vn 0.92248028516769409 -0.17790405452251434 -0.34260809421539307
vn -0.82942306995391846 -0.23470702767372131 -0.50692206621170044
vn 0.99003720283508301 0.13323003053665161 0.045564014464616776
vn 0.83343559503555298 -0.034562978893518448 -0.55153465270996094
vn 0.63639110326766968 0.58895814418792725 -0.49813112616539001
vn -0.76143467426300049 -0.40510684251785278 -0.50606882572174072
vn -0.45668008923530579 0.16441403329372406 0.87430620193481445
vn -0.48317685723304749 -0.52358579635620117 -0.70171076059341431
vn -0.4087638258934021 -0.46982082724571228 -0.78241968154907227
vn -0.2003689706325531 0.12225399166345596 0.97206288576126099
vn -0.29158809781074524 -0.20457306504249573 0.93441224098205566
vn -0.042049016803503036 0.0082580037415027618 0.99908143281936646
vn 0.39068597555160522 -0.58353501558303833 -0.71193492412567139
vn 0.43655186891555786 -0.65115684270858765 -0.6208198070526123
vn 0.22156605124473572 -0.074619017541408539 0.97228622436523438
vn 0.73895174264907837 -0.47555980086326599 -0.47727686166763306
vn 0.63612115383148193 -0.64511716365814209 -0.42328912019729614
vn 0.74352431297302246 -0.45998421311378479 -0.4853721559047699
vn 0.69902712106704712 -0.45587104558944702 -0.55094707012176514
vn 0.55009597539901733 -0.17265300452709198 0.8170589804649353
vn 0.70337086915969849 -0.57975989580154419 -0.41127592325210571
vn 0.79522609710693359 -0.48413807153701782 -0.36500105261802673
vn 0.82449173927307129 -0.26466691493988037 0.50016480684280396
vn 0.92830383777618408 -0.36703893542289734 0.059450991451740265
vn -0.96739643812179565 -0.20892009139060974 -0.14316606521606445
vn -0.98378193378448486 -0.061537995934486389 0.16848199069499969
vn -0.98186409473419189 0.1883140355348587 0.021925004199147224
vn -0.92454171180725098 -0.19742996990680695 -0.32595092058181763
vn -0.89156168699264526 -0.23827990889549255 -0.38514986634254456
vn -0.92696535587310791 0.073351025581359863 -0.3679061233997345
vn -0.97062855958938599 0.23974815011024475 0.020026011392474174
vn -0.90578669309616089 0.19438494741916656 0.37651687860488892
vn -0.82069927453994751 -0.091451019048690796 0.56399416923522949
vn -0.74585330486297607 -0.62731826305389404 -0.2239970862865448
vn -0.95254749059677124 0.15743690729141235 -0.26051285862922668
vn -0.81294882297515869 -0.45293989777565002 -0.36600497364997864
vn -0.9852900505065918 0.1494470089673996 0.082880005240440369
vn -0.78454786539077759 -0.36522796750068665 -0.50109195709228516
vn -0.84375858306884766 -0.026933984830975533 0.53604668378829956
vn -0.6882559061050415 0.0082659991458058357 0.72542089223861694
vn -0.80699878931045532 -0.15855991840362549 -0.56886881589889526
vn -0.80586707592010498 -0.43404102325439453 -0.40272402763366699
vn -0.77919405698776245 -0.36346304416656494 -0.51063805818557739
vn -0.56454920768737793 -0.18468506634235382 0.80447226762771606
vn -0.82803112268447876 -0.37986800074577332 -0.41238906979560852
vn -0.7266954779624939 -0.24618116021156311 -0.64133340120315552
vn -0.75491321086883545 -0.36390012502670288 -0.54560315608978271
vn -0.52833908796310425 -0.13551302254199982 0.83814918994903564
vn -0.5076831579208374 -0.65128123760223389 -0.56399518251419067
vn -0.67319869995117188 -0.089987963438034058 -0.73396569490432739
vn -0.9827951192855835 0.16743999719619751 -0.077959008514881134
vn -0.49937191605567932 -0.31853693723678589 0.80570584535598755
vn -0.4713330864906311 -0.21534502506256104 0.85526114702224731
vn -0.46299028396606445 -0.4150482714176178 -0.78318256139755249
vn -0.44028383493423462 -0.24079990386962891 -0.86496561765670776
vn -0.36109408736228943 -0.19392205774784088 0.91214323043823242
vn -0.97974413633346558 0.19737403094768524 -0.033836003392934799
vn -0.77359879016876221 -0.13977095484733582 0.61806881427764893
vn 0.014924001879990101 -0.66375190019607544 -0.74780392646789551
vn 0.029894003644585609 -0.56046104431152344 -0.8276410698890686
vn 0.029221979901194572 -0.36990576982498169 -0.92860960960388184
vn -0.011017992161214352 -0.40095475316047668 -0.9160315990447998
vn -0.14781296253204346 -0.38961693644523621 0.90903794765472412
vn -0.046953979879617691 -0.30295184254646301 0.95184844732284546
vn -0.091141015291213989 -0.29641303420066833 0.95070111751556396
vn -0.12307899445295334 -0.35951200127601624 0.92498791217803955
vn -0.11550197750329971 -0.6465609073638916 -0.75406783819198608
vn 0.45311996340751648 -0.48411804437637329 -0.74853992462158203
vn 0.41959384083747864 -0.34833487868309021 -0.83821463584899902
vn 0.29129207134246826 -0.4038550853729248 0.86720818281173706
vn 0.27368912100791931 -0.37597015500068665 0.88529127836227417
vn 0.49488916993141174 -0.54348009824752808 -0.67802220582962036
vn 0.27426493167877197 -0.45711389183998108 0.84606480598449707
vn 0.69350314140319824 -0.61249113082885742 -0.37935206294059753
vn 0.67643904685974121 -0.52227306365966797 -0.51928901672363281
vn 0.68346625566482544 -0.34966510534286499 -0.64078718423843384
vn 0.65780395269393921 -0.53554195165634155 -0.52961194515228271
vn 0.37789595127105713 -0.46797600388526917 0.79886990785598755
vn 0.62661927938461304 -0.45976322889328003 0.62925833463668823
vn 0.68378978967666626 -0.55347388982772827 -0.47549781203269958
vn 0.74601107835769653 -0.51175105571746826 -0.4261201024055481
vn -0.59613007307052612 -0.72422903776168823 0.34658503532409668
vn 0.77811914682388306 -0.53479504585266113 0.32943105697631836
vn 0.58280092477798462 -0.45137590169906616 0.67572396993637085
vn 0.75138396024703979 -0.61080193519592285 -0.24968598783016205
vn 0.78320217132568359 -0.34363007545471191 -0.51818209886550903
vn 0.78864336013793945 -0.6141963005065918 0.028365012258291245
vn 0.75230669975280762 -0.53247779607772827 -0.38794586062431335
vn 0.58196395635604858 -0.49085196852684021 0.6483689546585083
vn -0.085047990083694458 -0.85679996013641357 0.50858694314956665
vn 0.29921916127204895 -0.21696309745311737 0.92919045686721802
vn 0.74925017356872559 -0.4468940794467926 -0.4887840747833252
vn 0.72204494476318359 -0.54223793745040894 0.42968490719795227
vn 0.73947209119796753 -0.44533205032348633 -0.5048370361328125
vn 0.388560950756073 -0.69337886571884155 -0.60683286190032959
vn 0.82867926359176636 -0.35652908682823181 -0.43148311972618103
vn 0.76470303535461426 -0.49079403281211853 0.41755303740501404
vn 0.81871974468231201 -0.56335490942001343 0.11103696376085281
vn 0.82434636354446411 -0.50050419569015503 -0.26447808742523193
vn 0.77551150321960449 -0.36903280019760132 0.51224672794342041
vn 0.75714200735092163 -0.58360707759857178 -0.29349398612976074
vn 0.90032070875167847 -0.23734991252422333 -0.36481186747550964
vn 0.93588840961456299 -0.33295822143554688 0.11511605232954025
vn 0.34270802140235901 -0.53907406330108643 -0.76938307285308838
vn 0.95433950424194336 -0.2908378541469574 -0.068186961114406586
vn 0.76897108554840088 -0.5660930871963501 0.29702207446098328
vn 0.69195324182510376 -0.62842422723770142 -0.35536414384841919
vn 0.76694214344024658 -0.63725805282592773 -0.075511008501052856
vn -0.75820332765579224 0.65184122323989868 -0.015190005302429199
vn -0.69760805368423462 -0.46147605776786804 -0.54807198047637939
vn -0.91290777921676636 -0.22722594439983368 0.33906891942024231
vn -0.52644109725952148 -0.63415414094924927 -0.56631112098693848
vn 0.4676571786403656 -0.88385748863220215 -0.0096270050853490829
vn -0.89951992034912109 -0.26397997140884399 0.3481069803237915
vn -0.67192763090133667 0.72222757339477539 -0.16401390731334686
vn -0.40430706739425659 -0.67110013961791992 -0.6214180588722229
vn 0.15606099367141724 -0.90621596574783325 -0.39295998215675354
vn 0.42735204100608826 -0.90357118844985962 -0.030485006049275398
vn -0.29674506187438965 -0.93774521350860596 0.18048904836177826
vn -0.64449787139892578 0.75781989097595215 -0.10164399445056915
vn -0.90590685606002808 -0.29956793785095215 0.29931896924972534
vn -0.82922321557998657 0.5577501654624939 0.036106012761592865
vn -0.29769909381866455 -0.93417322635650635 0.19671204686164856
vn -0.93134540319442749 -0.27593311667442322 0.23760610818862915
vn 0.46800288558006287 -0.87961280345916748 0.085173986852169037
vn -0.71145015954971313 0.70269918441772461 -0.0072460020892322063
vn 0.29464888572692871 -0.95346170663833618 -0.063974976539611816
vn -0.028145011514425278 -0.72102409601211548 -0.69233810901641846
vn -0.63162219524383545 0.74976223707199097 -0.19725605845451355
vn -0.097818009555339813 -0.98556506633758545 0.13817799091339111
vn 0.26018586754798889 -0.90696460008621216 -0.33123785257339478
vn -0.96101164817810059 -0.23160287737846375 0.15105193853378296
vn -0.82320713996887207 0.56675106287002563 -0.033515006303787231
vn -0.37753105163574219 -0.90972810983657837 0.17281502485275269
vn -0.98375833034515381 -0.14038205146789551 0.111859031021595
vn -0.061446003615856171 -0.99424910545349121 0.087710015475749969
vn -0.46598106622695923 0.88216811418533325 -0.068125009536743164
vn -0.52840489149093628 0.84430980682373047 -0.089045993983745575
vn -0.98426508903503418 -0.14389500021934509 -0.10254999995231628
vn -0.60359203815460205 0.79294508695602417 -0.083155006170272827
vn -0.98300790786743164 -0.1383579820394516 0.12063398212194443
vn -0.85799872875213623 0.51237380504608154 0.036210987716913223
vn -0.69043004512786865 -0.71181607246398926 0.12893499433994293
vn -0.98735892772674561 -0.093318991363048553 0.12811696529388428
vn -0.8878747820854187 -0.45409888029098511 -0.073976978659629822
vn 0.23337602615356445 -0.96417510509490967 -0.12610301375389099
vn -0.95099717378616333 -0.28943005204200745 -0.10878702253103256
vn -0.99985581636428833 0.016555998474359512 -0.0037709993775933981
vn -0.91695350408554077 -0.3974558413028717 0.035001982003450394
vn -0.60603708028793335 0.78654295206069946 -0.11861401051282883
vn -0.78952491283416748 0.60939592123031616 -0.072711989283561707
vn -0.03385399654507637 -0.9983099102973938 0.047235991805791855
vn -0.72924298048019409 -0.67552697658538818 -0.10893999040126801
vn -0.21577800810337067 -0.96685206890106201 0.13651701807975769
vn -0.50007623434066772 0.84493142366409302 -0.18977510929107666
vn -0.77105385065078735 -0.626167893409729 -0.11571398377418518
vn 0.15906001627445221 -0.83598703145980835 -0.52519100904464722
vn -0.28985196352005005 0.94786489009857178 -0.13243098556995392
vn -0.57673794031143188 -0.81635493040084839 0.030626993626356125
vn -0.090209007263183594 -0.4802219569683075 -0.87249594926834106
vn -0.44741114974021912 0.87825441360473633 -0.1687970757484436
vn -0.48843675851821899 -0.87012356519699097 -0.065684966742992401
vn -0.29521200060844421 0.94208592176437378 -0.15913499891757965
vn -0.29479101300239563 0.95367318391799927 -0.060048006474971771
vn 0.0065709999762475491 -0.99997401237487793 -0.0029609999619424343
vn -0.27742195129394531 0.95787280797958374 -0.074274986982345581
vn -0.25053712725639343 0.95410144329071045 -0.16407805681228638
vn 0.20799194276332855 -0.95426571369171143 -0.21474693715572357
vn -0.43428498506546021 -0.89718294143676758 -0.080369994044303894
vn -0.14234104752540588 -0.98739230632781982 0.069249019026756287
vn -0.24781191349029541 0.95921069383621216 -0.13602995872497559
vn -0.24514791369438171 -0.96864968538284302 -0.040252987295389175
vn -0.089052006602287292 -0.45979803800582886 -0.88354712724685669
vn 0.099639974534511566 -0.96487891674041748 -0.24306496977806091
vn -0.23974010348320007 0.95550048351287842 -0.17188209295272827
vn -0.008103005588054657 -0.99691641330718994 -0.078051038086414337
vn -0.12735693156719208 -0.49015569686889648 -0.86228048801422119
vn -0.078199982643127441 0.97427278757095337 -0.21136996150016785
vn -0.25888907909393311 -0.96208536624908447 -0.08583802729845047
vn -0.041063986718654633 -0.97168272733688354 -0.23269392549991608
vn -0.082577973604202271 0.99542665481567383 -0.048027981072664261
vn 0.010029004886746407 0.98709243535995483 -0.15983708202838898
vn -0.17732694745063782 0.95632672309875488 -0.23236691951751709
vn -0.0096119977533817291 -0.99934667348861694 0.034839987754821777
vn -0.2329409271478653 0.90659481287002563 -0.35188686847686768
vn -0.13822495937347412 0.98135668039321899 -0.13353995978832245
vn -0.10927404463291168 0.98320543766021729 -0.14617206156253815
vn -0.037751995027065277 0.99050790071487427 -0.13216999173164368
vn 0 -0.99654728174209595 -0.083027012646198273
vn 0 -0.9999348521232605 0.011412998661398888
vn 0 -0.99719917774200439 -0.074792012572288513
vn 0 -0.9996722936630249 0.025600003078579903
vn 0 -0.97684305906295776 -0.21395702660083771
vn 0 -0.51309561729431152 -0.85833144187927246
vn 0 -0.98039501905441284 -0.19704200327396393
vn 0 0.95400995016098022 -0.29977497458457947
vn 0 -0.59432500600814819 -0.80422496795654297
vn 0 0.99164462089538574 -0.12899993360042572
vn 0 0.99501824378967285 -0.099693037569522858
vn 0 0.98779886960983276 -0.15573498606681824
vn 0 0.99151229858398438 -0.13001303374767303
vn 0 0.97999787330627441 -0.19900800287723541
vn 0 0.92357492446899414 -0.38341796398162842
vn 0.037751995027065277 0.99050790071487427 -0.13216999173164368
vn 0.10927404463291168 0.98320543766021729 -0.14617206156253815
vn 0.13822495937347412 0.98135668039321899 -0.13353995978832245
vn 0.2329409271478653 0.90659481287002563 -0.35188686847686768
vn 0.0096119977533817291 -0.99934667348861694 0.034839987754821777
vn 0.17732694745063782 0.95632672309875488 -0.23236691951751709
vn -0.010029004886746407 0.98709243535995483 -0.15983708202838898
vn 0.082577973604202271 0.99542665481567383 -0.048027981072664261
vn 0.041063986718654633 -0.97168272733688354 -0.23269392549991608
vn 0.12735693156719208 -0.49015569686889648 -0.86228048801422119
vn 0.078199982643127441 0.97427278757095337 -0.21136996150016785
vn 0.008103005588054657 -0.99691641330718994 -0.078051038086414337
vn 0.23974010348320007 0.95550048351287842 -0.17188209295272827
vn 0.089052006602287292 -0.45979803800582886 -0.88354712724685669
vn -0.099639974534511566 -0.96487891674041748 -0.24306496977806091
vn 0.24514791369438171 -0.96864968538284302 -0.040252987295389175
vn 0.24781191349029541 0.95921069383621216 -0.13602995872497559
vn 0.14234104752540588 -0.98739230632781982 0.069249019026756287
vn 0.43428498506546021 -0.89718294143676758 -0.080369994044303894
vn -0.20799194276332855 -0.95426571369171143 -0.21474693715572357
vn 0.25053712725639343 0.95410144329071045 -0.16407805681228638
vn 0.27742195129394531 0.95787280797958374 -0.074274986982345581
vn -0.0065709999762475491 -0.99997401237487793 -0.0029609999619424343
vn 0.29479101300239563 0.95367318391799927 -0.060048006474971771
vn 0.29521200060844421 0.94208592176437378 -0.15913499891757965
vn 0.090209007263183594 -0.4802219569683075 -0.87249594926834106
vn 0.44741114974021912 0.87825441360473633 -0.1687970757484436
vn 0.57673794031143188 -0.81635493040084839 0.030626993626356125
vn 0.28985196352005005 0.94786489009857178 -0.13243098556995392
vn -0.15906001627445221 -0.83598703145980835 -0.52519100904464722
vn 0.77105385065078735 -0.626167893409729 -0.11571398377418518
vn 0.21577800810337067 -0.96685206890106201 0.13651701807975769
vn 0.72924298048019409 -0.67552697658538818 -0.10893999040126801
vn 0.03385399654507637 -0.9983099102973938 0.047235991805791855
vn 0.78952491283416748 0.60939592123031616 -0.072711989283561707
vn 0.60603708028793335 0.78654295206069946 -0.11861401051282883
vn 0.91695350408554077 -0.3974558413028717 0.035001982003450394
vn 0.99985581636428833 0.016555998474359512 -0.0037709993775933981
vn 0.95099717378616333 -0.28943005204200745 -0.10878702253103256
vn -0.23337602615356445 -0.96417510509490967 -0.12610301375389099
vn 0.69043004512786865 -0.71181607246398926 0.12893499433994293
vn 0.98735892772674561 -0.093318991363048553 0.12811696529388428
vn 0.98300790786743164 -0.1383579820394516 0.12063398212194443
vn 0.85799872875213623 0.51237380504608154 0.036210987716913223
vn 0.60359203815460205 0.79294508695602417 -0.083155006170272827
vn 0.52840489149093628 0.84430980682373047 -0.089045993983745575
vn 0.46598106622695923 0.88216811418533325 -0.068125009536743164
vn 0.061446003615856171 -0.99424910545349121 0.087710015475749969
vn 0.37753105163574219 -0.90972810983657837 0.17281502485275269
vn 0.98375833034515381 -0.14038205146789551 0.111859031021595
vn 0.96101164817810059 -0.23160287737846375 0.15105193853378296
vn 0.82320713996887207 0.56675106287002563 -0.033515006303787231
vn -0.26018586754798889 -0.90696460008621216 -0.33123785257339478
vn 0.097818009555339813 -0.98556506633758545 0.13817799091339111
vn 0.028145011514425278 -0.72102409601211548 -0.69233810901641846
vn 0.63162219524383545 0.74976223707199097 -0.19725605845451355
vn -0.29464888572692871 -0.95346170663833618 -0.063974976539611816
vn 0.71145015954971313 0.70269918441772461 -0.0072460020892322063
vn 0.29769909381866455 -0.93417322635650635 0.19671204686164856
vn 0.93134540319442749 -0.27593311667442322 0.23760610818862915
vn -0.46800288558006287 -0.87961280345916748 0.085173986852169037
vn 0.90590685606002808 -0.29956793785095215 0.29931896924972534
vn 0.82922321557998657 0.5577501654624939 0.036106012761592865
vn 0.64449787139892578 0.75781989097595215 -0.10164399445056915
vn -0.42735204100608826 -0.90357118844985962 -0.030485006049275398
vn 0.29674506187438965 -0.93774521350860596 0.18048904836177826
vn -0.15606099367141724 -0.90621596574783325 -0.39295998215675354
vn 0.67192763090133667 0.72222757339477539 -0.16401390731334686
vn 0.40430706739425659 -0.67110013961791992 -0.6214180588722229
vn 0.52644109725952148 -0.63415414094924927 -0.56631112098693848
vn -0.4676571786403656 -0.88385748863220215 -0.0096270050853490829
vn 0.89951992034912109 -0.26397997140884399 0.3481069803237915
vn 0.75820332765579224 0.65184122323989868 -0.015190005302429199
vn 0.69760805368423462 -0.46147605776786804 -0.54807198047637939
vn 0.91290777921676636 -0.22722594439983368 0.33906891942024231
f 115/115/115 103/103/103 86/86/86
f 89/89/89 86/86/86 85/85/85
f 103/103/103 85/85/85 86/86/86
f 115/115/115 86/86/86 97/97/97
f 86/86/86 89/89/89 94/94/94
f 125/125/125 116/116/116 113/113/113
f 66/66/66 63/63/63 81/81/81
f 86/86/86 94/94/94 97/97/97
f 117/117/117 125/125/125 132/132/132
f 113/113/113 116/116/116 104/104/104
f 113/113/113 112/112/112 102/102/102
f 112/112/112 113/113/113 104/104/104
f 113/113/113 102/102/102 125/125/125
f 355/355/355 64/64/64 65/65/65
f 102/102/102 112/112/112 99/99/99
f 97/97/97 112/112/112 115/115/115
f 112/112/112 97/97/97 99/99/99
f 15/15/15 23/23/23 9/9/9
f 112/112/112 104/104/104 3339/3339/3339
f 115/115/115 112/112/112 3339/3339/3339
f 96/96/96 66/66/66 81/81/81
f 34/34/34 30/30/30 45/45/45
f 45/45/45 42/42/42 57/57/57
f 18/18/18 30/30/30 34/34/34
f 45/45/45 30/30/30 42/42/42
f 34/34/34 45/45/45 54/54/54
f 45/45/45 57/57/57 54/54/54
f 55/55/55 77/77/77 61/61/61
f 57/57/57 42/42/42 58/58/58
f 47/47/47 42/42/42 32/32/32
f 42/42/42 47/47/47 58/58/58
f 47/47/47 32/32/32 43/43/43
f 47/47/47 43/43/43 60/60/60
f 47/47/47 60/60/60 58/58/58
f 63/63/63 46/46/46 44/44/44
f 60/60/60 43/43/43 61/61/61
f 32/32/32 23/23/23 15/15/15
f 23/23/23 32/32/32 42/42/42
f 77/77/77 79/79/79 61/61/61
f 32/32/32 28/28/28 43/43/43
f 32/32/32 15/15/15 28/28/28
f 102/102/102 107/107/107 125/125/125
f 30/30/30 23/23/23 42/42/42
f 30/30/30 18/18/18 23/23/23
f 95/95/95 73/73/73 92/92/92
f 75/75/75 57/57/57 58/58/58
f 73/73/73 75/75/75 92/92/92
f 69/69/69 75/75/75 58/58/58
f 71/71/71 67/67/67 90/90/90
f 75/75/75 87/87/87 92/92/92
f 67/67/67 95/95/95 90/90/90
f 73/73/73 67/67/67 54/54/54
f 48/48/48 56/56/56 65/65/65
f 38/38/38 48/48/48 26/26/26
f 48/48/48 36/36/36 26/26/26
f 15/15/15 11/11/11 28/28/28
f 9/9/9 18/18/18 8/8/8
f 57/57/57 73/73/73 54/54/54
f 73/73/73 95/95/95 67/67/67
f 67/67/67 56/56/56 54/54/54
f 53/53/53 48/48/48 65/65/65
f 56/56/56 48/48/48 38/38/38
f 69/69/69 87/87/87 75/75/75
f 160/160/160 137/137/137 141/141/141
f 3386/3386/3386 119/119/119 132/132/132
f 117/117/117 132/132/132 119/119/119
f 359/359/359 355/355/355 80/80/80
f 80/80/80 355/355/355 65/65/65
f 85/85/85 91/91/91 80/80/80
f 107/107/107 102/102/102 96/96/96
f 81/81/81 107/107/107 96/96/96
f 120/120/120 104/104/104 116/116/116
f 142/142/142 148/148/148 161/161/161
f 60/60/60 69/69/69 58/58/58
f 79/79/79 60/60/60 61/61/61
f 57/57/57 75/75/75 73/73/73
f 69/69/69 60/60/60 79/79/79
f 69/69/69 79/79/79 87/87/87
f 111/111/111 80/80/80 91/91/91
f 80/80/80 83/83/83 85/85/85
f 83/83/83 89/89/89 85/85/85
f 9/9/9 23/23/23 18/18/18
f 83/83/83 80/80/80 65/65/65
f 29/29/29 44/44/44 46/46/46
f 151/151/151 145/145/145 164/164/164
f 166/166/166 164/164/164 165/165/165
f 165/165/165 164/164/164 160/160/160
f 99/99/99 93/93/93 88/88/88
f 97/97/97 94/94/94 93/93/93
f 99/99/99 79/79/79 102/102/102
f 88/88/88 79/79/79 99/99/99
f 90/90/90 83/83/83 71/71/71
f 164/164/164 166/166/166 167/167/167
f 83/83/83 65/65/65 71/71/71
f 128/128/128 138/138/138 158/158/158
f 62/62/62 44/44/44 41/41/41
f 123/123/123 126/126/126 100/100/100
f 128/128/128 126/126/126 138/138/138
f 100/100/100 128/128/128 106/106/106
f 84/84/84 74/74/74 121/121/121
f 99/99/99 97/97/97 93/93/93
f 44/44/44 62/62/62 63/63/63
f 62/62/62 41/41/41 74/74/74
f 158/158/158 3437/3437/3437 128/128/128
f 77/77/77 102/102/102 79/79/79
f 164/164/164 145/145/145 160/160/160
f 145/145/145 137/137/137 160/160/160
f 137/137/137 145/145/145 131/131/131
f 103/103/103 115/115/115 101/101/101
f 145/145/145 151/151/151 135/135/135
f 131/131/131 3364/3364/3364 137/137/137
f 131/131/131 135/135/135 111/111/111
f 3364/3364/3364 109/109/109 122/122/122
f 131/131/131 145/145/145 135/135/135
f 3364/3364/3364 131/131/131 109/109/109
f 101/101/101 109/109/109 111/111/111
f 109/109/109 131/131/131 111/111/111
f 122/122/122 101/101/101 110/110/110
f 96/96/96 102/102/102 77/77/77
f 151/151/151 164/164/164 167/167/167
f 101/101/101 115/115/115 110/110/110
f 91/91/91 101/101/101 111/111/111
f 103/103/103 101/101/101 85/85/85
f 101/101/101 122/122/122 109/109/109
f 101/101/101 91/91/91 85/85/85
f 128/128/128 100/100/100 126/126/126
f 11/11/11 22/22/22 28/28/28
f 43/43/43 46/46/46 55/55/55
f 55/55/55 46/46/46 66/66/66
f 29/29/29 22/22/22 25/25/25
f 43/43/43 55/55/55 61/61/61
f 74/74/74 84/84/84 62/62/62
f 76/76/76 84/84/84 108/108/108
f 81/81/81 63/63/63 76/76/76
f 76/76/76 62/62/62 84/84/84
f 76/76/76 82/82/82 81/81/81
f 44/44/44 29/29/29 25/25/25
f 63/63/63 66/66/66 46/46/46
f 29/29/29 46/46/46 43/43/43
f 55/55/55 66/66/66 77/77/77
f 77/77/77 66/66/66 96/96/96
f 53/53/53 64/64/64 340/340/340
f 64/64/64 53/53/53 65/65/65
f 25/25/25 41/41/41 44/44/44
f 29/29/29 28/28/28 22/22/22
f 28/28/28 29/29/29 43/43/43
f 82/82/82 100/100/100 81/81/81
f 121/121/121 49/49/49 51/51/51
f 121/121/121 51/51/51 134/134/134
f 100/100/100 82/82/82 123/123/123
f 155/155/155 138/138/138 136/136/136
f 158/158/158 138/138/138 155/155/155
f 134/134/134 59/59/59 129/129/129
f 129/129/129 59/59/59 72/72/72
f 51/51/51 59/59/59 134/134/134
f 74/74/74 41/41/41 49/49/49
f 121/121/121 74/74/74 49/49/49
f 123/123/123 108/108/108 136/136/136
f 126/126/126 123/123/123 136/136/136
f 100/100/100 106/106/106 81/81/81
f 108/108/108 123/123/123 82/82/82
f 82/82/82 76/76/76 108/108/108
f 158/158/158 3467/3467/3467 3437/3437/3437
f 62/62/62 76/76/76 63/63/63
f 138/138/138 126/126/126 136/136/136
f 84/84/84 121/121/121 108/108/108
f 136/136/136 108/108/108 121/121/121
f 36/36/36 53/53/53 340/340/340
f 118/118/118 114/114/114 106/106/106
f 118/118/118 128/128/128 124/124/124
f 3427/3427/3427 133/133/133 114/114/114
f 118/118/118 3421/3421/3421 3427/3427/3427
f 127/127/127 114/114/114 133/133/133
f 3471/3471/3471 170/170/170 154/154/154
f 154/154/154 3461/3461/3461 3471/3471/3471
f 3421/3421/3421 118/118/118 124/124/124
f 124/124/124 128/128/128 3437/3437/3437
f 118/118/118 106/106/106 128/128/128
f 148/148/148 3386/3386/3386 132/132/132
f 163/163/163 162/162/162 140/140/140
f 140/140/140 149/149/149 132/132/132
f 168/168/168 165/165/165 162/162/162
f 162/162/162 160/160/160 149/149/149
f 3372/3372/3372 3388/3388/3388 137/137/137
f 3427/3427/3427 114/114/114 118/118/118
f 137/137/137 3364/3364/3364 3372/3372/3372
f 162/162/162 149/149/149 140/140/140
f 148/148/148 142/142/142 3389/3389/3389
f 170/170/170 169/169/169 150/150/150
f 157/157/157 173/173/173 172/172/172
f 31/31/31 4/4/4 17/17/17
f 81/81/81 106/106/106 114/114/114
f 127/127/127 140/140/140 125/125/125
f 127/127/127 125/125/125 107/107/107
f 2/2/2 7/7/7 12/12/12
f 2/2/2 5/5/5 7/7/7
f 4/4/4 2/2/2 17/17/17
f 136/136/136 157/157/157 155/155/155
f 172/172/172 155/155/155 157/157/157
f 3444/3444/3444 133/133/133 3427/3427/3427
f 150/150/150 133/133/133 154/154/154
f 127/127/127 133/133/133 150/150/150
f 150/150/150 154/154/154 170/170/170
f 154/154/154 3444/3444/3444 3461/3461/3461
f 107/107/107 114/114/114 127/127/127
f 114/114/114 107/107/107 81/81/81
f 110/110/110 115/115/115 3339/3339/3339
f 3444/3444/3444 154/154/154 133/133/133
f 127/127/127 150/150/150 140/140/140
f 168/168/168 162/162/162 163/163/163
f 13/13/13 20/20/20 6/6/6
f 15/15/15 9/9/9 11/11/11
f 9/9/9 6/6/6 11/11/11
f 167/167/167 383/383/383 151/151/151
f 383/383/383 381/381/381 151/151/151
f 36/36/36 338/338/338 13/13/13
f 3485/3485/3485 3467/3467/3467 158/158/158
f 338/338/338 36/36/36 340/340/340
f 6/6/6 9/9/9 8/8/8
f 13/13/13 6/6/6 8/8/8
f 376/376/376 105/105/105 111/111/111
f 163/163/163 150/150/150 169/169/169
f 111/111/111 135/135/135 376/376/376
f 80/80/80 111/111/111 105/105/105
f 105/105/105 359/359/359 80/80/80
f 135/135/135 151/151/151 381/381/381
f 381/381/381 376/376/376 135/135/135
f 140/140/140 132/132/132 125/125/125
f 150/150/150 163/163/163 140/140/140
f 169/169/169 168/168/168 163/163/163
f 155/155/155 172/172/172 171/171/171
f 16/16/16 1/1/1 49/49/49
f 16/16/16 41/41/41 25/25/25
f 14/14/14 7/7/7 5/5/5
f 338/338/338 35/35/35 20/20/20
f 13/13/13 338/338/338 20/20/20
f 137/137/137 3388/3388/3388 142/142/142
f 165/165/165 160/160/160 162/162/162
f 3386/3386/3386 148/148/148 3389/3389/3389
f 16/16/16 5/5/5 1/1/1
f 5/5/5 16/16/16 14/14/14
f 25/25/25 22/22/22 14/14/14
f 41/41/41 16/16/16 49/49/49
f 1/1/1 51/51/51 49/49/49
f 158/158/158 171/171/171 3485/3485/3485
f 171/171/171 158/158/158 155/155/155
f 14/14/14 11/11/11 7/7/7
f 6/6/6 12/12/12 7/7/7
f 6/6/6 7/7/7 11/11/11
f 25/25/25 14/14/14 16/16/16
f 14/14/14 22/22/22 11/11/11
f 17/17/17 37/37/37 31/31/31
f 27/27/27 50/50/50 59/59/59
f 72/72/72 59/59/59 50/50/50
f 19/19/19 24/24/24 33/33/33
f 98/98/98 70/70/70 68/68/68
f 10/10/10 19/19/19 21/21/21
f 19/19/19 33/33/33 337/337/337
f 12/12/12 10/10/10 21/21/21
f 19/19/19 337/337/337 21/21/21
f 24/24/24 19/19/19 10/10/10
f 337/337/337 40/40/40 21/21/21
f 134/134/134 143/143/143 121/121/121
f 6/6/6 24/24/24 10/10/10
f 98/98/98 368/368/368 139/139/139
f 368/368/368 98/98/98 68/68/68
f 98/98/98 139/139/139 130/130/130
f 24/24/24 35/35/35 33/33/33
f 98/98/98 130/130/130 70/70/70
f 24/24/24 6/6/6 20/20/20
f 35/35/35 24/24/24 20/20/20
f 12/12/12 6/6/6 10/10/10
f 129/129/129 130/130/130 144/144/144
f 38/38/38 34/34/34 54/54/54
f 18/18/18 26/26/26 8/8/8
f 56/56/56 38/38/38 54/54/54
f 38/38/38 18/18/18 34/34/34
f 38/38/38 26/26/26 18/18/18
f 26/26/26 13/13/13 8/8/8
f 53/53/53 36/36/36 48/48/48
f 13/13/13 26/26/26 36/36/36
f 71/71/71 56/56/56 67/67/67
f 56/56/56 71/71/71 65/65/65
f 78/78/78 130/130/130 129/129/129
f 72/72/72 78/78/78 129/129/129
f 147/147/147 129/129/129 144/144/144
f 147/147/147 143/143/143 134/134/134
f 129/129/129 147/147/147 134/134/134
f 70/70/70 78/78/78 52/52/52
f 78/78/78 72/72/72 50/50/50
f 146/146/146 144/144/144 130/130/130
f 78/78/78 70/70/70 130/130/130
f 78/78/78 50/50/50 52/52/52
f 139/139/139 146/146/146 130/130/130
f 12/12/12 21/21/21 37/37/37
f 21/21/21 40/40/40 39/39/39
f 68/68/68 70/70/70 37/37/37
f 3/3/3 27/27/27 59/59/59
f 39/39/39 37/37/37 21/21/21
f 52/52/52 31/31/31 37/37/37
f 346/346/346 68/68/68 37/37/37
f 1/1/1 5/5/5 2/2/2
f 70/70/70 52/52/52 37/37/37
f 37/37/37 39/39/39 346/346/346
f 3/3/3 4/4/4 27/27/27
f 51/51/51 1/1/1 3/3/3
f 51/51/51 3/3/3 59/59/59
f 12/12/12 17/17/17 2/2/2
f 17/17/17 12/12/12 37/37/37
f 31/31/31 52/52/52 50/50/50
f 27/27/27 4/4/4 31/31/31
f 27/27/27 31/31/31 50/50/50
f 3/3/3 1/1/1 2/2/2
f 4/4/4 3/3/3 2/2/2
f 146/146/146 139/139/139 152/152/152
f 159/159/159 147/147/147 144/144/144
f 144/144/144 146/146/146 159/159/159
f 147/147/147 159/159/159 156/156/156
f 157/157/157 136/136/136 143/143/143
f 143/143/143 156/156/156 157/157/157
f 121/121/121 143/143/143 136/136/136
f 346/346/346 368/368/368 68/68/68
f 382/382/382 386/386/386 175/175/175
f 173/173/173 156/156/156 159/159/159
f 159/159/159 174/174/174 173/173/173
f 174/174/174 152/152/152 153/153/153
f 368/368/368 382/382/382 153/153/153
f 174/174/174 159/159/159 152/152/152
f 139/139/139 153/153/153 152/152/152
f 146/146/146 152/152/152 159/159/159
f 173/173/173 157/157/157 156/156/156
f 143/143/143 147/147/147 156/156/156
f 139/139/139 368/368/368 153/153/153
f 175/175/175 153/153/153 382/382/382
f 153/153/153 175/175/175 174/174/174
f 239/239/239 230/230/230 256/256/256
f 256/256/256 252/252/252 257/257/257
f 257/257/257 239/239/239 256/256/256
f 256/256/256 230/230/230 245/245/245
f 252/252/252 256/256/256 247/247/247
f 228/228/228 218/218/218 232/232/232
f 278/278/278 276/276/276 261/261/261
f 247/247/247 256/256/256 245/245/245
f 218/218/218 229/229/229 210/210/210
f 228/228/228 232/232/232 2117/2117/2117
f 233/233/233 232/232/232 240/240/240
f 232/232/232 233/233/233 2117/2117/2117
f 240/240/240 232/232/232 218/218/218
f 414/414/414 409/409/409 277/277/277
f 233/233/233 240/240/240 243/243/243
f 233/233/233 245/245/245 230/230/230
f 245/245/245 233/233/233 243/243/243
f 314/314/314 322/322/322 328/328/328
f 2117/2117/2117 233/233/233 2118/2118/2118
f 233/233/233 230/230/230 2118/2118/2118
f 276/276/276 246/246/246 261/261/261
f 307/307/307 304/304/304 296/296/296
f 299/299/299 296/296/296 284/284/284
f 307/307/307 319/319/319 304/304/304
f 307/307/307 296/296/296 299/299/299
f 296/296/296 304/304/304 287/287/287
f 284/284/284 296/296/296 287/287/287
f 265/265/265 286/286/286 280/280/280
f 299/299/299 284/284/284 283/283/283
f 299/299/299 294/294/294 305/305/305
f 294/294/294 299/299/299 283/283/283
f 305/305/305 294/294/294 298/298/298
f 298/298/298 294/294/294 281/281/281
f 281/281/281 294/294/294 283/283/283
f 295/295/295 278/278/278 297/297/297
f 298/298/298 281/281/281 280/280/280
f 314/314/314 305/305/305 322/322/322
f 305/305/305 314/314/314 299/299/299
f 263/263/263 265/265/265 280/280/280
f 309/309/309 305/305/305 298/298/298
f 322/322/322 305/305/305 309/309/309
f 237/237/237 240/240/240 218/218/218
f 314/314/314 307/307/307 299/299/299
f 319/319/319 307/307/307 314/314/314
f 269/269/269 248/248/248 249/249/249
f 284/284/284 267/267/267 283/283/283
f 267/267/267 269/269/269 249/249/249
f 267/267/267 273/273/273 283/283/283
f 275/275/275 271/271/271 253/253/253
f 254/254/254 267/267/267 249/249/249
f 248/248/248 275/275/275 253/253/253
f 275/275/275 269/269/269 287/287/287
f 285/285/285 293/293/293 277/277/277
f 293/293/293 301/301/301 311/311/311
f 303/303/303 293/293/293 311/311/311
f 326/326/326 322/322/322 309/309/309
f 319/319/319 328/328/328 329/329/329
f 269/269/269 284/284/284 287/287/287
f 248/248/248 269/269/269 275/275/275
f 285/285/285 275/275/275 287/287/287
f 293/293/293 288/288/288 277/277/277
f 293/293/293 285/285/285 301/301/301
f 254/254/254 273/273/273 267/267/267
f 202/202/202 179/179/179 2059/2059/2059
f 225/225/225 2065/2065/2065 210/210/210
f 210/210/210 229/229/229 225/225/225
f 409/409/409 405/405/405 262/262/262
f 409/409/409 262/262/262 277/277/277
f 251/251/251 257/257/257 262/262/262
f 240/240/240 237/237/237 246/246/246
f 237/237/237 261/261/261 246/246/246
f 2117/2117/2117 226/226/226 228/228/228
f 192/192/192 2060/2060/2060 180/180/180
f 273/273/273 281/281/281 283/283/283
f 281/281/281 263/263/263 280/280/280
f 267/267/267 284/284/284 269/269/269
f 281/281/281 273/273/273 263/263/263
f 263/263/263 273/273/273 254/254/254
f 262/262/262 234/234/234 251/251/251
f 259/259/259 262/262/262 257/257/257
f 252/252/252 259/259/259 257/257/257
f 314/314/314 328/328/328 319/319/319
f 262/262/262 259/259/259 277/277/277
f 297/297/297 308/308/308 295/295/295
f 196/196/196 190/190/190 176/176/176
f 176/176/176 166/166/166 165/165/165
f 176/176/176 165/165/165 179/179/179
f 250/250/250 243/243/243 255/255/255
f 247/247/247 245/245/245 250/250/250
f 263/263/263 243/243/243 240/240/240
f 263/263/263 255/255/255 243/243/243
f 259/259/259 253/253/253 271/271/271
f 166/166/166 176/176/176 167/167/167
f 277/277/277 259/259/259 271/271/271
f 201/201/201 214/214/214 183/183/183
f 297/297/297 279/279/279 300/300/300
f 217/217/217 220/220/220 242/242/242
f 217/217/217 214/214/214 201/201/201
f 214/214/214 242/242/242 238/238/238
f 268/268/268 258/258/258 224/224/224
f 245/245/245 243/243/243 250/250/250
f 279/279/279 297/297/297 278/278/278
f 300/300/300 279/279/279 268/268/268
f 207/207/207 183/183/183 214/214/214
f 240/240/240 265/265/265 263/263/263
f 196/196/196 176/176/176 179/179/179
f 202/202/202 196/196/196 179/179/179
f 196/196/196 202/202/202 211/211/211
f 230/230/230 239/239/239 241/241/241
f 190/190/190 196/196/196 205/205/205
f 2087/2087/2087 211/211/211 202/202/202
f 205/205/205 211/211/211 234/234/234
f 235/235/235 2087/2087/2087 223/223/223
f 196/196/196 211/211/211 205/205/205
f 211/211/211 2087/2087/2087 235/235/235
f 235/235/235 241/241/241 234/234/234
f 211/211/211 235/235/235 234/234/234
f 241/241/241 223/223/223 2114/2114/2114
f 240/240/240 246/246/246 265/265/265
f 176/176/176 190/190/190 167/167/167
f 230/230/230 241/241/241 2114/2114/2114
f 241/241/241 251/251/251 234/234/234
f 241/241/241 239/239/239 257/257/257
f 223/223/223 241/241/241 235/235/235
f 251/251/251 241/241/241 257/257/257
f 242/242/242 214/214/214 217/217/217
f 315/315/315 326/326/326 309/309/309
f 295/295/295 298/298/298 286/286/286
f 295/295/295 286/286/286 276/276/276
f 315/315/315 308/308/308 312/312/312
f 286/286/286 298/298/298 280/280/280
f 258/258/258 268/268/268 279/279/279
f 258/258/258 266/266/266 236/236/236
f 278/278/278 261/261/261 266/266/266
f 279/279/279 266/266/266 258/258/258
f 260/260/260 266/266/266 261/261/261
f 308/308/308 297/297/297 312/312/312
f 276/276/276 278/278/278 295/295/295
f 295/295/295 308/308/308 298/298/298
f 276/276/276 286/286/286 265/265/265
f 276/276/276 265/265/265 246/246/246
f 414/414/414 288/288/288 422/422/422
f 288/288/288 414/414/414 277/277/277
f 300/300/300 312/312/312 297/297/297
f 309/309/309 308/308/308 315/315/315
f 308/308/308 309/309/309 298/298/298
f 242/242/242 260/260/260 261/261/261
f 292/292/292 224/224/224 290/290/290
f 290/290/290 224/224/224 206/206/206
f 260/260/260 242/242/242 220/220/220
f 201/201/201 186/186/186 204/204/204
f 201/201/201 183/183/183 186/186/186
f 282/282/282 206/206/206 213/213/213
f 282/282/282 213/213/213 270/270/270
f 282/282/282 290/290/290 206/206/206
f 300/300/300 268/268/268 292/292/292
f 268/268/268 224/224/224 292/292/292
f 236/236/236 220/220/220 204/204/204
f 220/220/220 217/217/217 204/204/204
f 238/238/238 242/242/242 261/261/261
f 220/220/220 236/236/236 260/260/260
f 266/266/266 260/260/260 236/236/236
f 3489/3489/3489 183/183/183 207/207/207
f 266/266/266 279/279/279 278/278/278
f 217/217/217 201/201/201 204/204/204
f 224/224/224 258/258/258 236/236/236
f 236/236/236 204/204/204 224/224/224
f 288/288/288 303/303/303 422/422/422
f 231/231/231 227/227/227 238/238/238
f 214/214/214 227/227/227 219/219/219
f 209/209/209 216/216/216 231/231/231
f 221/221/221 227/227/227 216/216/216
f 231/231/231 215/215/215 209/209/209
f 170/170/170 3471/3471/3471 187/187/187
f 181/181/181 187/187/187 3471/3471/3471
f 227/227/227 221/221/221 219/219/219
f 214/214/214 219/219/219 207/207/207
f 238/238/238 227/227/227 214/214/214
f 2065/2065/2065 192/192/192 210/210/210
f 178/178/178 177/177/177 199/199/199
f 193/193/193 199/199/199 210/210/210
f 165/165/165 168/168/168 178/178/178
f 179/179/179 178/178/178 193/193/193
f 2063/2063/2063 2078/2078/2078 202/202/202
f 231/231/231 216/216/216 227/227/227
f 2087/2087/2087 202/202/202 2078/2078/2078
f 193/193/193 178/178/178 199/199/199
f 2060/2060/2060 192/192/192 2062/2062/2062
f 169/169/169 170/170/170 191/191/191
f 173/173/173 184/184/184 172/172/172
f 333/333/333 306/306/306 320/320/320
f 238/238/238 261/261/261 231/231/231
f 199/199/199 215/215/215 218/218/218
f 218/218/218 215/215/215 237/237/237
f 330/330/330 335/335/335 325/325/325
f 332/332/332 335/335/335 330/330/330
f 335/335/335 333/333/333 320/320/320
f 184/184/184 204/204/204 186/186/186
f 186/186/186 172/172/172 184/184/184
f 209/209/209 203/203/203 216/216/216
f 209/209/209 191/191/191 187/187/187
f 209/209/209 215/215/215 191/191/191
f 187/187/187 191/191/191 170/170/170
f 203/203/203 187/187/187 181/181/181
f 231/231/231 237/237/237 215/215/215
f 237/237/237 231/231/231 261/261/261
f 230/230/230 2114/2114/2114 2118/2118/2118
f 187/187/187 203/203/203 209/209/209
f 191/191/191 215/215/215 199/199/199
f 178/178/178 168/168/168 177/177/177
f 317/317/317 323/323/323 331/331/331
f 328/328/328 322/322/322 326/326/326
f 331/331/331 328/328/328 326/326/326
f 383/383/383 167/167/167 190/190/190
f 388/388/388 383/383/383 190/190/190
f 428/428/428 303/303/303 323/323/323
f 3489/3489/3489 3485/3485/3485 183/183/183
f 303/303/303 428/428/428 422/422/422
f 328/328/328 331/331/331 329/329/329
f 331/331/331 323/323/323 329/329/329
f 400/400/400 208/208/208 234/234/234
f 191/191/191 177/177/177 169/169/169
f 205/205/205 234/234/234 208/208/208
f 234/234/234 262/262/262 400/400/400
f 405/405/405 400/400/400 262/262/262
f 190/190/190 205/205/205 388/388/388
f 208/208/208 388/388/388 205/205/205
f 210/210/210 199/199/199 218/218/218
f 177/177/177 191/191/191 199/199/199
f 168/168/168 169/169/169 177/177/177
f 172/172/172 186/186/186 171/171/171
f 336/336/336 321/321/321 292/292/292
f 300/300/300 321/321/321 312/312/312
f 330/330/330 324/324/324 332/332/332
f 426/426/426 428/428/428 317/317/317
f 428/428/428 323/323/323 317/317/317
f 2063/2063/2063 202/202/202 2060/2060/2060
f 179/179/179 165/165/165 178/178/178
f 192/192/192 2065/2065/2065 2062/2062/2062
f 332/332/332 321/321/321 336/336/336
f 321/321/321 332/332/332 324/324/324
f 315/315/315 312/312/312 324/324/324
f 321/321/321 300/300/300 292/292/292
f 290/290/290 336/336/336 292/292/292
f 171/171/171 183/183/183 3485/3485/3485
f 183/183/183 171/171/171 186/186/186
f 326/326/326 324/324/324 330/330/330
f 325/325/325 331/331/331 330/330/330
f 330/330/330 331/331/331 326/326/326
f 324/324/324 312/312/312 321/321/321
f 315/315/315 324/324/324 326/326/326
f 302/302/302 320/320/320 306/306/306
f 291/291/291 310/310/310 282/282/282
f 282/282/282 270/270/270 291/291/291
f 313/313/313 318/318/318 427/427/427
f 272/272/272 244/244/244 274/274/274
f 318/318/318 327/327/327 316/316/316
f 427/427/427 318/318/318 429/429/429
f 327/327/327 325/325/325 316/316/316
f 429/429/429 318/318/318 316/316/316
f 318/318/318 313/313/313 327/327/327
f 424/424/424 429/429/429 316/316/316
f 198/198/198 206/206/206 224/224/224
f 313/313/313 331/331/331 327/327/327
f 222/222/222 244/244/244 200/200/200
f 244/244/244 222/222/222 274/274/274
f 200/200/200 244/244/244 212/212/212
f 426/426/426 313/313/313 427/427/427
f 212/212/212 244/244/244 272/272/272
f 331/331/331 313/313/313 317/317/317
f 313/313/313 426/426/426 317/317/317
f 331/331/331 325/325/325 327/327/327
f 212/212/212 213/213/213 197/197/197
f 304/304/304 301/301/301 287/287/287
f 311/311/311 319/319/319 329/329/329
f 301/301/301 285/285/285 287/287/287
f 319/319/319 301/301/301 304/304/304
f 311/311/311 301/301/301 319/319/319
f 323/323/323 311/311/311 329/329/329
f 303/303/303 288/288/288 293/293/293
f 311/311/311 323/323/323 303/303/303
f 285/285/285 271/271/271 275/275/275
f 271/271/271 285/285/285 277/277/277
f 212/212/212 264/264/264 213/213/213
f 264/264/264 270/270/270 213/213/213
f 213/213/213 194/194/194 197/197/197
f 198/198/198 194/194/194 206/206/206
f 194/194/194 213/213/213 206/206/206
f 264/264/264 272/272/272 289/289/289
f 270/270/270 264/264/264 291/291/291
f 197/197/197 195/195/195 212/212/212
f 272/272/272 264/264/264 212/212/212
f 291/291/291 264/264/264 289/289/289
f 195/195/195 200/200/200 212/212/212
f 316/316/316 325/325/325 302/302/302
f 424/424/424 316/316/316 425/425/425
f 272/272/272 274/274/274 302/302/302
f 310/310/310 334/334/334 282/282/282
f 302/302/302 425/425/425 316/316/316
f 306/306/306 289/289/289 302/302/302
f 274/274/274 416/416/416 302/302/302
f 332/332/332 336/336/336 335/335/335
f 289/289/289 272/272/272 302/302/302
f 425/425/425 302/302/302 416/416/416
f 333/333/333 334/334/334 310/310/310
f 336/336/336 290/290/290 334/334/334
f 334/334/334 290/290/290 282/282/282
f 320/320/320 325/325/325 335/335/335
f 325/325/325 320/320/320 302/302/302
f 289/289/289 306/306/306 291/291/291
f 333/333/333 310/310/310 306/306/306
f 306/306/306 310/310/310 291/291/291
f 336/336/336 334/334/334 335/335/335
f 334/334/334 333/333/333 335/335/335
f 200/200/200 195/195/195 189/189/189
f 194/194/194 182/182/182 197/197/197
f 195/195/195 197/197/197 182/182/182
f 182/182/182 194/194/194 185/185/185
f 204/204/204 184/184/184 198/198/198
f 185/185/185 198/198/198 184/184/184
f 198/198/198 224/224/224 204/204/204
f 222/222/222 416/416/416 274/274/274
f 386/386/386 387/387/387 175/175/175
f 185/185/185 173/173/173 182/182/182
f 174/174/174 182/182/182 173/173/173
f 189/189/189 174/174/174 188/188/188
f 387/387/387 222/222/222 188/188/188
f 182/182/182 174/174/174 189/189/189
f 188/188/188 200/200/200 189/189/189
f 189/189/189 195/195/195 182/182/182
f 184/184/184 173/173/173 185/185/185
f 194/194/194 198/198/198 185/185/185
f 222/222/222 200/200/200 188/188/188
f 188/188/188 175/175/175 387/387/387
f 175/175/175 188/188/188 174/174/174
f 2163/2163/2163 375/375/375 379/379/379
f 2166/2166/2166 379/379/379 2169/2169/2169
f 351/351/351 339/339/339 343/343/343
f 351/351/351 360/360/360 347/347/347
f 350/350/350 341/341/341 345/345/345
f 2166/2166/2166 2163/2163/2163 379/379/379
f 379/379/379 375/375/375 372/372/372
f 372/372/372 375/375/375 365/365/365
f 365/365/365 366/366/366 358/358/358
f 385/385/385 2169/2169/2169 379/379/379
f 375/375/375 366/366/366 365/365/365
f 347/347/347 344/344/344 40/40/40
f 40/40/40 344/344/344 39/39/39
f 368/368/368 346/346/346 356/356/356
f 346/346/346 344/344/344 356/356/356
f 344/344/344 346/346/346 39/39/39
f 347/347/347 352/352/352 344/344/344
f 371/371/371 367/367/367 362/362/362
f 367/367/367 371/371/371 377/377/377
f 371/371/371 362/362/362 369/369/369
f 344/344/344 352/352/352 356/356/356
f 362/362/362 367/367/367 356/356/356
f 351/351/351 343/343/343 2156/2156/2156
f 35/35/35 341/341/341 33/33/33
f 358/358/358 348/348/348 357/357/357
f 35/35/35 345/345/345 341/341/341
f 367/367/367 368/368/368 356/356/356
f 352/352/352 360/360/360 362/362/362
f 353/353/353 64/64/64 355/355/355
f 341/341/341 350/350/350 343/343/343
f 343/343/343 350/350/350 2156/2156/2156
f 348/348/348 340/340/340 64/64/64
f 348/348/348 353/353/353 357/357/357
f 348/348/348 64/64/64 353/353/353
f 345/345/345 342/342/342 349/349/349
f 352/352/352 362/362/362 356/356/356
f 343/343/343 339/339/339 337/337/337
f 339/339/339 347/347/347 40/40/40
f 339/339/339 351/351/351 347/347/347
f 341/341/341 343/343/343 33/33/33
f 360/360/360 352/352/352 347/347/347
f 362/362/362 360/360/360 369/369/369
f 368/368/368 367/367/367 377/377/377
f 343/343/343 337/337/337 33/33/33
f 337/337/337 339/339/339 40/40/40
f 105/105/105 363/363/363 359/359/359
f 378/378/378 373/373/373 374/374/374
f 357/357/357 359/359/359 363/363/363
f 359/359/359 357/357/357 355/355/355
f 353/353/353 355/355/355 357/357/357
f 381/381/381 380/380/380 376/376/376
f 364/364/364 365/365/365 357/357/357
f 365/365/365 358/358/358 357/357/357
f 380/380/380 374/374/374 376/376/376
f 384/384/384 380/380/380 381/381/381
f 380/380/380 378/378/378 374/374/374
f 378/378/378 379/379/379 373/373/373
f 379/379/379 372/372/372 373/373/373
f 385/385/385 378/378/378 380/380/380
f 385/385/385 379/379/379 378/378/378
f 384/384/384 385/385/385 380/380/380
f 383/383/383 384/384/384 381/381/381
f 373/373/373 364/364/364 363/363/363
f 363/363/363 364/364/364 357/357/357
f 374/374/374 373/373/373 363/363/363
f 376/376/376 374/374/374 105/105/105
f 374/374/374 363/363/363 105/105/105
f 373/373/373 372/372/372 364/364/364
f 361/361/361 354/354/354 349/349/349
f 386/386/386 382/382/382 2167/2167/2167
f 354/354/354 350/350/350 349/349/349
f 345/345/345 349/349/349 350/350/350
f 366/366/366 370/370/370 361/361/361
f 2167/2167/2167 2171/2171/2171 386/386/386
f 371/371/371 369/369/369 2160/2160/2160
f 2160/2160/2160 377/377/377 371/371/371
f 2167/2167/2167 377/377/377 2160/2160/2160
f 382/382/382 368/368/368 377/377/377
f 377/377/377 2167/2167/2167 382/382/382
f 366/366/366 375/375/375 370/370/370
f 375/375/375 2163/2163/2163 370/370/370
f 338/338/338 342/342/342 35/35/35
f 372/372/372 365/365/365 364/364/364
f 345/345/345 35/35/35 342/342/342
f 366/366/366 361/361/361 358/358/358
f 342/342/342 348/348/348 349/349/349
f 348/348/348 342/342/342 340/340/340
f 342/342/342 338/338/338 340/340/340
f 361/361/361 349/349/349 358/358/358
f 348/348/348 358/358/358 349/349/349
f 393/393/393 2181/2181/2181 390/390/390
f 390/390/390 2176/2176/2176 2169/2169/2169
f 423/423/423 2197/2197/2197 419/419/419
f 2193/2193/2193 2197/2197/2197 415/415/415
f 421/421/421 2198/2198/2198 417/417/417
f 2181/2181/2181 2176/2176/2176 390/390/390
f 393/393/393 390/390/390 396/396/396
f 393/393/393 396/396/396 401/401/401
f 399/399/399 401/401/401 406/406/406
f 2169/2169/2169 385/385/385 390/390/390
f 399/399/399 393/393/393 401/401/401
f 418/418/418 415/415/415 424/424/424
f 418/418/418 424/424/424 425/425/425
f 416/416/416 222/222/222 408/408/408
f 418/418/418 416/416/416 408/408/408
f 416/416/416 418/418/418 425/425/425
f 411/411/411 415/415/415 418/418/418
f 398/398/398 397/397/397 404/404/404
f 397/397/397 398/398/398 392/392/392
f 404/404/404 397/397/397 2189/2189/2189
f 411/411/411 418/418/418 408/408/408
f 398/398/398 404/404/404 408/408/408
f 419/419/419 2197/2197/2197 2196/2196/2196
f 421/421/421 426/426/426 427/427/427
f 413/413/413 406/406/406 407/407/407
f 417/417/417 426/426/426 421/421/421
f 222/222/222 398/398/398 408/408/408
f 2193/2193/2193 411/411/411 404/404/404
f 414/414/414 410/410/410 409/409/409
f 2198/2198/2198 421/421/421 419/419/419
f 2198/2198/2198 419/419/419 2196/2196/2196
f 422/422/422 413/413/413 414/414/414
f 410/410/410 413/413/413 407/407/407
f 414/414/414 413/413/413 410/410/410
f 420/420/420 417/417/417 412/412/412
f 404/404/404 411/411/411 408/408/408
f 423/423/423 419/419/419 429/429/429
f 415/415/415 423/423/423 424/424/424
f 2197/2197/2197 423/423/423 415/415/415
f 419/419/419 421/421/421 427/427/427
f 411/411/411 2193/2193/2193 415/415/415
f 2193/2193/2193 404/404/404 2189/2189/2189
f 398/398/398 222/222/222 392/392/392
f 429/429/429 419/419/419 427/427/427
f 423/423/423 429/429/429 424/424/424
f 403/403/403 400/400/400 405/405/405
f 395/395/395 391/391/391 394/394/394
f 405/405/405 407/407/407 403/403/403
f 407/407/407 405/405/405 409/409/409
f 409/409/409 410/410/410 407/407/407
f 389/389/389 388/388/388 208/208/208
f 401/401/401 402/402/402 407/407/407
f 406/406/406 401/401/401 407/407/407
f 394/394/394 389/389/389 208/208/208
f 389/389/389 384/384/384 388/388/388
f 391/391/391 389/389/389 394/394/394
f 390/390/390 391/391/391 395/395/395
f 396/396/396 390/390/390 395/395/395
f 391/391/391 385/385/385 389/389/389
f 390/390/390 385/385/385 391/391/391
f 385/385/385 384/384/384 389/389/389
f 384/384/384 383/383/383 388/388/388
f 402/402/402 395/395/395 403/403/403
f 402/402/402 403/403/403 407/407/407
f 395/395/395 394/394/394 403/403/403
f 394/394/394 208/208/208 400/400/400
f 403/403/403 394/394/394 400/400/400
f 396/396/396 395/395/395 402/402/402
f 2195/2195/2195 2192/2192/2192 412/412/412
f 387/387/387 386/386/386 2175/2175/2175
f 2198/2198/2198 2195/2195/2195 412/412/412
f 412/412/412 417/417/417 2198/2198/2198
f 2188/2188/2188 399/399/399 2192/2192/2192
f 2171/2171/2171 2175/2175/2175 386/386/386
f 2189/2189/2189 397/397/397 2184/2184/2184
f 392/392/392 2184/2184/2184 397/397/397
f 392/392/392 2175/2175/2175 2184/2184/2184
f 222/222/222 387/387/387 392/392/392
f 2175/2175/2175 392/392/392 387/387/387
f 393/393/393 399/399/399 2188/2188/2188
f 2181/2181/2181 393/393/393 2188/2188/2188
f 420/420/420 428/428/428 426/426/426
f 401/401/401 396/396/396 402/402/402
f 426/426/426 417/417/417 420/420/420
f 2192/2192/2192 399/399/399 406/406/406
f 413/413/413 420/420/420 412/412/412
f 420/420/420 413/413/413 422/422/422
f 428/428/428 420/420/420 422/422/422
f 412/412/412 2192/2192/2192 406/406/406
f 406/406/406 413/413/413 412/412/412
f 587/587/587 609/609/609 572/572/572
f 682/682/682 683/683/683 563/563/563
f 633/633/633 627/627/627 632/632/632
f 708/708/708 572/572/572 609/609/609
f 645/645/645 641/641/641 649/649/649
f 671/671/671 655/655/655 649/649/649
f 684/684/684 563/563/563 683/683/683
f 641/641/641 645/645/645 646/646/646
f 645/645/645 655/655/655 646/646/646
f 693/693/693 681/681/681 671/671/671
f 645/645/645 649/649/649 655/655/655
f 646/646/646 637/637/637 641/641/641
f 633/633/633 641/641/641 637/637/637
f 641/641/641 633/633/633 632/632/632
f 624/624/624 638/638/638 610/610/610
f 669/669/669 664/664/664 671/671/671
f 664/664/664 655/655/655 671/671/671
f 610/610/610 638/638/638 599/599/599
f 616/616/616 638/638/638 647/647/647
f 640/640/640 616/616/616 642/642/642
f 633/633/633 637/637/637 625/625/625
f 640/640/640 642/642/642 653/653/653
f 627/627/627 633/633/633 625/625/625
f 632/632/632 649/649/649 641/641/641
f 670/670/670 642/642/642 656/656/656
f 657/657/657 664/664/664 669/669/669
f 670/670/670 653/653/653 642/642/642
f 647/647/647 656/656/656 642/642/642
f 599/599/599 580/580/580 598/598/598
f 664/664/664 657/657/657 655/655/655
f 699/699/699 676/676/676 695/695/695
f 653/653/653 678/678/678 666/666/666
f 646/646/646 655/655/655 657/657/657
f 676/676/676 699/699/699 701/701/701
f 640/640/640 666/666/666 665/665/665
f 676/676/676 666/666/666 695/695/695
f 653/653/653 666/666/666 640/640/640
f 670/670/670 678/678/678 653/653/653
f 617/617/617 606/606/606 599/599/599
f 676/676/676 665/665/665 666/666/666
f 681/681/681 677/677/677 671/671/671
f 677/677/677 669/669/669 671/671/671
f 695/695/695 666/666/666 678/678/678
f 671/671/671 691/691/691 693/693/693
f 600/600/600 612/612/612 598/598/598
f 605/605/605 598/598/598 612/612/612
f 677/677/677 679/679/679 669/669/669
f 588/588/588 598/598/598 580/580/580
f 696/696/696 681/681/681 693/693/693
f 677/677/677 681/681/681 679/679/679
f 598/598/598 588/588/588 600/600/600
f 696/696/696 679/679/679 681/681/681
f 665/665/665 676/676/676 701/701/701
f 588/588/588 580/580/580 570/570/570
f 610/610/610 605/605/605 624/624/624
f 588/588/588 581/581/581 600/600/600
f 581/581/581 588/588/588 570/570/570
f 642/642/642 616/616/616 647/647/647
f 598/598/598 605/605/605 599/599/599
f 605/605/605 610/610/610 599/599/599
f 583/583/583 594/594/594 581/581/581
f 605/605/605 612/612/612 624/624/624
f 613/613/613 618/618/618 625/625/625
f 618/618/618 627/627/627 625/625/625
f 627/627/627 618/618/618 632/632/632
f 618/618/618 613/613/613 611/611/611
f 594/594/594 583/583/583 591/591/591
f 626/626/626 628/628/628 648/648/648
f 601/601/601 611/611/611 613/613/613
f 592/592/592 584/584/584 570/570/570
f 583/583/583 581/581/581 570/570/570
f 600/600/600 581/581/581 594/594/594
f 602/602/602 611/611/611 601/601/601
f 621/621/621 635/635/635 654/654/654
f 651/651/651 654/654/654 635/635/635
f 594/594/594 602/602/602 601/601/601
f 667/667/667 654/654/654 704/704/704
f 591/591/591 607/607/607 594/594/594
f 602/602/602 607/607/607 611/611/611
f 654/654/654 667/667/667 621/621/621
f 632/632/632 611/611/611 607/607/607
f 618/618/618 611/611/611 632/632/632
f 667/667/667 704/704/704 705/705/705
f 674/674/674 651/651/651 648/648/648
f 667/667/667 659/659/659 621/621/621
f 659/659/659 667/667/667 705/705/705
f 628/628/628 643/643/643 648/648/648
f 654/654/654 651/651/651 703/703/703
f 651/651/651 674/674/674 703/703/703
f 603/603/603 622/622/622 621/621/621
f 651/651/651 635/635/635 648/648/648
f 674/674/674 680/680/680 703/703/703
f 680/680/680 702/702/702 703/703/703
f 701/701/701 702/702/702 675/675/675
f 680/680/680 674/674/674 675/675/675
f 648/648/648 635/635/635 626/626/626
f 599/599/599 638/638/638 616/616/616
f 648/648/648 675/675/675 674/674/674
f 622/622/622 635/635/635 621/621/621
f 626/626/626 622/622/622 597/597/597
f 622/622/622 626/626/626 635/635/635
f 643/643/643 628/628/628 639/639/639
f 658/658/658 643/643/643 660/660/660
f 595/595/595 606/606/606 597/597/597
f 628/628/628 626/626/626 619/619/619
f 701/701/701 675/675/675 660/660/660
f 628/628/628 619/619/619 639/639/639
f 597/597/597 619/619/619 626/626/626
f 658/658/658 675/675/675 648/648/648
f 622/622/622 603/603/603 597/597/597
f 680/680/680 675/675/675 702/702/702
f 643/643/643 658/658/658 648/648/648
f 606/606/606 615/615/615 597/597/597
f 639/639/639 660/660/660 643/643/643
f 658/658/658 660/660/660 675/675/675
f 552/552/552 556/556/556 550/550/550
f 606/606/606 595/595/595 599/599/599
f 640/640/640 615/615/615 617/617/617
f 606/606/606 617/617/617 615/615/615
f 636/636/636 623/623/623 640/640/640
f 623/623/623 615/615/615 640/640/640
f 619/619/619 623/623/623 639/639/639
f 623/623/623 636/636/636 639/639/639
f 597/597/597 615/615/615 619/619/619
f 623/623/623 619/619/619 615/615/615
f 701/701/701 660/660/660 665/665/665
f 652/652/652 665/665/665 660/660/660
f 636/636/636 652/652/652 639/639/639
f 652/652/652 660/660/660 639/639/639
f 665/665/665 652/652/652 640/640/640
f 673/673/673 661/661/661 632/632/632
f 689/689/689 673/673/673 688/688/688
f 659/659/659 668/668/668 621/621/621
f 663/663/663 673/673/673 632/632/632
f 673/673/673 689/689/689 661/661/661
f 671/671/671 662/662/662 691/691/691
f 673/673/673 663/663/663 688/688/688
f 649/649/649 662/662/662 671/671/671
f 632/632/632 661/661/661 649/649/649
f 652/652/652 636/636/636 640/640/640
f 662/662/662 661/661/661 691/691/691
f 668/668/668 644/644/644 621/621/621
f 706/706/706 668/668/668 705/705/705
f 662/662/662 649/649/649 661/661/661
f 589/589/589 579/579/579 597/597/597
f 668/668/668 659/659/659 705/705/705
f 708/708/708 644/644/644 706/706/706
f 668/668/668 706/706/706 644/644/644
f 609/609/609 620/620/620 708/708/708
f 620/620/620 644/644/644 708/708/708
f 596/596/596 620/620/620 587/587/587
f 620/620/620 609/609/609 587/587/587
f 621/621/621 644/644/644 596/596/596
f 620/620/620 596/596/596 644/644/644
f 621/621/621 596/596/596 586/586/586
f 582/582/582 586/586/586 596/596/596
f 582/582/582 596/596/596 587/587/587
f 586/586/586 582/582/582 569/569/569
f 582/582/582 587/587/587 569/569/569
f 569/569/569 579/579/579 586/586/586
f 589/589/589 586/586/586 579/579/579
f 578/578/578 585/585/585 597/597/597
f 589/589/589 603/603/603 621/621/621
f 597/597/597 579/579/579 578/578/578
f 575/575/575 578/578/578 579/579/579
f 603/603/603 589/589/589 597/597/597
f 575/575/575 579/579/579 569/569/569
f 578/578/578 575/575/575 570/570/570
f 586/586/586 589/589/589 621/621/621
f 568/568/568 575/575/575 569/569/569
f 585/585/585 595/595/595 597/597/597
f 570/570/570 580/580/580 578/578/578
f 575/575/575 568/568/568 570/570/570
f 691/691/691 661/661/661 689/689/689
f 585/585/585 578/578/578 580/580/580
f 595/595/595 585/585/585 599/599/599
f 585/585/585 580/580/580 599/599/599
f 685/685/685 687/687/687 650/650/650
f 672/672/672 650/650/650 687/687/687
f 687/687/687 688/688/688 672/672/672
f 663/663/663 672/672/672 688/688/688
f 650/650/650 672/672/672 632/632/632
f 672/672/672 663/663/663 632/632/632
f 632/632/632 608/608/608 650/650/650
f 629/629/629 650/650/650 608/608/608
f 630/630/630 629/629/629 593/593/593
f 629/629/629 608/608/608 593/593/593
f 650/650/650 629/629/629 685/685/685
f 543/543/543 542/542/542 546/546/546
f 546/546/546 542/542/542 552/552/552
f 498/498/498 503/503/503 452/452/452
f 478/478/478 542/542/542 543/543/543
f 556/556/556 548/548/548 550/550/550
f 550/550/550 548/548/548 519/519/519
f 542/542/542 556/556/556 552/552/552
f 537/537/537 519/519/519 526/526/526
f 452/452/452 526/526/526 519/519/519
f 629/629/629 630/630/630 685/685/685
f 537/537/537 550/550/550 519/519/519
f 446/446/446 498/498/498 452/452/452
f 498/498/498 446/446/446 509/509/509
f 503/503/503 526/526/526 452/452/452
f 544/544/544 528/528/528 522/522/522
f 446/446/446 478/478/478 509/509/509
f 509/509/509 478/478/478 523/523/523
f 478/478/478 543/543/543 523/523/523
f 478/478/478 554/554/554 542/542/542
f 564/564/564 542/542/542 554/554/554
f 572/572/572 566/566/566 549/549/549
f 520/520/520 549/549/549 566/566/566
f 587/587/587 572/572/572 556/556/556
f 549/549/549 556/556/556 572/572/572
f 587/587/587 556/556/556 564/564/564
f 542/542/542 564/564/564 556/556/556
f 491/491/491 499/499/499 489/489/489
f 510/510/510 489/489/489 499/499/499
f 492/492/492 489/489/489 510/510/510
f 510/510/510 522/522/522 505/505/505
f 513/513/513 505/505/505 522/522/522
f 504/504/504 501/501/501 527/527/527
f 505/505/505 497/497/497 510/510/510
f 521/521/521 522/522/522 528/528/528
f 528/528/528 544/544/544 530/530/530
f 513/513/513 522/522/522 521/521/521
f 544/544/544 547/547/547 534/534/534
f 518/518/518 527/527/527 508/508/508
f 497/497/497 492/492/492 510/510/510
f 530/530/530 544/544/544 534/534/534
f 501/501/501 504/504/504 495/495/495
f 495/495/495 504/504/504 491/491/491
f 508/508/508 527/527/527 501/501/501
f 553/553/553 551/551/551 540/540/540
f 534/534/534 547/547/547 539/539/539
f 553/553/553 539/539/539 547/547/547
f 551/551/551 529/529/529 531/531/531
f 501/501/501 474/474/474 508/508/508
f 551/551/551 536/536/536 540/540/540
f 551/551/551 531/531/531 536/536/536
f 527/527/527 518/518/518 525/525/525
f 551/551/551 538/538/538 529/529/529
f 538/538/538 525/525/525 529/529/529
f 481/481/481 508/508/508 474/474/474
f 539/539/539 553/553/553 540/540/540
f 494/494/494 518/518/518 481/481/481
f 508/508/508 481/481/481 518/518/518
f 474/474/474 501/501/501 470/470/470
f 495/495/495 470/470/470 501/501/501
f 470/470/470 495/495/495 466/466/466
f 491/491/491 466/466/466 495/495/495
f 466/466/466 491/491/491 464/464/464
f 489/489/489 464/464/464 491/491/491
f 489/489/489 492/492/492 464/464/464
f 492/492/492 467/467/467 464/464/464
f 492/492/492 497/497/497 467/467/467
f 497/497/497 471/471/471 467/467/467
f 497/497/497 505/505/505 471/471/471
f 505/505/505 477/477/477 471/471/471
f 505/505/505 513/513/513 477/477/477
f 513/513/513 486/486/486 477/477/477
f 538/538/538 527/527/527 525/525/525
f 528/528/528 502/502/502 521/521/521
f 513/513/513 521/521/521 486/486/486
f 521/521/521 496/496/496 486/486/486
f 507/507/507 530/530/530 514/514/514
f 515/515/515 536/536/536 511/511/511
f 502/502/502 528/528/528 507/507/507
f 530/530/530 507/507/507 528/528/528
f 539/539/539 540/540/540 516/516/516
f 534/534/534 514/514/514 530/530/530
f 534/534/534 539/539/539 514/514/514
f 536/536/536 515/515/515 540/540/540
f 496/496/496 521/521/521 502/502/502
f 540/540/540 517/517/517 516/516/516
f 517/517/517 540/540/540 515/515/515
f 531/531/531 511/511/511 536/536/536
f 531/531/531 529/529/529 511/511/511
f 529/529/529 506/506/506 511/511/511
f 529/529/529 525/525/525 506/506/506
f 525/525/525 500/500/500 506/506/506
f 525/525/525 518/518/518 500/500/500
f 518/518/518 494/494/494 500/500/500
f 472/472/472 494/494/494 468/468/468
f 481/481/481 468/468/468 494/494/494
f 468/468/468 481/481/481 462/462/462
f 474/474/474 462/462/462 481/481/481
f 462/462/462 474/474/474 460/460/460
f 470/470/470 460/460/460 474/474/474
f 470/470/470 466/466/466 460/460/460
f 457/457/457 459/459/459 465/465/465
f 457/457/457 464/464/464 459/459/459
f 466/466/466 458/458/458 460/460/460
f 466/466/466 464/464/464 458/458/458
f 471/471/471 461/461/461 467/467/467
f 502/502/502 476/476/476 473/473/473
f 467/467/467 459/459/459 464/464/464
f 459/459/459 467/467/467 461/461/461
f 486/486/486 469/469/469 463/463/463
f 471/471/471 477/477/477 461/461/461
f 477/477/477 463/463/463 461/461/461
f 496/496/496 502/502/502 473/473/473
f 464/464/464 457/457/457 458/458/458
f 486/486/486 496/496/496 469/469/469
f 496/496/496 473/473/473 469/469/469
f 502/502/502 507/507/507 476/476/476
f 507/507/507 480/480/480 476/476/476
f 507/507/507 514/514/514 480/480/480
f 514/514/514 484/484/484 480/480/480
f 514/514/514 516/516/516 484/484/484
f 516/516/516 488/488/488 484/484/484
f 516/516/516 517/517/517 488/488/488
f 517/517/517 490/490/490 488/488/488
f 490/490/490 517/517/517 487/487/487
f 515/515/515 487/487/487 517/517/517
f 487/487/487 515/515/515 483/483/483
f 511/511/511 483/483/483 515/515/515
f 483/483/483 511/511/511 479/479/479
f 506/506/506 479/479/479 511/511/511
f 477/477/477 486/486/486 463/463/463
f 494/494/494 472/472/472 500/500/500
f 479/479/479 506/506/506 475/475/475
f 500/500/500 475/475/475 506/506/506
f 462/462/462 460/460/460 465/465/465
f 473/473/473 476/476/476 465/465/465
f 472/472/472 468/468/468 465/465/465
f 468/468/468 462/462/462 465/465/465
f 459/459/459 461/461/461 465/465/465
f 460/460/460 458/458/458 465/465/465
f 458/458/458 457/457/457 465/465/465
f 469/469/469 473/473/473 465/465/465
f 475/475/475 500/500/500 472/472/472
f 461/461/461 463/463/463 465/465/465
f 463/463/463 469/469/469 465/465/465
f 476/476/476 480/480/480 465/465/465
f 480/480/480 484/484/484 465/465/465
f 484/484/484 488/488/488 465/465/465
f 488/488/488 490/490/490 465/465/465
f 490/490/490 487/487/487 465/465/465
f 487/487/487 483/483/483 465/465/465
f 483/483/483 479/479/479 465/465/465
f 479/479/479 475/475/475 465/465/465
f 475/475/475 472/472/472 465/465/465
f 573/573/573 559/559/559 567/567/567
f 557/557/557 567/567/567 559/559/559
f 567/567/567 557/557/557 561/561/561
f 604/604/604 567/567/567 561/561/561
f 634/634/634 712/712/712 713/713/713
f 539/539/539 516/516/516 514/514/514
f 634/634/634 604/604/604 710/710/710
f 634/634/634 567/567/567 604/604/604
f 713/713/713 573/573/573 634/634/634
f 567/567/567 634/634/634 573/573/573
f 541/541/541 557/557/557 559/559/559
f 482/482/482 447/447/447 493/493/493
f 448/448/448 482/482/482 541/541/541
f 482/482/482 557/557/557 541/541/541
f 557/557/557 482/482/482 561/561/561
f 482/482/482 493/493/493 561/561/561
f 554/554/554 563/563/563 564/564/564
f 684/684/684 631/631/631 563/563/563
f 563/563/563 631/631/631 592/592/592
f 569/569/569 587/587/587 564/564/564
f 563/563/563 570/570/570 564/564/564
f 570/570/570 563/563/563 592/592/592
f 520/520/520 566/566/566 561/561/561
f 569/569/569 564/564/564 568/568/568
f 614/614/614 709/709/709 710/710/710
f 709/709/709 614/614/614 708/708/708
f 453/453/453 520/520/520 561/561/561
f 561/561/561 566/566/566 604/604/604
f 614/614/614 604/604/604 566/566/566
f 570/570/570 568/568/568 564/564/564
f 614/614/614 566/566/566 572/572/572
f 452/452/452 439/439/439 446/446/446
f 493/493/493 453/453/453 561/561/561
f 708/708/708 614/614/614 572/572/572
f 571/571/571 577/577/577 711/711/711
f 545/545/545 533/533/533 512/512/512
f 555/555/555 533/533/533 562/562/562
f 532/532/532 555/555/555 558/558/558
f 574/574/574 573/573/573 714/714/714
f 559/559/559 574/574/574 562/562/562
f 440/440/440 493/493/493 449/449/449
f 493/493/493 440/440/440 453/453/453
f 499/499/499 491/491/491 504/504/504
f 602/602/602 594/594/594 607/607/607
f 703/703/703 704/704/704 654/654/654
f 512/512/512 533/533/533 485/485/485
f 533/533/533 545/545/545 562/562/562
f 541/541/541 545/545/545 512/512/512
f 545/545/545 541/541/541 559/559/559
f 711/711/711 577/577/577 715/715/715
f 571/571/571 711/711/711 2173/2173/2173
f 571/571/571 560/560/560 558/558/558
f 532/532/532 533/533/533 555/555/555
f 577/577/577 574/574/574 715/715/715
f 555/555/555 577/577/577 558/558/558
f 577/577/577 571/571/571 558/558/558
f 559/559/559 573/573/573 574/574/574
f 573/573/573 713/713/713 714/714/714
f 545/545/545 559/559/559 562/562/562
f 533/533/533 532/532/532 485/485/485
f 576/576/576 571/571/571 2173/2173/2173
f 574/574/574 555/555/555 562/562/562
f 555/555/555 574/574/574 577/577/577
f 604/604/604 614/614/614 710/710/710
f 560/560/560 532/532/532 558/558/558
f 524/524/524 456/456/456 485/485/485
f 571/571/571 576/576/576 560/560/560
f 532/532/532 524/524/524 485/485/485
f 512/512/512 454/454/454 541/541/541
f 442/442/442 438/438/438 445/445/445
f 456/456/456 524/524/524 2161/2161/2161
f 433/433/433 431/431/431 446/446/446
f 560/560/560 524/524/524 532/532/532
f 431/431/431 438/438/438 2157/2157/2157
f 438/438/438 432/432/432 2157/2157/2157
f 456/456/456 2161/2161/2161 2159/2159/2159
f 438/438/438 434/434/434 445/445/445
f 434/434/434 438/438/438 431/431/431
f 435/435/435 443/443/443 445/445/445
f 442/442/442 432/432/432 438/438/438
f 439/439/439 436/436/436 446/446/446
f 433/433/433 446/446/446 436/436/436
f 712/712/712 634/634/634 710/710/710
f 443/443/443 435/435/435 441/441/441
f 434/434/434 435/435/435 445/445/445
f 451/451/451 454/454/454 485/485/485
f 541/541/541 454/454/454 448/448/448
f 454/454/454 512/512/512 485/485/485
f 443/443/443 454/454/454 451/451/451
f 443/443/443 441/441/441 448/448/448
f 443/443/443 451/451/451 445/445/445
f 454/454/454 443/443/443 448/448/448
f 565/565/565 2164/2164/2164 2168/2168/2168
f 437/437/437 450/450/450 2159/2159/2159
f 442/442/442 437/437/437 432/432/432
f 450/450/450 442/442/442 445/445/445
f 442/442/442 450/450/450 437/437/437
f 450/450/450 456/456/456 2159/2159/2159
f 451/451/451 450/450/450 445/445/445
f 456/456/456 451/451/451 485/485/485
f 451/451/451 456/456/456 450/450/450
f 2158/2158/2158 444/444/444 430/430/430
f 2158/2158/2158 455/455/455 444/444/444
f 2162/2162/2162 535/535/535 455/455/455
f 2158/2158/2158 2162/2162/2162 455/455/455
f 2164/2164/2164 565/565/565 535/535/535
f 2162/2162/2162 2164/2164/2164 535/535/535
f 430/430/430 444/444/444 446/446/446
f 2157/2157/2157 430/430/430 431/431/431
f 554/554/554 535/535/535 565/565/565
f 478/478/478 446/446/446 444/444/444
f 590/590/590 2168/2168/2168 2170/2170/2170
f 682/682/682 590/590/590 2170/2170/2170
f 431/431/431 430/430/430 446/446/446
f 563/563/563 590/590/590 682/682/682
f 563/563/563 565/565/565 590/590/590
f 444/444/444 455/455/455 478/478/478
f 590/590/590 565/565/565 2168/2168/2168
f 554/554/554 455/455/455 535/535/535
f 455/455/455 554/554/554 478/478/478
f 565/565/565 563/563/563 554/554/554
f 788/788/788 810/810/810 825/825/825
f 683/683/683 682/682/682 834/834/834
f 770/770/770 764/764/764 767/767/767
f 825/825/825 708/708/708 788/788/788
f 756/756/756 752/752/752 748/748/748
f 742/742/742 726/726/726 748/748/748
f 834/834/834 684/684/684 683/683/683
f 752/752/752 756/756/756 750/750/750
f 742/742/742 752/752/752 750/750/750
f 716/716/716 694/694/694 726/726/726
f 748/748/748 752/752/752 742/742/742
f 758/758/758 750/750/750 756/756/756
f 756/756/756 764/764/764 758/758/758
f 764/764/764 756/756/756 767/767/767
f 759/759/759 772/772/772 787/787/787
f 733/733/733 727/727/727 726/726/726
f 742/742/742 733/733/733 726/726/726
f 759/759/759 787/787/787 798/798/798
f 759/759/759 780/780/780 751/751/751
f 780/780/780 757/757/757 755/755/755
f 758/758/758 764/764/764 773/773/773
f 755/755/755 757/757/757 744/744/744
f 764/764/764 770/770/770 773/773/773
f 748/748/748 767/767/767 756/756/756
f 755/755/755 728/728/728 739/739/739
f 733/733/733 740/740/740 727/727/727
f 744/744/744 728/728/728 755/755/755
f 739/739/739 751/751/751 755/755/755
f 817/817/817 798/798/798 799/799/799
f 740/740/740 733/733/733 742/742/742
f 721/721/721 700/700/700 697/697/697
f 718/718/718 744/744/744 729/729/729
f 742/742/742 750/750/750 740/740/740
f 700/700/700 721/721/721 701/701/701
f 729/729/729 757/757/757 732/732/732
f 729/729/729 721/721/721 697/697/697
f 729/729/729 744/744/744 757/757/757
f 718/718/718 728/728/728 744/744/744
f 791/791/791 781/781/781 798/798/798
f 732/732/732 721/721/721 729/729/729
f 720/720/720 716/716/716 726/726/726
f 727/727/727 720/720/720 726/726/726
f 729/729/729 697/697/697 718/718/718
f 692/692/692 726/726/726 694/694/694
f 784/784/784 796/796/796 799/799/799
f 799/799/799 792/792/792 784/784/784
f 719/719/719 720/720/720 727/727/727
f 799/799/799 809/809/809 817/817/817
f 716/716/716 698/698/698 694/694/694
f 716/716/716 720/720/720 719/719/719
f 809/809/809 799/799/799 796/796/796
f 719/719/719 698/698/698 716/716/716
f 721/721/721 732/732/732 701/701/701
f 817/817/817 809/809/809 827/827/827
f 792/792/792 787/787/787 772/772/772
f 816/816/816 809/809/809 796/796/796
f 809/809/809 816/816/816 827/827/827
f 780/780/780 755/755/755 751/751/751
f 792/792/792 799/799/799 798/798/798
f 787/787/787 792/792/792 798/798/798
f 803/803/803 813/813/813 816/816/816
f 784/784/784 792/792/792 772/772/772
f 779/779/779 785/785/785 773/773/773
f 770/770/770 779/779/779 773/773/773
f 779/779/779 770/770/770 767/767/767
f 785/785/785 779/779/779 786/786/786
f 813/813/813 803/803/803 804/804/804
f 769/769/769 771/771/771 749/749/749
f 786/786/786 797/797/797 785/785/785
f 814/814/814 805/805/805 827/827/827
f 816/816/816 813/813/813 827/827/827
f 816/816/816 796/796/796 803/803/803
f 786/786/786 795/795/795 797/797/797
f 762/762/762 776/776/776 743/743/743
f 743/743/743 746/746/746 762/762/762
f 795/795/795 803/803/803 797/797/797
f 743/743/743 730/730/730 704/704/704
f 789/789/789 804/804/804 803/803/803
f 789/789/789 795/795/795 786/786/786
f 730/730/730 743/743/743 776/776/776
f 786/786/786 767/767/767 789/789/789
f 786/786/786 779/779/779 767/767/767
f 704/704/704 730/730/730 705/705/705
f 746/746/746 723/723/723 749/749/749
f 738/738/738 730/730/730 776/776/776
f 730/730/730 738/738/738 705/705/705
f 754/754/754 769/769/769 749/749/749
f 746/746/746 743/743/743 703/703/703
f 723/723/723 746/746/746 703/703/703
f 775/775/775 794/794/794 776/776/776
f 762/762/762 746/746/746 749/749/749
f 717/717/717 723/723/723 703/703/703
f 702/702/702 717/717/717 703/703/703
f 702/702/702 701/701/701 722/722/722
f 723/723/723 717/717/717 722/722/722
f 762/762/762 749/749/749 771/771/771
f 759/759/759 798/798/798 780/780/780
f 722/722/722 749/749/749 723/723/723
f 762/762/762 775/775/775 776/776/776
f 775/775/775 771/771/771 800/800/800
f 771/771/771 775/775/775 762/762/762
f 769/769/769 754/754/754 760/760/760
f 754/754/754 741/741/741 737/737/737
f 791/791/791 802/802/802 800/800/800
f 771/771/771 769/769/769 778/778/778
f 722/722/722 701/701/701 737/737/737
f 778/778/778 769/769/769 760/760/760
f 778/778/778 800/800/800 771/771/771
f 722/722/722 741/741/741 749/749/749
f 794/794/794 775/775/775 800/800/800
f 722/722/722 717/717/717 702/702/702
f 741/741/741 754/754/754 749/749/749
f 782/782/782 791/791/791 800/800/800
f 737/737/737 760/760/760 754/754/754
f 737/737/737 741/741/741 722/722/722
f 840/840/840 843/843/843 845/845/845
f 802/802/802 791/791/791 798/798/798
f 782/782/782 757/757/757 781/781/781
f 781/781/781 791/791/791 782/782/782
f 774/774/774 761/761/761 757/757/757
f 782/782/782 774/774/774 757/757/757
f 774/774/774 778/778/778 760/760/760
f 761/761/761 774/774/774 760/760/760
f 782/782/782 800/800/800 778/778/778
f 778/778/778 774/774/774 782/782/782
f 737/737/737 701/701/701 732/732/732
f 732/732/732 745/745/745 737/737/737
f 745/745/745 761/761/761 760/760/760
f 737/737/737 745/745/745 760/760/760
f 745/745/745 732/732/732 757/757/757
f 736/736/736 725/725/725 767/767/767
f 725/725/725 690/690/690 688/688/688
f 731/731/731 738/738/738 776/776/776
f 725/725/725 734/734/734 767/767/767
f 690/690/690 725/725/725 736/736/736
f 735/735/735 726/726/726 692/692/692
f 734/734/734 725/725/725 688/688/688
f 735/735/735 748/748/748 726/726/726
f 736/736/736 767/767/767 748/748/748
f 761/761/761 745/745/745 757/757/757
f 736/736/736 735/735/735 692/692/692
f 753/753/753 731/731/731 776/776/776
f 731/731/731 707/707/707 705/705/705
f 748/748/748 735/735/735 736/736/736
f 818/818/818 808/808/808 800/800/800
f 738/738/738 731/731/731 705/705/705
f 753/753/753 708/708/708 707/707/707
f 707/707/707 731/731/731 753/753/753
f 777/777/777 788/788/788 708/708/708
f 753/753/753 777/777/777 708/708/708
f 777/777/777 801/801/801 810/810/810
f 788/788/788 777/777/777 810/810/810
f 753/753/753 776/776/776 801/801/801
f 801/801/801 777/777/777 753/753/753
f 801/801/801 776/776/776 811/811/811
f 811/811/811 815/815/815 801/801/801
f 801/801/801 815/815/815 810/810/810
f 815/815/815 811/811/811 828/828/828
f 810/810/810 815/815/815 828/828/828
f 818/818/818 828/828/828 811/811/811
f 811/811/811 808/808/808 818/818/818
f 812/812/812 819/819/819 800/800/800
f 794/794/794 808/808/808 776/776/776
f 818/818/818 800/800/800 819/819/819
f 819/819/819 822/822/822 818/818/818
f 808/808/808 794/794/794 800/800/800
f 818/818/818 822/822/822 828/828/828
f 822/822/822 819/819/819 827/827/827
f 808/808/808 811/811/811 776/776/776
f 822/822/822 829/829/829 828/828/828
f 802/802/802 812/812/812 800/800/800
f 817/817/817 827/827/827 819/819/819
f 829/829/829 822/822/822 827/827/827
f 736/736/736 692/692/692 690/690/690
f 819/819/819 812/812/812 817/817/817
f 812/812/812 802/802/802 798/798/798
f 817/817/817 812/812/812 798/798/798
f 687/687/687 686/686/686 747/747/747
f 747/747/747 724/724/724 687/687/687
f 688/688/688 687/687/687 724/724/724
f 724/724/724 734/734/734 688/688/688
f 724/724/724 747/747/747 767/767/767
f 734/734/734 724/724/724 767/767/767
f 790/790/790 767/767/767 747/747/747
f 747/747/747 768/768/768 790/790/790
f 768/768/768 765/765/765 806/806/806
f 790/790/790 768/768/768 806/806/806
f 768/768/768 747/747/747 686/686/686
f 854/854/854 852/852/852 849/849/849
f 854/854/854 849/849/849 843/843/843
f 891/891/891 896/896/896 942/942/942
f 854/854/854 917/917/917 852/852/852
f 847/847/847 840/840/840 845/845/845
f 847/847/847 845/845/845 875/875/875
f 840/840/840 854/854/854 843/843/843
f 875/875/875 858/858/858 869/869/869
f 869/869/869 942/942/942 875/875/875
f 765/765/765 768/768/768 686/686/686
f 845/845/845 858/858/858 875/875/875
f 896/896/896 949/949/949 942/942/942
f 949/949/949 896/896/896 885/885/885
f 869/869/869 891/891/891 942/942/942
f 868/868/868 853/853/853 872/872/872
f 917/917/917 949/949/949 885/885/885
f 917/917/917 885/885/885 873/873/873
f 852/852/852 917/917/917 873/873/873
f 842/842/842 917/917/917 854/854/854
f 854/854/854 833/833/833 842/842/842
f 831/831/831 825/825/825 848/848/848
f 848/848/848 876/876/876 831/831/831
f 825/825/825 810/810/810 840/840/840
f 840/840/840 848/848/848 825/825/825
f 840/840/840 810/810/810 833/833/833
f 833/833/833 854/854/854 840/840/840
f 897/897/897 904/904/904 906/906/906
f 906/906/906 886/886/886 897/897/897
f 906/906/906 903/903/903 886/886/886
f 872/872/872 886/886/886 890/890/890
f 890/890/890 882/882/882 872/872/872
f 894/894/894 892/892/892 870/870/870
f 898/898/898 890/890/890 886/886/886
f 872/872/872 874/874/874 868/868/868
f 853/853/853 868/868/868 866/866/866
f 872/872/872 882/882/882 874/874/874
f 850/850/850 853/853/853 862/862/862
f 870/870/870 877/877/877 887/887/887
f 903/903/903 898/898/898 886/886/886
f 853/853/853 866/866/866 862/862/862
f 892/892/892 894/894/894 900/900/900
f 892/892/892 900/900/900 904/904/904
f 870/870/870 887/887/887 894/894/894
f 846/846/846 844/844/844 856/856/856
f 850/850/850 862/862/862 857/857/857
f 857/857/857 844/844/844 850/850/850
f 867/867/867 846/846/846 865/865/865
f 921/921/921 894/894/894 887/887/887
f 860/860/860 846/846/846 856/856/856
f 865/865/865 846/846/846 860/860/860
f 877/877/877 870/870/870 871/871/871
f 859/859/859 846/846/846 867/867/867
f 871/871/871 859/859/859 867/867/867
f 887/887/887 914/914/914 921/921/921
f 844/844/844 857/857/857 856/856/856
f 877/877/877 901/901/901 914/914/914
f 914/914/914 887/887/887 877/877/877
f 894/894/894 921/921/921 925/925/925
f 925/925/925 900/900/900 894/894/894
f 900/900/900 925/925/925 929/929/929
f 929/929/929 904/904/904 900/900/900
f 904/904/904 929/929/929 931/931/931
f 931/931/931 906/906/906 904/904/904
f 903/903/903 906/906/906 931/931/931
f 928/928/928 903/903/903 931/931/931
f 898/898/898 903/903/903 928/928/928
f 924/924/924 898/898/898 928/928/928
f 890/890/890 898/898/898 924/924/924
f 918/918/918 890/890/890 924/924/924
f 882/882/882 890/890/890 918/918/918
f 909/909/909 882/882/882 918/918/918
f 870/870/870 859/859/859 871/871/871
f 893/893/893 868/868/868 874/874/874
f 874/874/874 882/882/882 909/909/909
f 899/899/899 874/874/874 909/909/909
f 866/866/866 888/888/888 881/881/881
f 860/860/860 880/880/880 884/884/884
f 868/868/868 893/893/893 888/888/888
f 888/888/888 866/866/866 868/868/868
f 856/856/856 857/857/857 879/879/879
f 881/881/881 862/862/862 866/866/866
f 857/857/857 862/862/862 881/881/881
f 880/880/880 860/860/860 856/856/856
f 874/874/874 899/899/899 893/893/893
f 878/878/878 856/856/856 879/879/879
f 856/856/856 878/878/878 880/880/880
f 884/884/884 865/865/865 860/860/860
f 867/867/867 865/865/865 884/884/884
f 889/889/889 867/867/867 884/884/884
f 871/871/871 867/867/867 889/889/889
f 895/895/895 871/871/871 889/889/889
f 877/877/877 871/871/871 895/895/895
f 901/901/901 877/877/877 895/895/895
f 901/901/901 923/923/923 927/927/927
f 927/927/927 914/914/914 901/901/901
f 914/914/914 927/927/927 933/933/933
f 933/933/933 921/921/921 914/914/914
f 921/921/921 933/933/933 935/935/935
f 935/935/935 925/925/925 921/921/921
f 929/929/929 925/925/925 935/935/935
f 936/936/936 938/938/938 930/930/930
f 931/931/931 938/938/938 936/936/936
f 937/937/937 929/929/929 935/935/935
f 931/931/931 929/929/929 937/937/937
f 934/934/934 924/924/924 928/928/928
f 919/919/919 893/893/893 922/922/922
f 936/936/936 928/928/928 931/931/931
f 928/928/928 936/936/936 934/934/934
f 926/926/926 909/909/909 932/932/932
f 918/918/918 924/924/924 934/934/934
f 932/932/932 918/918/918 934/934/934
f 893/893/893 899/899/899 922/922/922
f 938/938/938 931/931/931 937/937/937
f 899/899/899 909/909/909 926/926/926
f 922/922/922 899/899/899 926/926/926
f 888/888/888 893/893/893 919/919/919
f 915/915/915 888/888/888 919/919/919
f 881/881/881 888/888/888 915/915/915
f 911/911/911 881/881/881 915/915/915
f 879/879/879 881/881/881 911/911/911
f 907/907/907 879/879/879 911/911/911
f 878/878/878 879/879/879 907/907/907
f 905/905/905 878/878/878 907/907/907
f 878/878/878 905/905/905 908/908/908
f 908/908/908 880/880/880 878/878/878
f 880/880/880 908/908/908 912/912/912
f 912/912/912 884/884/884 880/880/880
f 884/884/884 912/912/912 916/916/916
f 916/916/916 889/889/889 884/884/884
f 909/909/909 918/918/918 932/932/932
f 923/923/923 901/901/901 895/895/895
f 889/889/889 916/916/916 920/920/920
f 920/920/920 895/895/895 889/889/889
f 935/935/935 933/933/933 930/930/930
f 919/919/919 922/922/922 930/930/930
f 927/927/927 923/923/923 930/930/930
f 933/933/933 927/927/927 930/930/930
f 934/934/934 936/936/936 930/930/930
f 937/937/937 935/935/935 930/930/930
f 938/938/938 937/937/937 930/930/930
f 922/922/922 926/926/926 930/930/930
f 895/895/895 920/920/920 923/923/923
f 932/932/932 934/934/934 930/930/930
f 926/926/926 932/932/932 930/930/930
f 915/915/915 919/919/919 930/930/930
f 911/911/911 915/915/915 930/930/930
f 907/907/907 911/911/911 930/930/930
f 905/905/905 907/907/907 930/930/930
f 908/908/908 905/905/905 930/930/930
f 912/912/912 908/908/908 930/930/930
f 916/916/916 912/912/912 930/930/930
f 920/920/920 916/916/916 930/930/930
f 923/923/923 920/920/920 930/930/930
f 837/837/837 824/824/824 830/830/830
f 830/830/830 839/839/839 837/837/837
f 839/839/839 830/830/830 836/836/836
f 830/830/830 793/793/793 836/836/836
f 712/712/712 763/763/763 713/713/713
f 879/879/879 857/857/857 881/881/881
f 793/793/793 763/763/763 710/710/710
f 830/830/830 763/763/763 793/793/793
f 824/824/824 713/713/713 763/763/763
f 763/763/763 830/830/830 824/824/824
f 839/839/839 855/855/855 837/837/837
f 946/946/946 913/913/913 902/902/902
f 913/913/913 947/947/947 855/855/855
f 839/839/839 913/913/913 855/855/855
f 913/913/913 839/839/839 836/836/836
f 902/902/902 913/913/913 836/836/836
f 834/834/834 842/842/842 833/833/833
f 766/766/766 684/684/684 834/834/834
f 766/766/766 834/834/834 805/805/805
f 810/810/810 828/828/828 833/833/833
f 827/827/827 834/834/834 833/833/833
f 834/834/834 827/827/827 805/805/805
f 831/831/831 876/876/876 836/836/836
f 833/833/833 828/828/828 829/829/829
f 709/709/709 783/783/783 710/710/710
f 783/783/783 709/709/709 708/708/708
f 876/876/876 943/943/943 836/836/836
f 831/831/831 836/836/836 793/793/793
f 793/793/793 783/783/783 831/831/831
f 829/829/829 827/827/827 833/833/833
f 831/831/831 783/783/783 825/825/825
f 954/954/954 942/942/942 949/949/949
f 943/943/943 902/902/902 836/836/836
f 783/783/783 708/708/708 825/825/825
f 820/820/820 826/826/826 711/711/711
f 863/863/863 851/851/851 883/883/883
f 863/863/863 841/841/841 835/835/835
f 841/841/841 864/864/864 838/838/838
f 824/824/824 823/823/823 714/714/714
f 823/823/823 837/837/837 835/835/835
f 902/902/902 955/955/955 948/948/948
f 955/955/955 902/902/902 943/943/943
f 904/904/904 897/897/897 892/892/892
f 803/803/803 795/795/795 789/789/789
f 704/704/704 703/703/703 743/743/743
f 863/863/863 883/883/883 910/910/910
f 851/851/851 863/863/863 835/835/835
f 851/851/851 855/855/855 883/883/883
f 855/855/855 851/851/851 837/837/837
f 820/820/820 711/711/711 715/715/715
f 711/711/711 826/826/826 2173/2173/2173
f 2177/2177/2177 826/826/826 838/838/838
f 863/863/863 864/864/864 841/841/841
f 823/823/823 820/820/820 715/715/715
f 820/820/820 841/841/841 838/838/838
f 826/826/826 820/820/820 838/838/838
f 824/824/824 837/837/837 823/823/823
f 713/713/713 824/824/824 714/714/714
f 837/837/837 851/851/851 835/835/835
f 864/864/864 863/863/863 910/910/910
f 826/826/826 821/821/821 2173/2173/2173
f 841/841/841 823/823/823 835/835/835
f 823/823/823 841/841/841 820/820/820
f 783/783/783 793/793/793 710/710/710
f 864/864/864 2177/2177/2177 838/838/838
f 939/939/939 2180/2180/2180 910/910/910
f 821/821/821 826/826/826 2177/2177/2177
f 2180/2180/2180 864/864/864 910/910/910
f 941/941/941 883/883/883 855/855/855
f 957/957/957 953/953/953 950/950/950
f 2180/2180/2180 939/939/939 2183/2183/2183
f 962/962/962 960/960/960 949/949/949
f 2180/2180/2180 2177/2177/2177 864/864/864
f 957/957/957 962/962/962 2191/2191/2191
f 2190/2190/2190 957/957/957 2191/2191/2191
f 2183/2183/2183 939/939/939 2185/2185/2185
f 961/961/961 957/957/957 950/950/950
f 957/957/957 961/961/961 962/962/962
f 952/952/952 958/958/958 950/950/950
f 2190/2190/2190 953/953/953 957/957/957
f 959/959/959 954/954/954 949/949/949
f 949/949/949 960/960/960 959/959/959
f 763/763/763 712/712/712 710/710/710
f 958/958/958 952/952/952 956/956/956
f 958/958/958 961/961/961 950/950/950
f 941/941/941 944/944/944 910/910/910
f 941/941/941 855/855/855 947/947/947
f 883/883/883 941/941/941 910/910/910
f 941/941/941 952/952/952 944/944/944
f 956/956/956 952/952/952 947/947/947
f 944/944/944 952/952/952 950/950/950
f 952/952/952 941/941/941 947/947/947
f 2179/2179/2179 832/832/832 2174/2174/2174
f 945/945/945 2187/2187/2187 2185/2185/2185
f 2187/2187/2187 953/953/953 2190/2190/2190
f 953/953/953 945/945/945 950/950/950
f 945/945/945 953/953/953 2187/2187/2187
f 939/939/939 945/945/945 2185/2185/2185
f 945/945/945 944/944/944 950/950/950
f 944/944/944 939/939/939 910/910/910
f 939/939/939 944/944/944 945/945/945
f 951/951/951 2186/2186/2186 2194/2194/2194
f 940/940/940 2186/2186/2186 951/951/951
f 861/861/861 2182/2182/2182 940/940/940
f 2182/2182/2182 2186/2186/2186 940/940/940
f 832/832/832 2179/2179/2179 861/861/861
f 2179/2179/2179 2182/2182/2182 861/861/861
f 951/951/951 2194/2194/2194 949/949/949
f 2194/2194/2194 2191/2191/2191 962/962/962
f 861/861/861 842/842/842 832/832/832
f 949/949/949 917/917/917 951/951/951
f 2174/2174/2174 807/807/807 2170/2170/2170
f 807/807/807 682/682/682 2170/2170/2170
f 2194/2194/2194 962/962/962 949/949/949
f 807/807/807 834/834/834 682/682/682
f 832/832/832 834/834/834 807/807/807
f 940/940/940 951/951/951 917/917/917
f 832/832/832 807/807/807 2174/2174/2174
f 940/940/940 842/842/842 861/861/861
f 842/842/842 940/940/940 917/917/917
f 834/834/834 832/832/832 842/842/842
f 1241/1241/1241 1209/1209/1209 1246/1246/1246
f 1303/1303/1303 1274/1274/1274 1283/1283/1283
f 1274/1274/1274 1246/1246/1246 1283/1283/1283
f 1208/1208/1208 1242/1242/1242 1245/1245/1245
f 1276/1276/1276 1245/1245/1245 1242/1242/1242
f 1274/1274/1274 1241/1241/1241 1246/1246/1246
f 1220/1220/1220 1193/1193/1193 1209/1209/1209
f 1220/1220/1220 1206/1206/1206 1193/1193/1193
f 1219/1219/1219 1207/1207/1207 1242/1242/1242
f 1241/1241/1241 1220/1220/1220 1209/1209/1209
f 1206/1206/1206 1189/1189/1189 1193/1193/1193
f 1206/1206/1206 1205/1205/1205 1189/1189/1189
f 1761/1761/1761 1808/1808/1808 1847/1847/1847
f 1281/1281/1281 1308/1308/1308 1324/1324/1324
f 1349/1349/1349 1324/1324/1324 1308/1308/1308
f 1303/1303/1303 1283/1283/1283 1343/1343/1343
f 1308/1308/1308 1281/1281/1281 1276/1276/1276
f 1324/1324/1324 1349/1349/1349 1392/1392/1392
f 1396/1396/1396 1392/1392/1392 1349/1349/1349
f 1205/1205/1205 1219/1219/1219 1190/1190/1190
f 1242/1242/1242 1208/1208/1208 1194/1194/1194
f 1823/1823/1823 1761/1761/1761 1847/1847/1847
f 1219/1219/1219 1194/1194/1194 1190/1190/1190
f 1219/1219/1219 1242/1242/1242 1194/1194/1194
f 1205/1205/1205 1190/1190/1190 1189/1189/1189
f 1308/1308/1308 1318/1318/1318 1349/1349/1349
f 1236/1236/1236 1234/1234/1234 1213/1213/1213
f 1443/1443/1443 1416/1416/1416 1415/1415/1415
f 1204/1204/1204 1220/1220/1220 1241/1241/1241
f 1234/1234/1234 1236/1236/1236 1275/1275/1275
f 1279/1279/1279 1275/1275/1275 1236/1236/1236
f 1207/1207/1207 1213/1213/1213 1234/1234/1234
f 1198/1198/1198 1206/1206/1206 1220/1220/1220
f 1205/1205/1205 1199/1199/1199 1219/1219/1219
f 1207/1207/1207 1219/1219/1219 1199/1199/1199
f 1204/1204/1204 1198/1198/1198 1220/1220/1220
f 1226/1226/1226 1241/1241/1241 1271/1271/1271
f 1226/1226/1226 1204/1204/1204 1241/1241/1241
f 1213/1213/1213 1207/1207/1207 1202/1202/1202
f 1383/1383/1383 1432/1432/1432 1349/1349/1349
f 1445/1445/1445 1415/1415/1415 1396/1396/1396
f 1445/1445/1445 1443/1443/1443 1415/1415/1415
f 1383/1383/1383 1349/1349/1349 1318/1318/1318
f 1275/1275/1275 1318/1318/1318 1276/1276/1276
f 1318/1318/1318 1308/1308/1308 1276/1276/1276
f 1199/1199/1199 1202/1202/1202 1207/1207/1207
f 1201/1201/1201 1198/1198/1198 1211/1211/1211
f 1198/1198/1198 1201/1201/1201 1199/1199/1199
f 1432/1432/1432 1396/1396/1396 1349/1349/1349
f 1432/1432/1432 1445/1445/1445 1396/1396/1396
f 1202/1202/1202 1199/1199/1199 1201/1201/1201
f 1909/1909/1909 1910/1910/1910 1922/1922/1922
f 1920/1920/1920 1922/1922/1922 1910/1910/1910
f 1905/1905/1905 1909/1909/1909 1917/1917/1917
f 1865/1865/1865 1810/1810/1810 1830/1830/1830
f 1867/1867/1867 1891/1891/1891 1865/1865/1865
f 1917/1917/1917 1903/1903/1903 1905/1905/1905
f 1883/1883/1883 1867/1867/1867 1850/1850/1850
f 1802/1802/1802 1781/1781/1781 1824/1824/1824
f 1825/1825/1825 1851/1851/1851 1803/1803/1803
f 1922/1922/1922 1917/1917/1917 1909/1909/1909
f 1795/1795/1795 1813/1813/1813 1837/1837/1837
f 1831/1831/1831 1803/1803/1803 1851/1851/1851
f 1891/1891/1891 1905/1905/1905 1903/1903/1903
f 1880/1880/1880 1913/1913/1913 1885/1885/1885
f 1910/1910/1910 1899/1899/1899 1920/1920/1920
f 1913/1913/1913 1920/1920/1920 1899/1899/1899
f 1897/1897/1897 1883/1883/1883 1892/1892/1892
f 1908/1908/1908 1912/1912/1912 1905/1905/1905
f 1899/1899/1899 1885/1885/1885 1913/1913/1913
f 1845/1845/1845 1885/1885/1885 1890/1890/1890
f 1864/1864/1864 1837/1837/1837 1846/1846/1846
f 1903/1903/1903 1865/1865/1865 1891/1891/1891
f 1864/1864/1864 1845/1845/1845 1890/1890/1890
f 1813/1813/1813 1846/1846/1846 1837/1837/1837
f 1821/1821/1821 1795/1795/1795 1837/1837/1837
f 1867/1867/1867 1830/1830/1830 1850/1850/1850
f 1417/1417/1417 1416/1416/1416 1372/1372/1372
f 1343/1343/1343 1323/1323/1323 1398/1398/1398
f 1323/1323/1323 1343/1343/1343 1283/1283/1283
f 1416/1416/1416 1417/1417/1417 1415/1415/1415
f 1392/1392/1392 1396/1396/1396 1426/1426/1426
f 1415/1415/1415 1426/1426/1426 1396/1396/1396
f 1245/1245/1245 1276/1276/1276 1281/1281/1281
f 1234/1234/1234 1242/1242/1242 1207/1207/1207
f 1234/1234/1234 1275/1275/1275 1242/1242/1242
f 1398/1398/1398 1372/1372/1372 1416/1416/1416
f 1372/1372/1372 1398/1398/1398 1323/1323/1323
f 1275/1275/1275 1276/1276/1276 1242/1242/1242
f 1426/1426/1426 1415/1415/1415 1417/1417/1417
f 1891/1891/1891 1867/1867/1867 1897/1897/1897
f 1816/1816/1816 1807/1807/1807 1782/1782/1782
f 1778/1778/1778 1782/1782/1782 1807/1807/1807
f 1897/1897/1897 1908/1908/1908 1891/1891/1891
f 1905/1905/1905 1891/1891/1891 1908/1908/1908
f 1883/1883/1883 1897/1897/1897 1867/1867/1867
f 1812/1812/1812 1824/1824/1824 1781/1781/1781
f 1807/1807/1807 1812/1812/1812 1778/1778/1778
f 1305/1305/1305 1311/1311/1311 1382/1382/1382
f 1816/1816/1816 1782/1782/1782 1821/1821/1821
f 1782/1782/1782 1795/1795/1795 1821/1821/1821
f 1781/1781/1781 1778/1778/1778 1812/1812/1812
f 1206/1206/1206 1198/1198/1198 1205/1205/1205
f 1847/1847/1847 1808/1808/1808 1884/1884/1884
f 1808/1808/1808 1848/1848/1848 1884/1884/1884
f 1874/1874/1874 1862/1862/1862 1847/1847/1847
f 1702/1702/1702 1742/1742/1742 1754/1754/1754
f 1702/1702/1702 1696/1696/1696 1742/1742/1742
f 1785/1785/1785 1827/1827/1827 1806/1806/1806
f 1797/1797/1797 1754/1754/1754 1784/1784/1784
f 1771/1771/1771 1820/1820/1820 1809/1809/1809
f 1771/1771/1771 1754/1754/1754 1820/1820/1820
f 1823/1823/1823 1847/1847/1847 1862/1862/1862
f 1849/1849/1849 1809/1809/1809 1820/1820/1820
f 1754/1754/1754 1797/1797/1797 1820/1820/1820
f 1735/1735/1735 1696/1696/1696 1730/1730/1730
f 1785/1785/1785 1806/1806/1806 1766/1766/1766
f 1745/1745/1745 1713/1713/1713 1767/1767/1767
f 1737/1737/1737 1767/1767/1767 1713/1713/1713
f 1730/1730/1730 1691/1691/1691 1733/1733/1733
f 1713/1713/1713 1745/1745/1745 1694/1694/1694
f 1737/1737/1737 1785/1785/1785 1766/1766/1766
f 1726/1726/1726 1771/1771/1771 1761/1761/1761
f 1712/1712/1712 1702/1702/1702 1754/1754/1754
f 1696/1696/1696 1735/1735/1735 1742/1742/1742
f 1726/1726/1726 1712/1712/1712 1771/1771/1771
f 1712/1712/1712 1754/1754/1754 1771/1771/1771
f 1809/1809/1809 1761/1761/1761 1771/1771/1771
f 1855/1855/1855 1858/1858/1858 1827/1827/1827
f 1235/1235/1235 1225/1225/1225 1255/1255/1255
f 1468/1468/1468 1450/1450/1450 1459/1459/1459
f 1450/1450/1450 1468/1468/1468 1435/1435/1435
f 1225/1225/1225 1240/1240/1240 1255/1255/1255
f 1240/1240/1240 1225/1225/1225 1239/1239/1239
f 1235/1235/1235 1255/1255/1255 1272/1272/1272
f 1438/1438/1438 1351/1351/1351 1399/1399/1399
f 1351/1351/1351 1332/1332/1332 1399/1399/1399
f 1466/1466/1466 1438/1438/1438 1435/1435/1435
f 1459/1459/1459 1442/1442/1442 1434/1434/1434
f 1442/1442/1442 1459/1459/1459 1450/1450/1450
f 1467/1467/1467 1435/1435/1435 1468/1468/1468
f 1261/1261/1261 1235/1235/1235 1272/1272/1272
f 1872/1872/1872 1871/1871/1871 1858/1858/1858
f 1877/1877/1877 1862/1862/1862 1881/1881/1881
f 1862/1862/1862 1874/1874/1874 1881/1881/1881
f 1855/1855/1855 1872/1872/1872 1858/1858/1858
f 1827/1827/1827 1839/1839/1839 1806/1806/1806
f 1839/1839/1839 1827/1827/1827 1858/1858/1858
f 1262/1262/1262 1272/1272/1272 1291/1291/1291
f 1351/1351/1351 1291/1291/1291 1332/1332/1332
f 1291/1291/1291 1298/1298/1298 1332/1332/1332
f 1872/1872/1872 1877/1877/1877 1871/1871/1871
f 1877/1877/1877 1881/1881/1881 1871/1871/1871
f 1298/1298/1298 1291/1291/1291 1272/1272/1272
f 1871/1871/1871 1893/1893/1893 1887/1887/1887
f 1839/1839/1839 1858/1858/1858 1870/1870/1870
f 1858/1858/1858 1887/1887/1887 1870/1870/1870
f 1766/1766/1766 1806/1806/1806 1814/1814/1814
f 1839/1839/1839 1870/1870/1870 1842/1842/1842
f 1858/1858/1858 1871/1871/1871 1887/1887/1887
f 1735/1735/1735 1777/1777/1777 1742/1742/1742
f 1768/1768/1768 1730/1730/1730 1770/1770/1770
f 1745/1745/1745 1787/1787/1787 1733/1733/1733
f 1777/1777/1777 1735/1735/1735 1768/1768/1768
f 1730/1730/1730 1768/1768/1768 1735/1735/1735
f 1784/1784/1784 1742/1742/1742 1777/1777/1777
f 1767/1767/1767 1815/1815/1815 1745/1745/1745
f 1443/1443/1443 1429/1429/1429 1416/1416/1416
f 1429/1429/1429 1398/1398/1398 1416/1416/1416
f 1366/1366/1366 1307/1307/1307 1343/1343/1343
f 1199/1199/1199 1205/1205/1205 1198/1198/1198
f 1429/1429/1429 1366/1366/1366 1398/1398/1398
f 1366/1366/1366 1343/1343/1343 1398/1398/1398
f 1303/1303/1303 1307/1307/1307 1274/1274/1274
f 1806/1806/1806 1842/1842/1842 1814/1814/1814
f 1806/1806/1806 1839/1839/1839 1842/1842/1842
f 1271/1271/1271 1274/1274/1274 1307/1307/1307
f 1274/1274/1274 1271/1271/1271 1241/1241/1241
f 1307/1307/1307 1303/1303/1303 1343/1343/1343
f 1788/1788/1788 1745/1745/1745 1815/1815/1815
f 1847/1847/1847 1884/1884/1884 1894/1894/1894
f 1849/1849/1849 1820/1820/1820 1834/1834/1834
f 1820/1820/1820 1801/1801/1801 1834/1834/1834
f 1874/1874/1874 1847/1847/1847 1894/1894/1894
f 1881/1881/1881 1898/1898/1898 1893/1893/1893
f 1881/1881/1881 1874/1874/1874 1898/1898/1898
f 1694/1694/1694 1733/1733/1733 1691/1691/1691
f 1733/1733/1733 1694/1694/1694 1745/1745/1745
f 1691/1691/1691 1730/1730/1730 1696/1696/1696
f 1884/1884/1884 1848/1848/1848 1869/1869/1869
f 1848/1848/1848 1835/1835/1835 1869/1869/1869
f 1742/1742/1742 1784/1784/1784 1754/1754/1754
f 1874/1874/1874 1894/1894/1894 1898/1898/1898
f 1784/1784/1784 1792/1792/1792 1801/1801/1801
f 1777/1777/1777 1792/1792/1792 1784/1784/1784
f 1797/1797/1797 1801/1801/1801 1820/1820/1820
f 1733/1733/1733 1770/1770/1770 1730/1730/1730
f 1770/1770/1770 1733/1733/1733 1787/1787/1787
f 1871/1871/1871 1881/1881/1881 1893/1893/1893
f 1787/1787/1787 1800/1800/1800 1794/1794/1794
f 1768/1768/1768 1794/1794/1794 1777/1777/1777
f 1770/1770/1770 1794/1794/1794 1768/1768/1768
f 1797/1797/1797 1784/1784/1784 1801/1801/1801
f 1792/1792/1792 1777/1777/1777 1794/1794/1794
f 1770/1770/1770 1787/1787/1787 1794/1794/1794
f 1886/1886/1886 1892/1892/1892 1883/1883/1883
f 1960/1960/1960 1941/1941/1941 1930/1930/1930
f 1961/1961/1961 1978/1978/1978 1941/1941/1941
f 1642/1642/1642 1650/1650/1650 1661/1661/1661
f 1895/1895/1895 1930/1930/1930 1941/1941/1941
f 1978/1978/1978 1949/1949/1949 1941/1941/1941
f 1978/1978/1978 1979/1979/1979 1949/1949/1949
f 1637/1637/1637 1655/1655/1655 1642/1642/1642
f 1643/1643/1643 1689/1689/1689 1679/1679/1679
f 1689/1689/1689 1711/1711/1711 1679/1679/1679
f 1650/1650/1650 1642/1642/1642 1655/1655/1655
f 1639/1639/1639 1661/1661/1661 1682/1682/1682
f 1639/1639/1639 1642/1642/1642 1661/1661/1661
f 1779/1779/1779 1776/1776/1776 1711/1711/1711
f 1674/1674/1674 1634/1634/1634 1648/1648/1648
f 1616/1616/1616 1574/1574/1574 1634/1634/1634
f 1574/1574/1574 1616/1616/1616 1564/1564/1564
f 1674/1674/1674 1648/1648/1648 1706/1706/1706
f 1791/1791/1791 1902/1902/1902 1721/1721/1721
f 1783/1783/1783 1721/1721/1721 1902/1902/1902
f 1779/1779/1779 1930/1930/1930 1776/1776/1776
f 1930/1930/1930 1895/1895/1895 1776/1776/1776
f 1689/1689/1689 1779/1779/1779 1711/1711/1711
f 1634/1634/1634 1603/1603/1603 1648/1648/1648
f 1603/1603/1603 1634/1634/1634 1574/1574/1574
f 1609/1609/1609 1655/1655/1655 1627/1627/1627
f 1655/1655/1655 1637/1637/1637 1680/1680/1680
f 1796/1796/1796 1783/1783/1783 1902/1902/1902
f 1783/1783/1783 1716/1716/1716 1721/1721/1721
f 1935/1935/1935 1902/1902/1902 1942/1942/1942
f 1954/1954/1954 1979/1979/1979 1950/1950/1950
f 1980/1980/1980 1950/1950/1950 1979/1979/1979
f 1962/1962/1962 1935/1935/1935 1942/1942/1942
f 1632/1632/1632 1618/1618/1618 1629/1629/1629
f 1647/1647/1647 1628/1628/1628 1632/1632/1632
f 1579/1579/1579 1619/1619/1619 1575/1575/1575
f 1935/1935/1935 1796/1796/1796 1902/1902/1902
f 1619/1619/1619 1632/1632/1632 1628/1628/1628
f 1628/1628/1628 1575/1575/1575 1619/1619/1619
f 1962/1962/1962 1942/1942/1942 1980/1980/1980
f 1682/1682/1682 1661/1661/1661 1634/1634/1634
f 1716/1716/1716 1674/1674/1674 1721/1721/1721
f 1716/1716/1716 1682/1682/1682 1674/1674/1674
f 1644/1644/1644 1680/1680/1680 1637/1637/1637
f 1979/1979/1979 1954/1954/1954 1949/1949/1949
f 1682/1682/1682 1634/1634/1634 1674/1674/1674
f 1661/1661/1661 1650/1650/1650 1616/1616/1616
f 1650/1650/1650 1602/1602/1602 1616/1616/1616
f 1950/1950/1950 1980/1980/1980 1942/1942/1942
f 1661/1661/1661 1616/1616/1616 1634/1634/1634
f 1602/1602/1602 1650/1650/1650 1609/1609/1609
f 1655/1655/1655 1609/1609/1609 1650/1650/1650
f 1698/1698/1698 1762/1762/1762 1793/1793/1793
f 1865/1865/1865 1932/1932/1932 1793/1793/1793
f 1955/1955/1955 1904/1904/1904 1972/1972/1972
f 1811/1811/1811 1793/1793/1793 1762/1762/1762
f 1810/1810/1810 1865/1865/1865 1793/1793/1793
f 1763/1763/1763 1699/1699/1699 1746/1746/1746
f 1949/1949/1949 1954/1954/1954 1911/1911/1911
f 1954/1954/1954 1926/1926/1926 1911/1911/1911
f 1941/1941/1941 1949/1949/1949 1844/1844/1844
f 1918/1918/1918 1972/1972/1972 1904/1904/1904
f 1866/1866/1866 1904/1904/1904 1933/1933/1933
f 1904/1904/1904 1955/1955/1955 1933/1933/1933
f 1914/1914/1914 1880/1880/1880 1958/1958/1958
f 1665/1665/1665 1746/1746/1746 1699/1699/1699
f 1923/1923/1923 1921/1921/1921 1976/1976/1976
f 1921/1921/1921 1974/1974/1974 1976/1976/1976
f 1705/1705/1705 1772/1772/1772 1671/1671/1671
f 1852/1852/1852 1896/1896/1896 1900/1900/1900
f 1822/1822/1822 1772/1772/1772 1805/1805/1805
f 1880/1880/1880 1937/1937/1937 1958/1958/1958
f 1880/1880/1880 1822/1822/1822 1937/1937/1937
f 1914/1914/1914 1958/1958/1958 1974/1974/1974
f 1918/1918/1918 1923/1923/1923 1972/1972/1972
f 1923/1923/1923 1976/1976/1976 1972/1972/1972
f 1921/1921/1921 1914/1914/1914 1974/1974/1974
f 1949/1949/1949 1911/1911/1911 1844/1844/1844
f 1567/1567/1567 1609/1609/1609 1594/1594/1594
f 1602/1602/1602 1564/1564/1564 1616/1616/1616
f 1564/1564/1564 1602/1602/1602 1567/1567/1567
f 1895/1895/1895 1756/1756/1756 1701/1701/1701
f 1902/1902/1902 1791/1791/1791 1942/1942/1942
f 1609/1609/1609 1567/1567/1567 1602/1602/1602
f 1594/1594/1594 1627/1627/1627 1633/1633/1633
f 1664/1664/1664 1633/1633/1633 1627/1627/1627
f 1721/1721/1721 1674/1674/1674 1706/1706/1706
f 1627/1627/1627 1594/1594/1594 1609/1609/1609
f 1633/1633/1633 1664/1664/1664 1686/1686/1686
f 1701/1701/1701 1686/1686/1686 1664/1664/1664
f 1776/1776/1776 1895/1895/1895 1701/1701/1701
f 1950/1950/1950 1919/1919/1919 1954/1954/1954
f 1919/1919/1919 1950/1950/1950 1882/1882/1882
f 1711/1711/1711 1664/1664/1664 1680/1680/1680
f 1926/1926/1926 1954/1954/1954 1919/1919/1919
f 1942/1942/1942 1882/1882/1882 1950/1950/1950
f 1882/1882/1882 1942/1942/1942 1791/1791/1791
f 1776/1776/1776 1701/1701/1701 1711/1711/1711
f 1895/1895/1895 1941/1941/1941 1756/1756/1756
f 1941/1941/1941 1844/1844/1844 1756/1756/1756
f 1664/1664/1664 1711/1711/1711 1701/1701/1701
f 1680/1680/1680 1627/1627/1627 1655/1655/1655
f 1627/1627/1627 1680/1680/1680 1664/1664/1664
f 1507/1507/1507 1524/1524/1524 1543/1543/1543
f 1504/1504/1504 1524/1524/1524 1497/1497/1497
f 1838/1838/1838 1821/1821/1821 1837/1837/1837
f 1829/1829/1829 1816/1816/1816 1838/1838/1838
f 1486/1486/1486 1490/1490/1490 1497/1497/1497
f 1490/1490/1490 1504/1504/1504 1497/1497/1497
f 1508/1508/1508 1497/1497/1497 1524/1524/1524
f 1833/1833/1833 1812/1812/1812 1807/1807/1807
f 1829/1829/1829 1807/1807/1807 1816/1816/1816
f 1829/1829/1829 1833/1833/1833 1807/1807/1807
f 1838/1838/1838 1837/1837/1837 1868/1868/1868
f 1837/1837/1837 1864/1864/1864 1868/1868/1868
f 1816/1816/1816 1821/1821/1821 1838/1838/1838
f 1245/1245/1245 1253/1253/1253 1208/1208/1208
f 1470/1470/1470 1472/1472/1472 1481/1481/1481
f 1489/1489/1489 1484/1484/1484 1482/1482/1482
f 1482/1482/1482 1493/1493/1493 1489/1489/1489
f 1481/1481/1481 1485/1485/1485 1470/1470/1470
f 1476/1476/1476 1485/1485/1485 1486/1486/1486
f 1485/1485/1485 1490/1490/1490 1486/1486/1486
f 1214/1214/1214 1208/1208/1208 1253/1253/1253
f 1194/1194/1194 1195/1195/1195 1190/1190/1190
f 1194/1194/1194 1208/1208/1208 1195/1195/1195
f 1484/1484/1484 1481/1481/1481 1472/1472/1472
f 1472/1472/1472 1482/1482/1482 1484/1484/1484
f 1208/1208/1208 1214/1214/1214 1195/1195/1195
f 1910/1910/1910 1909/1909/1909 1912/1912/1912
f 1852/1852/1852 1868/1868/1868 1896/1896/1896
f 1853/1853/1853 1838/1838/1838 1868/1868/1868
f 1851/1851/1851 1825/1825/1825 1843/1843/1843
f 1896/1896/1896 1890/1890/1890 1906/1906/1906
f 1854/1854/1854 1829/1829/1829 1838/1838/1838
f 1854/1854/1854 1833/1833/1833 1829/1829/1829
f 1883/1883/1883 1850/1850/1850 1886/1886/1886
f 1892/1892/1892 1908/1908/1908 1897/1897/1897
f 1892/1892/1892 1900/1900/1900 1908/1908/1908
f 1860/1860/1860 1886/1886/1886 1850/1850/1850
f 1824/1824/1824 1812/1812/1812 1833/1833/1833
f 1861/1861/1861 1851/1851/1851 1843/1843/1843
f 1900/1900/1900 1915/1915/1915 1912/1912/1912
f 1899/1899/1899 1910/1910/1910 1915/1915/1915
f 1896/1896/1896 1868/1868/1868 1890/1890/1890
f 1864/1864/1864 1890/1890/1890 1868/1868/1868
f 1906/1906/1906 1899/1899/1899 1915/1915/1915
f 1909/1909/1909 1905/1905/1905 1912/1912/1912
f 1915/1915/1915 1910/1910/1910 1912/1912/1912
f 1900/1900/1900 1896/1896/1896 1915/1915/1915
f 1906/1906/1906 1915/1915/1915 1896/1896/1896
f 1912/1912/1912 1908/1908/1908 1900/1900/1900
f 1890/1890/1890 1885/1885/1885 1906/1906/1906
f 1885/1885/1885 1899/1899/1899 1906/1906/1906
f 1843/1843/1843 1824/1824/1824 1833/1833/1833
f 1781/1781/1781 1802/1802/1802 1747/1747/1747
f 1811/1811/1811 1762/1762/1762 1831/1831/1831
f 1867/1867/1867 1865/1865/1865 1830/1830/1830
f 1778/1778/1778 1781/1781/1781 1738/1738/1738
f 1747/1747/1747 1738/1738/1738 1781/1781/1781
f 1738/1738/1738 1740/1740/1740 1778/1778/1778
f 1795/1795/1795 1752/1752/1752 1813/1813/1813
f 1822/1822/1822 1880/1880/1880 1885/1885/1885
f 1846/1846/1846 1813/1813/1813 1822/1822/1822
f 1764/1764/1764 1747/1747/1747 1802/1802/1802
f 1803/1803/1803 1831/1831/1831 1762/1762/1762
f 1772/1772/1772 1822/1822/1822 1813/1813/1813
f 1845/1845/1845 1822/1822/1822 1885/1885/1885
f 1544/1544/1544 1545/1545/1545 1505/1505/1505
f 1545/1545/1545 1523/1523/1523 1505/1505/1505
f 1493/1493/1493 1505/1505/1505 1503/1503/1503
f 1524/1524/1524 1546/1546/1546 1543/1543/1543
f 1543/1543/1543 1546/1546/1546 1575/1575/1575
f 1546/1546/1546 1579/1579/1579 1575/1575/1575
f 1647/1647/1647 1632/1632/1632 1629/1629/1629
f 1578/1578/1578 1545/1545/1545 1544/1544/1544
f 1629/1629/1629 1618/1618/1618 1576/1576/1576
f 1523/1523/1523 1503/1503/1503 1505/1505/1505
f 1576/1576/1576 1578/1578/1578 1544/1544/1544
f 1618/1618/1618 1578/1578/1578 1576/1576/1576
f 1752/1752/1752 1772/1772/1772 1813/1813/1813
f 1471/1471/1471 1426/1426/1426 1473/1473/1473
f 1418/1418/1418 1473/1473/1473 1426/1426/1426
f 1428/1428/1428 1372/1372/1372 1375/1375/1375
f 1189/1189/1189 1185/1185/1185 1191/1191/1191
f 1474/1474/1474 1417/1417/1417 1428/1428/1428
f 1372/1372/1372 1428/1428/1428 1417/1417/1417
f 1375/1375/1375 1323/1323/1323 1306/1306/1306
f 1187/1187/1187 1190/1190/1190 1195/1195/1195
f 1476/1476/1476 1470/1470/1470 1485/1485/1485
f 1283/1283/1283 1306/1306/1306 1323/1323/1323
f 1306/1306/1306 1283/1283/1283 1257/1257/1257
f 1323/1323/1323 1375/1375/1375 1372/1372/1372
f 1193/1193/1193 1189/1189/1189 1191/1191/1191
f 1743/1743/1743 1752/1752/1752 1795/1795/1795
f 1503/1503/1503 1489/1489/1489 1493/1493/1493
f 1209/1209/1209 1210/1210/1210 1257/1257/1257
f 1778/1778/1778 1740/1740/1740 1782/1782/1782
f 1740/1740/1740 1743/1743/1743 1782/1782/1782
f 1782/1782/1782 1743/1743/1743 1795/1795/1795
f 1193/1193/1193 1191/1191/1191 1210/1210/1210
f 1185/1185/1185 1189/1189/1189 1187/1187/1187
f 1190/1190/1190 1187/1187/1187 1189/1189/1189
f 1209/1209/1209 1193/1193/1193 1210/1210/1210
f 1246/1246/1246 1257/1257/1257 1283/1283/1283
f 1246/1246/1246 1209/1209/1209 1257/1257/1257
f 1438/1438/1438 1399/1399/1399 1435/1435/1435
f 1888/1888/1888 1785/1785/1785 1722/1722/1722
f 1828/1828/1828 1786/1786/1786 1889/1889/1889
f 1967/1967/1967 1873/1873/1873 1963/1963/1963
f 1785/1785/1785 1737/1737/1737 1722/1722/1722
f 1946/1946/1946 1828/1828/1828 1889/1889/1889
f 1737/1737/1737 1713/1713/1713 1722/1722/1722
f 1670/1670/1670 1750/1750/1750 1731/1731/1731
f 1645/1645/1645 1604/1604/1604 1631/1631/1631
f 1631/1631/1631 1707/1707/1707 1645/1645/1645
f 1873/1873/1873 1856/1856/1856 1963/1963/1963
f 1963/1963/1963 1856/1856/1856 1946/1946/1946
f 1856/1856/1856 1828/1828/1828 1946/1946/1946
f 1927/1927/1927 1750/1750/1750 1823/1823/1823
f 1533/1533/1533 1547/1547/1547 1490/1490/1490
f 1952/1952/1952 1862/1862/1862 1969/1969/1969
f 1862/1862/1862 1878/1878/1878 1969/1969/1969
f 1490/1490/1490 1485/1485/1485 1533/1533/1533
f 1521/1521/1521 1533/1533/1533 1485/1485/1485
f 1504/1504/1504 1490/1490/1490 1547/1547/1547
f 1761/1761/1761 1823/1823/1823 1750/1750/1750
f 1651/1651/1651 1670/1670/1670 1731/1731/1731
f 1823/1823/1823 1862/1862/1862 1928/1928/1928
f 1969/1969/1969 1878/1878/1878 1967/1967/1967
f 1878/1878/1878 1873/1873/1873 1967/1967/1967
f 1952/1952/1952 1928/1928/1928 1862/1862/1862
f 1605/1605/1605 1599/1599/1599 1570/1570/1570
f 1894/1894/1894 1869/1869/1869 1876/1876/1876
f 1884/1884/1884 1869/1869/1869 1894/1894/1894
f 1898/1898/1898 1876/1876/1876 1893/1893/1893
f 1607/1607/1607 1611/1611/1611 1585/1585/1585
f 1570/1570/1570 1599/1599/1599 1585/1585/1585
f 1645/1645/1645 1722/1722/1722 1713/1713/1713
f 1800/1800/1800 1773/1773/1773 1794/1794/1794
f 1801/1801/1801 1774/1774/1774 1834/1834/1834
f 1792/1792/1792 1773/1773/1773 1801/1801/1801
f 1898/1898/1898 1894/1894/1894 1876/1876/1876
f 1835/1835/1835 1775/1775/1775 1869/1869/1869
f 1794/1794/1794 1773/1773/1773 1792/1792/1792
f 1580/1580/1580 1605/1605/1605 1570/1570/1570
f 1947/1947/1947 1888/1888/1888 1863/1863/1863
f 1863/1863/1863 1888/1888/1888 1707/1707/1707
f 1888/1888/1888 1722/1722/1722 1707/1707/1707
f 1581/1581/1581 1631/1631/1631 1604/1604/1604
f 1722/1722/1722 1645/1645/1645 1707/1707/1707
f 1944/1944/1944 1947/1947/1947 1863/1863/1863
f 1623/1623/1623 1670/1670/1670 1651/1651/1651
f 1584/1584/1584 1585/1585/1585 1611/1611/1611
f 1599/1599/1599 1607/1607/1607 1585/1585/1585
f 1601/1601/1601 1584/1584/1584 1623/1623/1623
f 1611/1611/1611 1623/1623/1623 1584/1584/1584
f 1601/1601/1601 1623/1623/1623 1651/1651/1651
f 1632/1632/1632 1723/1723/1723 1618/1618/1618
f 1582/1582/1582 1548/1548/1548 1523/1523/1523
f 1765/1765/1765 1717/1717/1717 1709/1709/1709
f 1723/1723/1723 1709/1709/1709 1618/1618/1618
f 1619/1619/1619 1710/1710/1710 1632/1632/1632
f 1709/1709/1709 1684/1684/1684 1578/1578/1578
f 1804/1804/1804 1765/1765/1765 1723/1723/1723
f 1710/1710/1710 1685/1685/1685 1769/1769/1769
f 1720/1720/1720 1769/1769/1769 1685/1685/1685
f 1709/1709/1709 1723/1723/1723 1765/1765/1765
f 1717/1717/1717 1658/1658/1658 1684/1684/1684
f 1684/1684/1684 1709/1709/1709 1717/1717/1717
f 1618/1618/1618 1709/1709/1709 1578/1578/1578
f 1710/1710/1710 1723/1723/1723 1632/1632/1632
f 1579/1579/1579 1685/1685/1685 1619/1619/1619
f 1638/1638/1638 1685/1685/1685 1579/1579/1579
f 1832/1832/1832 1799/1799/1799 1758/1758/1758
f 1685/1685/1685 1710/1710/1710 1619/1619/1619
f 1546/1546/1546 1638/1638/1638 1579/1579/1579
f 1684/1684/1684 1636/1636/1636 1545/1545/1545
f 1545/1545/1545 1636/1636/1636 1523/1523/1523
f 1636/1636/1636 1582/1582/1582 1523/1523/1523
f 1524/1524/1524 1583/1583/1583 1546/1546/1546
f 1583/1583/1583 1638/1638/1638 1546/1546/1546
f 1578/1578/1578 1684/1684/1684 1545/1545/1545
f 1723/1723/1723 1710/1710/1710 1804/1804/1804
f 1548/1548/1548 1534/1534/1534 1503/1503/1503
f 1503/1503/1503 1523/1523/1523 1548/1548/1548
f 1534/1534/1534 1520/1520/1520 1489/1489/1489
f 1485/1485/1485 1481/1481/1481 1521/1521/1521
f 1514/1514/1514 1521/1521/1521 1481/1481/1481
f 1484/1484/1484 1489/1489/1489 1520/1520/1520
f 1663/1663/1663 1720/1720/1720 1685/1685/1685
f 1583/1583/1583 1597/1597/1597 1638/1638/1638
f 1547/1547/1547 1583/1583/1583 1504/1504/1504
f 1489/1489/1489 1503/1503/1503 1534/1534/1534
f 1597/1597/1597 1663/1663/1663 1638/1638/1638
f 1524/1524/1524 1504/1504/1504 1583/1583/1583
f 1520/1520/1520 1514/1514/1514 1484/1484/1484
f 1520/1520/1520 1534/1534/1534 1510/1510/1510
f 1532/1532/1532 1510/1510/1510 1534/1534/1534
f 1582/1582/1582 1593/1593/1593 1548/1548/1548
f 1769/1769/1769 1804/1804/1804 1710/1710/1710
f 1548/1548/1548 1549/1549/1549 1534/1534/1534
f 1549/1549/1549 1532/1532/1532 1534/1534/1534
f 1582/1582/1582 1636/1636/1636 1593/1593/1593
f 1638/1638/1638 1663/1663/1663 1685/1685/1685
f 1481/1481/1481 1484/1484/1484 1514/1514/1514
f 1658/1658/1658 1593/1593/1593 1636/1636/1636
f 1636/1636/1636 1684/1684/1684 1658/1658/1658
f 1593/1593/1593 1549/1549/1549 1548/1548/1548
f 1818/1818/1818 1814/1814/1814 1840/1840/1840
f 1927/1927/1927 1953/1953/1953 1916/1916/1916
f 1916/1916/1916 1731/1731/1731 1927/1927/1927
f 1651/1651/1651 1731/1731/1731 1669/1669/1669
f 1971/1971/1971 1966/1966/1966 1939/1939/1939
f 1750/1750/1750 1927/1927/1927 1731/1731/1731
f 1719/1719/1719 1669/1669/1669 1731/1731/1731
f 1601/1601/1601 1651/1651/1651 1621/1621/1621
f 1965/1965/1965 1966/1966/1966 1964/1964/1964
f 1968/1968/1968 1964/1964/1964 1966/1966/1966
f 1598/1598/1598 1584/1584/1584 1621/1621/1621
f 1584/1584/1584 1601/1601/1601 1621/1621/1621
f 1669/1669/1669 1621/1621/1621 1651/1651/1651
f 1901/1901/1901 1780/1780/1780 1673/1673/1673
f 1718/1718/1718 1678/1678/1678 1925/1925/1925
f 1704/1704/1704 1649/1649/1649 1622/1622/1622
f 1673/1673/1673 1780/1780/1780 1622/1622/1622
f 1817/1817/1817 1925/1925/1925 1678/1678/1678
f 1625/1625/1625 1719/1719/1719 1678/1678/1678
f 1925/1925/1925 1939/1939/1939 1718/1718/1718
f 1748/1748/1748 1938/1938/1938 1715/1715/1715
f 1938/1938/1938 1901/1901/1901 1715/1715/1715
f 1715/1715/1715 1901/1901/1901 1673/1673/1673
f 1649/1649/1649 1615/1615/1615 1573/1573/1573
f 1573/1573/1573 1622/1622/1622 1649/1649/1649
f 1780/1780/1780 1704/1704/1704 1622/1622/1622
f 1945/1945/1945 1965/1965/1965 1948/1948/1948
f 1570/1570/1570 1585/1585/1585 1589/1589/1589
f 1589/1589/1589 1615/1615/1615 1570/1570/1570
f 1585/1585/1585 1584/1584/1584 1598/1598/1598
f 1943/1943/1943 1939/1939/1939 1966/1966/1966
f 1965/1965/1965 1945/1945/1945 1901/1901/1901
f 1943/1943/1943 1966/1966/1966 1938/1938/1938
f 1707/1707/1707 1631/1631/1631 1649/1649/1649
f 1649/1649/1649 1631/1631/1631 1615/1615/1615
f 1631/1631/1631 1581/1581/1581 1615/1615/1615
f 1587/1587/1587 1589/1589/1589 1585/1585/1585
f 1580/1580/1580 1570/1570/1570 1615/1615/1615
f 1704/1704/1704 1707/1707/1707 1649/1649/1649
f 1966/1966/1966 1965/1965/1965 1938/1938/1938
f 1951/1951/1951 1916/1916/1916 1953/1953/1953
f 1970/1970/1970 1968/1968/1968 1966/1966/1966
f 1951/1951/1951 1953/1953/1953 1971/1971/1971
f 1964/1964/1964 1948/1948/1948 1965/1965/1965
f 1971/1971/1971 1970/1970/1970 1966/1966/1966
f 1953/1953/1953 1970/1970/1970 1971/1971/1971
f 1704/1704/1704 1780/1780/1780 1707/1707/1707
f 1863/1863/1863 1707/1707/1707 1780/1780/1780
f 1938/1938/1938 1965/1965/1965 1901/1901/1901
f 1587/1587/1587 1585/1585/1585 1598/1598/1598
f 1780/1780/1780 1901/1901/1901 1863/1863/1863
f 1944/1944/1944 1863/1863/1863 1901/1901/1901
f 1606/1606/1606 1695/1695/1695 1600/1600/1600
f 1695/1695/1695 1692/1692/1692 1600/1600/1600
f 1876/1876/1876 1775/1775/1775 1859/1859/1859
f 1692/1692/1692 1697/1697/1697 1608/1608/1608
f 1606/1606/1606 1646/1646/1646 1695/1695/1695
f 1714/1714/1714 1695/1695/1695 1646/1646/1646
f 1670/1670/1670 1726/1726/1726 1750/1750/1750
f 1712/1712/1712 1726/1726/1726 1670/1670/1670
f 1624/1624/1624 1612/1612/1612 1712/1712/1712
f 1869/1869/1869 1775/1775/1775 1876/1876/1876
f 1840/1840/1840 1775/1775/1775 1818/1818/1818
f 1859/1859/1859 1775/1775/1775 1840/1840/1840
f 1612/1612/1612 1608/1608/1608 1703/1703/1703
f 1840/1840/1840 1842/1842/1842 1859/1859/1859
f 1859/1859/1859 1887/1887/1887 1876/1876/1876
f 1893/1893/1893 1876/1876/1876 1887/1887/1887
f 1842/1842/1842 1840/1840/1840 1814/1814/1814
f 1788/1788/1788 1815/1815/1815 1800/1800/1800
f 1815/1815/1815 1819/1819/1819 1800/1800/1800
f 1697/1697/1697 1703/1703/1703 1608/1608/1608
f 1600/1600/1600 1692/1692/1692 1608/1608/1608
f 1703/1703/1703 1712/1712/1712 1612/1612/1612
f 1870/1870/1870 1859/1859/1859 1842/1842/1842
f 1887/1887/1887 1859/1859/1859 1870/1870/1870
f 1819/1819/1819 1773/1773/1773 1800/1800/1800
f 1726/1726/1726 1761/1761/1761 1750/1750/1750
f 1550/1550/1550 1621/1621/1621 1569/1569/1569
f 1731/1731/1731 1916/1916/1916 1817/1817/1817
f 1569/1569/1569 1669/1669/1669 1625/1625/1625
f 1951/1951/1951 1971/1971/1971 1925/1925/1925
f 1719/1719/1719 1731/1731/1731 1817/1817/1817
f 1669/1669/1669 1719/1719/1719 1625/1625/1625
f 1758/1758/1758 1943/1943/1943 1748/1748/1748
f 1943/1943/1943 1938/1938/1938 1748/1748/1748
f 1749/1749/1749 1718/1718/1718 1939/1939/1939
f 1552/1552/1552 1573/1573/1573 1615/1615/1615
f 1758/1758/1758 1749/1749/1749 1943/1943/1943
f 1939/1939/1939 1943/1943/1943 1749/1749/1749
f 1939/1939/1939 1925/1925/1925 1971/1971/1971
f 1621/1621/1621 1669/1669/1669 1569/1569/1569
f 1541/1541/1541 1598/1598/1598 1550/1550/1550
f 1587/1587/1587 1598/1598/1598 1541/1541/1541
f 1624/1624/1624 1712/1712/1712 1670/1670/1670
f 1598/1598/1598 1621/1621/1621 1550/1550/1550
f 1537/1537/1537 1587/1587/1587 1541/1541/1541
f 1589/1589/1589 1587/1587/1587 1540/1540/1540
f 1817/1817/1817 1916/1916/1916 1925/1925/1925
f 1916/1916/1916 1951/1951/1951 1925/1925/1925
f 1540/1540/1540 1552/1552/1552 1589/1589/1589
f 1615/1615/1615 1589/1589/1589 1552/1552/1552
f 1537/1537/1537 1540/1540/1540 1587/1587/1587
f 1758/1758/1758 1748/1748/1748 1798/1798/1798
f 1229/1229/1229 1211/1211/1211 1260/1260/1260
f 1280/1280/1280 1260/1260/1260 1273/1273/1273
f 1260/1260/1260 1230/1230/1230 1273/1273/1273
f 1279/1279/1279 1322/1322/1322 1275/1275/1275
f 1322/1322/1322 1318/1318/1318 1275/1275/1275
f 1230/1230/1230 1260/1260/1260 1211/1211/1211
f 1223/1223/1223 1201/1201/1201 1229/1229/1229
f 1201/1201/1201 1223/1223/1223 1202/1202/1202
f 1386/1386/1386 1433/1433/1433 1383/1383/1383
f 1211/1211/1211 1229/1229/1229 1201/1201/1201
f 1222/1222/1222 1202/1202/1202 1223/1223/1223
f 1222/1222/1222 1227/1227/1227 1202/1202/1202
f 1386/1386/1386 1383/1383/1383 1318/1318/1318
f 1228/1228/1228 1243/1243/1243 1266/1266/1266
f 1232/1232/1232 1224/1224/1224 1225/1225/1225
f 1232/1232/1232 1243/1243/1243 1224/1224/1224
f 1247/1247/1247 1235/1235/1235 1263/1263/1263
f 1237/1237/1237 1232/1232/1232 1225/1225/1225
f 1243/1243/1243 1228/1228/1228 1224/1224/1224
f 1227/1227/1227 1258/1258/1258 1213/1213/1213
f 1282/1282/1282 1279/1279/1279 1258/1258/1258
f 1322/1322/1322 1386/1386/1386 1318/1318/1318
f 1258/1258/1258 1236/1236/1236 1213/1213/1213
f 1236/1236/1236 1258/1258/1258 1279/1279/1279
f 1227/1227/1227 1213/1213/1213 1202/1202/1202
f 1312/1312/1312 1273/1273/1273 1307/1307/1307
f 1430/1430/1430 1429/1429/1429 1444/1444/1444
f 1280/1280/1280 1273/1273/1273 1312/1312/1312
f 1240/1240/1240 1223/1223/1223 1229/1229/1229
f 1429/1429/1429 1430/1430/1430 1366/1366/1366
f 1371/1371/1371 1366/1366/1366 1430/1430/1430
f 1443/1443/1443 1444/1444/1444 1429/1429/1429
f 1239/1239/1239 1222/1222/1222 1240/1240/1240
f 1227/1227/1227 1256/1256/1256 1258/1258/1258
f 1278/1278/1278 1258/1258/1258 1256/1256/1256
f 1223/1223/1223 1240/1240/1240 1222/1222/1222
f 1255/1255/1255 1229/1229/1229 1260/1260/1260
f 1255/1255/1255 1240/1240/1240 1229/1229/1229
f 1444/1444/1444 1443/1443/1443 1451/1451/1451
f 1273/1273/1273 1230/1230/1230 1271/1271/1271
f 1211/1211/1211 1204/1204/1204 1230/1230/1230
f 1204/1204/1204 1211/1211/1211 1198/1198/1198
f 1273/1273/1273 1271/1271/1271 1307/1307/1307
f 1366/1366/1366 1371/1371/1371 1307/1307/1307
f 1312/1312/1312 1307/1307/1307 1371/1371/1371
f 1445/1445/1445 1451/1451/1451 1443/1443/1443
f 1433/1433/1433 1432/1432/1432 1383/1383/1383
f 1433/1433/1433 1451/1451/1451 1432/1432/1432
f 1230/1230/1230 1226/1226/1226 1271/1271/1271
f 1226/1226/1226 1230/1230/1230 1204/1204/1204
f 1451/1451/1451 1445/1445/1445 1432/1432/1432
f 1346/1346/1346 1413/1413/1413 1319/1319/1319
f 1305/1305/1305 1304/1304/1304 1278/1278/1278
f 1304/1304/1304 1346/1346/1346 1282/1282/1282
f 1228/1228/1228 1256/1256/1256 1224/1224/1224
f 1266/1266/1266 1305/1305/1305 1278/1278/1278
f 1346/1346/1346 1319/1319/1319 1282/1282/1282
f 1463/1463/1463 1460/1460/1460 1468/1468/1468
f 1460/1460/1460 1467/1467/1467 1468/1468/1468
f 1438/1438/1438 1436/1436/1436 1351/1351/1351
f 1458/1458/1458 1459/1459/1459 1434/1434/1434
f 1466/1466/1466 1461/1461/1461 1438/1438/1438
f 1436/1436/1436 1438/1438/1438 1461/1461/1461
f 1239/1239/1239 1224/1224/1224 1256/1256/1256
f 1413/1413/1413 1358/1358/1358 1319/1319/1319
f 1413/1413/1413 1434/1434/1434 1358/1358/1358
f 1442/1442/1442 1424/1424/1424 1411/1411/1411
f 1224/1224/1224 1239/1239/1239 1225/1225/1225
f 1434/1434/1434 1411/1411/1411 1358/1358/1358
f 1434/1434/1434 1442/1442/1442 1411/1411/1411
f 1450/1450/1450 1425/1425/1425 1442/1442/1442
f 1228/1228/1228 1266/1266/1266 1256/1256/1256
f 1266/1266/1266 1278/1278/1278 1256/1256/1256
f 1425/1425/1425 1450/1450/1450 1412/1412/1412
f 1435/1435/1435 1412/1412/1412 1450/1450/1450
f 1424/1424/1424 1442/1442/1442 1425/1425/1425
f 1294/1294/1294 1291/1291/1291 1351/1351/1351
f 1266/1266/1266 1270/1270/1270 1305/1305/1305
f 1382/1382/1382 1346/1346/1346 1305/1305/1305
f 1441/1441/1441 1458/1458/1458 1413/1413/1413
f 1311/1311/1311 1305/1305/1305 1270/1270/1270
f 1304/1304/1304 1305/1305/1305 1346/1346/1346
f 1270/1270/1270 1266/1266/1266 1243/1243/1243
f 1235/1235/1235 1247/1247/1247 1225/1225/1225
f 1237/1237/1237 1225/1225/1225 1247/1247/1247
f 1261/1261/1261 1263/1263/1263 1235/1235/1235
f 1458/1458/1458 1434/1434/1434 1413/1413/1413
f 1346/1346/1346 1382/1382/1382 1413/1413/1413
f 1441/1441/1441 1413/1413/1413 1382/1382/1382
f 1264/1264/1264 1262/1262/1262 1291/1291/1291
f 1439/1439/1439 1441/1441/1441 1382/1382/1382
f 1441/1441/1441 1439/1439/1439 1458/1458/1458
f 1389/1389/1389 1382/1382/1382 1311/1311/1311
f 1294/1294/1294 1264/1264/1264 1291/1291/1291
f 1356/1356/1356 1351/1351/1351 1436/1436/1436
f 1356/1356/1356 1294/1294/1294 1351/1351/1351
f 1463/1463/1463 1468/1468/1468 1459/1459/1459
f 1458/1458/1458 1452/1452/1452 1459/1459/1459
f 1456/1456/1456 1459/1459/1459 1452/1452/1452
f 1389/1389/1389 1439/1439/1439 1382/1382/1382
f 1452/1452/1452 1458/1458/1458 1439/1439/1439
f 1456/1456/1456 1463/1463/1463 1459/1459/1459
f 1222/1222/1222 1239/1239/1239 1227/1227/1227
f 1518/1518/1518 1535/1535/1535 1540/1540/1540
f 1552/1552/1552 1540/1540/1540 1535/1535/1535
f 1511/1511/1511 1518/1518/1518 1537/1537/1537
f 1677/1677/1677 1729/1729/1729 1663/1663/1663
f 1663/1663/1663 1597/1597/1597 1677/1677/1677
f 1509/1509/1509 1519/1519/1519 1531/1531/1531
f 1675/1675/1675 1673/1673/1673 1610/1610/1610
f 1573/1573/1573 1552/1552/1552 1558/1558/1558
f 1558/1558/1558 1610/1610/1610 1573/1573/1573
f 1540/1540/1540 1537/1537/1537 1518/1518/1518
f 1535/1535/1535 1558/1558/1558 1552/1552/1552
f 1622/1622/1622 1573/1573/1573 1610/1610/1610
f 1583/1583/1583 1547/1547/1547 1597/1597/1597
f 1510/1510/1510 1506/1506/1506 1514/1514/1514
f 1514/1514/1514 1506/1506/1506 1521/1521/1521
f 1506/1506/1506 1509/1509/1509 1521/1521/1521
f 1547/1547/1547 1533/1533/1533 1551/1551/1551
f 1509/1509/1509 1531/1531/1531 1533/1533/1533
f 1520/1520/1520 1510/1510/1510 1514/1514/1514
f 1799/1799/1799 1832/1832/1832 1769/1769/1769
f 1720/1720/1720 1663/1663/1663 1729/1729/1729
f 1614/1614/1614 1677/1677/1677 1597/1597/1597
f 1769/1769/1769 1720/1720/1720 1799/1799/1799
f 1729/1729/1729 1799/1799/1799 1720/1720/1720
f 1804/1804/1804 1769/1769/1769 1832/1832/1832
f 1569/1569/1569 1625/1625/1625 1614/1614/1614
f 1551/1551/1551 1559/1559/1559 1597/1597/1597
f 1559/1559/1559 1614/1614/1614 1597/1597/1597
f 1798/1798/1798 1748/1748/1748 1728/1728/1728
f 1625/1625/1625 1678/1678/1678 1614/1614/1614
f 1531/1531/1531 1536/1536/1536 1551/1551/1551
f 1536/1536/1536 1559/1559/1559 1551/1551/1551
f 1832/1832/1832 1758/1758/1758 1798/1798/1798
f 1749/1749/1749 1758/1758/1758 1799/1799/1799
f 1729/1729/1729 1718/1718/1718 1799/1799/1799
f 1748/1748/1748 1715/1715/1715 1728/1728/1728
f 1728/1728/1728 1715/1715/1715 1675/1675/1675
f 1715/1715/1715 1673/1673/1673 1675/1675/1675
f 1729/1729/1729 1677/1677/1677 1718/1718/1718
f 1550/1550/1550 1569/1569/1569 1536/1536/1536
f 1511/1511/1511 1537/1537/1537 1519/1519/1519
f 1537/1537/1537 1541/1541/1541 1519/1519/1519
f 1559/1559/1559 1536/1536/1536 1569/1569/1569
f 1719/1719/1719 1817/1817/1817 1678/1678/1678
f 1559/1559/1559 1569/1569/1569 1614/1614/1614
f 1678/1678/1678 1718/1718/1718 1677/1677/1677
f 1677/1677/1677 1614/1614/1614 1678/1678/1678
f 1718/1718/1718 1749/1749/1749 1799/1799/1799
f 1519/1519/1519 1541/1541/1541 1536/1536/1536
f 1541/1541/1541 1550/1550/1550 1536/1536/1536
f 1673/1673/1673 1622/1622/1622 1610/1610/1610
f 1316/1316/1316 1312/1312/1312 1357/1357/1357
f 1316/1316/1316 1280/1280/1280 1312/1312/1312
f 1357/1357/1357 1371/1371/1371 1412/1412/1412
f 1451/1451/1451 1424/1424/1424 1444/1444/1444
f 1425/1425/1425 1444/1444/1444 1424/1424/1424
f 1430/1430/1430 1412/1412/1412 1371/1371/1371
f 1304/1304/1304 1282/1282/1282 1278/1278/1278
f 1282/1282/1282 1319/1319/1319 1279/1279/1279
f 1358/1358/1358 1386/1386/1386 1322/1322/1322
f 1371/1371/1371 1357/1357/1357 1312/1312/1312
f 1319/1319/1319 1322/1322/1322 1279/1279/1279
f 1319/1319/1319 1358/1358/1358 1322/1322/1322
f 1412/1412/1412 1430/1430/1430 1425/1425/1425
f 1412/1412/1412 1435/1435/1435 1357/1357/1357
f 1399/1399/1399 1357/1357/1357 1435/1435/1435
f 1332/1332/1332 1298/1298/1298 1316/1316/1316
f 1256/1256/1256 1227/1227/1227 1239/1239/1239
f 1357/1357/1357 1399/1399/1399 1316/1316/1316
f 1332/1332/1332 1316/1316/1316 1399/1399/1399
f 1298/1298/1298 1272/1272/1272 1280/1280/1280
f 1258/1258/1258 1278/1278/1278 1282/1282/1282
f 1444/1444/1444 1425/1425/1425 1430/1430/1430
f 1272/1272/1272 1260/1260/1260 1280/1280/1280
f 1272/1272/1272 1255/1255/1255 1260/1260/1260
f 1298/1298/1298 1280/1280/1280 1316/1316/1316
f 1433/1433/1433 1411/1411/1411 1451/1451/1451
f 1518/1518/1518 1511/1511/1511 1506/1506/1506
f 1532/1532/1532 1549/1549/1549 1535/1535/1535
f 1558/1558/1558 1535/1535/1535 1549/1549/1549
f 1510/1510/1510 1518/1518/1518 1506/1506/1506
f 1519/1519/1519 1536/1536/1536 1531/1531/1531
f 1506/1506/1506 1511/1511/1511 1509/1509/1509
f 1531/1531/1531 1551/1551/1551 1533/1533/1533
f 1521/1521/1521 1509/1509/1509 1533/1533/1533
f 1551/1551/1551 1597/1597/1597 1547/1547/1547
f 1510/1510/1510 1532/1532/1532 1518/1518/1518
f 1535/1535/1535 1518/1518/1518 1532/1532/1532
f 1832/1832/1832 1798/1798/1798 1804/1804/1804
f 1511/1511/1511 1519/1519/1519 1509/1509/1509
f 1658/1658/1658 1675/1675/1675 1593/1593/1593
f 1675/1675/1675 1610/1610/1610 1593/1593/1593
f 1549/1549/1549 1593/1593/1593 1558/1558/1558
f 1424/1424/1424 1451/1451/1451 1411/1411/1411
f 1386/1386/1386 1358/1358/1358 1433/1433/1433
f 1411/1411/1411 1433/1433/1433 1358/1358/1358
f 1765/1765/1765 1804/1804/1804 1798/1798/1798
f 1728/1728/1728 1675/1675/1675 1658/1658/1658
f 1717/1717/1717 1765/1765/1765 1728/1728/1728
f 1610/1610/1610 1558/1558/1558 1593/1593/1593
f 1717/1717/1717 1728/1728/1728 1658/1658/1658
f 1798/1798/1798 1728/1728/1728 1765/1765/1765
f 1613/1613/1613 1681/1681/1681 1563/1563/1563
f 1630/1630/1630 1563/1563/1563 1681/1681/1681
f 1617/1617/1617 1556/1556/1556 1586/1586/1586
f 1688/1688/1688 1681/1681/1681 1724/1724/1724
f 1563/1563/1563 1630/1630/1630 1542/1542/1542
f 1595/1595/1595 1542/1542/1542 1630/1630/1630
f 1857/1857/1857 1841/1841/1841 1751/1751/1751
f 1789/1789/1789 1700/1700/1700 1734/1734/1734
f 1662/1662/1662 1724/1724/1724 1613/1613/1613
f 1841/1841/1841 1734/1734/1734 1751/1751/1751
f 1841/1841/1841 1789/1789/1789 1734/1734/1734
f 1857/1857/1857 1751/1751/1751 1725/1725/1725
f 1789/1789/1789 1875/1875/1875 1724/1724/1724
f 1568/1568/1568 1525/1525/1525 1595/1595/1595
f 1513/1513/1513 1565/1565/1565 1522/1522/1522
f 1586/1586/1586 1538/1538/1538 1566/1566/1566
f 1525/1525/1525 1568/1568/1568 1513/1513/1513
f 1565/1565/1565 1513/1513/1513 1568/1568/1568
f 1542/1542/1542 1595/1595/1595 1525/1525/1525
f 1757/1757/1757 1724/1724/1724 1875/1875/1875
f 1757/1757/1757 1688/1688/1688 1724/1724/1724
f 1875/1875/1875 1789/1789/1789 1929/1929/1929
f 1538/1538/1538 1586/1586/1586 1556/1556/1556
f 1566/1566/1566 1522/1522/1522 1565/1565/1565
f 1522/1522/1522 1566/1566/1566 1538/1538/1538
f 1681/1681/1681 1613/1613/1613 1724/1724/1724
f 1390/1390/1390 1355/1355/1355 1377/1377/1377
f 1355/1355/1355 1337/1337/1337 1377/1377/1377
f 1364/1364/1364 1378/1378/1378 1328/1328/1328
f 1292/1292/1292 1287/1287/1287 1315/1315/1315
f 1315/1315/1315 1320/1320/1320 1292/1292/1292
f 1329/1329/1329 1320/1320/1320 1350/1350/1350
f 1333/1333/1333 1327/1327/1327 1325/1325/1325
f 1309/1309/1309 1325/1325/1325 1327/1327/1327
f 1321/1321/1321 1317/1317/1317 1300/1300/1300
f 1338/1338/1338 1328/1328/1328 1378/1378/1378
f 1327/1327/1327 1321/1321/1321 1309/1309/1309
f 1300/1300/1300 1309/1309/1309 1321/1321/1321
f 1364/1364/1364 1329/1329/1329 1350/1350/1350
f 1708/1708/1708 1640/1640/1640 1590/1590/1590
f 1556/1556/1556 1617/1617/1617 1590/1590/1590
f 1668/1668/1668 1590/1590/1590 1617/1617/1617
f 1789/1789/1789 1724/1724/1724 1700/1700/1700
f 1724/1724/1724 1662/1662/1662 1700/1700/1700
f 1668/1668/1668 1708/1708/1708 1590/1590/1590
f 1760/1760/1760 1687/1687/1687 1640/1640/1640
f 1760/1760/1760 1826/1826/1826 1687/1687/1687
f 1299/1299/1299 1292/1292/1292 1320/1320/1320
f 1708/1708/1708 1760/1760/1760 1640/1640/1640
f 1826/1826/1826 1725/1725/1725 1687/1687/1687
f 1826/1826/1826 1857/1857/1857 1725/1725/1725
f 1072/1072/1072 1037/1037/1037 1028/1028/1028
f 1061/1061/1061 1072/1072/1072 1028/1028/1028
f 1049/1049/1049 1043/1043/1043 1078/1078/1078
f 1567/1567/1567 1561/1561/1561 1564/1564/1564
f 1043/1043/1043 1037/1037/1037 1072/1072/1072
f 1072/1072/1072 1078/1078/1078 1043/1043/1043
f 1014/1014/1014 1029/1029/1029 983/983/983
f 1038/1038/1038 991/991/991 983/983/983
f 998/998/998 1014/1014/1014 973/973/973
f 1079/1079/1079 1074/1074/1074 1040/1040/1040
f 1063/1063/1063 1036/1036/1036 1041/1041/1041
f 1040/1040/1040 1050/1050/1050 1079/1079/1079
f 1560/1560/1560 1564/1564/1564 1561/1561/1561
f 1755/1755/1755 1732/1732/1732 1676/1676/1676
f 1755/1755/1755 1879/1879/1879 1732/1732/1732
f 1574/1574/1574 1562/1562/1562 1588/1588/1588
f 1686/1686/1686 1755/1755/1755 1676/1676/1676
f 1879/1879/1879 1836/1836/1836 1732/1732/1732
f 1836/1836/1836 1879/1879/1879 1924/1924/1924
f 1564/1564/1564 1560/1560/1560 1562/1562/1562
f 1561/1561/1561 1567/1567/1567 1577/1577/1577
f 1594/1594/1594 1577/1577/1577 1567/1567/1567
f 1574/1574/1574 1564/1564/1564 1562/1562/1562
f 1603/1603/1603 1588/1588/1588 1635/1635/1635
f 1603/1603/1603 1574/1574/1574 1588/1588/1588
f 983/983/983 974/974/974 1014/1014/1014
f 1057/1057/1057 1044/1044/1044 1016/1016/1016
f 1030/1030/1030 1036/1036/1036 1063/1063/1063
f 1063/1063/1063 1057/1057/1057 1030/1030/1030
f 969/969/969 965/965/965 975/975/975
f 974/974/974 983/983/983 970/970/970
f 1016/1016/1016 1030/1030/1030 1057/1057/1057
f 1044/1044/1044 1034/1034/1034 993/993/993
f 985/985/985 993/993/993 1034/1034/1034
f 1014/1014/1014 976/976/976 973/973/973
f 993/993/993 1016/1016/1016 1044/1044/1044
f 1034/1034/1034 1020/1020/1020 985/985/985
f 978/978/978 985/985/985 1020/1020/1020
f 983/983/983 991/991/991 970/970/970
f 1053/1053/1053 1013/1013/1013 991/991/991
f 1038/1038/1038 1053/1053/1053 991/991/991
f 1075/1075/1075 1063/1063/1063 1041/1041/1041
f 1029/1029/1029 1038/1038/1038 983/983/983
f 1061/1061/1061 1028/1028/1028 1013/1013/1013
f 1053/1053/1053 1061/1061/1061 1013/1013/1013
f 973/973/973 978/978/978 1004/1004/1004
f 973/973/973 976/976/976 963/963/963
f 991/991/991 972/972/972 970/970/970
f 1004/1004/1004 999/999/999 973/973/973
f 977/977/977 966/966/966 964/964/964
f 1020/1020/1020 1004/1004/1004 978/978/978
f 1287/1287/1287 1296/1296/1296 1314/1314/1314
f 1384/1384/1384 1387/1387/1387 1464/1464/1464
f 1446/1446/1446 1408/1408/1408 1414/1414/1414
f 1447/1447/1447 1401/1401/1401 1409/1409/1409
f 1387/1387/1387 1462/1462/1462 1464/1464/1464
f 1462/1462/1462 1387/1387/1387 1437/1437/1437
f 1384/1384/1384 1464/1464/1464 1457/1457/1457
f 1389/1389/1389 1330/1330/1330 1440/1440/1440
f 1344/1344/1344 1440/1440/1440 1330/1330/1330
f 1313/1313/1313 1330/1330/1330 1311/1311/1311
f 1448/1448/1448 1419/1419/1419 1427/1427/1427
f 1446/1446/1446 1414/1414/1414 1420/1420/1420
f 3491/3491/3491 3506/3506/3506 3486/3486/3486
f 1373/1373/1373 1384/1384/1384 1457/1457/1457
f 1345/1345/1345 1331/1331/1331 1337/1337/1337
f 1370/1370/1370 1374/1374/1374 1365/1365/1365
f 1374/1374/1374 1359/1359/1359 1365/1365/1365
f 1355/1355/1355 1345/1345/1345 1337/1337/1337
f 1313/1313/1313 1299/1299/1299 1320/1320/1320
f 1328/1328/1328 1338/1338/1338 1313/1313/1313
f 1373/1373/1373 1457/1457/1457 1360/1360/1360
f 1440/1440/1440 1344/1344/1344 1453/1453/1453
f 1360/1360/1360 1453/1453/1453 1344/1344/1344
f 1365/1365/1365 1359/1359/1359 1355/1355/1355
f 1359/1359/1359 1345/1345/1345 1355/1355/1355
f 1453/1453/1453 1360/1360/1360 1457/1457/1457
f 1330/1330/1330 1389/1389/1389 1311/1311/1311
f 1301/1301/1301 1297/1297/1297 1248/1248/1248
f 1310/1310/1310 1265/1265/1265 1295/1295/1295
f 1265/1265/1265 1310/1310/1310 1248/1248/1248
f 1341/1341/1341 1356/1356/1356 1368/1368/1368
f 1326/1326/1326 1310/1310/1310 1295/1295/1295
f 1301/1301/1301 1248/1248/1248 1310/1310/1310
f 1378/1378/1378 1364/1364/1364 1421/1421/1421
f 1397/1397/1397 1390/1390/1390 1431/1431/1431
f 1404/1404/1404 1400/1400/1400 1431/1431/1431
f 1448/1448/1448 1427/1427/1427 1431/1431/1431
f 1431/1431/1431 1390/1390/1390 1377/1377/1377
f 1431/1431/1431 1377/1377/1377 1422/1422/1422
f 1436/1436/1436 1368/1368/1368 1356/1356/1356
f 1297/1297/1297 1238/1238/1238 1248/1248/1248
f 1297/1297/1297 1288/1288/1288 1238/1238/1238
f 1293/1293/1293 1244/1244/1244 1233/1233/1233
f 1369/1369/1369 1437/1437/1437 1387/1387/1387
f 1288/1288/1288 1233/1233/1233 1238/1238/1238
f 1288/1288/1288 1293/1293/1293 1233/1233/1233
f 1299/1299/1299 1270/1270/1270 1244/1244/1244
f 1342/1342/1342 1325/1325/1325 1356/1356/1356
f 1325/1325/1325 1294/1294/1294 1356/1356/1356
f 1299/1299/1299 1313/1313/1313 1270/1270/1270
f 1313/1313/1313 1311/1311/1311 1270/1270/1270
f 1293/1293/1293 1299/1299/1299 1244/1244/1244
f 1397/1397/1397 1400/1400/1400 1365/1365/1365
f 1376/1376/1376 1370/1370/1370 1404/1404/1404
f 1404/1404/1404 1394/1394/1394 1381/1381/1381
f 1370/1370/1370 1365/1365/1365 1400/1400/1400
f 1400/1400/1400 1404/1404/1404 1370/1370/1370
f 1365/1365/1365 1355/1355/1355 1390/1390/1390
f 1180/1180/1180 1150/1150/1150 1181/1181/1181
f 1153/1153/1153 1150/1150/1150 1180/1180/1180
f 1181/1181/1181 1152/1152/1152 1183/1183/1183
f 1367/1367/1367 1381/1381/1381 1394/1394/1394
f 1381/1381/1381 1376/1376/1376 1404/1404/1404
f 1325/1325/1325 1342/1342/1342 1353/1353/1353
f 1352/1352/1352 1340/1340/1340 1327/1327/1327
f 1397/1397/1397 1365/1365/1365 1390/1390/1390
f 1363/1363/1363 1333/1333/1333 1379/1379/1379
f 1333/1333/1333 1353/1353/1353 1379/1379/1379
f 1314/1314/1314 1315/1315/1315 1287/1287/1287
f 1296/1296/1296 1300/1300/1300 1317/1317/1317
f 1317/1317/1317 1314/1314/1314 1296/1296/1296
f 1321/1321/1321 1327/1327/1327 1340/1340/1340
f 1340/1340/1340 1335/1335/1335 1321/1321/1321
f 1327/1327/1327 1333/1333/1333 1352/1352/1352
f 1395/1395/1395 1380/1380/1380 1367/1367/1367
f 1354/1354/1354 1367/1367/1367 1380/1380/1380
f 1363/1363/1363 1352/1352/1352 1333/1333/1333
f 1150/1150/1150 1152/1152/1152 1181/1181/1181
f 1388/1388/1388 1385/1385/1385 1381/1381/1381
f 1376/1376/1376 1385/1385/1385 1370/1370/1370
f 1385/1385/1385 1374/1374/1374 1370/1370/1370
f 1156/1156/1156 1160/1160/1160 1186/1186/1186
f 1329/1329/1329 1313/1313/1313 1320/1320/1320
f 1376/1376/1376 1381/1381/1381 1385/1385/1385
f 1368/1368/1368 1388/1388/1388 1367/1367/1367
f 1367/1367/1367 1354/1354/1354 1368/1368/1368
f 1330/1330/1330 1313/1313/1313 1338/1338/1338
f 1381/1381/1381 1367/1367/1367 1388/1388/1388
f 1341/1341/1341 1368/1368/1368 1354/1354/1354
f 1333/1333/1333 1325/1325/1325 1353/1353/1353
f 1186/1186/1186 1160/1160/1160 1196/1196/1196
f 1157/1157/1157 1153/1153/1153 1182/1182/1182
f 1184/1184/1184 1157/1157/1157 1182/1182/1182
f 1166/1166/1166 1171/1171/1171 1212/1212/1212
f 1182/1182/1182 1153/1153/1153 1180/1180/1180
f 1157/1157/1157 1184/1184/1184 1188/1188/1188
f 1188/1188/1188 1164/1164/1164 1157/1157/1157
f 1160/1160/1160 1166/1166/1166 1196/1196/1196
f 1183/1183/1183 1156/1156/1156 1186/1186/1186
f 1152/1152/1152 1156/1156/1156 1183/1183/1183
f 1196/1196/1196 1166/1166/1166 1212/1212/1212
f 1175/1175/1175 1231/1231/1231 1212/1212/1212
f 1212/1212/1212 1171/1171/1171 1175/1175/1175
f 1633/1633/1633 1620/1620/1620 1594/1594/1594
f 1008/1008/1008 1002/1002/1002 963/963/963
f 964/964/964 966/966/966 1009/1009/1009
f 973/973/973 963/963/963 967/967/967
f 1016/1016/1016 993/993/993 971/971/971
f 985/985/985 968/968/968 971/971/971
f 985/985/985 978/978/978 968/968/968
f 979/979/979 990/990/990 1015/1015/1015
f 1015/1015/1015 984/984/984 979/979/979
f 1042/1042/1042 1077/1077/1077 1087/1087/1087
f 978/978/978 973/973/973 967/967/967
f 984/984/984 1015/1015/1015 1042/1042/1042
f 1042/1042/1042 1018/1018/1018 984/984/984
f 978/978/978 967/967/967 968/968/968
f 982/982/982 1027/1027/1027 1019/1019/1019
f 970/970/970 1019/1019/1019 1010/1010/1010
f 965/965/965 969/969/969 1011/1011/1011
f 1003/1003/1003 994/994/994 1037/1037/1037
f 971/971/971 981/981/981 1016/1016/1016
f 972/972/972 1019/1019/1019 970/970/970
f 989/989/989 1027/1027/1027 982/982/982
f 1032/1032/1032 1027/1027/1027 989/989/989
f 993/993/993 985/985/985 971/971/971
f 972/972/972 982/982/982 1019/1019/1019
f 989/989/989 994/994/994 1032/1032/1032
f 1003/1003/1003 1032/1032/1032 994/994/994
f 1095/1095/1095 1084/1084/1084 1069/1069/1069
f 1082/1082/1082 1098/1098/1098 1105/1105/1105
f 1083/1083/1083 1065/1065/1065 1082/1082/1082
f 1031/1031/1031 1051/1051/1051 1076/1076/1076
f 1093/1093/1093 1082/1082/1082 1105/1105/1105
f 1082/1082/1082 1093/1093/1093 1083/1083/1083
f 1105/1105/1105 1098/1098/1098 1108/1108/1108
f 1104/1104/1104 1109/1109/1109 1115/1115/1115
f 1115/1115/1115 1110/1110/1110 1104/1104/1104
f 1104/1104/1104 1094/1094/1094 1106/1106/1106
f 1059/1059/1059 1031/1031/1031 1076/1076/1076
f 1051/1051/1051 1066/1066/1066 1083/1083/1083
f 1076/1076/1076 1051/1051/1051 1083/1083/1083
f 1106/1106/1106 1094/1094/1094 1095/1095/1095
f 1051/1051/1051 1025/1025/1025 1046/1046/1046
f 1025/1025/1025 1051/1051/1051 1031/1031/1031
f 1065/1065/1065 1047/1047/1047 1082/1082/1082
f 1094/1094/1094 1084/1084/1084 1095/1095/1095
f 1087/1087/1087 1069/1069/1069 1042/1042/1042
f 1069/1069/1069 1087/1087/1087 1095/1095/1095
f 990/990/990 979/979/979 995/995/995
f 986/986/986 996/996/996 1031/1031/1031
f 995/995/995 986/986/986 1031/1031/1031
f 1046/1046/1046 1066/1066/1066 1051/1051/1051
f 1031/1031/1031 996/996/996 1025/1025/1025
f 979/979/979 986/986/986 995/995/995
f 992/992/992 988/988/988 1017/1017/1017
f 1054/1054/1054 1080/1080/1080 1091/1091/1091
f 1091/1091/1091 1062/1062/1062 1054/1054/1054
f 981/981/981 1017/1017/1017 988/988/988
f 1012/1012/1012 1017/1017/1017 981/981/981
f 1017/1017/1017 1022/1022/1022 992/992/992
f 1101/1101/1101 1079/1079/1079 1096/1096/1096
f 1079/1079/1079 1101/1101/1101 1099/1099/1099
f 1096/1096/1096 1073/1073/1073 1091/1091/1091
f 1039/1039/1039 1070/1070/1070 1080/1080/1080
f 1080/1080/1080 1054/1054/1054 1039/1039/1039
f 1073/1073/1073 1062/1062/1062 1091/1091/1091
f 1000/1000/1000 992/992/992 1023/1023/1023
f 968/968/968 1012/1012/1012 971/971/971
f 963/963/963 1002/1002/1002 967/967/967
f 1027/1027/1027 1088/1088/1088 1019/1019/1019
f 1002/1002/1002 1012/1012/1012 968/968/968
f 968/968/968 967/967/967 1002/1002/1002
f 981/981/981 971/971/971 1012/1012/1012
f 1006/1006/1006 1001/1001/1001 1033/1033/1033
f 1024/1024/1024 1033/1033/1033 1001/1001/1001
f 1003/1003/1003 1007/1007/1007 1032/1032/1032
f 1032/1032/1032 1088/1088/1088 1027/1027/1027
f 1008/1008/1008 1089/1089/1089 1002/1002/1002
f 1019/1019/1019 1088/1088/1088 1010/1010/1010
f 1079/1079/1079 1073/1073/1073 1096/1096/1096
f 1036/1036/1036 1030/1030/1030 988/988/988
f 989/989/989 982/982/982 1013/1013/1013
f 1013/1013/1013 1028/1028/1028 989/989/989
f 981/981/981 988/988/988 1030/1030/1030
f 1030/1030/1030 1016/1016/1016 981/981/981
f 988/988/988 992/992/992 1036/1036/1036
f 1037/1037/1037 1043/1043/1043 1003/1003/1003
f 1007/1007/1007 1003/1003/1003 1043/1043/1043
f 1028/1028/1028 1037/1037/1037 994/994/994
f 1013/1013/1013 982/982/982 972/972/972
f 991/991/991 1013/1013/1013 972/972/972
f 994/994/994 989/989/989 1028/1028/1028
f 1041/1041/1041 1036/1036/1036 1000/1000/1000
f 1002/1002/1002 1089/1089/1089 1012/1012/1012
f 1029/1029/1029 1052/1052/1052 1070/1070/1070
f 1070/1070/1070 1039/1039/1039 1029/1029/1029
f 1017/1017/1017 1089/1089/1089 1022/1022/1022
f 1012/1012/1012 1089/1089/1089 1017/1017/1017
f 1024/1024/1024 1090/1090/1090 1033/1033/1033
f 1036/1036/1036 992/992/992 1000/1000/1000
f 1043/1043/1043 1049/1049/1049 1007/1007/1007
f 1001/1001/1001 1006/1006/1006 1050/1050/1050
f 1029/1029/1029 1014/1014/1014 1018/1018/1018
f 1052/1052/1052 1029/1029/1029 1018/1018/1018
f 1050/1050/1050 1040/1040/1040 1001/1001/1001
f 1109/1109/1109 1104/1104/1104 1106/1106/1106
f 1841/1841/1841 1929/1929/1929 1789/1789/1789
f 1934/1934/1934 1857/1857/1857 1826/1826/1826
f 1857/1857/1857 1934/1934/1934 1841/1841/1841
f 1836/1836/1836 1760/1760/1760 1732/1732/1732
f 1924/1924/1924 1934/1934/1934 1826/1826/1826
f 1929/1929/1929 1841/1841/1841 1934/1934/1934
f 1561/1561/1561 1577/1577/1577 1566/1566/1566
f 1620/1620/1620 1617/1617/1617 1586/1586/1586
f 1668/1668/1668 1676/1676/1676 1708/1708/1708
f 1577/1577/1577 1586/1586/1586 1566/1566/1566
f 1577/1577/1577 1620/1620/1620 1586/1586/1586
f 1561/1561/1561 1566/1566/1566 1565/1565/1565
f 1708/1708/1708 1732/1732/1732 1760/1760/1760
f 1940/1940/1940 1934/1934/1934 1931/1931/1931
f 1929/1929/1929 1936/1936/1936 1875/1875/1875
f 1790/1790/1790 1757/1757/1757 1907/1907/1907
f 1934/1934/1934 1940/1940/1940 1929/1929/1929
f 1936/1936/1936 1929/1929/1929 1940/1940/1940
f 1924/1924/1924 1931/1931/1931 1934/1934/1934
f 1560/1560/1560 1561/1561/1561 1565/1565/1565
f 1836/1836/1836 1924/1924/1924 1760/1760/1760
f 1924/1924/1924 1826/1826/1826 1760/1760/1760
f 1757/1757/1757 1790/1790/1790 1688/1688/1688
f 1907/1907/1907 1875/1875/1875 1936/1936/1936
f 1875/1875/1875 1907/1907/1907 1757/1757/1757
f 1732/1732/1732 1708/1708/1708 1676/1676/1676
f 1879/1879/1879 1844/1844/1844 1931/1931/1931
f 1926/1926/1926 1940/1940/1940 1911/1911/1911
f 1940/1940/1940 1926/1926/1926 1936/1936/1936
f 1844/1844/1844 1879/1879/1879 1755/1755/1755
f 1701/1701/1701 1756/1756/1756 1686/1686/1686
f 1756/1756/1756 1755/1755/1755 1686/1686/1686
f 1620/1620/1620 1633/1633/1633 1676/1676/1676
f 1686/1686/1686 1676/1676/1676 1633/1633/1633
f 1577/1577/1577 1594/1594/1594 1620/1620/1620
f 1911/1911/1911 1931/1931/1931 1844/1844/1844
f 1931/1931/1931 1911/1911/1911 1940/1940/1940
f 1648/1648/1648 1603/1603/1603 1635/1635/1635
f 1756/1756/1756 1844/1844/1844 1755/1755/1755
f 1882/1882/1882 1907/1907/1907 1936/1936/1936
f 1882/1882/1882 1791/1791/1791 1907/1907/1907
f 1919/1919/1919 1936/1936/1936 1926/1926/1926
f 1620/1620/1620 1676/1676/1676 1617/1617/1617
f 1676/1676/1676 1668/1668/1668 1617/1617/1617
f 1931/1931/1931 1924/1924/1924 1879/1879/1879
f 1648/1648/1648 1635/1635/1635 1688/1688/1688
f 1790/1790/1790 1791/1791/1791 1706/1706/1706
f 1721/1721/1721 1706/1706/1706 1791/1791/1791
f 1919/1919/1919 1882/1882/1882 1936/1936/1936
f 1791/1791/1791 1790/1790/1790 1907/1907/1907
f 1706/1706/1706 1648/1648/1648 1688/1688/1688
f 1063/1063/1063 1075/1075/1075 1085/1085/1085
f 1079/1079/1079 1099/1099/1099 1086/1086/1086
f 1067/1067/1067 1063/1063/1063 1085/1085/1085
f 980/980/980 1005/1005/1005 987/987/987
f 998/998/998 1005/1005/1005 980/980/980
f 1086/1086/1086 1074/1074/1074 1079/1079/1079
f 1048/1048/1048 1058/1058/1058 1068/1068/1068
f 1018/1018/1018 1014/1014/1014 984/984/984
f 1111/1111/1111 1102/1102/1102 1110/1110/1110
f 1058/1058/1058 1048/1048/1048 1026/1026/1026
f 1026/1026/1026 1045/1045/1045 1058/1058/1058
f 1058/1058/1058 1064/1064/1064 1068/1068/1068
f 1014/1014/1014 998/998/998 984/984/984
f 1114/1114/1114 1111/1111/1111 1110/1110/1110
f 1107/1107/1107 1112/1112/1112 1114/1114/1114
f 1047/1047/1047 1067/1067/1067 1082/1082/1082
f 1110/1110/1110 1115/1115/1115 1114/1114/1114
f 1108/1108/1108 1107/1107/1107 1114/1114/1114
f 1098/1098/1098 1107/1107/1107 1108/1108/1108
f 997/997/997 1035/1035/1035 1026/1026/1026
f 1005/1005/1005 1021/1021/1021 987/987/987
f 984/984/984 998/998/998 980/980/980
f 1021/1021/1021 1035/1035/1035 997/997/997
f 987/987/987 1021/1021/1021 997/997/997
f 1035/1035/1035 1045/1045/1045 1026/1026/1026
f 1103/1103/1103 1113/1113/1113 1107/1107/1107
f 1635/1635/1635 1630/1630/1630 1681/1681/1681
f 1630/1630/1630 1635/1635/1635 1595/1595/1595
f 1706/1706/1706 1688/1688/1688 1790/1790/1790
f 1097/1097/1097 1092/1092/1092 1104/1104/1104
f 1094/1094/1094 1081/1081/1081 1071/1071/1071
f 1081/1081/1081 1094/1094/1094 1104/1104/1104
f 1560/1560/1560 1565/1565/1565 1568/1568/1568
f 1588/1588/1588 1562/1562/1562 1595/1595/1595
f 1562/1562/1562 1568/1568/1568 1595/1595/1595
f 1688/1688/1688 1635/1635/1635 1681/1681/1681
f 1588/1588/1588 1595/1595/1595 1635/1635/1635
f 1562/1562/1562 1560/1560/1560 1568/1568/1568
f 1104/1104/1104 1092/1092/1092 1081/1081/1081
f 1067/1067/1067 1085/1085/1085 1098/1098/1098
f 1082/1082/1082 1067/1067/1067 1098/1098/1098
f 1100/1100/1100 1107/1107/1107 1098/1098/1098
f 1110/1110/1110 1097/1097/1097 1104/1104/1104
f 1102/1102/1102 1097/1097/1097 1110/1110/1110
f 1107/1107/1107 1100/1100/1100 1103/1103/1103
f 1018/1018/1018 1042/1042/1042 1069/1069/1069
f 1069/1069/1069 1052/1052/1052 1018/1018/1018
f 1071/1071/1071 1084/1084/1084 1094/1094/1094
f 1098/1098/1098 1085/1085/1085 1100/1100/1100
f 1071/1071/1071 1052/1052/1052 1069/1069/1069
f 1084/1084/1084 1071/1071/1071 1069/1069/1069
f 1431/1431/1431 1400/1400/1400 1397/1397/1397
f 1539/1539/1539 1556/1556/1556 1571/1571/1571
f 1538/1538/1538 1515/1515/1515 1522/1522/1522
f 1515/1515/1515 1538/1538/1538 1539/1539/1539
f 1513/1513/1513 1491/1491/1491 1525/1525/1525
f 1499/1499/1499 1522/1522/1522 1515/1515/1515
f 1556/1556/1556 1539/1539/1539 1538/1538/1538
f 1187/1187/1187 1195/1195/1195 1192/1192/1192
f 1563/1563/1563 1553/1553/1553 1613/1613/1613
f 1542/1542/1542 1525/1525/1525 1527/1527/1527
f 1469/1469/1469 1477/1477/1477 1455/1455/1455
f 1591/1591/1591 1613/1613/1613 1553/1553/1553
f 1214/1214/1214 1203/1203/1203 1195/1195/1195
f 1501/1501/1501 1525/1525/1525 1491/1491/1491
f 1185/1185/1185 1181/1181/1181 1191/1191/1191
f 1180/1180/1180 1187/1187/1187 1192/1192/1192
f 1200/1200/1200 1184/1184/1184 1192/1192/1192
f 1181/1181/1181 1185/1185/1185 1187/1187/1187
f 1187/1187/1187 1180/1180/1180 1181/1181/1181
f 1181/1181/1181 1183/1183/1183 1191/1191/1191
f 1221/1221/1221 1197/1197/1197 1250/1250/1250
f 1491/1491/1491 1513/1513/1513 1499/1499/1499
f 1522/1522/1522 1499/1499/1499 1513/1513/1513
f 1184/1184/1184 1200/1200/1200 1216/1216/1216
f 1192/1192/1192 1182/1182/1182 1180/1180/1180
f 1184/1184/1184 1182/1182/1182 1192/1192/1192
f 1525/1525/1525 1501/1501/1501 1527/1527/1527
f 1687/1687/1687 1725/1725/1725 1683/1683/1683
f 1751/1751/1751 1759/1759/1759 1727/1727/1727
f 1759/1759/1759 1751/1751/1751 1736/1736/1736
f 1687/1687/1687 1683/1683/1683 1626/1626/1626
f 1571/1571/1571 1590/1590/1590 1626/1626/1626
f 1640/1640/1640 1626/1626/1626 1590/1590/1590
f 2027/2027/2027 2035/2035/2035 1479/1479/1479
f 1502/1502/1502 1488/1488/1488 2041/2041/2041
f 2039/2039/2039 1507/1507/1507 2046/2046/2046
f 1725/1725/1725 1727/1727/1727 1683/1683/1683
f 1725/1725/1725 1751/1751/1751 1727/1727/1727
f 1488/1488/1488 2035/2035/2035 2041/2041/2041
f 1640/1640/1640 1687/1687/1687 1626/1626/1626
f 1700/1700/1700 1690/1690/1690 1734/1734/1734
f 1700/1700/1700 1662/1662/1662 1690/1690/1690
f 1734/1734/1734 1736/1736/1736 1751/1751/1751
f 1563/1563/1563 1542/1542/1542 1553/1553/1553
f 1542/1542/1542 1527/1527/1527 1553/1553/1553
f 1590/1590/1590 1571/1571/1571 1556/1556/1556
f 1250/1250/1250 1197/1197/1197 1188/1188/1188
f 1641/1641/1641 1662/1662/1662 1592/1592/1592
f 1613/1613/1613 1592/1592/1592 1662/1662/1662
f 1736/1736/1736 1734/1734/1734 1690/1690/1690
f 1662/1662/1662 1641/1641/1641 1690/1690/1690
f 1188/1188/1188 1217/1217/1217 1250/1250/1250
f 1505/1505/1505 1495/1495/1495 1512/1512/1512
f 1526/1526/1526 1495/1495/1495 1530/1530/1530
f 1505/1505/1505 1493/1493/1493 1495/1495/1495
f 1267/1267/1267 1277/1277/1277 1302/1302/1302
f 1516/1516/1516 1530/1530/1530 1495/1495/1495
f 1512/1512/1512 1495/1495/1495 1526/1526/1526
f 1493/1493/1493 1480/1480/1480 1478/1478/1478
f 1231/1231/1231 1302/1302/1302 1277/1277/1277
f 1277/1277/1277 1212/1212/1212 1231/1231/1231
f 1480/1480/1480 1465/1465/1465 1478/1478/1478
f 1465/1465/1465 1391/1391/1391 1478/1478/1478
f 1495/1495/1495 1493/1493/1493 1478/1478/1478
f 1505/1505/1505 1512/1512/1512 1544/1544/1544
f 1375/1375/1375 1465/1465/1465 1428/1428/1428
f 1483/1483/1483 1428/1428/1428 1480/1480/1480
f 1512/1512/1512 1526/1526/1526 1544/1544/1544
f 1494/1494/1494 1483/1483/1483 1480/1480/1480
f 1465/1465/1465 1480/1480/1480 1428/1428/1428
f 1267/1267/1267 1284/1284/1284 1257/1257/1257
f 1391/1391/1391 1375/1375/1375 1302/1302/1302
f 1306/1306/1306 1284/1284/1284 1375/1375/1375
f 1539/1539/1539 1530/1530/1530 1515/1515/1515
f 1375/1375/1375 1284/1284/1284 1302/1302/1302
f 1302/1302/1302 1284/1284/1284 1267/1267/1267
f 1465/1465/1465 1375/1375/1375 1391/1391/1391
f 1259/1259/1259 1334/1334/1334 1302/1302/1302
f 1281/1281/1281 1285/1285/1285 1245/1245/1245
f 1281/1281/1281 1324/1324/1324 1285/1285/1285
f 1216/1216/1216 1188/1188/1188 1184/1184/1184
f 1268/1268/1268 1405/1405/1405 1393/1393/1393
f 1393/1393/1393 1269/1269/1269 1268/1268/1268
f 1191/1191/1191 1183/1183/1183 1215/1215/1215
f 1426/1426/1426 1471/1471/1471 1392/1392/1392
f 1324/1324/1324 1392/1392/1392 1361/1361/1361
f 1392/1392/1392 1455/1455/1455 1361/1361/1361
f 1254/1254/1254 1245/1245/1245 1285/1285/1285
f 1324/1324/1324 1361/1361/1361 1285/1285/1285
f 1455/1455/1455 1392/1392/1392 1471/1471/1471
f 1334/1334/1334 1259/1259/1259 1269/1269/1269
f 1183/1183/1183 1186/1186/1186 1215/1215/1215
f 1267/1267/1267 1196/1196/1196 1212/1212/1212
f 1186/1186/1186 1196/1196/1196 1267/1267/1267
f 1302/1302/1302 1231/1231/1231 1259/1259/1259
f 1212/1212/1212 1277/1277/1277 1267/1267/1267
f 1215/1215/1215 1186/1186/1186 1267/1267/1267
f 1249/1249/1249 1221/1221/1221 1289/1289/1289
f 1405/1405/1405 1268/1268/1268 1249/1249/1249
f 1269/1269/1269 1393/1393/1393 1334/1334/1334
f 1347/1347/1347 1249/1249/1249 1289/1289/1289
f 1249/1249/1249 1347/1347/1347 1405/1405/1405
f 1289/1289/1289 1221/1221/1221 1250/1250/1250
f 1543/1543/1543 2046/2046/2046 1507/1507/1507
f 1932/1932/1932 1956/1956/1956 1930/1930/1930
f 1935/1935/1935 1937/1937/1937 1796/1796/1796
f 1805/1805/1805 1796/1796/1796 1937/1937/1937
f 1656/1656/1656 1653/1653/1653 1642/1642/1642
f 1659/1659/1659 1639/1639/1639 1672/1672/1672
f 1639/1639/1639 1659/1659/1659 1642/1642/1642
f 1652/1652/1652 1682/1682/1682 1693/1693/1693
f 1652/1652/1652 1639/1639/1639 1682/1682/1682
f 1693/1693/1693 1716/1716/1716 1796/1796/1796
f 1962/1962/1962 1959/1959/1959 1935/1935/1935
f 1937/1937/1937 1935/1935/1935 1959/1959/1959
f 1783/1783/1783 1796/1796/1796 1716/1716/1716
f 1656/1656/1656 1642/1642/1642 1659/1659/1659
f 1793/1793/1793 1932/1932/1932 1779/1779/1779
f 1932/1932/1932 1930/1930/1930 1779/1779/1779
f 1689/1689/1689 1698/1698/1698 1779/1779/1779
f 1653/1653/1653 1637/1637/1637 1642/1642/1642
f 1653/1653/1653 1666/1666/1666 1637/1637/1637
f 1698/1698/1698 1689/1689/1689 1667/1667/1667
f 1796/1796/1796 1805/1805/1805 1693/1693/1693
f 1705/1705/1705 1693/1693/1693 1805/1805/1805
f 1652/1652/1652 1672/1672/1672 1639/1639/1639
f 1793/1793/1793 1779/1779/1779 1698/1698/1698
f 1705/1705/1705 1672/1672/1672 1693/1693/1693
f 1672/1672/1672 1652/1652/1652 1693/1693/1693
f 1716/1716/1716 1693/1693/1693 1682/1682/1682
f 1746/1746/1746 1665/1665/1665 1654/1654/1654
f 1741/1741/1741 1739/1739/1739 1657/1657/1657
f 1739/1739/1739 1654/1654/1654 1657/1657/1657
f 1671/1671/1671 1753/1753/1753 1660/1660/1660
f 1741/1741/1741 1657/1657/1657 1744/1744/1744
f 1739/1739/1739 1746/1746/1746 1654/1654/1654
f 1854/1854/1854 1861/1861/1861 1843/1843/1843
f 1852/1852/1852 1900/1900/1900 1892/1892/1892
f 1772/1772/1772 1705/1705/1705 1805/1805/1805
f 1852/1852/1852 1886/1886/1886 1860/1860/1860
f 1852/1852/1852 1892/1892/1892 1886/1886/1886
f 1854/1854/1854 1843/1843/1843 1833/1833/1833
f 1753/1753/1753 1671/1671/1671 1772/1772/1772
f 1961/1961/1961 1957/1957/1957 1978/1978/1978
f 1977/1977/1977 1979/1979/1979 1973/1973/1973
f 1975/1975/1975 1959/1959/1959 1980/1980/1980
f 1973/1973/1973 1978/1978/1978 1957/1957/1957
f 1978/1978/1978 1973/1973/1973 1979/1979/1979
f 1956/1956/1956 1960/1960/1960 1930/1930/1930
f 1822/1822/1822 1805/1805/1805 1937/1937/1937
f 1744/1744/1744 1660/1660/1660 1753/1753/1753
f 1660/1660/1660 1744/1744/1744 1657/1657/1657
f 1959/1959/1959 1962/1962/1962 1980/1980/1980
f 1977/1977/1977 1975/1975/1975 1979/1979/1979
f 1975/1975/1975 1980/1980/1980 1979/1979/1979
f 1528/1528/1528 2049/2049/2049 2052/2052/2052
f 2055/2055/2055 1596/1596/1596 1592/1592/1592
f 1596/1596/1596 1641/1641/1641 1592/1592/1592
f 1554/1554/1554 1529/1529/1529 2053/2053/2053
f 2044/2044/2044 1528/1528/1528 2041/2041/2041
f 1502/1502/1502 2041/2041/2041 1528/1528/1528
f 2013/2013/2013 2018/2018/2018 1406/1406/1406
f 2035/2035/2035 1488/1488/1488 1479/1479/1479
f 2027/2027/2027 1479/1479/1479 2019/2019/2019
f 1555/1555/1555 2054/2054/2054 2056/2056/2056
f 1591/1591/1591 1553/1553/1553 2057/2057/2057
f 1454/1454/1454 2019/2019/2019 1479/1479/1479
f 1528/1528/1528 2044/2044/2044 2049/2049/2049
f 2009/2009/2009 1362/1362/1362 2020/2020/2020
f 1254/1254/1254 1285/1285/1285 1999/1999/1999
f 1286/1286/1286 2009/2009/2009 2000/2000/2000
f 1497/1497/1497 2040/2040/2040 2032/2032/2032
f 1497/1497/1497 1508/1508/1508 2040/2040/2040
f 1285/1285/1285 1361/1361/1361 2010/2010/2010
f 2032/2032/2032 2020/2020/2020 1477/1477/1477
f 2020/2020/2020 1455/1455/1455 1477/1477/1477
f 1203/1203/1203 1253/1253/1253 2000/2000/2000
f 1455/1455/1455 2020/2020/2020 1361/1361/1361
f 1477/1477/1477 1487/1487/1487 2032/2032/2032
f 1487/1487/1487 1498/1498/1498 2032/2032/2032
f 1454/1454/1454 1407/1407/1407 2019/2019/2019
f 1572/1572/1572 2055/2055/2055 2050/2050/2050
f 1557/1557/1557 1572/1572/1572 2050/2050/2050
f 1543/1543/1543 1575/1575/1575 1557/1557/1557
f 1216/1216/1216 1993/1993/1993 1995/1995/1995
f 1557/1557/1557 2050/2050/2050 2046/2046/2046
f 1543/1543/1543 1557/1557/1557 2046/2046/2046
f 1641/1641/1641 1596/1596/1596 1575/1575/1575
f 1666/1666/1666 1644/1644/1644 1637/1637/1637
f 1643/1643/1643 1667/1667/1667 1689/1689/1689
f 1572/1572/1572 1575/1575/1575 1596/1596/1596
f 1406/1406/1406 1348/1348/1348 2013/2013/2013
f 1557/1557/1557 1575/1575/1575 1572/1572/1572
f 1251/1251/1251 1218/1218/1218 1996/1996/1996
f 1488/1488/1488 1492/1492/1492 1479/1479/1479
f 1572/1572/1572 1596/1596/1596 2055/2055/2055
f 1290/1290/1290 2001/2001/2001 2007/2007/2007
f 1405/1405/1405 1454/1454/1454 1492/1492/1492
f 1479/1479/1479 1492/1492/1492 1454/1454/1454
f 1502/1502/1502 1492/1492/1492 1488/1488/1488
f 1290/1290/1290 1252/1252/1252 2001/2001/2001
f 1216/1216/1216 1203/1203/1203 1993/1993/1993
f 1993/1993/1993 1203/1203/1203 2000/2000/2000
f 1996/1996/1996 2002/2002/2002 1251/1251/1251
f 1348/1348/1348 2007/2007/2007 2013/2013/2013
f 1348/1348/1348 1290/1290/1290 2007/2007/2007
f 1334/1334/1334 1393/1393/1393 1500/1500/1500
f 1109/1109/1109 1144/1144/1144 1146/1146/1146
f 1146/1146/1146 1115/1115/1115 1109/1109/1109
f 1109/1109/1109 1106/1106/1106 1141/1141/1141
f 1129/1129/1129 1087/1087/1087 1123/1123/1123
f 1095/1095/1095 1087/1087/1087 1129/1129/1129
f 1141/1141/1141 1106/1106/1106 1135/1135/1135
f 1031/1031/1031 1059/1059/1059 1056/1056/1056
f 1056/1056/1056 995/995/995 1031/1031/1031
f 1015/1015/1015 990/990/990 1055/1055/1055
f 1144/1144/1144 1109/1109/1109 1141/1141/1141
f 995/995/995 1056/1056/1056 1055/1055/1055
f 1055/1055/1055 990/990/990 995/995/995
f 1106/1106/1106 1095/1095/1095 1135/1135/1135
f 1137/1137/1137 1128/1128/1128 1147/1147/1147
f 1122/1122/1122 1128/1128/1128 1137/1137/1137
f 1126/1126/1126 1120/1120/1120 1122/1122/1122
f 1142/1142/1142 1131/1131/1131 1148/1148/1148
f 1130/1130/1130 1122/1122/1122 1137/1137/1137
f 1122/1122/1122 1130/1130/1130 1126/1126/1126
f 1124/1124/1124 1118/1118/1118 1120/1120/1120
f 1119/1119/1119 1060/1060/1060 1055/1055/1055
f 1135/1135/1135 1095/1095/1095 1129/1129/1129
f 1118/1118/1118 1124/1124/1124 1121/1121/1121
f 1121/1121/1121 1116/1116/1116 1118/1118/1118
f 1120/1120/1120 1126/1126/1126 1124/1124/1124
f 1077/1077/1077 1042/1042/1042 1060/1060/1060
f 1114/1114/1114 1143/1143/1143 1138/1138/1138
f 1132/1132/1132 1105/1105/1105 1108/1108/1108
f 1083/1083/1083 1093/1093/1093 1128/1128/1128
f 1138/1138/1138 1108/1108/1108 1114/1114/1114
f 1108/1108/1108 1138/1138/1138 1132/1132/1132
f 1143/1143/1143 1114/1114/1114 1115/1115/1115
f 1139/1139/1139 1145/1145/1145 1160/1160/1160
f 1156/1156/1156 1139/1139/1139 1160/1160/1160
f 1151/1151/1151 1166/1166/1166 1160/1160/1160
f 1122/1122/1122 1083/1083/1083 1128/1128/1128
f 1093/1093/1093 1105/1105/1105 1132/1132/1132
f 1128/1128/1128 1093/1093/1093 1132/1132/1132
f 1056/1056/1056 1116/1116/1116 1117/1117/1117
f 1115/1115/1115 1146/1146/1146 1143/1143/1143
f 1059/1059/1059 1076/1076/1076 1120/1120/1120
f 1118/1118/1118 1059/1059/1059 1120/1120/1120
f 1087/1087/1087 1077/1077/1077 1123/1123/1123
f 1060/1060/1060 1015/1015/1015 1055/1055/1055
f 1042/1042/1042 1015/1015/1015 1060/1060/1060
f 1117/1117/1117 1055/1055/1055 1056/1056/1056
f 1055/1055/1055 1117/1117/1117 1119/1119/1119
f 1116/1116/1116 1056/1056/1056 1059/1059/1059
f 1076/1076/1076 1083/1083/1083 1122/1122/1122
f 1120/1120/1120 1076/1076/1076 1122/1122/1122
f 1059/1059/1059 1118/1118/1118 1116/1116/1116
f 1420/1420/1420 1414/1414/1414 1379/1379/1379
f 1394/1394/1394 1404/1404/1404 1431/1431/1431
f 1419/1419/1419 1380/1380/1380 1427/1427/1427
f 1447/1447/1447 1423/1423/1423 1409/1409/1409
f 1449/1449/1449 1431/1431/1431 1422/1422/1422
f 1380/1380/1380 1395/1395/1395 1427/1427/1427
f 1414/1414/1414 1408/1408/1408 1363/1363/1363
f 1352/1352/1352 1363/1363/1363 1408/1408/1408
f 1163/1163/1163 1146/1146/1146 1144/1144/1144
f 1363/1363/1363 1379/1379/1379 1414/1414/1414
f 1408/1408/1408 1340/1340/1340 1352/1352/1352
f 1408/1408/1408 1402/1402/1402 1340/1340/1340
f 1409/1409/1409 1350/1350/1350 1339/1339/1339
f 1315/1315/1315 1314/1314/1314 1335/1335/1335
f 1409/1409/1409 1423/1423/1423 1350/1350/1350
f 1364/1364/1364 1350/1350/1350 1421/1421/1421
f 1314/1314/1314 1317/1317/1317 1335/1335/1335
f 1339/1339/1339 1315/1315/1315 1335/1335/1335
f 1317/1317/1317 1321/1321/1321 1335/1335/1335
f 1403/1403/1403 1410/1410/1410 1336/1336/1336
f 1339/1339/1339 1335/1335/1335 1409/1409/1409
f 1335/1335/1335 1340/1340/1340 1402/1402/1402
f 1350/1350/1350 1320/1320/1320 1339/1339/1339
f 1320/1320/1320 1315/1315/1315 1339/1339/1339
f 1427/1427/1427 1394/1394/1394 1431/1431/1431
f 1146/1146/1146 1163/1163/1163 1159/1159/1159
f 1128/1128/1128 1132/1132/1132 1147/1147/1147
f 1119/1119/1119 1117/1117/1117 1125/1125/1125
f 1127/1127/1127 1119/1119/1119 1125/1125/1125
f 1141/1141/1141 1158/1158/1158 1162/1162/1162
f 1149/1149/1149 1135/1135/1135 1142/1142/1142
f 1135/1135/1135 1149/1149/1149 1158/1158/1158
f 1155/1155/1155 1142/1142/1142 1148/1148/1148
f 1149/1149/1149 1142/1142/1142 1155/1155/1155
f 1131/1131/1131 1123/1123/1123 1119/1119/1119
f 1117/1117/1117 1116/1116/1116 1121/1121/1121
f 1125/1125/1125 1117/1117/1117 1121/1121/1121
f 1119/1119/1119 1127/1127/1127 1131/1131/1131
f 1158/1158/1158 1141/1141/1141 1135/1135/1135
f 1138/1138/1138 1154/1154/1154 1147/1147/1147
f 1147/1147/1147 1132/1132/1132 1138/1138/1138
f 1143/1143/1143 1159/1159/1159 1154/1154/1154
f 1162/1162/1162 1144/1144/1144 1141/1141/1141
f 1144/1144/1144 1162/1162/1162 1163/1163/1163
f 1159/1159/1159 1143/1143/1143 1146/1146/1146
f 1060/1060/1060 1119/1119/1119 1123/1123/1123
f 1123/1123/1123 1077/1077/1077 1060/1060/1060
f 1135/1135/1135 1129/1129/1129 1142/1142/1142
f 1154/1154/1154 1138/1138/1138 1143/1143/1143
f 1129/1129/1129 1123/1123/1123 1131/1131/1131
f 1142/1142/1142 1129/1129/1129 1131/1131/1131
f 1160/1160/1160 1145/1145/1145 1151/1151/1151
f 1140/1140/1140 1127/1127/1127 1125/1125/1125
f 1127/1127/1127 1140/1140/1140 1148/1148/1148
f 1136/1136/1136 1125/1125/1125 1121/1121/1121
f 1126/1126/1126 1139/1139/1139 1134/1134/1134
f 1134/1134/1134 1124/1124/1124 1126/1126/1126
f 1121/1121/1121 1133/1133/1133 1136/1136/1136
f 1683/1683/1683 1576/1576/1576 1626/1626/1626
f 1544/1544/1544 1626/1626/1626 1576/1576/1576
f 1647/1647/1647 1629/1629/1629 1759/1759/1759
f 1125/1125/1125 1136/1136/1136 1140/1140/1140
f 1629/1629/1629 1576/1576/1576 1727/1727/1727
f 1576/1576/1576 1683/1683/1683 1727/1727/1727
f 1133/1133/1133 1121/1121/1121 1124/1124/1124
f 1155/1155/1155 1168/1168/1168 1174/1174/1174
f 1148/1148/1148 1131/1131/1131 1127/1127/1127
f 1155/1155/1155 1148/1148/1148 1164/1164/1164
f 1173/1173/1173 1163/1163/1163 1162/1162/1162
f 1139/1139/1139 1126/1126/1126 1130/1130/1130
f 1168/1168/1168 1155/1155/1155 1164/1164/1164
f 1169/1169/1169 1165/1165/1165 1174/1174/1174
f 1176/1176/1176 1169/1169/1169 1174/1174/1174
f 1124/1124/1124 1134/1134/1134 1133/1133/1133
f 1174/1174/1174 1165/1165/1165 1155/1155/1155
f 1172/1172/1172 1169/1169/1169 1176/1176/1176
f 1178/1178/1178 1172/1172/1172 1176/1176/1176
f 1391/1391/1391 1334/1334/1334 1478/1478/1478
f 1483/1483/1483 1475/1475/1475 1428/1428/1428
f 1215/1215/1215 1210/1210/1210 1191/1191/1191
f 1200/1200/1200 1192/1192/1192 1203/1203/1203
f 1267/1267/1267 1257/1257/1257 1215/1215/1215
f 1257/1257/1257 1210/1210/1210 1215/1215/1215
f 1306/1306/1306 1257/1257/1257 1284/1284/1284
f 1393/1393/1393 1492/1492/1492 1500/1500/1500
f 1492/1492/1492 1393/1393/1393 1405/1405/1405
f 1496/1496/1496 1478/1478/1478 1500/1500/1500
f 1192/1192/1192 1195/1195/1195 1203/1203/1203
f 1216/1216/1216 1200/1200/1200 1203/1203/1203
f 1203/1203/1203 1214/1214/1214 1253/1253/1253
f 1517/1517/1517 1496/1496/1496 1500/1500/1500
f 1526/1526/1526 1530/1530/1530 1571/1571/1571
f 1575/1575/1575 1690/1690/1690 1641/1641/1641
f 1544/1544/1544 1526/1526/1526 1571/1571/1571
f 1334/1334/1334 1500/1500/1500 1478/1478/1478
f 1629/1629/1629 1727/1727/1727 1759/1759/1759
f 1302/1302/1302 1334/1334/1334 1391/1391/1391
f 1736/1736/1736 1628/1628/1628 1647/1647/1647
f 1575/1575/1575 1628/1628/1628 1690/1690/1690
f 1626/1626/1626 1544/1544/1544 1571/1571/1571
f 1539/1539/1539 1571/1571/1571 1530/1530/1530
f 1736/1736/1736 1690/1690/1690 1628/1628/1628
f 1759/1759/1759 1736/1736/1736 1647/1647/1647
f 1178/1178/1178 1268/1268/1268 1269/1269/1269
f 1249/1249/1249 1176/1176/1176 1174/1174/1174
f 1176/1176/1176 1249/1249/1249 1268/1268/1268
f 1171/1171/1171 1161/1161/1161 1175/1175/1175
f 1153/1153/1153 1136/1136/1136 1133/1133/1133
f 1268/1268/1268 1178/1178/1178 1176/1176/1176
f 1179/1179/1179 1269/1269/1269 1259/1259/1259
f 1259/1259/1259 1177/1177/1177 1179/1179/1179
f 1148/1148/1148 1140/1140/1140 1157/1157/1157
f 1269/1269/1269 1179/1179/1179 1178/1178/1178
f 1177/1177/1177 1259/1259/1259 1231/1231/1231
f 1231/1231/1231 1175/1175/1175 1177/1177/1177
f 1161/1161/1161 1167/1167/1167 1175/1175/1175
f 1152/1152/1152 1134/1134/1134 1156/1156/1156
f 1134/1134/1134 1152/1152/1152 1150/1150/1150
f 1177/1177/1177 1170/1170/1170 1179/1179/1179
f 1134/1134/1134 1139/1139/1139 1156/1156/1156
f 1150/1150/1150 1133/1133/1133 1134/1134/1134
f 1133/1133/1133 1150/1150/1150 1153/1153/1153
f 1175/1175/1175 1167/1167/1167 1177/1177/1177
f 1161/1161/1161 1171/1171/1171 1166/1166/1166
f 1166/1166/1166 1151/1151/1151 1161/1161/1161
f 1167/1167/1167 1170/1170/1170 1177/1177/1177
f 1179/1179/1179 1173/1173/1173 1178/1178/1178
f 1170/1170/1170 1173/1173/1173 1179/1179/1179
f 1164/1164/1164 1148/1148/1148 1157/1157/1157
f 1130/1130/1130 1137/1137/1137 1151/1151/1151
f 1169/1169/1169 1158/1158/1158 1165/1165/1165
f 1162/1162/1162 1158/1158/1158 1169/1169/1169
f 1145/1145/1145 1130/1130/1130 1151/1151/1151
f 1130/1130/1130 1145/1145/1145 1139/1139/1139
f 1151/1151/1151 1137/1137/1137 1161/1161/1161
f 1163/1163/1163 1173/1173/1173 1170/1170/1170
f 1170/1170/1170 1159/1159/1159 1163/1163/1163
f 1162/1162/1162 1172/1172/1172 1173/1173/1173
f 1165/1165/1165 1149/1149/1149 1155/1155/1155
f 1158/1158/1158 1149/1149/1149 1165/1165/1165
f 1172/1172/1172 1162/1162/1162 1169/1169/1169
f 1137/1137/1137 1147/1147/1147 1161/1161/1161
f 1221/1221/1221 1174/1174/1174 1168/1168/1168
f 1174/1174/1174 1221/1221/1221 1249/1249/1249
f 1197/1197/1197 1168/1168/1168 1164/1164/1164
f 1136/1136/1136 1153/1153/1153 1157/1157/1157
f 1157/1157/1157 1140/1140/1140 1136/1136/1136
f 1164/1164/1164 1188/1188/1188 1197/1197/1197
f 1161/1161/1161 1147/1147/1147 1154/1154/1154
f 1159/1159/1159 1170/1170/1170 1167/1167/1167
f 1167/1167/1167 1154/1154/1154 1159/1159/1159
f 1168/1168/1168 1197/1197/1197 1221/1221/1221
f 1173/1173/1173 1172/1172/1172 1178/1178/1178
f 1154/1154/1154 1167/1167/1167 1161/1161/1161
f 2043/2043/2043 2048/2048/2048 2024/2024/2024
f 2116/2116/2116 1991/1991/1991 2128/2128/2128
f 2036/2036/2036 2038/2038/2038 1998/1998/1998
f 1998/1998/1998 2038/2038/2038 2015/2015/2015
f 1990/1990/1990 1991/1991/1991 2116/2116/2116
f 1988/1988/1988 1984/1984/1984 2022/2022/2022
f 1991/1991/1991 1998/1998/1998 2128/2128/2128
f 2108/2108/2108 1990/1990/1990 2116/2116/2116
f 1986/1986/1986 1987/1987/1987 2025/2025/2025
f 1987/1987/1987 1989/1989/1989 2028/2028/2028
f 1989/1989/1989 2029/2029/2029 2028/2028/2028
f 2026/2026/2026 2025/2025/2025 1987/1987/1987
f 2038/2038/2038 2043/2043/2043 2015/2015/2015
f 2015/2015/2015 2043/2043/2043 2024/2024/2024
f 2028/2028/2028 2026/2026/2026 1987/1987/1987
f 1981/1981/1981 2003/2003/2003 2006/2006/2006
f 2031/2031/2031 1992/1992/1992 2004/2004/2004
f 2004/2004/2004 2033/2033/2033 2031/2031/2031
f 2096/2096/2096 1987/1987/1987 1986/1986/1986
f 2033/2033/2033 2004/2004/2004 2008/2008/2008
f 2042/2042/2042 2016/2016/2016 2021/2021/2021
f 2024/2024/2024 2048/2048/2048 2045/2045/2045
f 2008/2008/2008 2034/2034/2034 2033/2033/2033
f 2021/2021/2021 2045/2045/2045 2042/2042/2042
f 1982/1982/1982 2006/2006/2006 2014/2014/2014
f 1990/1990/1990 1988/1988/1988 2030/2030/2030
f 1984/1984/1984 2014/2014/2014 2022/2022/2022
f 1984/1984/1984 1982/1982/1982 2014/2014/2014
f 1988/1988/1988 2022/2022/2022 2030/2030/2030
f 1990/1990/1990 2030/2030/2030 1991/1991/1991
f 2030/2030/2030 2036/2036/2036 1991/1991/1991
f 1991/1991/1991 2036/2036/2036 1998/1998/1998
f 2024/2024/2024 2149/2149/2149 2138/2138/2138
f 2128/2128/2128 1998/1998/1998 2138/2138/2138
f 2090/2090/2090 1984/1984/1984 2101/2101/2101
f 2138/2138/2138 2015/2015/2015 2024/2024/2024
f 2084/2084/2084 2089/2089/2089 1983/1983/1983
f 2089/2089/2089 1985/1985/1985 1983/1983/1983
f 1998/1998/1998 2015/2015/2015 2138/2138/2138
f 2092/2092/2092 2094/2094/2094 1986/1986/1986
f 2082/2082/2082 2084/2084/2084 1983/1983/1983
f 1983/1983/1983 1981/1981/1981 2082/2082/2082
f 2082/2082/2082 1981/1981/1981 2086/2086/2086
f 1981/1981/1981 1982/1982/1982 2086/2086/2086
f 2101/2101/2101 1988/1988/1988 2108/2108/2108
f 1982/1982/1982 1984/1984/1984 2090/2090/2090
f 2086/2086/2086 1982/1982/1982 2090/2090/2090
f 1984/1984/1984 1988/1988/1988 2101/2101/2101
f 2012/2012/2012 2005/2005/2005 1983/1983/1983
f 1981/1981/1981 1983/1983/1983 2005/2005/2005
f 2005/2005/2005 2003/2003/2003 1981/1981/1981
f 1982/1982/1982 1981/1981/1981 2006/2006/2006
f 1987/1987/1987 2096/2096/2096 2100/2100/2100
f 1987/1987/1987 2100/2100/2100 1989/1989/1989
f 2100/2100/2100 2104/2104/2104 1989/1989/1989
f 1989/1989/1989 2104/2104/2104 2113/2113/2113
f 1988/1988/1988 1990/1990/1990 2108/2108/2108
f 1985/1985/1985 1986/1986/1986 2017/2017/2017
f 2089/2089/2089 2092/2092/2092 1985/1985/1985
f 2092/2092/2092 1986/1986/1986 1985/1985/1985
f 2023/2023/2023 2017/2017/2017 1986/1986/1986
f 1983/1983/1983 1985/1985/1985 2012/2012/2012
f 2017/2017/2017 2012/2012/2012 1985/1985/1985
f 2025/2025/2025 2023/2023/2023 1986/1986/1986
f 2045/2045/2045 2021/2021/2021 2024/2024/2024
f 2040/2040/2040 2047/2047/2047 2038/2038/2038
f 2038/2038/2038 2047/2047/2047 2043/2043/2043
f 2047/2047/2047 2051/2051/2051 2043/2043/2043
f 2043/2043/2043 2051/2051/2051 2048/2048/2048
f 2031/2031/2031 2035/2035/2035 2027/2027/2027
f 2041/2041/2041 2034/2034/2034 2037/2037/2037
f 2051/2051/2051 2058/2058/2058 2048/2048/2048
f 2027/2027/2027 2029/2029/2029 2031/2031/2031
f 2005/2005/2005 2012/2012/2012 2001/2001/2001
f 1997/1997/1997 1994/1994/1994 2003/2003/2003
f 2017/2017/2017 2023/2023/2023 2013/2013/2013
f 2013/2013/2013 2007/2007/2007 2017/2017/2017
f 2003/2003/2003 2005/2005/2005 1997/1997/1997
f 2036/2036/2036 2040/2040/2040 2038/2038/2038
f 2006/2006/2006 2003/2003/2003 2000/2000/2000
f 2001/2001/2001 1997/1997/1997 2005/2005/2005
f 2035/2035/2035 2031/2031/2031 2033/2033/2033
f 2048/2048/2048 2058/2058/2058 2052/2052/2052
f 2033/2033/2033 2041/2041/2041 2035/2035/2035
f 2041/2041/2041 2033/2033/2033 2034/2034/2034
f 2052/2052/2052 2045/2045/2045 2048/2048/2048
f 2045/2045/2045 2052/2052/2052 2049/2049/2049
f 2049/2049/2049 2042/2042/2042 2045/2045/2045
f 2042/2042/2042 2049/2049/2049 2044/2044/2044
f 2037/2037/2037 2044/2044/2044 2041/2041/2041
f 2026/2026/2026 2028/2028/2028 2027/2027/2027
f 2028/2028/2028 2029/2029/2029 2027/2027/2027
f 2044/2044/2044 2037/2037/2037 2042/2042/2042
f 2027/2027/2027 2019/2019/2019 2026/2026/2026
f 2025/2025/2025 2026/2026/2026 2018/2018/2018
f 2023/2023/2023 2025/2025/2025 2018/2018/2018
f 2018/2018/2018 2013/2013/2013 2023/2023/2023
f 2129/2129/2129 2004/2004/2004 1992/1992/1992
f 2113/2113/2113 2124/2124/2124 1992/1992/1992
f 1992/1992/1992 1989/1989/1989 2113/2113/2113
f 1986/1986/1986 2094/2094/2094 2096/2096/2096
f 2037/2037/2037 2011/2011/2011 2016/2016/2016
f 2011/2011/2011 2037/2037/2037 2034/2034/2034
f 2034/2034/2034 2008/2008/2008 2011/2011/2011
f 2146/2146/2146 2149/2149/2149 2021/2021/2021
f 2016/2016/2016 2042/2042/2042 2037/2037/2037
f 2008/2008/2008 2004/2004/2004 2132/2132/2132
f 2029/2029/2029 1989/1989/1989 1992/1992/1992
f 1992/1992/1992 2031/2031/2031 2029/2029/2029
f 2132/2132/2132 2135/2135/2135 2008/2008/2008
f 2124/2124/2124 2129/2129/2129 1992/1992/1992
f 2129/2129/2129 2132/2132/2132 2004/2004/2004
f 2135/2135/2135 2011/2011/2011 2008/2008/2008
f 2030/2030/2030 2032/2032/2032 2036/2036/2036
f 2032/2032/2032 2040/2040/2040 2036/2036/2036
f 2014/2014/2014 2006/2006/2006 2009/2009/2009
f 2014/2014/2014 2009/2009/2009 2020/2020/2020
f 2012/2012/2012 2017/2017/2017 2007/2007/2007
f 2007/2007/2007 2001/2001/2001 2012/2012/2012
f 2030/2030/2030 2022/2022/2022 2032/2032/2032
f 2022/2022/2022 2020/2020/2020 2032/2032/2032
f 2016/2016/2016 2011/2011/2011 2135/2135/2135
f 2142/2142/2142 2146/2146/2146 2016/2016/2016
f 2149/2149/2149 2024/2024/2024 2021/2021/2021
f 2135/2135/2135 2142/2142/2142 2016/2016/2016
f 2022/2022/2022 2014/2014/2014 2020/2020/2020
f 2003/2003/2003 1993/1993/1993 2000/2000/2000
f 2146/2146/2146 2021/2021/2021 2016/2016/2016
f 2006/2006/2006 2000/2000/2000 2009/2009/2009
f 2139/2139/2139 2137/2137/2137 2147/2147/2147
f 2081/2081/2081 2077/2077/2077 2073/2073/2073
f 2148/2148/2148 2147/2147/2147 2153/2153/2153
f 2154/2154/2154 2153/2153/2153 2147/2147/2147
f 2067/2067/2067 2073/2073/2073 2077/2077/2077
f 2073/2073/2073 2067/2067/2067 2064/2064/2064
f 2089/2089/2089 2084/2084/2084 2070/2070/2070
f 2077/2077/2077 2075/2075/2075 2067/2067/2067
f 2064/2064/2064 2068/2068/2068 2073/2073/2073
f 2147/2147/2147 2148/2148/2148 2139/2139/2139
f 2077/2077/2077 2081/2081/2081 2094/2094/2094
f 2094/2094/2094 2092/2092/2092 2077/2077/2077
f 2075/2075/2075 2077/2077/2077 2092/2092/2092
f 2092/2092/2092 2089/2089/2089 2075/2075/2075
f 2075/2075/2075 2070/2070/2070 2067/2067/2067
f 2067/2067/2067 2066/2066/2066 2064/2064/2064
f 2066/2066/2066 2067/2067/2067 2070/2070/2070
f 2070/2070/2070 2071/2071/2071 2066/2066/2066
f 2070/2070/2070 2075/2075/2075 2089/2089/2089
f 2071/2071/2071 2076/2076/2076 2072/2072/2072
f 2076/2076/2076 2086/2086/2086 2085/2085/2085
f 2090/2090/2090 2101/2101/2101 2099/2099/2099
f 2071/2071/2071 2070/2070/2070 2084/2084/2084
f 2084/2084/2084 2082/2082/2082 2071/2071/2071
f 2099/2099/2099 2101/2101/2101 2107/2107/2107
f 2147/2147/2147 2145/2145/2145 2154/2154/2154
f 2094/2094/2094 2081/2081/2081 2096/2096/2096
f 2086/2086/2086 2090/2090/2090 2085/2085/2085
f 2085/2085/2085 2090/2090/2090 2099/2099/2099
f 2082/2082/2082 2086/2086/2086 2076/2076/2076
f 2066/2066/2066 2071/2071/2071 2072/2072/2072
f 2076/2076/2076 2085/2085/2085 2080/2080/2080
f 2072/2072/2072 2076/2076/2076 2080/2080/2080
f 2101/2101/2101 2108/2108/2108 2107/2107/2107
f 2072/2072/2072 2080/2080/2080 2069/2069/2069
f 2066/2066/2066 2072/2072/2072 2069/2069/2069
f 2071/2071/2071 2082/2082/2082 2076/2076/2076
f 2080/2080/2080 2085/2085/2085 2097/2097/2097
f 2064/2064/2064 2066/2066/2066 2069/2069/2069
f 2125/2125/2125 2151/2151/2151 2117/2117/2117
f 226/226/226 2117/2117/2117 2151/2151/2151
f 2143/2143/2143 2126/2126/2126 2151/2151/2151
f 2125/2125/2125 2117/2117/2117 2118/2118/2118
f 2126/2126/2126 2110/2110/2110 2105/2105/2105
f 2105/2105/2105 2151/2151/2151 2126/2126/2126
f 2063/2063/2063 2061/2061/2061 2064/2064/2064
f 2065/2065/2065 225/225/225 2074/2074/2074
f 2151/2151/2151 2105/2105/2105 226/226/226
f 2151/2151/2151 2125/2125/2125 2144/2144/2144
f 2105/2105/2105 2110/2110/2110 2098/2098/2098
f 2074/2074/2074 2098/2098/2098 2068/2068/2068
f 2140/2140/2140 2134/2134/2134 2136/2136/2136
f 2150/2150/2150 2140/2140/2140 2136/2136/2136
f 225/225/225 2105/2105/2105 2074/2074/2074
f 2065/2065/2065 2074/2074/2074 2062/2062/2062
f 2062/2062/2062 2074/2074/2074 2068/2068/2068
f 2074/2074/2074 2105/2105/2105 2098/2098/2098
f 2060/2060/2060 2061/2061/2061 2063/2063/2063
f 2091/2091/2091 2106/2106/2106 2079/2079/2079
f 2141/2141/2141 2125/2125/2125 2118/2118/2118
f 2125/2125/2125 2141/2141/2141 2148/2148/2148
f 2114/2114/2114 223/223/223 2115/2115/2115
f 2139/2139/2139 2148/2148/2148 2141/2141/2141
f 2141/2141/2141 2118/2118/2118 2114/2114/2114
f 2078/2078/2078 2115/2115/2115 2087/2087/2087
f 2115/2115/2115 2079/2079/2079 2106/2106/2106
f 2106/2106/2106 2123/2123/2123 2115/2115/2115
f 223/223/223 2087/2087/2087 2115/2115/2115
f 2115/2115/2115 2123/2123/2123 2139/2139/2139
f 2061/2061/2061 2060/2060/2060 2062/2062/2062
f 2064/2064/2064 2069/2069/2069 2063/2063/2063
f 2064/2064/2064 2061/2061/2061 2068/2068/2068
f 2061/2061/2061 2062/2062/2062 2068/2068/2068
f 2069/2069/2069 2091/2091/2091 2079/2079/2079
f 2115/2115/2115 2141/2141/2141 2114/2114/2114
f 2141/2141/2141 2115/2115/2115 2139/2139/2139
f 2079/2079/2079 2063/2063/2063 2069/2069/2069
f 2125/2125/2125 2148/2148/2148 2144/2144/2144
f 2127/2127/2127 2144/2144/2144 2136/2136/2136
f 2153/2153/2153 2154/2154/2154 2155/2155/2155
f 2131/2131/2131 2136/2136/2136 2130/2130/2130
f 2144/2144/2144 2150/2150/2150 2136/2136/2136
f 2144/2144/2144 2148/2148/2148 2150/2150/2150
f 2154/2154/2154 2149/2149/2149 2146/2146/2146
f 2150/2150/2150 2153/2153/2153 2152/2152/2152
f 2148/2148/2148 2153/2153/2153 2150/2150/2150
f 2155/2155/2155 2154/2154/2154 2146/2146/2146
f 2136/2136/2136 2131/2131/2131 2127/2127/2127
f 2091/2091/2091 2097/2097/2097 2106/2106/2106
f 2097/2097/2097 2109/2109/2109 2106/2106/2106
f 2097/2097/2097 2099/2099/2099 2109/2109/2109
f 2080/2080/2080 2097/2097/2097 2091/2091/2091
f 2150/2150/2150 2152/2152/2152 2140/2140/2140
f 2155/2155/2155 2146/2146/2146 2142/2142/2142
f 2142/2142/2142 2135/2135/2135 2140/2140/2140
f 2140/2140/2140 2152/2152/2152 2142/2142/2142
f 2152/2152/2152 2155/2155/2155 2142/2142/2142
f 2153/2153/2153 2155/2155/2155 2152/2152/2152
f 2134/2134/2134 2140/2140/2140 2132/2132/2132
f 2140/2140/2140 2135/2135/2135 2132/2132/2132
f 2130/2130/2130 2134/2134/2134 2129/2129/2129
f 2134/2134/2134 2132/2132/2132 2129/2129/2129
f 2127/2127/2127 2131/2131/2131 2120/2120/2120
f 2120/2120/2120 2131/2131/2131 2121/2121/2121
f 2131/2131/2131 2130/2130/2130 2121/2121/2121
f 2110/2110/2110 2127/2127/2127 2120/2120/2120
f 2120/2120/2120 2111/2111/2111 2110/2110/2110
f 2068/2068/2068 2083/2083/2083 2073/2073/2073
f 2130/2130/2130 2129/2129/2129 2124/2124/2124
f 2111/2111/2111 2120/2120/2120 2121/2121/2121
f 2136/2136/2136 2134/2134/2134 2130/2130/2130
f 2121/2121/2121 2130/2130/2130 2124/2124/2124
f 2121/2121/2121 2112/2112/2112 2111/2111/2111
f 2098/2098/2098 2093/2093/2093 2083/2083/2083
f 2124/2124/2124 2113/2113/2113 2112/2112/2112
f 2112/2112/2112 2121/2121/2121 2124/2124/2124
f 2083/2083/2083 2068/2068/2068 2098/2098/2098
f 2098/2098/2098 2102/2102/2102 2093/2093/2093
f 2095/2095/2095 2093/2093/2093 2103/2103/2103
f 2081/2081/2081 2073/2073/2073 2088/2088/2088
f 2073/2073/2073 2083/2083/2083 2088/2088/2088
f 2093/2093/2093 2102/2102/2102 2103/2103/2103
f 2112/2112/2112 2113/2113/2113 2104/2104/2104
f 2119/2119/2119 2133/2133/2133 2137/2137/2137
f 2102/2102/2102 2098/2098/2098 2110/2110/2110
f 2110/2110/2110 2111/2111/2111 2102/2102/2102
f 2083/2083/2083 2093/2093/2093 2095/2095/2095
f 2111/2111/2111 2112/2112/2112 2103/2103/2103
f 2096/2096/2096 2088/2088/2088 2100/2100/2100
f 2081/2081/2081 2088/2088/2088 2096/2096/2096
f 2103/2103/2103 2102/2102/2102 2111/2111/2111
f 2095/2095/2095 2103/2103/2103 2104/2104/2104
f 2100/2100/2100 2095/2095/2095 2104/2104/2104
f 2088/2088/2088 2083/2083/2083 2095/2095/2095
f 2104/2104/2104 2103/2103/2103 2112/2112/2112
f 2088/2088/2088 2095/2095/2095 2100/2100/2100
f 2106/2106/2106 2109/2109/2109 2123/2123/2123
f 2149/2149/2149 2154/2154/2154 2145/2145/2145
f 2109/2109/2109 2107/2107/2107 2122/2122/2122
f 2108/2108/2108 2116/2116/2116 2119/2119/2119
f 2133/2133/2133 2128/2128/2128 2145/2145/2145
f 2128/2128/2128 2138/2138/2138 2145/2145/2145
f 2069/2069/2069 2080/2080/2080 2091/2091/2091
f 2085/2085/2085 2099/2099/2099 2097/2097/2097
f 2145/2145/2145 2138/2138/2138 2149/2149/2149
f 2099/2099/2099 2107/2107/2107 2109/2109/2109
f 2107/2107/2107 2108/2108/2108 2119/2119/2119
f 2109/2109/2109 2122/2122/2122 2123/2123/2123
f 2137/2137/2137 2133/2133/2133 2145/2145/2145
f 2107/2107/2107 2119/2119/2119 2122/2122/2122
f 2122/2122/2122 2119/2119/2119 2137/2137/2137
f 2145/2145/2145 2147/2147/2147 2137/2137/2137
f 2119/2119/2119 2116/2116/2116 2133/2133/2133
f 2116/2116/2116 2128/2128/2128 2133/2133/2133
f 2123/2123/2123 2122/2122/2122 2139/2139/2139
f 2122/2122/2122 2137/2137/2137 2139/2139/2139
f 2163/2163/2163 2164/2164/2164 2162/2162/2162
f 2159/2159/2159 360/360/360 437/437/437
f 430/430/430 2156/2156/2156 350/350/350
f 370/370/370 2162/2162/2162 2158/2158/2158
f 354/354/354 361/361/361 430/430/430
f 370/370/370 2163/2163/2163 2162/2162/2162
f 361/361/361 370/370/370 2158/2158/2158
f 369/369/369 360/360/360 2159/2159/2159
f 351/351/351 2156/2156/2156 432/432/432
f 2167/2167/2167 2172/2172/2172 2171/2171/2171
f 2168/2168/2168 2166/2166/2166 2169/2169/2169
f 432/432/432 2156/2156/2156 2157/2157/2157
f 351/351/351 437/437/437 360/360/360
f 2156/2156/2156 430/430/430 2157/2157/2157
f 437/437/437 351/351/351 432/432/432
f 2172/2172/2172 576/576/576 2173/2173/2173
f 2180/2180/2180 2183/2183/2183 2178/2178/2178
f 2177/2177/2177 2180/2180/2180 2178/2178/2178
f 576/576/576 2172/2172/2172 2165/2165/2165
f 2161/2161/2161 524/524/524 2165/2165/2165
f 524/524/524 560/560/560 2165/2165/2165
f 560/560/560 576/576/576 2165/2165/2165
f 821/821/821 2177/2177/2177 2178/2178/2178
f 2160/2160/2160 2165/2165/2165 2167/2167/2167
f 361/361/361 2158/2158/2158 430/430/430
f 350/350/350 354/354/354 430/430/430
f 2165/2165/2165 2172/2172/2172 2167/2167/2167
f 2172/2172/2172 821/821/821 2178/2178/2178
f 821/821/821 2172/2172/2172 2173/2173/2173
f 2159/2159/2159 2161/2161/2161 369/369/369
f 2194/2194/2194 2196/2196/2196 2191/2191/2191
f 2197/2197/2197 2187/2187/2187 2190/2190/2190
f 2196/2196/2196 2190/2190/2190 2191/2191/2191
f 2187/2187/2187 2197/2197/2197 2193/2193/2193
f 2193/2193/2193 2185/2185/2185 2187/2187/2187
f 2196/2196/2196 2194/2194/2194 2198/2198/2198
f 2193/2193/2193 2189/2189/2189 2185/2185/2185
f 2196/2196/2196 2197/2197/2197 2190/2190/2190
f 2179/2179/2179 2174/2174/2174 2176/2176/2176
f 2189/2189/2189 2184/2184/2184 2183/2183/2183
f 2183/2183/2183 2184/2184/2184 2178/2178/2178
f 2174/2174/2174 2170/2170/2170 2169/2169/2169
f 2172/2172/2172 2175/2175/2175 2171/2171/2171
f 2176/2176/2176 2174/2174/2174 2169/2169/2169
f 2181/2181/2181 2179/2179/2179 2176/2176/2176
f 2160/2160/2160 2161/2161/2161 2165/2165/2165
f 2183/2183/2183 2185/2185/2185 2189/2189/2189
f 2172/2172/2172 2178/2178/2178 2175/2175/2175
f 2160/2160/2160 369/369/369 2161/2161/2161
f 2164/2164/2164 2163/2163/2163 2166/2166/2166
f 2170/2170/2170 2168/2168/2168 2169/2169/2169
f 2168/2168/2168 2164/2164/2164 2166/2166/2166
f 2178/2178/2178 2184/2184/2184 2175/2175/2175
f 2188/2188/2188 2192/2192/2192 2186/2186/2186
f 2182/2182/2182 2188/2188/2188 2186/2186/2186
f 2179/2179/2179 2181/2181/2181 2182/2182/2182
f 2181/2181/2181 2188/2188/2188 2182/2182/2182
f 2186/2186/2186 2192/2192/2192 2194/2194/2194
f 2195/2195/2195 2198/2198/2198 2194/2194/2194
f 2192/2192/2192 2195/2195/2195 2194/2194/2194
f 2952/2952/2952 2918/2918/2918 2946/2946/2946
f 2983/2983/2983 2952/2952/2952 2946/2946/2946
f 2918/2918/2918 2882/2882/2882 2907/2907/2907
f 2369/2369/2369 2413/2413/2413 2331/2331/2331
f 2950/2950/2950 2985/2985/2985 2947/2947/2947
f 2947/2947/2947 2914/2914/2914 2950/2950/2950
f 2987/2987/2987 2986/2986/2986 3003/3003/3003
f 2999/2999/2999 2971/2971/2971 2983/2983/2983
f 2986/2986/2986 2971/2971/2971 2999/2999/2999
f 2946/2946/2946 2918/2918/2918 2907/2907/2907
f 2971/2971/2971 2952/2952/2952 2983/2983/2983
f 3003/3003/3003 2986/2986/2986 2999/2999/2999
f 2413/2413/2413 2355/2355/2355 2331/2331/2331
f 2791/2791/2791 2787/2787/2787 2836/2836/2836
f 2877/2877/2877 2909/2909/2909 2861/2861/2861
f 2861/2861/2861 2836/2836/2836 2877/2877/2877
f 2915/2915/2915 2960/2960/2960 2950/2950/2950
f 2909/2909/2909 2877/2877/2877 2914/2914/2914
f 2836/2836/2836 2861/2861/2861 2791/2791/2791
f 3002/3002/3002 2987/2987/2987 3003/3003/3003
f 2973/2973/2973 2987/2987/2987 3002/3002/3002
f 2985/2985/2985 2950/2950/2950 2998/2998/2998
f 2907/2907/2907 2882/2882/2882 2842/2842/2842
f 2998/2998/2998 2973/2973/2973 3002/3002/3002
f 2950/2950/2950 2973/2973/2973 2998/2998/2998
f 2984/2984/2984 2973/2973/2973 2950/2950/2950
f 2979/2979/2979 2984/2984/2984 2960/2960/2960
f 2960/2960/2960 2956/2956/2956 2979/2979/2979
f 2770/2770/2770 2744/2744/2744 2771/2771/2771
f 2984/2984/2984 2979/2979/2979 2990/2990/2990
f 2956/2956/2956 2960/2960/2960 2915/2915/2915
f 2915/2915/2915 2911/2911/2911 2956/2956/2956
f 2988/2988/2988 2966/2966/2966 2952/2952/2952
f 2986/2986/2986 2994/2994/2994 2971/2971/2971
f 2993/2993/2993 2987/2987/2987 2973/2973/2973
f 2971/2971/2971 2988/2988/2988 2952/2952/2952
f 2994/2994/2994 2988/2988/2988 2971/2971/2971
f 2952/2952/2952 2966/2966/2966 2921/2921/2921
f 2991/2991/2991 2994/2994/2994 2993/2993/2993
f 2877/2877/2877 2867/2867/2867 2914/2914/2914
f 2755/2755/2755 2800/2800/2800 2836/2836/2836
f 2771/2771/2771 2743/2743/2743 2787/2787/2787
f 2867/2867/2867 2877/2877/2877 2836/2836/2836
f 2836/2836/2836 2800/2800/2800 2867/2867/2867
f 2867/2867/2867 2915/2915/2915 2914/2914/2914
f 2993/2993/2993 2990/2990/2990 2991/2991/2991
f 2990/2990/2990 2993/2993/2993 2984/2984/2984
f 2994/2994/2994 2991/2991/2991 2981/2981/2981
f 2744/2744/2744 2743/2743/2743 2771/2771/2771
f 2787/2787/2787 2755/2755/2755 2836/2836/2836
f 2743/2743/2743 2755/2755/2755 2787/2787/2787
f 2274/2274/2274 2261/2261/2261 2273/2273/2273
f 2269/2269/2269 2268/2268/2268 2256/2256/2256
f 2256/2256/2256 2258/2258/2258 2269/2269/2269
f 2273/2273/2273 2287/2287/2287 2274/2274/2274
f 2367/2367/2367 2313/2313/2313 2348/2348/2348
f 2287/2287/2287 2311/2311/2311 2313/2313/2313
f 2376/2376/2376 2349/2349/2349 2327/2327/2327
f 2311/2311/2311 2295/2295/2295 2328/2328/2328
f 2394/2394/2394 2377/2377/2377 2353/2353/2353
f 2268/2268/2268 2273/2273/2273 2261/2261/2261
f 2261/2261/2261 2256/2256/2256 2268/2268/2268
f 2366/2366/2366 2382/2382/2382 2341/2341/2341
f 2313/2313/2313 2274/2274/2274 2287/2287/2287
f 2294/2294/2294 2279/2279/2279 2265/2265/2265
f 2265/2265/2265 2298/2298/2298 2294/2294/2294
f 2279/2279/2279 2269/2269/2269 2258/2258/2258
f 2286/2286/2286 2292/2292/2292 2295/2295/2295
f 2295/2295/2295 2281/2281/2281 2286/2286/2286
f 2264/2264/2264 2270/2270/2270 2273/2273/2273
f 2382/2382/2382 2357/2357/2357 2341/2341/2341
f 2294/2294/2294 2332/2332/2332 2288/2288/2288
f 2341/2341/2341 2314/2314/2314 2333/2333/2333
f 2258/2258/2258 2265/2265/2265 2279/2279/2279
f 2332/2332/2332 2314/2314/2314 2288/2288/2288
f 2333/2333/2333 2366/2366/2366 2341/2341/2341
f 2327/2327/2327 2354/2354/2354 2376/2376/2376
f 2761/2761/2761 2771/2771/2771 2787/2787/2787
f 2770/2770/2770 2768/2768/2768 2813/2813/2813
f 2862/2862/2862 2842/2842/2842 2785/2785/2785
f 2771/2771/2771 2761/2761/2761 2768/2768/2768
f 2768/2768/2768 2770/2770/2770 2771/2771/2771
f 2787/2787/2787 2791/2791/2791 2761/2761/2761
f 2914/2914/2914 2915/2915/2915 2950/2950/2950
f 2914/2914/2914 2947/2947/2947 2909/2909/2909
f 2950/2950/2950 2960/2960/2960 2984/2984/2984
f 2842/2842/2842 2862/2862/2862 2907/2907/2907
f 2813/2813/2813 2785/2785/2785 2770/2770/2770
f 2785/2785/2785 2813/2813/2813 2862/2862/2862
f 2874/2874/2874 2879/2879/2879 2801/2801/2801
f 2281/2281/2281 2295/2295/2295 2311/2311/2311
f 2311/2311/2311 2287/2287/2287 2281/2281/2281
f 2371/2371/2371 2361/2361/2361 2395/2395/2395
f 2348/2348/2348 2311/2311/2311 2328/2328/2328
f 2270/2270/2270 2281/2281/2281 2287/2287/2287
f 2287/2287/2287 2273/2273/2273 2270/2270/2270
f 2399/2399/2399 2394/2394/2394 2365/2365/2365
f 2353/2353/2353 2365/2365/2365 2394/2394/2394
f 2365/2365/2365 2371/2371/2371 2399/2399/2399
f 2395/2395/2395 2399/2399/2399 2371/2371/2371
f 2395/2395/2395 2361/2361/2361 2357/2357/2357
f 2382/2382/2382 2395/2395/2395 2357/2357/2357
f 2973/2973/2973 2984/2984/2984 2993/2993/2993
f 2369/2369/2369 2331/2331/2331 2293/2293/2293
f 2329/2329/2329 2369/2369/2369 2293/2293/2293
f 2316/2316/2316 2304/2304/2304 2331/2331/2331
f 2433/2433/2433 2474/2474/2474 2423/2423/2423
f 2482/2482/2482 2474/2474/2474 2433/2433/2433
f 2350/2350/2350 2392/2392/2392 2372/2372/2372
f 2423/2423/2423 2381/2381/2381 2391/2391/2391
f 2358/2358/2358 2405/2405/2405 2370/2370/2370
f 2423/2423/2423 2405/2405/2405 2358/2358/2358
f 2331/2331/2331 2355/2355/2355 2316/2316/2316
f 2370/2370/2370 2330/2330/2330 2358/2358/2358
f 2381/2381/2381 2423/2423/2423 2358/2358/2358
f 2482/2482/2482 2442/2442/2442 2446/2446/2446
f 2372/2372/2372 2392/2392/2392 2410/2410/2410
f 2463/2463/2463 2432/2432/2432 2411/2411/2411
f 2411/2411/2411 2440/2440/2440 2463/2463/2463
f 2485/2485/2485 2446/2446/2446 2444/2444/2444
f 2432/2432/2432 2463/2463/2463 2480/2480/2480
f 2392/2392/2392 2440/2440/2440 2410/2410/2410
f 2405/2405/2405 2450/2450/2450 2413/2413/2413
f 2474/2474/2474 2465/2465/2465 2423/2423/2423
f 2442/2442/2442 2482/2482/2482 2433/2433/2433
f 2465/2465/2465 2450/2450/2450 2405/2405/2405
f 2423/2423/2423 2465/2465/2465 2405/2405/2405
f 2413/2413/2413 2370/2370/2370 2405/2405/2405
f 2320/2320/2320 2321/2321/2321 2350/2350/2350
f 2967/2967/2967 2957/2957/2957 2937/2937/2937
f 2737/2737/2737 2719/2719/2719 2728/2728/2728
f 2719/2719/2719 2737/2737/2737 2752/2752/2752
f 2951/2951/2951 2967/2967/2967 2937/2937/2937
f 2967/2967/2967 2951/2951/2951 2953/2953/2953
f 2937/2937/2937 2957/2957/2957 2920/2920/2920
f 2835/2835/2835 2751/2751/2751 2784/2784/2784
f 2853/2853/2853 2835/2835/2835 2784/2784/2784
f 2751/2751/2751 2720/2720/2720 2752/2752/2752
f 2745/2745/2745 2728/2728/2728 2753/2753/2753
f 2728/2728/2728 2745/2745/2745 2737/2737/2737
f 2752/2752/2752 2721/2721/2721 2719/2719/2719
f 2957/2957/2957 2930/2930/2930 2920/2920/2920
f 2307/2307/2307 2308/2308/2308 2320/2320/2320
f 2316/2316/2316 2300/2300/2300 2296/2296/2296
f 2304/2304/2304 2316/2316/2316 2296/2296/2296
f 2308/2308/2308 2321/2321/2321 2320/2320/2320
f 2339/2339/2339 2350/2350/2350 2372/2372/2372
f 2350/2350/2350 2339/2339/2339 2320/2320/2320
f 2920/2920/2920 2931/2931/2931 2896/2896/2896
f 2896/2896/2896 2835/2835/2835 2853/2853/2853
f 2889/2889/2889 2896/2896/2896 2853/2853/2853
f 2300/2300/2300 2308/2308/2308 2307/2307/2307
f 2296/2296/2296 2300/2300/2300 2307/2307/2307
f 2896/2896/2896 2889/2889/2889 2920/2920/2920
f 2307/2307/2307 2320/2320/2320 2291/2291/2291
f 2285/2285/2285 2307/2307/2307 2291/2291/2291
f 2320/2320/2320 2339/2339/2339 2306/2306/2306
f 2363/2363/2363 2411/2411/2411 2432/2432/2432
f 2372/2372/2372 2410/2410/2410 2364/2364/2364
f 2306/2306/2306 2339/2339/2339 2334/2334/2334
f 2433/2433/2433 2391/2391/2391 2400/2400/2400
f 2400/2400/2400 2442/2442/2442 2433/2433/2433
f 2446/2446/2446 2409/2409/2409 2407/2407/2407
f 2291/2291/2291 2320/2320/2320 2306/2306/2306
f 2442/2442/2442 2400/2400/2400 2409/2409/2409
f 2409/2409/2409 2446/2446/2446 2442/2442/2442
f 2339/2339/2339 2372/2372/2372 2334/2334/2334
f 2842/2842/2842 2817/2817/2817 2785/2785/2785
f 2758/2758/2758 2744/2744/2744 2770/2770/2770
f 2785/2785/2785 2758/2758/2758 2770/2770/2770
f 2994/2994/2994 2986/2986/2986 2987/2987/2987
f 2987/2987/2987 2993/2993/2993 2994/2994/2994
f 2817/2817/2817 2758/2758/2758 2785/2785/2785
f 2882/2882/2882 2878/2878/2878 2842/2842/2842
f 2878/2878/2878 2882/2882/2882 2918/2918/2918
f 2334/2334/2334 2372/2372/2372 2364/2364/2364
f 2878/2878/2878 2817/2817/2817 2842/2842/2842
f 2918/2918/2918 2921/2921/2921 2878/2878/2878
f 2921/2921/2921 2918/2918/2918 2952/2952/2952
f 2389/2389/2389 2432/2432/2432 2444/2444/2444
f 2293/2293/2293 2331/2331/2331 2284/2284/2284
f 2358/2358/2358 2330/2330/2330 2342/2342/2342
f 2375/2375/2375 2358/2358/2358 2342/2342/2342
f 2331/2331/2331 2304/2304/2304 2284/2284/2284
f 2280/2280/2280 2296/2296/2296 2285/2285/2285
f 2304/2304/2304 2296/2296/2296 2280/2280/2280
f 2444/2444/2444 2480/2480/2480 2485/2485/2485
f 2480/2480/2480 2444/2444/2444 2432/2432/2432
f 2446/2446/2446 2485/2485/2485 2482/2482/2482
f 2329/2329/2329 2293/2293/2293 2305/2305/2305
f 2343/2343/2343 2329/2329/2329 2305/2305/2305
f 2391/2391/2391 2433/2433/2433 2423/2423/2423
f 2284/2284/2284 2304/2304/2304 2280/2280/2280
f 2296/2296/2296 2307/2307/2307 2285/2285/2285
f 2384/2384/2384 2391/2391/2391 2375/2375/2375
f 2384/2384/2384 2400/2400/2400 2391/2391/2391
f 2432/2432/2432 2390/2390/2390 2363/2363/2363
f 2407/2407/2407 2444/2444/2444 2446/2446/2446
f 2444/2444/2444 2407/2407/2407 2389/2389/2389
f 2378/2378/2378 2389/2389/2389 2384/2384/2384
f 2384/2384/2384 2409/2409/2409 2400/2400/2400
f 2384/2384/2384 2407/2407/2407 2409/2409/2409
f 2375/2375/2375 2381/2381/2381 2358/2358/2358
f 2391/2391/2391 2381/2381/2381 2375/2375/2375
f 2389/2389/2389 2407/2407/2407 2384/2384/2384
f 2278/2278/2278 2286/2286/2286 2270/2270/2270
f 2249/2249/2249 2283/2283/2283 2238/2238/2238
f 2230/2230/2230 2201/2201/2201 2238/2238/2238
f 2199/2199/2199 2201/2201/2201 2230/2230/2230
f 2283/2283/2283 2249/2249/2249 2404/2404/2404
f 2398/2398/2398 2488/2488/2488 2466/2466/2466
f 2404/2404/2404 2398/2398/2398 2466/2466/2466
f 2535/2535/2535 2527/2527/2527 2522/2522/2522
f 2516/2516/2516 2538/2538/2538 2495/2495/2495
f 2535/2535/2535 2538/2538/2538 2516/2516/2516
f 2238/2238/2238 2218/2218/2218 2249/2249/2249
f 2201/2201/2201 2219/2219/2219 2238/2238/2238
f 2527/2527/2527 2535/2535/2535 2516/2516/2516
f 2249/2249/2249 2398/2398/2398 2404/2404/2404
f 2529/2529/2529 2503/2503/2503 2471/2471/2471
f 2277/2277/2277 2386/2386/2386 2456/2456/2456
f 2456/2456/2456 2396/2396/2396 2277/2277/2277
f 2550/2550/2550 2582/2582/2582 2542/2542/2542
f 2542/2542/2542 2513/2513/2513 2550/2550/2550
f 2503/2503/2503 2456/2456/2456 2471/2471/2471
f 2574/2574/2574 2543/2543/2543 2529/2529/2529
f 2543/2543/2543 2574/2574/2574 2603/2603/2603
f 2522/2522/2522 2568/2568/2568 2550/2550/2550
f 2543/2543/2543 2503/2503/2503 2529/2529/2529
f 2603/2603/2603 2561/2561/2561 2543/2543/2543
f 2561/2561/2561 2603/2603/2603 2613/2613/2613
f 2522/2522/2522 2540/2540/2540 2535/2535/2535
f 2199/2199/2199 2225/2225/2225 2229/2229/2229
f 2229/2229/2229 2200/2200/2200 2199/2199/2199
f 2244/2244/2244 2217/2217/2217 2237/2237/2237
f 2575/2575/2575 2527/2527/2527 2561/2561/2561
f 2200/2200/2200 2229/2229/2229 2237/2237/2237
f 2237/2237/2237 2217/2217/2217 2200/2200/2200
f 2383/2383/2383 2244/2244/2244 2277/2277/2277
f 2545/2545/2545 2558/2558/2558 2549/2549/2549
f 2602/2602/2602 2549/2549/2549 2558/2558/2558
f 2396/2396/2396 2383/2383/2383 2277/2277/2277
f 2461/2461/2461 2396/2396/2396 2456/2456/2456
f 2277/2277/2277 2244/2244/2244 2237/2237/2237
f 2527/2527/2527 2516/2516/2516 2561/2561/2561
f 2497/2497/2497 2533/2533/2533 2540/2540/2540
f 2225/2225/2225 2199/2199/2199 2230/2230/2230
f 2543/2543/2543 2495/2495/2495 2503/2503/2503
f 2488/2488/2488 2534/2534/2534 2498/2498/2498
f 2466/2466/2466 2488/2488/2488 2498/2498/2498
f 2540/2540/2540 2522/2522/2522 2497/2497/2497
f 2561/2561/2561 2516/2516/2516 2543/2543/2543
f 2527/2527/2527 2575/2575/2575 2568/2568/2568
f 2568/2568/2568 2522/2522/2522 2527/2527/2527
f 2516/2516/2516 2495/2495/2495 2543/2543/2543
f 2503/2503/2503 2461/2461/2461 2456/2456/2456
f 2495/2495/2495 2461/2461/2461 2503/2503/2503
f 2385/2385/2385 2368/2368/2368 2414/2414/2414
f 2313/2313/2313 2367/2367/2367 2385/2385/2385
f 2478/2478/2478 2415/2415/2415 2430/2430/2430
f 2356/2356/2356 2298/2298/2298 2242/2242/2242
f 2220/2220/2220 2266/2266/2266 2204/2204/2204
f 2298/2298/2298 2266/2266/2266 2220/2220/2220
f 2206/2206/2206 2262/2262/2262 2275/2275/2275
f 2275/2275/2275 2312/2312/2312 2246/2246/2246
f 2222/2222/2222 2275/2275/2275 2246/2246/2246
f 2414/2414/2414 2479/2479/2479 2385/2385/2385
f 2247/2247/2247 2313/2313/2313 2385/2385/2385
f 2275/2275/2275 2222/2222/2222 2206/2206/2206
f 2242/2242/2242 2298/2298/2298 2220/2220/2220
f 2406/2406/2406 2473/2473/2473 2505/2505/2505
f 2282/2282/2282 2324/2324/2324 2278/2278/2278
f 2406/2406/2406 2356/2356/2356 2373/2373/2373
f 2318/2318/2318 2325/2325/2325 2335/2335/2335
f 2278/2278/2278 2324/2324/2324 2286/2286/2286
f 2473/2473/2473 2406/2406/2406 2373/2373/2373
f 2257/2257/2257 2262/2262/2262 2206/2206/2206
f 2202/2202/2202 2257/2257/2257 2206/2206/2206
f 2266/2266/2266 2259/2259/2259 2204/2204/2204
f 2430/2430/2430 2509/2509/2509 2478/2478/2478
f 2259/2259/2259 2257/2257/2257 2202/2202/2202
f 2204/2204/2204 2259/2259/2259 2202/2202/2202
f 2225/2225/2225 2230/2230/2230 2267/2267/2267
f 2421/2421/2421 2283/2283/2283 2476/2476/2476
f 2386/2386/2386 2277/2277/2277 2237/2237/2237
f 2610/2610/2610 2568/2568/2568 2575/2575/2575
f 2238/2238/2238 2283/2283/2283 2421/2421/2421
f 2336/2336/2336 2238/2238/2238 2421/2421/2421
f 2283/2283/2283 2404/2404/2404 2476/2476/2476
f 2582/2582/2582 2550/2550/2550 2568/2568/2568
f 2513/2513/2513 2542/2542/2542 2490/2490/2490
f 2490/2490/2490 2476/2476/2476 2513/2513/2513
f 2568/2568/2568 2610/2610/2610 2582/2582/2582
f 2613/2613/2613 2575/2575/2575 2561/2561/2561
f 2575/2575/2575 2613/2613/2613 2610/2610/2610
f 2476/2476/2476 2404/2404/2404 2466/2466/2466
f 2225/2225/2225 2253/2253/2253 2260/2260/2260
f 2297/2297/2297 2237/2237/2237 2229/2229/2229
f 2237/2237/2237 2297/2297/2297 2386/2386/2386
f 2253/2253/2253 2225/2225/2225 2267/2267/2267
f 2230/2230/2230 2238/2238/2238 2336/2336/2336
f 2267/2267/2267 2230/2230/2230 2336/2336/2336
f 2466/2466/2466 2513/2513/2513 2476/2476/2476
f 2550/2550/2550 2497/2497/2497 2522/2522/2522
f 2497/2497/2497 2550/2550/2550 2513/2513/2513
f 2260/2260/2260 2229/2229/2229 2225/2225/2225
f 2229/2229/2229 2260/2260/2260 2297/2297/2297
f 2513/2513/2513 2466/2466/2466 2497/2497/2497
f 2559/2559/2559 2545/2545/2545 2548/2548/2548
f 2696/2696/2696 2699/2699/2699 2686/2686/2686
f 2680/2680/2680 2696/2696/2696 2686/2686/2686
f 2686/2686/2686 2675/2675/2675 2656/2656/2656
f 2997/2997/2997 2998/2998/2998 3002/3002/3002
f 2985/2985/2985 2998/2998/2998 2997/2997/2997
f 2941/2941/2941 2947/2947/2947 2985/2985/2985
f 2341/2341/2341 2340/2340/2340 2310/2310/2310
f 2314/2314/2314 2341/2341/2341 2310/2310/2310
f 2357/2357/2357 2361/2361/2361 2340/2340/2340
f 2656/2656/2656 2680/2680/2680 2686/2686/2686
f 2357/2357/2357 2340/2340/2340 2341/2341/2341
f 2361/2361/2361 2347/2347/2347 2340/2340/2340
f 2985/2985/2985 2978/2978/2978 2941/2941/2941
f 2701/2701/2701 2705/2705/2705 2716/2716/2716
f 2701/2701/2701 2709/2709/2709 2699/2699/2699
f 2696/2696/2696 2701/2701/2701 2699/2699/2699
f 2862/2862/2862 2808/2808/2808 2880/2880/2880
f 3002/3002/3002 3005/3005/3005 2997/2997/2997
f 2716/2716/2716 2709/2709/2709 2701/2701/2701
f 2705/2705/2705 2702/2702/2702 2711/2711/2711
f 2703/2703/2703 2711/2711/2711 2702/2702/2702
f 2978/2978/2978 2985/2985/2985 2997/2997/2997
f 2711/2711/2711 2716/2716/2716 2705/2705/2705
f 2702/2702/2702 2697/2697/2697 2703/2703/2703
f 2692/2692/2692 2703/2703/2703 2697/2697/2697
f 2365/2365/2365 2345/2345/2345 2371/2371/2371
f 2345/2345/2345 2325/2325/2325 2347/2347/2347
f 2310/2310/2310 2324/2324/2324 2282/2282/2282
f 2340/2340/2340 2326/2326/2326 2310/2310/2310
f 2270/2270/2270 2264/2264/2264 2278/2278/2278
f 2288/2288/2288 2282/2282/2282 2271/2271/2271
f 2347/2347/2347 2325/2325/2325 2340/2340/2340
f 2327/2327/2327 2318/2318/2318 2335/2335/2335
f 2328/2328/2328 2295/2295/2295 2292/2292/2292
f 2270/2270/2270 2286/2286/2286 2281/2281/2281
f 2354/2354/2354 2327/2327/2327 2335/2335/2335
f 2292/2292/2292 2319/2319/2319 2328/2328/2328
f 2365/2365/2365 2353/2353/2353 2345/2345/2345
f 2264/2264/2264 2271/2271/2271 2282/2282/2282
f 2279/2279/2279 2271/2271/2271 2264/2264/2264
f 2273/2273/2273 2268/2268/2268 2264/2264/2264
f 2269/2269/2269 2279/2279/2279 2264/2264/2264
f 2371/2371/2371 2347/2347/2347 2361/2361/2361
f 2345/2345/2345 2347/2347/2347 2371/2371/2371
f 2268/2268/2268 2269/2269/2269 2264/2264/2264
f 2279/2279/2279 2294/2294/2294 2271/2271/2271
f 2353/2353/2353 2335/2335/2335 2345/2345/2345
f 2282/2282/2282 2278/2278/2278 2264/2264/2264
f 2310/2310/2310 2282/2282/2282 2288/2288/2288
f 2288/2288/2288 2314/2314/2314 2310/2310/2310
f 2294/2294/2294 2288/2288/2288 2271/2271/2271
f 2394/2394/2394 2399/2399/2399 2438/2438/2438
f 2438/2438/2438 2431/2431/2431 2394/2394/2394
f 2436/2436/2436 2438/2438/2438 2399/2399/2399
f 2632/2632/2632 2598/2598/2598 2633/2633/2633
f 2559/2559/2559 2548/2548/2548 2601/2601/2601
f 2356/2356/2356 2332/2332/2332 2294/2294/2294
f 2431/2431/2431 2416/2416/2416 2377/2377/2377
f 2349/2349/2349 2376/2376/2376 2414/2414/2414
f 2356/2356/2356 2406/2406/2406 2366/2366/2366
f 2377/2377/2377 2394/2394/2394 2431/2431/2431
f 2414/2414/2414 2368/2368/2368 2349/2349/2349
f 2313/2313/2313 2311/2311/2311 2348/2348/2348
f 2545/2545/2545 2530/2530/2530 2548/2548/2548
f 2631/2631/2631 2656/2656/2656 2634/2634/2634
f 2631/2631/2631 2634/2634/2634 2602/2602/2602
f 2599/2599/2599 2631/2631/2631 2602/2602/2602
f 2549/2549/2549 2530/2530/2530 2545/2545/2545
f 2558/2558/2558 2599/2599/2599 2602/2602/2602
f 2656/2656/2656 2676/2676/2676 2634/2634/2634
f 2681/2681/2681 2657/2657/2657 2679/2679/2679
f 2598/2598/2598 2601/2601/2601 2633/2633/2633
f 2598/2598/2598 2559/2559/2559 2601/2601/2601
f 2632/2632/2632 2633/2633/2633 2679/2679/2679
f 2657/2657/2657 2632/2632/2632 2679/2679/2679
f 2679/2679/2679 2692/2692/2692 2681/2681/2681
f 2424/2424/2424 2382/2382/2382 2366/2366/2366
f 3007/3007/3007 3003/3003/3003 3001/3001/3001
f 2768/2768/2768 2712/2712/2712 2759/2759/2759
f 2759/2759/2759 2813/2813/2813 2768/2768/2768
f 3003/3003/3003 3007/3007/3007 3005/3005/3005
f 3005/3005/3005 3002/3002/3002 3003/3003/3003
f 3003/3003/3003 2999/2999/2999 3001/3001/3001
f 2880/2880/2880 2907/2907/2907 2862/2862/2862
f 2907/2907/2907 2880/2880/2880 2935/2935/2935
f 2808/2808/2808 2862/2862/2862 2813/2813/2813
f 2761/2761/2761 2717/2717/2717 2713/2713/2713
f 2713/2713/2713 2769/2769/2769 2761/2761/2761
f 2813/2813/2813 2759/2759/2759 2808/2808/2808
f 3001/3001/3001 2999/2999/2999 2982/2982/2982
f 2436/2436/2436 2399/2399/2399 2395/2395/2395
f 2434/2434/2434 2436/2436/2436 2395/2395/2395
f 2434/2434/2434 2395/2395/2395 2382/2382/2382
f 2298/2298/2298 2356/2356/2356 2294/2294/2294
f 2366/2366/2366 2333/2333/2333 2356/2356/2356
f 2406/2406/2406 2424/2424/2424 2366/2366/2366
f 2999/2999/2999 2983/2983/2983 2982/2982/2982
f 2935/2935/2935 2946/2946/2946 2907/2907/2907
f 2983/2983/2983 2946/2946/2946 2935/2935/2935
f 2424/2424/2424 2434/2434/2434 2382/2382/2382
f 2697/2697/2697 2681/2681/2681 2692/2692/2692
f 2982/2982/2982 2983/2983/2983 2935/2935/2935
f 2463/2463/2463 2440/2440/2440 2454/2454/2454
f 2392/2392/2392 2289/2289/2289 2454/2454/2454
f 2393/2393/2393 2351/2351/2351 2290/2290/2290
f 2427/2427/2427 2251/2251/2251 2355/2355/2355
f 2440/2440/2440 2392/2392/2392 2454/2454/2454
f 2351/2351/2351 2231/2231/2231 2290/2290/2290
f 2351/2351/2351 2322/2322/2322 2231/2231/2231
f 2427/2427/2427 2507/2507/2507 2447/2447/2447
f 2569/2569/2569 2531/2531/2531 2546/2546/2546
f 2309/2309/2309 2211/2211/2211 2215/2215/2215
f 2322/2322/2322 2309/2309/2309 2215/2215/2215
f 2322/2322/2322 2215/2215/2215 2231/2231/2231
f 2316/2316/2316 2355/2355/2355 2252/2252/2252
f 2696/2696/2696 2680/2680/2680 2630/2630/2630
f 2630/2630/2630 2644/2644/2644 2696/2696/2696
f 2316/2316/2316 2226/2226/2226 2209/2209/2209
f 2594/2594/2594 2630/2630/2630 2680/2680/2680
f 2701/2701/2701 2696/2696/2696 2644/2644/2644
f 2644/2644/2644 2661/2661/2661 2701/2701/2701
f 2252/2252/2252 2226/2226/2226 2316/2316/2316
f 2355/2355/2355 2413/2413/2413 2427/2427/2427
f 2507/2507/2507 2526/2526/2526 2447/2447/2447
f 2301/2301/2301 2316/2316/2316 2209/2209/2209
f 2301/2301/2301 2209/2209/2209 2211/2211/2211
f 2309/2309/2309 2301/2301/2301 2211/2211/2211
f 2470/2470/2470 2546/2546/2546 2531/2531/2531
f 2454/2454/2454 2531/2531/2531 2463/2463/2463
f 2305/2305/2305 2284/2284/2284 2299/2299/2299
f 2305/2305/2305 2293/2293/2293 2284/2284/2284
f 2570/2570/2570 2596/2596/2596 2606/2606/2606
f 2565/2565/2565 2572/2572/2572 2592/2592/2592
f 2577/2577/2577 2606/2606/2606 2592/2592/2592
f 2401/2401/2401 2378/2378/2378 2384/2384/2384
f 2402/2402/2402 2375/2375/2375 2342/2342/2342
f 2401/2401/2401 2384/2384/2384 2375/2375/2375
f 2299/2299/2299 2280/2280/2280 2285/2285/2285
f 2284/2284/2284 2280/2280/2280 2299/2299/2299
f 2403/2403/2403 2343/2343/2343 2305/2305/2305
f 2572/2572/2572 2577/2577/2577 2592/2592/2592
f 2232/2232/2232 2234/2234/2234 2315/2315/2315
f 2289/2289/2289 2232/2232/2232 2315/2315/2315
f 2289/2289/2289 2315/2315/2315 2470/2470/2470
f 2577/2577/2577 2570/2570/2570 2606/2606/2606
f 2546/2546/2546 2597/2597/2597 2569/2569/2569
f 2531/2531/2531 2454/2454/2454 2470/2470/2470
f 2553/2553/2553 2576/2576/2576 2526/2526/2526
f 2507/2507/2507 2553/2553/2553 2526/2526/2526
f 2592/2592/2592 2593/2593/2593 2565/2565/2565
f 2454/2454/2454 2289/2289/2289 2470/2470/2470
f 2593/2593/2593 2576/2576/2576 2553/2553/2553
f 2553/2553/2553 2565/2565/2565 2593/2593/2593
f 2493/2493/2493 2467/2467/2467 2598/2598/2598
f 2455/2455/2455 2545/2545/2545 2559/2559/2559
f 2629/2629/2629 2595/2595/2595 2657/2657/2657
f 2467/2467/2467 2559/2559/2559 2598/2598/2598
f 2467/2467/2467 2455/2455/2455 2559/2559/2559
f 2468/2468/2468 2558/2558/2558 2545/2545/2545
f 2467/2467/2467 2493/2493/2493 2460/2460/2460
f 2412/2412/2412 2374/2374/2374 2455/2455/2455
f 2492/2492/2492 2468/2468/2468 2408/2408/2408
f 2460/2460/2460 2412/2412/2412 2467/2467/2467
f 2455/2455/2455 2467/2467/2467 2412/2412/2412
f 2521/2521/2521 2460/2460/2460 2493/2493/2493
f 2595/2595/2595 2541/2541/2541 2657/2657/2657
f 2539/2539/2539 2631/2631/2631 2599/2599/2599
f 2455/2455/2455 2468/2468/2468 2545/2545/2545
f 2492/2492/2492 2599/2599/2599 2558/2558/2558
f 2429/2429/2429 2419/2419/2419 2380/2380/2380
f 2379/2379/2379 2346/2346/2346 2419/2419/2419
f 2468/2468/2468 2492/2492/2492 2558/2558/2558
f 2493/2493/2493 2598/2598/2598 2632/2632/2632
f 2541/2541/2541 2493/2493/2493 2632/2632/2632
f 2541/2541/2541 2632/2632/2632 2657/2657/2657
f 2492/2492/2492 2539/2539/2539 2599/2599/2599
f 2594/2594/2594 2656/2656/2656 2631/2631/2631
f 2539/2539/2539 2594/2594/2594 2631/2631/2631
f 2408/2408/2408 2457/2457/2457 2492/2492/2492
f 2697/2697/2697 2702/2702/2702 2660/2660/2660
f 2643/2643/2643 2629/2629/2629 2681/2681/2681
f 2657/2657/2657 2681/2681/2681 2629/2629/2629
f 2667/2667/2667 2660/2660/2660 2702/2702/2702
f 2705/2705/2705 2701/2701/2701 2661/2661/2661
f 2661/2661/2661 2667/2667/2667 2705/2705/2705
f 2680/2680/2680 2656/2656/2656 2594/2594/2594
f 2457/2457/2457 2514/2514/2514 2492/2492/2492
f 2580/2580/2580 2594/2594/2594 2539/2539/2539
f 2660/2660/2660 2643/2643/2643 2697/2697/2697
f 2681/2681/2681 2697/2697/2697 2643/2643/2643
f 2514/2514/2514 2580/2580/2580 2539/2539/2539
f 2702/2702/2702 2705/2705/2705 2667/2667/2667
f 2645/2645/2645 2628/2628/2628 2643/2643/2643
f 2643/2643/2643 2660/2660/2660 2673/2673/2673
f 2673/2673/2673 2645/2645/2645 2643/2643/2643
f 2468/2468/2468 2455/2455/2455 2374/2374/2374
f 2374/2374/2374 2408/2408/2408 2468/2468/2468
f 2628/2628/2628 2629/2629/2629 2643/2643/2643
f 2628/2628/2628 2584/2584/2584 2629/2629/2629
f 2541/2541/2541 2595/2595/2595 2584/2584/2584
f 2514/2514/2514 2539/2539/2539 2492/2492/2492
f 2584/2584/2584 2595/2595/2595 2629/2629/2629
f 2584/2584/2584 2521/2521/2521 2541/2541/2541
f 2493/2493/2493 2541/2541/2541 2521/2521/2521
f 2364/2364/2364 2359/2359/2359 2338/2338/2338
f 2227/2227/2227 2251/2251/2251 2263/2263/2263
f 2447/2447/2447 2263/2263/2263 2251/2251/2251
f 2447/2447/2447 2526/2526/2526 2508/2508/2508
f 2213/2213/2213 2208/2208/2208 2239/2239/2239
f 2251/2251/2251 2427/2427/2427 2447/2447/2447
f 2508/2508/2508 2458/2458/2458 2447/2447/2447
f 2526/2526/2526 2576/2576/2576 2555/2555/2555
f 2213/2213/2213 2214/2214/2214 2216/2216/2216
f 2216/2216/2216 2212/2212/2212 2213/2213/2213
f 2593/2593/2593 2579/2579/2579 2555/2555/2555
f 2576/2576/2576 2593/2593/2593 2555/2555/2555
f 2555/2555/2555 2508/2508/2508 2526/2526/2526
f 2397/2397/2397 2276/2276/2276 2504/2504/2504
f 2499/2499/2499 2459/2459/2459 2254/2254/2254
f 2528/2528/2528 2472/2472/2472 2556/2556/2556
f 2397/2397/2397 2504/2504/2504 2556/2556/2556
f 2254/2254/2254 2362/2362/2362 2499/2499/2499
f 2458/2458/2458 2552/2552/2552 2499/2499/2499
f 2239/2239/2239 2254/2254/2254 2459/2459/2459
f 2241/2241/2241 2429/2429/2429 2462/2462/2462
f 2276/2276/2276 2241/2241/2241 2462/2462/2462
f 2276/2276/2276 2462/2462/2462 2504/2504/2504
f 2562/2562/2562 2528/2528/2528 2604/2604/2604
f 2556/2556/2556 2604/2604/2604 2528/2528/2528
f 2472/2472/2472 2397/2397/2397 2556/2556/2556
f 2214/2214/2214 2235/2235/2235 2233/2233/2233
f 2592/2592/2592 2606/2606/2606 2588/2588/2588
f 2562/2562/2562 2588/2588/2588 2606/2606/2606
f 2593/2593/2593 2592/2592/2592 2579/2579/2579
f 2239/2239/2239 2236/2236/2236 2213/2213/2213
f 2235/2235/2235 2214/2214/2214 2276/2276/2276
f 2213/2213/2213 2236/2236/2236 2241/2241/2241
f 2546/2546/2546 2470/2470/2470 2528/2528/2528
f 2546/2546/2546 2528/2528/2528 2562/2562/2562
f 2597/2597/2597 2546/2546/2546 2562/2562/2562
f 2588/2588/2588 2590/2590/2590 2592/2592/2592
f 2606/2606/2606 2596/2596/2596 2562/2562/2562
f 2470/2470/2470 2472/2472/2472 2528/2528/2528
f 2214/2214/2214 2213/2213/2213 2241/2241/2241
f 2263/2263/2263 2228/2228/2228 2227/2227/2227
f 2212/2212/2212 2210/2210/2210 2213/2213/2213
f 2227/2227/2227 2228/2228/2228 2208/2208/2208
f 2233/2233/2233 2216/2216/2216 2214/2214/2214
f 2210/2210/2210 2208/2208/2208 2213/2213/2213
f 2210/2210/2210 2227/2227/2227 2208/2208/2208
f 2397/2397/2397 2472/2472/2472 2470/2470/2470
f 2470/2470/2470 2315/2315/2315 2397/2397/2397
f 2214/2214/2214 2241/2241/2241 2276/2276/2276
f 2592/2592/2592 2590/2590/2590 2579/2579/2579
f 2276/2276/2276 2397/2397/2397 2315/2315/2315
f 2315/2315/2315 2234/2234/2234 2276/2276/2276
f 2481/2481/2481 2571/2571/2571 2578/2578/2578
f 2486/2486/2486 2481/2481/2481 2578/2578/2578
f 2403/2403/2403 2299/2299/2299 2317/2317/2317
f 2483/2483/2483 2486/2486/2486 2573/2573/2573
f 2532/2532/2532 2571/2571/2571 2481/2481/2481
f 2481/2481/2481 2464/2464/2464 2532/2532/2532
f 2450/2450/2450 2507/2507/2507 2427/2427/2427
f 2450/2450/2450 2465/2465/2465 2507/2507/2507
f 2566/2566/2566 2554/2554/2554 2465/2465/2465
f 2403/2403/2403 2305/2305/2305 2299/2299/2299
f 2403/2403/2403 2338/2338/2338 2359/2359/2359
f 2403/2403/2403 2317/2317/2317 2338/2338/2338
f 2573/2573/2573 2566/2566/2566 2475/2475/2475
f 2334/2334/2334 2338/2338/2338 2317/2317/2317
f 2291/2291/2291 2317/2317/2317 2299/2299/2299
f 2299/2299/2299 2285/2285/2285 2291/2291/2291
f 2338/2338/2338 2334/2334/2334 2364/2364/2364
f 2363/2363/2363 2390/2390/2390 2378/2378/2378
f 2360/2360/2360 2363/2363/2363 2378/2378/2378
f 2475/2475/2475 2483/2483/2483 2573/2573/2573
f 2486/2486/2486 2578/2578/2578 2573/2573/2573
f 2465/2465/2465 2475/2475/2475 2566/2566/2566
f 2317/2317/2317 2306/2306/2306 2334/2334/2334
f 2317/2317/2317 2291/2291/2291 2306/2306/2306
f 2401/2401/2401 2360/2360/2360 2378/2378/2378
f 2413/2413/2413 2450/2450/2450 2427/2427/2427
f 2555/2555/2555 2627/2627/2627 2608/2608/2608
f 2263/2263/2263 2447/2447/2447 2362/2362/2362
f 2508/2508/2508 2608/2608/2608 2552/2552/2552
f 2208/2208/2208 2228/2228/2228 2254/2254/2254
f 2447/2447/2447 2458/2458/2458 2362/2362/2362
f 2458/2458/2458 2508/2508/2508 2552/2552/2552
f 2236/2236/2236 2419/2419/2419 2429/2429/2429
f 2241/2241/2241 2236/2236/2236 2429/2429/2429
f 2459/2459/2459 2428/2428/2428 2239/2239/2239
f 2604/2604/2604 2625/2625/2625 2562/2562/2562
f 2428/2428/2428 2419/2419/2419 2236/2236/2236
f 2236/2236/2236 2239/2239/2239 2428/2428/2428
f 2254/2254/2254 2239/2239/2239 2208/2208/2208
f 2508/2508/2508 2555/2555/2555 2608/2608/2608
f 2579/2579/2579 2636/2636/2636 2627/2627/2627
f 2579/2579/2579 2590/2590/2590 2636/2636/2636
f 2465/2465/2465 2554/2554/2554 2507/2507/2507
f 2555/2555/2555 2579/2579/2579 2627/2627/2627
f 2590/2590/2590 2640/2640/2640 2636/2636/2636
f 2590/2590/2590 2588/2588/2588 2637/2637/2637
f 2263/2263/2263 2362/2362/2362 2254/2254/2254
f 2228/2228/2228 2263/2263/2263 2254/2254/2254
f 2625/2625/2625 2637/2637/2637 2588/2588/2588
f 2588/2588/2588 2562/2562/2562 2625/2625/2625
f 2637/2637/2637 2640/2640/2640 2590/2590/2590
f 2459/2459/2459 2448/2448/2448 2379/2379/2379
f 2932/2932/2932 2962/2962/2962 2981/2981/2981
f 2981/2981/2981 2963/2963/2963 2932/2932/2932
f 2932/2932/2932 2910/2910/2910 2919/2919/2919
f 2800/2800/2800 2797/2797/2797 2867/2867/2867
f 2863/2863/2863 2911/2911/2911 2915/2915/2915
f 2867/2867/2867 2863/2863/2863 2915/2915/2915
f 2965/2965/2965 2970/2970/2970 2990/2990/2990
f 2991/2991/2991 2969/2969/2969 2963/2963/2963
f 2969/2969/2969 2991/2991/2991 2990/2990/2990
f 2962/2962/2962 2932/2932/2932 2919/2919/2919
f 2963/2963/2963 2981/2981/2981 2991/2991/2991
f 2990/2990/2990 2970/2970/2970 2969/2969/2969
f 2797/2797/2797 2863/2863/2863 2867/2867/2867
f 2964/2964/2964 2948/2948/2948 2968/2968/2968
f 2948/2948/2948 2964/2964/2964 2928/2928/2928
f 2968/2968/2968 2958/2958/2958 2967/2967/2967
f 2925/2925/2925 2930/2930/2930 2957/2957/2957
f 2957/2957/2957 2944/2944/2944 2925/2925/2925
f 2958/2958/2958 2954/2954/2954 2967/2967/2967
f 2979/2979/2979 2965/2965/2965 2990/2990/2990
f 2934/2934/2934 2965/2965/2965 2979/2979/2979
f 2911/2911/2911 2908/2908/2908 2934/2934/2934
f 2948/2948/2948 2958/2958/2958 2968/2968/2968
f 2956/2956/2956 2934/2934/2934 2979/2979/2979
f 2934/2934/2934 2956/2956/2956 2911/2911/2911
f 2754/2754/2754 2797/2797/2797 2800/2800/2800
f 2742/2742/2742 2744/2744/2744 2758/2758/2758
f 2758/2758/2758 2757/2757/2757 2742/2742/2742
f 2919/2919/2919 2910/2910/2910 2873/2873/2873
f 2744/2744/2744 2742/2742/2742 2736/2736/2736
f 2757/2757/2757 2758/2758/2758 2817/2817/2817
f 2817/2817/2817 2812/2812/2812 2757/2757/2757
f 2951/2951/2951 2937/2937/2937 2963/2963/2963
f 2970/2970/2970 2953/2953/2953 2951/2951/2951
f 2936/2936/2936 2965/2965/2965 2934/2934/2934
f 2969/2969/2969 2951/2951/2951 2963/2963/2963
f 2951/2951/2951 2969/2969/2969 2970/2970/2970
f 2963/2963/2963 2937/2937/2937 2932/2932/2932
f 2736/2736/2736 2754/2754/2754 2755/2755/2755
f 2878/2878/2878 2873/2873/2873 2812/2812/2812
f 2962/2962/2962 2919/2919/2919 2921/2921/2921
f 2988/2988/2988 2981/2981/2981 2962/2962/2962
f 2919/2919/2919 2873/2873/2873 2878/2878/2878
f 2921/2921/2921 2919/2919/2919 2878/2878/2878
f 2812/2812/2812 2817/2817/2817 2878/2878/2878
f 2743/2743/2743 2736/2736/2736 2755/2755/2755
f 2736/2736/2736 2743/2743/2743 2744/2744/2744
f 2755/2755/2755 2754/2754/2754 2800/2800/2800
f 2981/2981/2981 2988/2988/2988 2994/2994/2994
f 2966/2966/2966 2962/2962/2962 2921/2921/2921
f 2962/2962/2962 2966/2966/2966 2988/2988/2988
f 2866/2866/2866 2841/2841/2841 2908/2908/2908
f 2773/2773/2773 2841/2841/2841 2866/2866/2866
f 2881/2881/2881 2879/2879/2879 2912/2912/2912
f 2968/2968/2968 2953/2953/2953 2936/2936/2936
f 2936/2936/2936 2964/2964/2964 2968/2968/2968
f 2879/2879/2879 2928/2928/2928 2912/2912/2912
f 2751/2751/2751 2749/2749/2749 2725/2725/2725
f 2726/2726/2726 2723/2723/2723 2719/2719/2719
f 2721/2721/2721 2726/2726/2726 2719/2719/2719
f 2841/2841/2841 2881/2881/2881 2908/2908/2908
f 2728/2728/2728 2731/2731/2731 2753/2753/2753
f 2725/2725/2725 2720/2720/2720 2751/2751/2751
f 2912/2912/2912 2928/2928/2928 2936/2936/2936
f 2745/2745/2745 2753/2753/2753 2776/2776/2776
f 2825/2825/2825 2773/2773/2773 2866/2866/2866
f 2753/2753/2753 2773/2773/2773 2825/2825/2825
f 2784/2784/2784 2751/2751/2751 2752/2752/2752
f 2953/2953/2953 2968/2968/2968 2967/2967/2967
f 2776/2776/2776 2753/2753/2753 2825/2825/2825
f 2745/2745/2745 2763/2763/2763 2762/2762/2762
f 2762/2762/2762 2737/2737/2737 2745/2745/2745
f 2928/2928/2928 2964/2964/2964 2936/2936/2936
f 2763/2763/2763 2745/2745/2745 2776/2776/2776
f 2737/2737/2737 2762/2762/2762 2774/2774/2774
f 2774/2774/2774 2752/2752/2752 2737/2737/2737
f 2749/2749/2749 2751/2751/2751 2835/2835/2835
f 2928/2928/2928 2922/2922/2922 2948/2948/2948
f 2922/2922/2922 2928/2928/2928 2879/2879/2879
f 2841/2841/2841 2801/2801/2801 2879/2879/2879
f 2931/2931/2931 2926/2926/2926 2896/2896/2896
f 2879/2879/2879 2874/2874/2874 2922/2922/2922
f 2879/2879/2879 2881/2881/2881 2841/2841/2841
f 2773/2773/2773 2746/2746/2746 2801/2801/2801
f 2944/2944/2944 2957/2957/2957 2967/2967/2967
f 2967/2967/2967 2954/2954/2954 2944/2944/2944
f 2731/2731/2731 2746/2746/2746 2773/2773/2773
f 2753/2753/2753 2731/2731/2731 2773/2773/2773
f 2801/2801/2801 2841/2841/2841 2773/2773/2773
f 2728/2728/2728 2729/2729/2729 2734/2734/2734
f 2890/2890/2890 2829/2829/2829 2835/2835/2835
f 2746/2746/2746 2747/2747/2747 2801/2801/2801
f 2747/2747/2747 2746/2746/2746 2731/2731/2731
f 2896/2896/2896 2890/2890/2890 2835/2835/2835
f 2926/2926/2926 2890/2890/2890 2896/2896/2896
f 2835/2835/2835 2829/2829/2829 2749/2749/2749
f 2723/2723/2723 2729/2729/2729 2728/2728/2728
f 2719/2719/2719 2723/2723/2723 2728/2728/2728
f 2734/2734/2734 2731/2731/2731 2728/2728/2728
f 2801/2801/2801 2794/2794/2794 2874/2874/2874
f 2747/2747/2747 2794/2794/2794 2801/2801/2801
f 2731/2731/2731 2734/2734/2734 2747/2747/2747
f 2934/2934/2934 2912/2912/2912 2936/2936/2936
f 2662/2662/2662 2674/2674/2674 2646/2646/2646
f 2641/2641/2641 2663/2663/2663 2637/2637/2637
f 2637/2637/2637 2625/2625/2625 2641/2641/2641
f 2630/2630/2630 2594/2594/2594 2580/2580/2580
f 2448/2448/2448 2500/2500/2500 2514/2514/2514
f 2580/2580/2580 2514/2514/2514 2500/2500/2500
f 2604/2604/2604 2556/2556/2556 2567/2567/2567
f 2504/2504/2504 2502/2502/2502 2567/2567/2567
f 2625/2625/2625 2604/2604/2604 2619/2619/2619
f 2663/2663/2663 2670/2670/2670 2640/2640/2640
f 2640/2640/2640 2637/2637/2637 2663/2663/2663
f 2619/2619/2619 2641/2641/2641 2625/2625/2625
f 2500/2500/2500 2563/2563/2563 2580/2580/2580
f 2673/2673/2673 2660/2660/2660 2667/2667/2667
f 2678/2678/2678 2673/2673/2673 2667/2667/2667
f 2678/2678/2678 2667/2667/2667 2661/2661/2661
f 2580/2580/2580 2626/2626/2626 2630/2630/2630
f 2644/2644/2644 2630/2630/2630 2626/2626/2626
f 2646/2646/2646 2674/2674/2674 2644/2644/2644
f 2408/2408/2408 2374/2374/2374 2346/2346/2346
f 2346/2346/2346 2379/2379/2379 2408/2408/2408
f 2514/2514/2514 2457/2457/2457 2448/2448/2448
f 2674/2674/2674 2678/2678/2678 2661/2661/2661
f 2457/2457/2457 2408/2408/2408 2379/2379/2379
f 2379/2379/2379 2448/2448/2448 2457/2457/2457
f 2567/2567/2567 2619/2619/2619 2604/2604/2604
f 2618/2618/2618 2642/2642/2642 2626/2626/2626
f 2618/2618/2618 2626/2626/2626 2580/2580/2580
f 2563/2563/2563 2618/2618/2618 2580/2580/2580
f 2500/2500/2500 2448/2448/2448 2459/2459/2459
f 2499/2499/2499 2552/2552/2552 2563/2563/2563
f 2642/2642/2642 2646/2646/2646 2626/2626/2626
f 2504/2504/2504 2462/2462/2462 2502/2502/2502
f 2419/2419/2419 2346/2346/2346 2380/2380/2380
f 2419/2419/2419 2428/2428/2428 2379/2379/2379
f 2429/2429/2429 2380/2380/2380 2449/2449/2449
f 2462/2462/2462 2429/2429/2429 2449/2449/2449
f 2462/2462/2462 2449/2449/2449 2502/2502/2502
f 2428/2428/2428 2459/2459/2459 2379/2379/2379
f 2608/2608/2608 2618/2618/2618 2563/2563/2563
f 2608/2608/2608 2627/2627/2627 2642/2642/2642
f 2640/2640/2640 2670/2670/2670 2662/2662/2662
f 2552/2552/2552 2608/2608/2608 2563/2563/2563
f 2642/2642/2642 2618/2618/2618 2608/2608/2608
f 2362/2362/2362 2458/2458/2458 2499/2499/2499
f 2556/2556/2556 2504/2504/2504 2567/2567/2567
f 2459/2459/2459 2499/2499/2499 2500/2500/2500
f 2563/2563/2563 2500/2500/2500 2499/2499/2499
f 2636/2636/2636 2640/2640/2640 2662/2662/2662
f 2636/2636/2636 2662/2662/2662 2642/2642/2642
f 2627/2627/2627 2636/2636/2636 2642/2642/2642
f 2774/2774/2774 2757/2757/2757 2812/2812/2812
f 2873/2873/2873 2870/2870/2870 2826/2826/2826
f 2910/2910/2910 2870/2870/2870 2873/2873/2873
f 2757/2757/2757 2774/2774/2774 2762/2762/2762
f 2763/2763/2763 2736/2736/2736 2742/2742/2742
f 2742/2742/2742 2762/2762/2762 2763/2763/2763
f 2825/2825/2825 2866/2866/2866 2863/2863/2863
f 2908/2908/2908 2881/2881/2881 2912/2912/2912
f 2866/2866/2866 2908/2908/2908 2911/2911/2911
f 2812/2812/2812 2826/2826/2826 2774/2774/2774
f 2826/2826/2826 2812/2812/2812 2873/2873/2873
f 2863/2863/2863 2866/2866/2866 2911/2911/2911
f 2762/2762/2762 2742/2742/2742 2757/2757/2757
f 2870/2870/2870 2853/2853/2853 2784/2784/2784
f 2752/2752/2752 2774/2774/2774 2826/2826/2826
f 2826/2826/2826 2784/2784/2784 2752/2752/2752
f 2953/2953/2953 2970/2970/2970 2965/2965/2965
f 2965/2965/2965 2936/2936/2936 2953/2953/2953
f 2784/2784/2784 2826/2826/2826 2870/2870/2870
f 2910/2910/2910 2889/2889/2889 2870/2870/2870
f 2920/2920/2920 2889/2889/2889 2910/2910/2910
f 2912/2912/2912 2934/2934/2934 2908/2908/2908
f 2889/2889/2889 2853/2853/2853 2870/2870/2870
f 2932/2932/2932 2920/2920/2920 2910/2910/2910
f 2937/2937/2937 2920/2920/2920 2932/2932/2932
f 2797/2797/2797 2825/2825/2825 2863/2863/2863
f 2670/2670/2670 2678/2678/2678 2674/2674/2674
f 2670/2670/2670 2663/2663/2663 2678/2678/2678
f 2628/2628/2628 2645/2645/2645 2641/2641/2641
f 2662/2662/2662 2670/2670/2670 2674/2674/2674
f 2663/2663/2663 2673/2673/2673 2678/2678/2678
f 2642/2642/2642 2662/2662/2662 2646/2646/2646
f 2380/2380/2380 2346/2346/2346 2374/2374/2374
f 2626/2626/2626 2646/2646/2646 2644/2644/2644
f 2674/2674/2674 2661/2661/2661 2644/2644/2644
f 2641/2641/2641 2619/2619/2619 2628/2628/2628
f 2645/2645/2645 2673/2673/2673 2663/2663/2663
f 2663/2663/2663 2641/2641/2641 2645/2645/2645
f 2412/2412/2412 2460/2460/2460 2449/2449/2449
f 2754/2754/2754 2776/2776/2776 2825/2825/2825
f 2502/2502/2502 2521/2521/2521 2584/2584/2584
f 2567/2567/2567 2502/2502/2502 2584/2584/2584
f 2776/2776/2776 2754/2754/2754 2736/2736/2736
f 2736/2736/2736 2763/2763/2763 2776/2776/2776
f 2825/2825/2825 2797/2797/2797 2754/2754/2754
f 2449/2449/2449 2380/2380/2380 2412/2412/2412
f 2374/2374/2374 2412/2412/2412 2380/2380/2380
f 2502/2502/2502 2449/2449/2449 2521/2521/2521
f 2584/2584/2584 2628/2628/2628 2619/2619/2619
f 2619/2619/2619 2567/2567/2567 2584/2584/2584
f 2449/2449/2449 2460/2460/2460 2521/2521/2521
f 2496/2496/2496 2564/2564/2564 2615/2615/2615
f 2615/2615/2615 2547/2547/2547 2496/2496/2496
f 2621/2621/2621 2560/2560/2560 2591/2591/2591
f 2496/2496/2496 2489/2489/2489 2453/2453/2453
f 2547/2547/2547 2615/2615/2615 2635/2635/2635
f 2635/2635/2635 2583/2583/2583 2547/2547/2547
f 2337/2337/2337 2323/2323/2323 2426/2426/2426
f 2477/2477/2477 2388/2388/2388 2443/2443/2443
f 2453/2453/2453 2515/2515/2515 2564/2564/2564
f 2443/2443/2443 2337/2337/2337 2426/2426/2426
f 2388/2388/2388 2337/2337/2337 2443/2443/2443
f 2426/2426/2426 2323/2323/2323 2452/2452/2452
f 2303/2303/2303 2388/2388/2388 2453/2453/2453
f 2655/2655/2655 2609/2609/2609 2583/2583/2583
f 2612/2612/2612 2668/2668/2668 2659/2659/2659
f 2639/2639/2639 2591/2591/2591 2611/2611/2611
f 2609/2609/2609 2655/2655/2655 2668/2668/2668
f 2668/2668/2668 2612/2612/2612 2609/2609/2609
f 2583/2583/2583 2635/2635/2635 2655/2655/2655
f 2453/2453/2453 2420/2420/2420 2303/2303/2303
f 2489/2489/2489 2420/2420/2420 2453/2453/2453
f 2388/2388/2388 2303/2303/2303 2250/2250/2250
f 2591/2591/2591 2639/2639/2639 2621/2621/2621
f 2659/2659/2659 2611/2611/2611 2612/2612/2612
f 2611/2611/2611 2659/2659/2659 2639/2639/2639
f 2564/2564/2564 2496/2496/2496 2453/2453/2453
f 2830/2830/2830 2792/2792/2792 2805/2805/2805
f 2848/2848/2848 2830/2830/2830 2805/2805/2805
f 2806/2806/2806 2820/2820/2820 2856/2856/2856
f 2900/2900/2900 2894/2894/2894 2869/2869/2869
f 2865/2865/2865 2869/2869/2869 2894/2894/2894
f 2865/2865/2865 2857/2857/2857 2834/2834/2834
f 2858/2858/2858 2852/2852/2852 2859/2859/2859
f 2859/2859/2859 2875/2875/2875 2858/2858/2858
f 2868/2868/2868 2864/2864/2864 2886/2886/2886
f 2856/2856/2856 2849/2849/2849 2806/2806/2806
f 2864/2864/2864 2858/2858/2858 2875/2875/2875
f 2875/2875/2875 2886/2886/2886 2864/2864/2864
f 2857/2857/2857 2820/2820/2820 2834/2834/2834
f 2537/2537/2537 2469/2469/2469 2587/2587/2587
f 2560/2560/2560 2621/2621/2621 2587/2587/2587
f 2587/2587/2587 2512/2512/2512 2560/2560/2560
f 2453/2453/2453 2388/2388/2388 2477/2477/2477
f 2515/2515/2515 2453/2453/2453 2477/2477/2477
f 2469/2469/2469 2512/2512/2512 2587/2587/2587
f 2491/2491/2491 2417/2417/2417 2537/2537/2537
f 2352/2352/2352 2417/2417/2417 2491/2491/2491
f 2894/2894/2894 2888/2888/2888 2865/2865/2865
f 2417/2417/2417 2469/2469/2469 2537/2537/2537
f 2452/2452/2452 2352/2352/2352 2491/2491/2491
f 2323/2323/2323 2352/2352/2352 2452/2452/2452
f 3155/3155/3155 3119/3119/3119 3165/3165/3165
f 3119/3119/3119 3130/3130/3130 3165/3165/3165
f 3149/3149/3149 3142/3142/3142 3113/3113/3113
f 2616/2616/2616 2610/2610/2610 2613/2613/2613
f 3155/3155/3155 3149/3149/3149 3119/3119/3119
f 3113/3113/3113 3119/3119/3119 3149/3149/3149
f 3163/3163/3163 3178/3178/3178 3212/3212/3212
f 3204/3204/3204 3153/3153/3153 3212/3212/3212
f 3178/3178/3178 3196/3196/3196 3221/3221/3221
f 3117/3117/3117 3114/3114/3114 3151/3151/3151
f 3156/3156/3156 3126/3126/3126 3152/3152/3152
f 3143/3143/3143 3151/3151/3151 3114/3114/3114
f 2613/2613/2613 2617/2617/2617 2616/2616/2616
f 2445/2445/2445 2422/2422/2422 2501/2501/2501
f 2302/2302/2302 2422/2422/2422 2445/2445/2445
f 2614/2614/2614 2603/2603/2603 2589/2589/2589
f 2422/2422/2422 2490/2490/2490 2501/2501/2501
f 2344/2344/2344 2302/2302/2302 2445/2445/2445
f 2302/2302/2302 2344/2344/2344 2255/2255/2255
f 2617/2617/2617 2613/2613/2613 2614/2614/2614
f 2610/2610/2610 2616/2616/2616 2600/2600/2600
f 2600/2600/2600 2582/2582/2582 2610/2610/2610
f 2613/2613/2613 2603/2603/2603 2614/2614/2614
f 2589/2589/2589 2574/2574/2574 2544/2544/2544
f 2603/2603/2603 2574/2574/2574 2589/2589/2589
f 3218/3218/3218 3212/3212/3212 3178/3178/3178
f 3147/3147/3147 3134/3134/3134 3176/3176/3176
f 3156/3156/3156 3161/3161/3161 3126/3126/3126
f 3134/3134/3134 3126/3126/3126 3161/3161/3161
f 3230/3230/3230 3226/3226/3226 3218/3218/3218
f 3212/3212/3212 3218/3218/3218 3226/3226/3226
f 3161/3161/3161 3176/3176/3176 3134/3134/3134
f 3157/3157/3157 3147/3147/3147 3202/3202/3202
f 3202/3202/3202 3208/3208/3208 3157/3157/3157
f 3219/3219/3219 3178/3178/3178 3221/3221/3221
f 3176/3176/3176 3202/3202/3202 3147/3147/3147
f 3170/3170/3170 3157/3157/3157 3208/3208/3208
f 3208/3208/3208 3217/3217/3217 3170/3170/3170
f 3204/3204/3204 3212/3212/3212 3226/3226/3226
f 3179/3179/3179 3138/3138/3138 3204/3204/3204
f 3138/3138/3138 3153/3153/3153 3204/3204/3204
f 3126/3126/3126 3118/3118/3118 3152/3152/3152
f 3153/3153/3153 3163/3163/3163 3212/3212/3212
f 3165/3165/3165 3130/3130/3130 3179/3179/3179
f 3130/3130/3130 3138/3138/3138 3179/3179/3179
f 3217/3217/3217 3222/3222/3222 3187/3187/3187
f 3219/3219/3219 3221/3221/3221 3235/3235/3235
f 3224/3224/3224 3204/3204/3204 3226/3226/3226
f 3197/3197/3197 3187/3187/3187 3222/3222/3222
f 3220/3220/3220 3231/3231/3231 3236/3236/3236
f 3187/3187/3187 3170/3170/3170 3217/3217/3217
f 2892/2892/2892 2900/2900/2900 2871/2871/2871
f 2795/2795/2795 2798/2798/2798 2724/2724/2724
f 2777/2777/2777 2738/2738/2738 2772/2772/2772
f 2782/2782/2782 2738/2738/2738 2777/2777/2777
f 2727/2727/2727 2795/2795/2795 2724/2724/2724
f 2795/2795/2795 2727/2727/2727 2750/2750/2750
f 2724/2724/2724 2798/2798/2798 2730/2730/2730
f 2854/2854/2854 2794/2794/2794 2748/2748/2748
f 2748/2748/2748 2839/2839/2839 2854/2854/2854
f 2854/2854/2854 2872/2872/2872 2874/2874/2874
f 2766/2766/2766 2739/2739/2739 2760/2760/2760
f 2772/2772/2772 2738/2738/2738 2767/2767/2767
f 2775/2775/2775 2738/2738/2738 2782/2782/2782
f 2798/2798/2798 2809/2809/2809 2730/2730/2730
f 2855/2855/2855 2840/2840/2840 2848/2848/2848
f 2810/2810/2810 2811/2811/2811 2818/2818/2818
f 2823/2823/2823 2810/2810/2810 2818/2818/2818
f 2840/2840/2840 2830/2830/2830 2848/2848/2848
f 2888/2888/2888 2872/2872/2872 2865/2865/2865
f 2849/2849/2849 2856/2856/2856 2872/2872/2872
f 2730/2730/2730 2809/2809/2809 2824/2824/2824
f 2839/2839/2839 2748/2748/2748 2735/2735/2735
f 2735/2735/2735 2824/2824/2824 2839/2839/2839
f 2823/2823/2823 2818/2818/2818 2830/2830/2830
f 2840/2840/2840 2823/2823/2823 2830/2830/2830
f 2824/2824/2824 2735/2735/2735 2730/2730/2730
f 2794/2794/2794 2854/2854/2854 2874/2874/2874
f 2893/2893/2893 2887/2887/2887 2945/2945/2945
f 2927/2927/2927 2876/2876/2876 2891/2891/2891
f 2876/2876/2876 2927/2927/2927 2945/2945/2945
f 2829/2829/2829 2843/2843/2843 2814/2814/2814
f 2876/2876/2876 2860/2860/2860 2891/2891/2891
f 2945/2945/2945 2887/2887/2887 2876/2876/2876
f 2820/2820/2820 2806/2806/2806 2764/2764/2764
f 2792/2792/2792 2786/2786/2786 2756/2756/2756
f 2783/2783/2783 2781/2781/2781 2756/2756/2756
f 2760/2760/2760 2739/2739/2739 2756/2756/2756
f 2792/2792/2792 2756/2756/2756 2805/2805/2805
f 2805/2805/2805 2756/2756/2756 2765/2765/2765
f 2814/2814/2814 2749/2749/2749 2829/2829/2829
f 2955/2955/2955 2893/2893/2893 2945/2945/2945
f 2901/2901/2901 2893/2893/2893 2955/2955/2955
f 2949/2949/2949 2895/2895/2895 2959/2959/2959
f 2750/2750/2750 2815/2815/2815 2795/2795/2795
f 2959/2959/2959 2901/2901/2901 2955/2955/2955
f 2895/2895/2895 2901/2901/2901 2959/2959/2959
f 2922/2922/2922 2888/2888/2888 2949/2949/2949
f 2859/2859/2859 2844/2844/2844 2829/2829/2829
f 2890/2890/2890 2859/2859/2859 2829/2829/2829
f 2872/2872/2872 2888/2888/2888 2922/2922/2922
f 2874/2874/2874 2872/2872/2872 2922/2922/2922
f 2888/2888/2888 2895/2895/2895 2949/2949/2949
f 2783/2783/2783 2786/2786/2786 2818/2818/2818
f 2811/2811/2811 2807/2807/2807 2781/2781/2781
f 2788/2788/2788 2781/2781/2781 2804/2804/2804
f 2818/2818/2818 2811/2811/2811 2783/2783/2783
f 2781/2781/2781 2783/2783/2783 2811/2811/2811
f 2830/2830/2830 2818/2818/2818 2792/2792/2792
f 3042/3042/3042 3012/3012/3012 3011/3011/3011
f 3042/3042/3042 3039/3039/3039 3012/3012/3012
f 3040/3040/3040 3011/3011/3011 3009/3009/3009
f 2804/2804/2804 2816/2816/2816 2788/2788/2788
f 2807/2807/2807 2804/2804/2804 2781/2781/2781
f 2844/2844/2844 2859/2859/2859 2831/2831/2831
f 2845/2845/2845 2833/2833/2833 2858/2858/2858
f 2818/2818/2818 2786/2786/2786 2792/2792/2792
f 2852/2852/2852 2819/2819/2819 2802/2802/2802
f 2831/2831/2831 2852/2852/2852 2802/2802/2802
f 2869/2869/2869 2871/2871/2871 2900/2900/2900
f 2886/2886/2886 2892/2892/2892 2868/2868/2868
f 2871/2871/2871 2868/2868/2868 2892/2892/2892
f 2858/2858/2858 2864/2864/2864 2845/2845/2845
f 2847/2847/2847 2845/2845/2845 2864/2864/2864
f 2852/2852/2852 2858/2858/2858 2833/2833/2833
f 2803/2803/2803 2789/2789/2789 2816/2816/2816
f 2816/2816/2816 2832/2832/2832 2803/2803/2803
f 2833/2833/2833 2819/2819/2819 2852/2852/2852
f 3040/3040/3040 3042/3042/3042 3011/3011/3011
f 2799/2799/2799 2796/2796/2796 2804/2804/2804
f 2799/2799/2799 2807/2807/2807 2811/2811/2811
f 2810/2810/2810 2799/2799/2799 2811/2811/2811
f 3032/3032/3032 3036/3036/3036 3006/3006/3006
f 2872/2872/2872 2857/2857/2857 2865/2865/2865
f 2804/2804/2804 2807/2807/2807 2799/2799/2799
f 2796/2796/2796 2814/2814/2814 2816/2816/2816
f 2832/2832/2832 2816/2816/2816 2814/2814/2814
f 2872/2872/2872 2854/2854/2854 2849/2849/2849
f 2816/2816/2816 2804/2804/2804 2796/2796/2796
f 2814/2814/2814 2843/2843/2843 2832/2832/2832
f 2859/2859/2859 2852/2852/2852 2831/2831/2831
f 3032/3032/3032 3006/3006/3006 2996/2996/2996
f 3039/3039/3039 3035/3035/3035 3010/3010/3010
f 3035/3035/3035 3008/3008/3008 3010/3010/3010
f 3021/3021/3021 3026/3026/3026 2980/2980/2980
f 3039/3039/3039 3010/3010/3010 3012/3012/3012
f 3008/3008/3008 3035/3035/3035 3004/3004/3004
f 3028/3028/3028 3004/3004/3004 3035/3035/3035
f 3026/3026/3026 3032/3032/3032 2996/2996/2996
f 3036/3036/3036 3009/3009/3009 3006/3006/3006
f 3036/3036/3036 3040/3040/3040 3009/3009/3009
f 3026/3026/3026 2996/2996/2996 2980/2980/2980
f 2961/2961/2961 3017/3017/3017 2980/2980/2980
f 3021/3021/3021 2980/2980/2980 3017/3017/3017
f 2557/2557/2557 2542/2542/2542 2582/2582/2582
f 3191/3191/3191 3180/3180/3180 3237/3237/3237
f 3232/3232/3232 3238/3238/3238 3181/3181/3181
f 3239/3239/3239 3223/3223/3223 3233/3233/3233
f 3202/3202/3202 3176/3176/3176 3225/3225/3225
f 3229/3229/3229 3208/3208/3208 3225/3225/3225
f 3217/3217/3217 3208/3208/3208 3229/3229/3229
f 3205/3205/3205 3215/3215/3215 3177/3177/3177
f 3211/3211/3211 3177/3177/3177 3215/3215/3215
f 3115/3115/3115 3150/3150/3150 3106/3106/3106
f 3222/3222/3222 3217/3217/3217 3234/3234/3234
f 3177/3177/3177 3211/3211/3211 3150/3150/3150
f 3174/3174/3174 3150/3150/3150 3211/3211/3211
f 3234/3234/3234 3217/3217/3217 3229/3229/3229
f 3164/3164/3164 3213/3213/3213 3172/3172/3172
f 3173/3173/3173 3227/3227/3227 3182/3182/3182
f 3228/3228/3228 3232/3232/3232 3181/3181/3181
f 3201/3201/3201 3189/3189/3189 3155/3155/3155
f 3214/3214/3214 3225/3225/3225 3176/3176/3176
f 3172/3172/3172 3224/3224/3224 3226/3226/3226
f 3164/3164/3164 3206/3206/3206 3213/3213/3213
f 3164/3164/3164 3159/3159/3159 3206/3206/3206
f 3208/3208/3208 3202/3202/3202 3225/3225/3225
f 3213/3213/3213 3224/3224/3224 3172/3172/3172
f 3201/3201/3201 3206/3206/3206 3159/3159/3159
f 3159/3159/3159 3189/3189/3189 3201/3201/3201
f 3108/3108/3108 3096/3096/3096 3123/3123/3123
f 3093/3093/3093 3110/3110/3110 3087/3087/3087
f 3128/3128/3128 3109/3109/3109 3110/3110/3110
f 3141/3141/3141 3162/3162/3162 3116/3116/3116
f 3110/3110/3110 3098/3098/3098 3087/3087/3087
f 3098/3098/3098 3110/3110/3110 3109/3109/3109
f 3093/3093/3093 3087/3087/3087 3084/3084/3084
f 3083/3083/3083 3088/3088/3088 3077/3077/3077
f 3082/3082/3082 3077/3077/3077 3088/3088/3088
f 3097/3097/3097 3088/3088/3088 3086/3086/3086
f 3162/3162/3162 3132/3132/3132 3116/3116/3116
f 3129/3129/3129 3141/3141/3141 3109/3109/3109
f 3141/3141/3141 3116/3116/3116 3109/3109/3109
f 3097/3097/3097 3086/3086/3086 3096/3096/3096
f 3166/3166/3166 3141/3141/3141 3144/3144/3144
f 3141/3141/3141 3166/3166/3166 3162/3162/3162
f 3146/3146/3146 3128/3128/3128 3110/3110/3110
f 3108/3108/3108 3097/3097/3097 3096/3096/3096
f 3123/3123/3123 3106/3106/3106 3150/3150/3150
f 3106/3106/3106 3123/3123/3123 3096/3096/3096
f 3215/3215/3215 3205/3205/3205 3200/3200/3200
f 3198/3198/3198 3209/3209/3209 3162/3162/3162
f 3209/3209/3209 3200/3200/3200 3162/3162/3162
f 3129/3129/3129 3144/3144/3144 3141/3141/3141
f 3198/3198/3198 3162/3162/3162 3166/3166/3166
f 3209/3209/3209 3215/3215/3215 3200/3200/3200
f 3207/3207/3207 3203/3203/3203 3175/3175/3175
f 3111/3111/3111 3139/3139/3139 3099/3099/3099
f 3131/3131/3131 3099/3099/3099 3139/3139/3139
f 3175/3175/3175 3214/3214/3214 3207/3207/3207
f 3175/3175/3175 3183/3183/3183 3214/3214/3214
f 3168/3168/3168 3175/3175/3175 3203/3203/3203
f 3114/3114/3114 3089/3089/3089 3094/3094/3094
f 3089/3089/3089 3114/3114/3114 3092/3092/3092
f 3120/3120/3120 3094/3094/3094 3099/3099/3099
f 3121/3121/3121 3154/3154/3154 3111/3111/3111
f 3139/3139/3139 3111/3111/3111 3154/3154/3154
f 3131/3131/3131 3120/3120/3120 3099/3099/3099
f 3203/3203/3203 3194/3194/3194 3169/3169/3169
f 3183/3183/3183 3229/3229/3229 3225/3225/3225
f 3192/3192/3192 3239/3239/3239 3233/3233/3233
f 3103/3103/3103 3164/3164/3164 3172/3172/3172
f 3183/3183/3183 3193/3193/3193 3229/3229/3229
f 3234/3234/3234 3229/3229/3229 3193/3193/3193
f 3225/3225/3225 3214/3214/3214 3183/3183/3183
f 3194/3194/3194 3184/3184/3184 3160/3160/3160
f 3160/3160/3160 3169/3169/3169 3194/3194/3194
f 3185/3185/3185 3189/3189/3189 3159/3159/3159
f 3103/3103/3103 3159/3159/3159 3164/3164/3164
f 3486/3486/3486 3484/3484/3484 3491/3491/3491
f 3101/3101/3101 3173/3173/3173 3182/3182/3182
f 3120/3120/3120 3114/3114/3114 3094/3094/3094
f 3161/3161/3161 3156/3156/3156 3207/3207/3207
f 3213/3213/3213 3206/3206/3206 3179/3179/3179
f 3165/3165/3165 3179/3179/3179 3206/3206/3206
f 3207/3207/3207 3214/3214/3214 3161/3161/3161
f 3176/3176/3176 3161/3161/3161 3214/3214/3214
f 3203/3203/3203 3207/3207/3207 3156/3156/3156
f 3149/3149/3149 3155/3155/3155 3189/3189/3189
f 3189/3189/3189 3185/3185/3185 3149/3149/3149
f 3155/3155/3155 3165/3165/3165 3201/3201/3201
f 3213/3213/3213 3179/3179/3179 3224/3224/3224
f 3179/3179/3179 3204/3204/3204 3224/3224/3224
f 3206/3206/3206 3201/3201/3201 3165/3165/3165
f 3156/3156/3156 3152/3152/3152 3194/3194/3194
f 3190/3190/3190 3102/3102/3102 3180/3180/3180
f 3140/3140/3140 3163/3163/3163 3121/3121/3121
f 3154/3154/3154 3121/3121/3121 3163/3163/3163
f 3104/3104/3104 3175/3175/3175 3168/3168/3168
f 3104/3104/3104 3183/3183/3183 3175/3175/3175
f 3105/3105/3105 3169/3169/3169 3160/3160/3160
f 3203/3203/3203 3156/3156/3156 3194/3194/3194
f 3142/3142/3142 3149/3149/3149 3185/3185/3185
f 3186/3186/3186 3195/3195/3195 3143/3143/3143
f 3178/3178/3178 3163/3163/3163 3174/3174/3174
f 3163/3163/3163 3140/3140/3140 3174/3174/3174
f 3151/3151/3151 3143/3143/3143 3195/3195/3195
f 3088/3088/3088 3083/3083/3083 3086/3086/3086
f 2250/2250/2250 2337/2337/2337 2388/2388/2388
f 2323/2323/2323 2245/2245/2245 2352/2352/2352
f 2245/2245/2245 2323/2323/2323 2337/2337/2337
f 2417/2417/2417 2344/2344/2344 2445/2445/2445
f 2245/2245/2245 2255/2255/2255 2352/2352/2352
f 2337/2337/2337 2250/2250/2250 2245/2245/2245
f 2600/2600/2600 2616/2616/2616 2611/2611/2611
f 2560/2560/2560 2557/2557/2557 2591/2591/2591
f 2501/2501/2501 2512/2512/2512 2469/2469/2469
f 2591/2591/2591 2600/2600/2600 2611/2611/2611
f 2557/2557/2557 2600/2600/2600 2591/2591/2591
f 2611/2611/2611 2616/2616/2616 2612/2612/2612
f 2445/2445/2445 2469/2469/2469 2417/2417/2417
f 2245/2245/2245 2240/2240/2240 2248/2248/2248
f 2243/2243/2243 2250/2250/2250 2303/2303/2303
f 2420/2420/2420 2387/2387/2387 2272/2272/2272
f 2240/2240/2240 2245/2245/2245 2250/2250/2250
f 2250/2250/2250 2243/2243/2243 2240/2240/2240
f 2248/2248/2248 2255/2255/2255 2245/2245/2245
f 2616/2616/2616 2617/2617/2617 2612/2612/2612
f 2255/2255/2255 2344/2344/2344 2417/2417/2417
f 2352/2352/2352 2255/2255/2255 2417/2417/2417
f 2387/2387/2387 2420/2420/2420 2489/2489/2489
f 2303/2303/2303 2272/2272/2272 2243/2243/2243
f 2272/2272/2272 2303/2303/2303 2420/2420/2420
f 2469/2469/2469 2445/2445/2445 2501/2501/2501
f 2336/2336/2336 2302/2302/2302 2248/2248/2248
f 2240/2240/2240 2253/2253/2253 2267/2267/2267
f 2253/2253/2253 2240/2240/2240 2243/2243/2243
f 2302/2302/2302 2336/2336/2336 2422/2422/2422
f 2421/2421/2421 2476/2476/2476 2490/2490/2490
f 2422/2422/2422 2421/2421/2421 2490/2490/2490
f 2542/2542/2542 2557/2557/2557 2501/2501/2501
f 2501/2501/2501 2490/2490/2490 2542/2542/2542
f 2582/2582/2582 2600/2600/2600 2557/2557/2557
f 2248/2248/2248 2267/2267/2267 2336/2336/2336
f 2267/2267/2267 2248/2248/2248 2240/2240/2240
f 2574/2574/2574 2529/2529/2529 2544/2544/2544
f 2336/2336/2336 2421/2421/2421 2422/2422/2422
f 2272/2272/2272 2297/2297/2297 2243/2243/2243
f 2386/2386/2386 2297/2297/2297 2272/2272/2272
f 2243/2243/2243 2260/2260/2260 2253/2253/2253
f 2501/2501/2501 2557/2557/2557 2560/2560/2560
f 2512/2512/2512 2501/2501/2501 2560/2560/2560
f 2255/2255/2255 2248/2248/2248 2302/2302/2302
f 2544/2544/2544 2529/2529/2529 2489/2489/2489
f 2386/2386/2386 2387/2387/2387 2471/2471/2471
f 2471/2471/2471 2456/2456/2456 2386/2386/2386
f 2297/2297/2297 2260/2260/2260 2243/2243/2243
f 2387/2387/2387 2386/2386/2386 2272/2272/2272
f 2529/2529/2529 2471/2471/2471 2489/2489/2489
f 3118/3118/3118 3126/3126/3126 3107/3107/3107
f 3092/3092/3092 3114/3114/3114 3107/3107/3107
f 3126/3126/3126 3124/3124/3124 3107/3107/3107
f 3188/3188/3188 3216/3216/3216 3210/3210/3210
f 3188/3188/3188 3196/3196/3196 3216/3216/3216
f 3117/3117/3117 3107/3107/3107 3114/3114/3114
f 3135/3135/3135 3145/3145/3145 3125/3125/3125
f 3178/3178/3178 3174/3174/3174 3211/3211/3211
f 3090/3090/3090 3080/3080/3080 3082/3082/3082
f 3145/3145/3145 3135/3135/3135 3167/3167/3167
f 3148/3148/3148 3167/3167/3167 3135/3135/3135
f 3127/3127/3127 3135/3135/3135 3125/3125/3125
f 3196/3196/3196 3178/3178/3178 3211/3211/3211
f 3080/3080/3080 3078/3078/3078 3082/3082/3082
f 3079/3079/3079 3085/3085/3085 3078/3078/3078
f 3124/3124/3124 3146/3146/3146 3110/3110/3110
f 3077/3077/3077 3082/3082/3082 3078/3078/3078
f 3085/3085/3085 3084/3084/3084 3078/3078/3078
f 3085/3085/3085 3093/3093/3093 3084/3084/3084
f 3158/3158/3158 3199/3199/3199 3167/3167/3167
f 3171/3171/3171 3188/3188/3188 3210/3210/3210
f 3196/3196/3196 3211/3211/3211 3216/3216/3216
f 3158/3158/3158 3171/3171/3171 3199/3199/3199
f 3171/3171/3171 3210/3210/3210 3199/3199/3199
f 3148/3148/3148 3158/3158/3158 3167/3167/3167
f 3081/3081/3081 3091/3091/3091 3085/3085/3085
f 2547/2547/2547 2544/2544/2544 2496/2496/2496
f 2544/2544/2544 2547/2547/2547 2583/2583/2583
f 2489/2489/2489 2471/2471/2471 2387/2387/2387
f 3100/3100/3100 3095/3095/3095 3088/3088/3088
f 3112/3112/3112 3097/3097/3097 3122/3122/3122
f 3097/3097/3097 3112/3112/3112 3088/3088/3088
f 2612/2612/2612 2617/2617/2617 2609/2609/2609
f 2614/2614/2614 2589/2589/2589 2583/2583/2583
f 2609/2609/2609 2614/2614/2614 2583/2583/2583
f 2544/2544/2544 2489/2489/2489 2496/2496/2496
f 2583/2583/2583 2589/2589/2589 2544/2544/2544
f 2617/2617/2617 2614/2614/2614 2609/2609/2609
f 3100/3100/3100 3088/3088/3088 3112/3112/3112
f 3107/3107/3107 3124/3124/3124 3093/3093/3093
f 3124/3124/3124 3110/3110/3110 3093/3093/3093
f 3085/3085/3085 3092/3092/3092 3093/3093/3093
f 3095/3095/3095 3082/3082/3082 3088/3088/3088
f 3095/3095/3095 3090/3090/3090 3082/3082/3082
f 3092/3092/3092 3085/3085/3085 3091/3091/3091
f 3150/3150/3150 3174/3174/3174 3123/3123/3123
f 3140/3140/3140 3123/3123/3123 3174/3174/3174
f 3108/3108/3108 3122/3122/3122 3097/3097/3097
f 3107/3107/3107 3093/3093/3093 3092/3092/3092
f 3140/3140/3140 3122/3122/3122 3123/3123/3123
f 3122/3122/3122 3108/3108/3108 3123/3123/3123
f 2694/2694/2694 2668/2668/2668 2655/2655/2655
f 2659/2659/2659 2684/2684/2684 2664/2664/2664
f 2638/2638/2638 2621/2621/2621 2639/2639/2639
f 2668/2668/2668 2694/2694/2694 2684/2684/2684
f 2684/2684/2684 2659/2659/2659 2668/2668/2668
f 2655/2655/2655 2682/2682/2682 2694/2694/2694
f 2710/2710/2710 2715/2715/2715 2732/2732/2732
f 2564/2564/2564 2585/2585/2585 2622/2622/2622
f 2989/2989/2989 2978/2978/2978 2997/2997/2997
f 2621/2621/2621 2638/2638/2638 2607/2607/2607
f 2664/2664/2664 2639/2639/2639 2659/2659/2659
f 2639/2639/2639 2664/2664/2664 2638/2638/2638
f 2995/2995/2995 2972/2972/2972 2938/2938/2938
f 3007/3007/3007 3011/3011/3011 3005/3005/3005
f 3012/3012/3012 3005/3005/3005 3011/3011/3011
f 3009/3009/3009 3011/3011/3011 3001/3001/3001
f 2717/2717/2717 2761/2761/2761 2791/2791/2791
f 2791/2791/2791 2861/2861/2861 2821/2821/2821
f 2732/2732/2732 2791/2791/2791 2821/2821/2821
f 2992/2992/2992 3008/3008/3008 2974/2974/2974
f 3010/3010/3010 3000/3000/3000 3012/3012/3012
f 3010/3010/3010 3008/3008/3008 3000/3000/3000
f 3011/3011/3011 3007/3007/3007 3001/3001/3001
f 3005/3005/3005 3012/3012/3012 3000/3000/3000
f 3008/3008/3008 2992/2992/2992 3000/3000/3000
f 2997/2997/2997 3005/3005/3005 3000/3000/3000
f 2494/2494/2494 2491/2491/2491 2551/2551/2551
f 2587/2587/2587 2607/2607/2607 2551/2551/2551
f 2551/2551/2551 2537/2537/2537 2587/2587/2587
f 2515/2515/2515 2536/2536/2536 2586/2586/2586
f 2586/2586/2586 2564/2564/2564 2515/2515/2515
f 2491/2491/2491 2537/2537/2537 2551/2551/2551
f 2451/2451/2451 2452/2452/2452 2494/2494/2494
f 2426/2426/2426 2452/2452/2452 2451/2451/2451
f 3254/3254/3254 2698/2698/2698 3250/3250/3250
f 2452/2452/2452 2491/2491/2491 2494/2494/2494
f 2418/2418/2418 2426/2426/2426 2451/2451/2451
f 2426/2426/2426 2418/2418/2418 2441/2441/2441
f 2995/2995/2995 2938/2938/2938 3004/3004/3004
f 2635/2635/2635 2615/2615/2615 2622/2622/2622
f 2651/2651/2651 2635/2635/2635 2622/2622/2622
f 2607/2607/2607 2587/2587/2587 2621/2621/2621
f 2622/2622/2622 2615/2615/2615 2564/2564/2564
f 2655/2655/2655 2635/2635/2635 2651/2651/2651
f 2682/2682/2682 2655/2655/2655 2651/2651/2651
f 2443/2443/2443 2441/2441/2441 2487/2487/2487
f 2536/2536/2536 2515/2515/2515 2487/2487/2487
f 2975/2975/2975 3004/3004/3004 2938/2938/2938
f 2487/2487/2487 2477/2477/2477 2443/2443/2443
f 2515/2515/2515 2477/2477/2477 2487/2487/2487
f 2441/2441/2441 2443/2443/2443 2426/2426/2426
f 2913/2913/2913 2929/2929/2929 2885/2885/2885
f 2647/2647/2647 2665/2665/2665 2688/2688/2688
f 2688/2688/2688 2669/2669/2669 2654/2654/2654
f 2906/2906/2906 2880/2880/2880 2808/2808/2808
f 2647/2647/2647 2638/2638/2638 2664/2664/2664
f 2669/2669/2669 2679/2679/2679 2633/2633/2633
f 2722/2722/2722 2706/2706/2706 2708/2708/2708
f 2793/2793/2793 2722/2722/2722 2708/2708/2708
f 2692/2692/2692 2688/2688/2688 2708/2708/2708
f 2688/2688/2688 2679/2679/2679 2669/2669/2669
f 2688/2688/2688 2654/2654/2654 2647/2647/2647
f 2692/2692/2692 2679/2679/2679 2688/2688/2688
f 2808/2808/2808 2793/2793/2793 2885/2885/2885
f 2704/2704/2704 2693/2693/2693 2706/2706/2706
f 2706/2706/2706 2722/2722/2722 2759/2759/2759
f 2906/2906/2906 2929/2929/2929 2935/2935/2935
f 2790/2790/2790 2695/2695/2695 2778/2778/2778
f 2708/2708/2708 2689/2689/2689 2685/2685/2685
f 2790/2790/2790 2851/2851/2851 2685/2685/2685
f 2906/2906/2906 2808/2808/2808 2885/2885/2885
f 2906/2906/2906 2885/2885/2885 2929/2929/2929
f 2808/2808/2808 2722/2722/2722 2793/2793/2793
f 2722/2722/2722 2808/2808/2808 2759/2759/2759
f 2759/2759/2759 2704/2704/2704 2706/2706/2706
f 2654/2654/2654 2669/2669/2669 2633/2633/2633
f 2706/2706/2706 2692/2692/2692 2708/2708/2708
f 2778/2778/2778 2924/2924/2924 2790/2790/2790
f 2923/2923/2923 2790/2790/2790 2924/2924/2924
f 3009/3009/3009 3001/3001/3001 2977/2977/2977
f 2924/2924/2924 2778/2778/2778 2943/2943/2943
f 2790/2790/2790 2923/2923/2923 2851/2851/2851
f 2933/2933/2933 2851/2851/2851 2923/2923/2923
f 2947/2947/2947 2942/2942/2942 2904/2904/2904
f 2821/2821/2821 2861/2861/2861 2904/2904/2904
f 2791/2791/2791 2732/2732/2732 2717/2717/2717
f 2904/2904/2904 2909/2909/2909 2947/2947/2947
f 2861/2861/2861 2909/2909/2909 2904/2904/2904
f 3004/3004/3004 2974/2974/2974 3008/3008/3008
f 2972/2972/2972 2943/2943/2943 2902/2902/2902
f 2961/2961/2961 2885/2885/2885 2933/2933/2933
f 2913/2913/2913 2980/2980/2980 2929/2929/2929
f 3006/3006/3006 2977/2977/2977 2929/2929/2929
f 2885/2885/2885 2961/2961/2961 2913/2913/2913
f 2980/2980/2980 2913/2913/2913 2961/2961/2961
f 2851/2851/2851 2933/2933/2933 2885/2885/2885
f 2943/2943/2943 2837/2837/2837 2902/2902/2902
f 2837/2837/2837 2943/2943/2943 2778/2778/2778
f 2972/2972/2972 2902/2902/2902 2938/2938/2938
f 3006/3006/3006 3009/3009/3009 2977/2977/2977
f 2996/2996/2996 2929/2929/2929 2980/2980/2980
f 2996/2996/2996 3006/3006/3006 2929/2929/2929
f 3254/3254/3254 2718/2718/2718 2707/2707/2707
f 2523/2523/2523 2519/2519/2519 2535/2535/2535
f 2538/2538/2538 2517/2517/2517 2506/2506/2506
f 2517/2517/2517 2538/2538/2538 2535/2535/2535
f 2484/2484/2484 2473/2473/2473 2373/2373/2373
f 2506/2506/2506 2525/2525/2525 2538/2538/2538
f 2535/2535/2535 2519/2519/2519 2517/2517/2517
f 2221/2221/2221 2217/2217/2217 2244/2244/2244
f 2244/2244/2244 2242/2242/2242 2221/2221/2221
f 2383/2383/2383 2396/2396/2396 2461/2461/2461
f 2223/2223/2223 2247/2247/2247 2249/2249/2249
f 2242/2242/2242 2244/2244/2244 2383/2383/2383
f 2383/2383/2383 2373/2373/2373 2242/2242/2242
f 2373/2373/2373 2383/2383/2383 2484/2484/2484
f 2540/2540/2540 2523/2523/2523 2535/2535/2535
f 2510/2510/2510 2523/2523/2523 2540/2540/2540
f 2488/2488/2488 2479/2479/2479 2511/2511/2511
f 2581/2581/2581 2536/2536/2536 2602/2602/2602
f 2533/2533/2533 2510/2510/2510 2540/2540/2540
f 2511/2511/2511 2534/2534/2534 2488/2488/2488
f 2398/2398/2398 2385/2385/2385 2479/2479/2479
f 2506/2506/2506 2473/2473/2473 2484/2484/2484
f 2525/2525/2525 2506/2506/2506 2484/2484/2484
f 2247/2247/2247 2385/2385/2385 2398/2398/2398
f 2249/2249/2249 2247/2247/2247 2398/2398/2398
f 2479/2479/2479 2488/2488/2488 2398/2398/2398
f 2495/2495/2495 2525/2525/2525 2484/2484/2484
f 2425/2425/2425 2505/2505/2505 2518/2518/2518
f 2520/2520/2520 2437/2437/2437 2435/2435/2435
f 2430/2430/2430 2439/2439/2439 2524/2524/2524
f 2518/2518/2518 2435/2435/2435 2425/2425/2425
f 2435/2435/2435 2518/2518/2518 2520/2520/2520
f 2505/2505/2505 2425/2425/2425 2406/2406/2406
f 2292/2292/2292 2324/2324/2324 2319/2319/2319
f 2286/2286/2286 2324/2324/2324 2292/2292/2292
f 2335/2335/2335 2325/2325/2325 2345/2345/2345
f 2509/2509/2509 2430/2430/2430 2524/2524/2524
f 2439/2439/2439 2437/2437/2437 2520/2520/2520
f 2524/2524/2524 2439/2439/2439 2520/2520/2520
f 2373/2373/2373 2356/2356/2356 2242/2242/2242
f 2201/2201/2201 2207/2207/2207 2224/2224/2224
f 2207/2207/2207 2201/2201/2201 2199/2199/2199
f 2218/2218/2218 2223/2223/2223 2249/2249/2249
f 2538/2538/2538 2525/2525/2525 2495/2495/2495
f 2461/2461/2461 2484/2484/2484 2383/2383/2383
f 2484/2484/2484 2461/2461/2461 2495/2495/2495
f 2217/2217/2217 2221/2221/2221 2200/2200/2200
f 2205/2205/2205 2203/2203/2203 2199/2199/2199
f 2200/2200/2200 2205/2205/2205 2199/2199/2199
f 2224/2224/2224 2219/2219/2219 2201/2201/2201
f 2199/2199/2199 2203/2203/2203 2207/2207/2207
f 2221/2221/2221 2205/2205/2205 2200/2200/2200
f 2652/2652/2652 2623/2623/2623 2648/2648/2648
f 2653/2653/2653 2677/2677/2677 3250/3250/3250
f 3250/3250/3250 2683/2683/2683 2653/2653/2653
f 2732/2732/2732 2741/2741/2741 2710/2710/2710
f 2941/2941/2941 2989/2989/2989 2883/2883/2883
f 2677/2677/2677 2653/2653/2653 2658/2658/2658
f 2649/2649/2649 2624/2624/2624 3240/3240/3240
f 2622/2622/2622 2585/2585/2585 3241/3241/3241
f 3270/3270/3270 2733/2733/2733 2707/2707/2707
f 2658/2658/2658 2653/2653/2653 2650/2650/2650
f 2581/2581/2581 3242/3242/3242 2586/2586/2586
f 2536/2536/2536 2581/2581/2581 2586/2586/2586
f 2741/2741/2741 3257/3257/3257 2710/2710/2710
f 2690/2690/2690 2686/2686/2686 3257/3257/3257
f 2675/2675/2675 2686/2686/2686 2690/2690/2690
f 2821/2821/2821 2904/2904/2904 2827/2827/2827
f 2698/2698/2698 2683/2683/2683 3250/3250/3250
f 2676/2676/2676 2691/2691/2691 2671/2671/2671
f 2671/2671/2671 2634/2634/2634 2676/2676/2676
f 2741/2741/2741 2732/2732/2732 2821/2821/2821
f 2700/2700/2700 2710/2710/2710 3257/3257/3257
f 2687/2687/2687 2700/2700/2700 3257/3257/3257
f 2822/2822/2822 2828/2828/2828 2741/2741/2741
f 2904/2904/2904 2942/2942/2942 2884/2884/2884
f 2828/2828/2828 2905/2905/2905 2883/2883/2883
f 3271/3271/3271 3277/3277/3277 2779/2779/2779
f 2916/2916/2916 2974/2974/2974 2897/2897/2897
f 3244/3244/3244 2620/2620/2620 2671/2671/2671
f 2620/2620/2620 2634/2634/2634 2671/2671/2671
f 2989/2989/2989 2974/2974/2974 2916/2916/2916
f 2989/2989/2989 2916/2916/2916 2883/2883/2883
f 2976/2976/2976 2939/2939/2939 2898/2898/2898
f 2602/2602/2602 2605/2605/2605 2581/2581/2581
f 2838/2838/2838 2779/2779/2779 3277/3277/3277
f 2602/2602/2602 2620/2620/2620 2605/2605/2605
f 3242/3242/3242 2605/2605/2605 3244/3244/3244
f 2605/2605/2605 2620/2620/2620 3244/3244/3244
f 2602/2602/2602 2634/2634/2634 2620/2620/2620
f 2940/2940/2940 2903/2903/2903 3286/3286/3286
f 2733/2733/2733 2778/2778/2778 2695/2695/2695
f 2695/2695/2695 2707/2707/2707 2733/2733/2733
f 2695/2695/2695 2683/2683/2683 2698/2698/2698
f 2698/2698/2698 3254/3254/3254 2707/2707/2707
f 2707/2707/2707 2718/2718/2718 3270/3270/3270
f 2780/2780/2780 2733/2733/2733 3270/3270/3270
f 3287/3287/3287 2898/2898/2898 2939/2939/2939
f 3281/3281/3281 2838/2838/2838 3277/3277/3277
f 2903/2903/2903 2838/2838/2838 3281/3281/3281
f 2695/2695/2695 2698/2698/2698 2707/2707/2707
f 2581/2581/2581 2605/2605/2605 3242/3242/3242
f 3286/3286/3286 2903/2903/2903 3281/3281/3281
f 2695/2695/2695 2790/2790/2790 2685/2685/2685
f 3106/3106/3106 3063/3063/3063 3069/3069/3069
f 3106/3106/3106 3096/3096/3096 3063/3063/3063
f 3086/3086/3086 3051/3051/3051 3057/3057/3057
f 3133/3133/3133 3073/3073/3073 3137/3137/3137
f 3096/3096/3096 3057/3057/3057 3063/3063/3063
f 3096/3096/3096 3086/3086/3086 3057/3057/3057
f 3083/3083/3083 3048/3048/3048 3051/3051/3051
f 3136/3136/3136 3200/3200/3200 3137/3137/3137
f 3205/3205/3205 3137/3137/3137 3200/3200/3200
f 3048/3048/3048 3083/3083/3083 3046/3046/3046
f 3077/3077/3077 3046/3046/3046 3083/3083/3083
f 3086/3086/3086 3083/3083/3083 3051/3051/3051
f 3074/3074/3074 3068/3068/3068 3072/3072/3072
f 3061/3061/3061 3050/3050/3050 3044/3044/3044
f 3070/3070/3070 3062/3062/3062 3055/3055/3055
f 3062/3062/3062 3070/3070/3070 3066/3066/3066
f 3050/3050/3050 3037/3037/3037 3044/3044/3044
f 3050/3050/3050 3043/3043/3043 3037/3037/3037
f 3069/3069/3069 3061/3061/3061 3073/3073/3073
f 3068/3068/3068 3074/3074/3074 3071/3071/3071
f 3076/3076/3076 3071/3071/3071 3074/3074/3074
f 3066/3066/3066 3072/3072/3072 3068/3068/3068
f 3064/3064/3064 3055/3055/3055 3045/3045/3045
f 3064/3064/3064 3070/3070/3070 3055/3055/3055
f 3072/3072/3072 3066/3066/3066 3070/3070/3070
f 3132/3132/3132 3162/3162/3162 3136/3136/3136
f 3084/3084/3084 3054/3054/3054 3078/3078/3078
f 3054/3054/3054 3084/3084/3084 3060/3060/3060
f 3078/3078/3078 3049/3049/3049 3077/3077/3077
f 3075/3075/3075 3137/3137/3137 3073/3073/3073
f 3136/3136/3136 3076/3076/3076 3132/3132/3132
f 3076/3076/3076 3136/3136/3136 3075/3075/3075
f 3109/3109/3109 3070/3070/3070 3064/3064/3064
f 3087/3087/3087 3098/3098/3098 3060/3060/3060
f 3098/3098/3098 3064/3064/3064 3060/3060/3060
f 3049/3049/3049 3078/3078/3078 3054/3054/3054
f 3087/3087/3087 3060/3060/3060 3084/3084/3084
f 3098/3098/3098 3109/3109/3109 3064/3064/3064
f 3137/3137/3137 3075/3075/3075 3136/3136/3136
f 3115/3115/3115 3106/3106/3106 3069/3069/3069
f 3177/3177/3177 3133/3133/3133 3137/3137/3137
f 3177/3177/3177 3150/3150/3150 3133/3133/3133
f 3200/3200/3200 3136/3136/3136 3162/3162/3162
f 3205/3205/3205 3177/3177/3177 3137/3137/3137
f 3150/3150/3150 3115/3115/3115 3133/3133/3133
f 3109/3109/3109 3116/3116/3116 3070/3070/3070
f 3116/3116/3116 3072/3072/3072 3070/3070/3070
f 3074/3074/3074 3132/3132/3132 3076/3076/3076
f 3046/3046/3046 3077/3077/3077 3049/3049/3049
f 3116/3116/3116 3132/3132/3132 3072/3072/3072
f 3132/3132/3132 3074/3074/3074 3072/3072/3072
f 2764/2764/2764 2738/2738/2738 2775/2775/2775
f 2756/2756/2756 2740/2740/2740 2765/2765/2765
f 2789/2789/2789 2803/2803/2803 2760/2760/2760
f 2845/2845/2845 2847/2847/2847 2782/2782/2782
f 2850/2850/2850 2782/2782/2782 2847/2847/2847
f 2834/2834/2834 2775/2775/2775 2846/2846/2846
f 2802/2802/2802 2819/2819/2819 2772/2772/2772
f 2845/2845/2845 2777/2777/2777 2833/2833/2833
f 2782/2782/2782 2777/2777/2777 2845/2845/2845
f 2772/2772/2772 2767/2767/2767 2802/2802/2802
f 2781/2781/2781 2788/2788/2788 2756/2756/2756
f 2803/2803/2803 2766/2766/2766 2760/2760/2760
f 2850/2850/2850 2846/2846/2846 2775/2775/2775
f 2864/2864/2864 2868/2868/2868 2847/2847/2847
f 2871/2871/2871 2850/2850/2850 2847/2847/2847
f 2871/2871/2871 2869/2869/2869 2850/2850/2850
f 2783/2783/2783 2756/2756/2756 2786/2786/2786
f 2868/2868/2868 2871/2871/2871 2847/2847/2847
f 2869/2869/2869 2846/2846/2846 2850/2850/2850
f 2869/2869/2869 2865/2865/2865 2846/2846/2846
f 2788/2788/2788 2760/2760/2760 2756/2756/2756
f 2775/2775/2775 2782/2782/2782 2850/2850/2850
f 2764/2764/2764 2775/2775/2775 2834/2834/2834
f 2834/2834/2834 2820/2820/2820 2764/2764/2764
f 2865/2865/2865 2834/2834/2834 2846/2846/2846
f 2777/2777/2777 2772/2772/2772 2819/2819/2819
f 3034/3034/3034 3051/3051/3051 3030/3030/3030
f 3057/3057/3057 3043/3043/3043 3050/3050/3050
f 3043/3043/3043 3057/3057/3057 3034/3034/3034
f 3115/3115/3115 3069/3069/3069 3133/3133/3133
f 3063/3063/3063 3057/3057/3057 3050/3050/3050
f 3051/3051/3051 3034/3034/3034 3057/3057/3057
f 3076/3076/3076 3075/3075/3075 3071/3071/3071
f 3075/3075/3075 3067/3067/3067 3071/3071/3071
f 3065/3065/3065 3073/3073/3073 3061/3061/3061
f 3060/3060/3060 3064/3064/3064 3045/3045/3045
f 3075/3075/3075 3073/3073/3073 3067/3067/3067
f 3073/3073/3073 3065/3065/3065 3067/3067/3067
f 3073/3073/3073 3133/3133/3133 3069/3069/3069
f 3048/3048/3048 3030/3030/3030 3051/3051/3051
f 3030/3030/3030 3048/3048/3048 3029/3029/3029
f 3049/3049/3049 3033/3033/3033 3046/3046/3046
f 2819/2819/2819 2833/2833/2833 2777/2777/2777
f 3046/3046/3046 3029/3029/3029 3048/3048/3048
f 3029/3029/3029 3046/3046/3046 3033/3033/3033
f 3054/3054/3054 3038/3038/3038 3049/3049/3049
f 3069/3069/3069 3063/3063/3063 3061/3061/3061
f 3063/3063/3063 3050/3050/3050 3061/3061/3061
f 3038/3038/3038 3054/3054/3054 3045/3045/3045
f 3060/3060/3060 3045/3045/3045 3054/3054/3054
f 3033/3033/3033 3049/3049/3049 3038/3038/3038
f 3047/3047/3047 3053/3053/3053 3032/3032/3032
f 3053/3053/3053 3066/3066/3066 3058/3058/3058
f 3068/3068/3068 3058/3058/3058 3066/3066/3066
f 3059/3059/3059 3071/3071/3071 3056/3056/3056
f 3023/3023/3023 3016/3016/3016 3018/3018/3018
f 3058/3058/3058 3068/3068/3068 3059/3059/3059
f 3071/3071/3071 3059/3059/3059 3068/3068/3068
f 3056/3056/3056 3067/3067/3067 3052/3052/3052
f 2601/2601/2601 2548/2548/2548 2451/2451/2451
f 2494/2494/2494 2601/2601/2601 2451/2451/2451
f 3065/3065/3065 3052/3052/3052 3067/3067/3067
f 3052/3052/3052 3065/3065/3065 3044/3044/3044
f 3067/3067/3067 3056/3056/3056 3071/3071/3071
f 3027/3027/3027 3023/3023/3023 3018/3018/3018
f 3029/3029/3029 3019/3019/3019 3030/3030/3030
f 3066/3066/3066 3053/3053/3053 3062/3062/3062
f 3037/3037/3037 3024/3024/3024 3028/3028/3028
f 3019/3019/3019 3029/3029/3029 3022/3022/3022
f 3033/3033/3033 3022/3022/3022 3029/3029/3029
f 3020/3020/3020 3030/3030/3030 3019/3019/3019
f 3027/3027/3027 3018/3018/3018 3037/3037/3037
f 3023/3023/3023 3020/3020/3020 3016/3016/3016
f 3020/3020/3020 3014/3014/3014 3016/3016/3016
f 3024/3024/3024 3037/3037/3037 3018/3018/3018
f 3061/3061/3061 3044/3044/3044 3065/3065/3065
f 3044/3044/3044 3037/3037/3037 3028/3028/3028
f 2601/2601/2601 2494/2494/2494 2551/2551/2551
f 2935/2935/2935 2929/2929/2929 2977/2977/2977
f 2982/2982/2982 2935/2935/2935 2977/2977/2977
f 2935/2935/2935 2880/2880/2880 2906/2906/2906
f 2549/2549/2549 2602/2602/2602 2487/2487/2487
f 2633/2633/2633 2551/2551/2551 2607/2607/2607
f 2689/2689/2689 2666/2666/2666 2685/2685/2685
f 2997/2997/2997 3000/3000/3000 2989/2989/2989
f 2992/2992/2992 2974/2974/2974 2989/2989/2989
f 2978/2978/2978 2989/2989/2989 2941/2941/2941
f 2714/2714/2714 2704/2704/2704 2759/2759/2759
f 2982/2982/2982 2977/2977/2977 3001/3001/3001
f 3000/3000/3000 2992/2992/2992 2989/2989/2989
f 2549/2549/2549 2441/2441/2441 2530/2530/2530
f 2685/2685/2685 2851/2851/2851 2708/2708/2708
f 2451/2451/2451 2548/2548/2548 2418/2418/2418
f 2851/2851/2851 2885/2885/2885 2793/2793/2793
f 2551/2551/2551 2633/2633/2633 2601/2601/2601
f 2548/2548/2548 2530/2530/2530 2418/2418/2418
f 2851/2851/2851 2793/2793/2793 2708/2708/2708
f 2607/2607/2607 2638/2638/2638 2647/2647/2647
f 2487/2487/2487 2441/2441/2441 2549/2549/2549
f 2441/2441/2441 2418/2418/2418 2530/2530/2530
f 2647/2647/2647 2654/2654/2654 2607/2607/2607
f 2487/2487/2487 2602/2602/2602 2536/2536/2536
f 2654/2654/2654 2633/2633/2633 2607/2607/2607
f 3031/3031/3031 3021/3021/3021 3017/3017/3017
f 3056/3056/3056 3039/3039/3039 3059/3059/3059
f 3014/3014/3014 2924/2924/2924 3016/3016/3016
f 3021/3021/3021 3031/3031/3031 3026/3026/3026
f 3041/3041/3041 3026/3026/3026 3031/3031/3031
f 3025/3025/3025 3031/3031/3031 3017/3017/3017
f 3013/3013/3013 2923/2923/2923 3014/3014/3014
f 2933/2933/2933 3015/3015/3015 2961/2961/2961
f 3017/3017/3017 2961/2961/2961 3015/3015/3015
f 2924/2924/2924 3014/3014/3014 2923/2923/2923
f 3016/3016/3016 2943/2943/2943 3018/3018/3018
f 2943/2943/2943 3016/3016/3016 2924/2924/2924
f 3025/3025/3025 3017/3017/3017 3015/3015/3015
f 3053/3053/3053 3058/3058/3058 3036/3036/3036
f 3059/3059/3059 3042/3042/3042 3058/3058/3058
f 3042/3042/3042 3059/3059/3059 3039/3039/3039
f 3053/3053/3053 3036/3036/3036 3032/3032/3032
f 3026/3026/3026 3041/3041/3041 3032/3032/3032
f 3047/3047/3047 3032/3032/3032 3041/3041/3041
f 3022/3022/3022 3025/3025/3025 3015/3015/3015
f 3019/3019/3019 3013/3013/3013 3014/3014/3014
f 3019/3019/3019 3022/3022/3022 3013/3013/3013
f 3058/3058/3058 3040/3040/3040 3036/3036/3036
f 3040/3040/3040 3058/3058/3058 3042/3042/3042
f 3022/3022/3022 3015/3015/3015 3013/3013/3013
f 2923/2923/2923 3013/3013/3013 2933/2933/2933
f 3062/3062/3062 3047/3047/3047 3041/3041/3041
f 3047/3047/3047 3062/3062/3062 3053/3053/3053
f 3055/3055/3055 3041/3041/3041 3031/3031/3031
f 3022/3022/3022 3033/3033/3033 3025/3025/3025
f 3038/3038/3038 3025/3025/3025 3033/3033/3033
f 3045/3045/3045 3055/3055/3055 3031/3031/3031
f 3043/3043/3043 3027/3027/3027 3037/3037/3037
f 3043/3043/3043 3034/3034/3034 3027/3027/3027
f 3030/3030/3030 3020/3020/3020 3023/3023/3023
f 3055/3055/3055 3062/3062/3062 3041/3041/3041
f 3034/3034/3034 3023/3023/3023 3027/3027/3027
f 3034/3034/3034 3030/3030/3030 3023/3023/3023
f 3045/3045/3045 3031/3031/3031 3038/3038/3038
f 3039/3039/3039 3056/3056/3056 3035/3035/3035
f 3052/3052/3052 3035/3035/3035 3056/3056/3056
f 3004/3004/3004 3028/3028/3028 2995/2995/2995
f 3015/3015/3015 2933/2933/2933 3013/3013/3013
f 3052/3052/3052 3044/3044/3044 3035/3035/3035
f 3044/3044/3044 3028/3028/3028 3035/3035/3035
f 2995/2995/2995 3024/3024/3024 2972/2972/2972
f 3020/3020/3020 3019/3019/3019 3014/3014/3014
f 3025/3025/3025 3038/3038/3038 3031/3031/3031
f 3018/3018/3018 2972/2972/2972 3024/3024/3024
f 2972/2972/2972 3018/3018/3018 2943/2943/2943
f 3024/3024/3024 2995/2995/2995 3028/3028/3028
f 3246/3246/3246 3248/3248/3248 3266/3266/3266
f 3292/3292/3292 3293/3293/3293 3330/3330/3330
f 3251/3251/3251 3253/3253/3253 3289/3289/3289
f 3251/3251/3251 3289/3289/3289 3275/3275/3275
f 3292/3292/3292 3294/3294/3294 3293/3293/3293
f 3302/3302/3302 3297/3297/3297 3268/3268/3268
f 3289/3289/3289 3292/3292/3292 3330/3330/3330
f 3294/3294/3294 3346/3346/3346 3293/3293/3293
f 3298/3298/3298 3300/3300/3300 3265/3265/3265
f 3295/3295/3295 3298/3298/3298 3261/3261/3261
f 3260/3260/3260 3295/3295/3295 3261/3261/3261
f 3265/3265/3265 3262/3262/3262 3298/3298/3298
f 3248/3248/3248 3251/3251/3251 3275/3275/3275
f 3248/3248/3248 3275/3275/3275 3266/3266/3266
f 3262/3262/3262 3261/3261/3261 3298/3298/3298
f 3285/3285/3285 3306/3306/3306 3282/3282/3282
f 3291/3291/3291 3258/3258/3258 3284/3284/3284
f 3256/3256/3256 3284/3284/3284 3258/3258/3258
f 3298/3298/3298 3356/3356/3356 3300/3300/3300
f 3284/3284/3284 3256/3256/3256 3280/3280/3280
f 3274/3274/3274 3249/3249/3249 3269/3269/3269
f 3246/3246/3246 3266/3266/3266 3247/3247/3247
f 3255/3255/3255 3280/3280/3280 3256/3256/3256
f 3247/3247/3247 3269/3269/3269 3249/3249/3249
f 3282/3282/3282 3305/3305/3305 3276/3276/3276
f 3297/3297/3297 3294/3294/3294 3259/3259/3259
f 3276/3276/3276 3302/3302/3302 3268/3268/3268
f 3305/3305/3305 3302/3302/3302 3276/3276/3276
f 3268/3268/3268 3297/3297/3297 3259/3259/3259
f 3259/3259/3259 3294/3294/3294 3292/3292/3292
f 3253/3253/3253 3259/3259/3259 3292/3292/3292
f 3253/3253/3253 3292/3292/3292 3289/3289/3289
f 3263/3263/3263 3266/3266/3266 3273/3273/3273
f 3289/3289/3289 3330/3330/3330 3273/3273/3273
f 3302/3302/3302 3361/3361/3361 3352/3352/3352
f 3275/3275/3275 3273/3273/3273 3266/3266/3266
f 3362/3362/3362 3367/3367/3367 3304/3304/3304
f 3301/3301/3301 3362/3362/3362 3304/3304/3304
f 3275/3275/3275 3289/3289/3289 3273/3273/3273
f 3303/3303/3303 3359/3359/3359 3300/3300/3300
f 3367/3367/3367 3369/3369/3369 3304/3304/3304
f 3306/3306/3306 3304/3304/3304 3369/3369/3369
f 3306/3306/3306 3369/3369/3369 3365/3365/3365
f 3305/3305/3305 3306/3306/3306 3365/3365/3365
f 3297/3297/3297 3352/3352/3352 3346/3346/3346
f 3302/3302/3302 3305/3305/3305 3361/3361/3361
f 3305/3305/3305 3365/3365/3365 3361/3361/3361
f 3297/3297/3297 3302/3302/3302 3352/3352/3352
f 3283/3283/3283 3278/3278/3278 3304/3304/3304
f 3304/3304/3304 3306/3306/3306 3283/3283/3283
f 3285/3285/3285 3283/3283/3283 3306/3306/3306
f 3306/3306/3306 3305/3305/3305 3282/3282/3282
f 3356/3356/3356 3298/3298/3298 3299/3299/3299
f 3299/3299/3299 3298/3298/3298 3295/3295/3295
f 3296/3296/3296 3299/3299/3299 3295/3295/3295
f 3296/3296/3296 3295/3295/3295 3341/3341/3341
f 3294/3294/3294 3297/3297/3297 3346/3346/3346
f 3300/3300/3300 3301/3301/3301 3272/3272/3272
f 3359/3359/3359 3362/3362/3362 3301/3301/3301
f 3300/3300/3300 3359/3359/3359 3301/3301/3301
f 3272/3272/3272 3267/3267/3267 3300/3300/3300
f 3301/3301/3301 3304/3304/3304 3278/3278/3278
f 3278/3278/3278 3272/3272/3272 3301/3301/3301
f 3267/3267/3267 3265/3265/3265 3300/3300/3300
f 3269/3269/3269 3247/3247/3247 3266/3266/3266
f 2672/2672/2672 2690/2690/2690 3251/3251/3251
f 2672/2672/2672 3251/3251/3251 3248/3248/3248
f 3245/3245/3245 2672/2672/2672 3248/3248/3248
f 3245/3245/3245 3248/3248/3248 3246/3246/3246
f 3254/3254/3254 3258/3258/3258 2718/2718/2718
f 3255/3255/3255 3250/3250/3250 3252/3252/3252
f 3243/3243/3243 3245/3245/3245 3246/3246/3246
f 3260/3260/3260 2718/2718/2718 3258/3258/3258
f 3278/3278/3278 3283/3283/3283 3286/3286/3286
f 2917/2917/2917 2899/2899/2899 3285/3285/3285
f 3267/3267/3267 3272/3272/3272 3277/3277/3277
f 3281/3281/3281 3277/3277/3277 3272/3272/3272
f 3283/3283/3283 3285/3285/3285 2899/2899/2899
f 2690/2690/2690 3253/3253/3253 3251/3251/3251
f 3285/3285/3285 3282/3282/3282 2883/2883/2883
f 2899/2899/2899 3286/3286/3286 3283/3283/3283
f 3258/3258/3258 3254/3254/3254 3256/3256/3256
f 3243/3243/3243 3246/3246/3246 2650/2650/2650
f 3250/3250/3250 3256/3256/3256 3254/3254/3254
f 3256/3256/3256 3250/3250/3250 3255/3255/3255
f 3247/3247/3247 2650/2650/2650 3246/3246/3246
f 2650/2650/2650 3247/3247/3247 2658/2658/2658
f 3249/3249/3249 2658/2658/2658 3247/3247/3247
f 2658/2658/2658 3249/3249/3249 2677/2677/2677
f 2677/2677/2677 3252/3252/3252 3250/3250/3250
f 3261/3261/3261 3262/3262/3262 2718/2718/2718
f 3260/3260/3260 3261/3261/3261 2718/2718/2718
f 3252/3252/3252 2677/2677/2677 3249/3249/3249
f 3270/3270/3270 2718/2718/2718 3262/3262/3262
f 3262/3262/3262 3265/3265/3265 3271/3271/3271
f 3265/3265/3265 3267/3267/3267 3271/3271/3271
f 3277/3277/3277 3271/3271/3271 3267/3267/3267
f 3284/3284/3284 3288/3288/3288 3291/3291/3291
f 3290/3290/3290 3341/3341/3341 3291/3291/3291
f 3295/3295/3295 3291/3291/3291 3341/3341/3341
f 3303/3303/3303 3300/3300/3300 3356/3356/3356
f 3279/3279/3279 3252/3252/3252 3274/3274/3274
f 3252/3252/3252 3279/3279/3279 3255/3255/3255
f 3280/3280/3280 3255/3255/3255 3279/3279/3279
f 3263/3263/3263 3264/3264/3264 3269/3269/3269
f 3249/3249/3249 3274/3274/3274 3252/3252/3252
f 3284/3284/3284 3280/3280/3280 3327/3327/3327
f 3295/3295/3295 3260/3260/3260 3291/3291/3291
f 3258/3258/3258 3291/3291/3291 3260/3260/3260
f 3324/3324/3324 3327/3327/3327 3280/3280/3280
f 3288/3288/3288 3290/3290/3290 3291/3291/3291
f 3327/3327/3327 3288/3288/3288 3284/3284/3284
f 3279/3279/3279 3324/3324/3324 3280/3280/3280
f 3257/3257/3257 3259/3259/3259 3253/3253/3253
f 2690/2690/2690 3257/3257/3257 3253/3253/3253
f 3282/3282/3282 3276/3276/3276 2828/2828/2828
f 2828/2828/2828 3276/3276/3276 2741/2741/2741
f 3272/3272/3272 3278/3278/3278 3281/3281/3281
f 3286/3286/3286 3281/3281/3281 3278/3278/3278
f 3268/3268/3268 3259/3259/3259 3257/3257/3257
f 2741/2741/2741 3268/3268/3268 3257/3257/3257
f 3279/3279/3279 3274/3274/3274 3324/3324/3324
f 3264/3264/3264 3318/3318/3318 3274/3274/3274
f 3266/3266/3266 3263/3263/3263 3269/3269/3269
f 3318/3318/3318 3324/3324/3324 3274/3274/3274
f 3276/3276/3276 3268/3268/3268 2741/2741/2741
f 2916/2916/2916 3285/3285/3285 2883/2883/2883
f 3269/3269/3269 3264/3264/3264 3274/3274/3274
f 2883/2883/2883 3282/3282/3282 2828/2828/2828
f 3322/3322/3322 3321/3321/3321 3314/3314/3314
f 3374/3374/3374 3370/3370/3370 3378/3378/3378
f 3314/3314/3314 3313/3313/3313 3309/3309/3309
f 3309/3309/3309 3308/3308/3308 3314/3314/3314
f 3378/3378/3378 3384/3384/3384 3374/3374/3374
f 3384/3384/3384 3378/3378/3378 3387/3387/3387
f 3367/3367/3367 3362/3362/3362 3381/3381/3381
f 3376/3376/3376 3374/3374/3374 3384/3384/3384
f 3383/3383/3383 3387/3387/3387 3378/3378/3378
f 3313/3313/3313 3314/3314/3314 3321/3321/3321
f 3370/3370/3370 3374/3374/3374 3303/3303/3303
f 3359/3359/3359 3303/3303/3303 3374/3374/3374
f 3374/3374/3374 3376/3376/3376 3359/3359/3359
f 3362/3362/3362 3359/3359/3359 3376/3376/3376
f 3381/3381/3381 3376/3376/3376 3384/3384/3384
f 3385/3385/3385 3384/3384/3384 3387/3387/3387
f 3384/3384/3384 3385/3385/3385 3381/3381/3381
f 3380/3380/3380 3381/3381/3381 3385/3385/3385
f 3376/3376/3376 3381/3381/3381 3362/3362/3362
f 3375/3375/3375 3380/3380/3380 3379/3379/3379
f 3365/3365/3365 3375/3375/3375 3366/3366/3366
f 3352/3352/3352 3361/3361/3361 3353/3353/3353
f 3381/3381/3381 3380/3380/3380 3367/3367/3367
f 3369/3369/3369 3367/3367/3367 3380/3380/3380
f 3352/3352/3352 3353/3353/3353 3347/3347/3347
f 3315/3315/3315 3314/3314/3314 3308/3308/3308
f 3370/3370/3370 3303/3303/3303 3356/3356/3356
f 3361/3361/3361 3365/3365/3365 3366/3366/3366
f 3361/3361/3361 3366/3366/3366 3353/3353/3353
f 3365/3365/3365 3369/3369/3369 3375/3375/3375
f 3380/3380/3380 3385/3385/3385 3379/3379/3379
f 3366/3366/3366 3375/3375/3375 3371/3371/3371
f 3375/3375/3375 3379/3379/3379 3371/3371/3371
f 3346/3346/3346 3352/3352/3352 3347/3347/3347
f 3371/3371/3371 3379/3379/3379 3382/3382/3382
f 3379/3379/3379 3385/3385/3385 3382/3382/3382
f 3369/3369/3369 3380/3380/3380 3375/3375/3375
f 3366/3366/3366 3371/3371/3371 3355/3355/3355
f 3385/3385/3385 3387/3387/3387 3382/3382/3382
f 3311/3311/3311 3333/3333/3333 104/104/104
f 104/104/104 120/120/120 3311/3311/3311
f 3331/3331/3331 3316/3316/3316 3311/3311/3311
f 104/104/104 3333/3333/3333 3339/3339/3339
f 3344/3344/3344 3331/3331/3331 3349/3349/3349
f 3311/3311/3311 3349/3349/3349 3331/3331/3331
f 3390/3390/3390 3388/3388/3388 3387/3387/3387
f 119/119/119 3386/3386/3386 3377/3377/3377
f 3349/3349/3349 3311/3311/3311 120/120/120
f 3333/3333/3333 3311/3311/3311 3317/3317/3317
f 3344/3344/3344 3349/3349/3349 3354/3354/3354
f 3354/3354/3354 3377/3377/3377 3383/3383/3383
f 3325/3325/3325 3320/3320/3320 3323/3323/3323
f 3320/3320/3320 3312/3312/3312 3323/3323/3323
f 3349/3349/3349 119/119/119 3377/3377/3377
f 3377/3377/3377 3386/3386/3386 3389/3389/3389
f 3377/3377/3377 3389/3389/3389 3383/3383/3383
f 3349/3349/3349 3377/3377/3377 3354/3354/3354
f 3390/3390/3390 142/142/142 3388/3388/3388
f 3348/3348/3348 3360/3360/3360 3373/3373/3373
f 3333/3333/3333 3319/3319/3319 3339/3339/3339
f 3319/3319/3319 3333/3333/3333 3313/3313/3313
f 122/122/122 110/110/110 3340/3340/3340
f 3313/3313/3313 3321/3321/3321 3319/3319/3319
f 3339/3339/3339 3319/3319/3319 110/110/110
f 3340/3340/3340 3372/3372/3372 3364/3364/3364
f 3373/3373/3373 3340/3340/3340 3348/3348/3348
f 3334/3334/3334 3348/3348/3348 3340/3340/3340
f 3364/3364/3364 122/122/122 3340/3340/3340
f 3334/3334/3334 3340/3340/3340 3321/3321/3321
f 142/142/142 3390/3390/3390 3389/3389/3389
f 3382/3382/3382 3387/3387/3387 3388/3388/3388
f 3390/3390/3390 3387/3387/3387 3383/3383/3383
f 3389/3389/3389 3390/3390/3390 3383/3383/3383
f 3360/3360/3360 3382/3382/3382 3373/3373/3373
f 3319/3319/3319 3340/3340/3340 110/110/110
f 3340/3340/3340 3319/3319/3319 3321/3321/3321
f 3388/3388/3388 3373/3373/3373 3382/3382/3382
f 3313/3313/3313 3333/3333/3333 3317/3317/3317
f 3317/3317/3317 3332/3332/3332 3323/3323/3323
f 3308/3308/3308 3309/3309/3309 3307/3307/3307
f 3323/3323/3323 3328/3328/3328 3329/3329/3329
f 3312/3312/3312 3317/3317/3317 3323/3323/3323
f 3313/3313/3313 3317/3317/3317 3312/3312/3312
f 3263/3263/3263 3308/3308/3308 3264/3264/3264
f 3309/3309/3309 3312/3312/3312 3310/3310/3310
f 3309/3309/3309 3313/3313/3313 3312/3312/3312
f 3308/3308/3308 3307/3307/3307 3264/3264/3264
f 3328/3328/3328 3323/3323/3323 3332/3332/3332
f 3355/3355/3355 3360/3360/3360 3348/3348/3348
f 3345/3345/3345 3355/3355/3355 3348/3348/3348
f 3353/3353/3353 3355/3355/3355 3345/3345/3345
f 3355/3355/3355 3371/3371/3371 3360/3360/3360
f 3310/3310/3310 3312/3312/3312 3320/3320/3320
f 3264/3264/3264 3307/3307/3307 3318/3318/3318
f 3324/3324/3324 3318/3318/3318 3320/3320/3320
f 3310/3310/3310 3320/3320/3320 3318/3318/3318
f 3307/3307/3307 3310/3310/3310 3318/3318/3318
f 3307/3307/3307 3309/3309/3309 3310/3310/3310
f 3320/3320/3320 3325/3325/3325 3327/3327/3327
f 3324/3324/3324 3320/3320/3320 3327/3327/3327
f 3325/3325/3325 3329/3329/3329 3288/3288/3288
f 3327/3327/3327 3325/3325/3325 3288/3288/3288
f 3328/3328/3328 3332/3332/3332 3337/3337/3337
f 3328/3328/3328 3337/3337/3337 3336/3336/3336
f 3329/3329/3329 3328/3328/3328 3336/3336/3336
f 3332/3332/3332 3344/3344/3344 3337/3337/3337
f 3343/3343/3343 3337/3337/3337 3344/3344/3344
f 3368/3368/3368 3383/3383/3383 3378/3378/3378
f 3288/3288/3288 3329/3329/3329 3290/3290/3290
f 3337/3337/3337 3343/3343/3343 3336/3336/3336
f 3325/3325/3325 3323/3323/3323 3329/3329/3329
f 3329/3329/3329 3336/3336/3336 3290/3290/3290
f 3342/3342/3342 3336/3336/3336 3343/3343/3343
f 3358/3358/3358 3354/3354/3354 3368/3368/3368
f 3341/3341/3341 3290/3290/3290 3342/3342/3342
f 3336/3336/3336 3342/3342/3342 3290/3290/3290
f 3383/3383/3383 3368/3368/3368 3354/3354/3354
f 3351/3351/3351 3354/3354/3354 3358/3358/3358
f 3358/3358/3358 3357/3357/3357 3350/3350/3350
f 3378/3378/3378 3370/3370/3370 3363/3363/3363
f 3368/3368/3368 3378/3378/3378 3363/3363/3363
f 3351/3351/3351 3358/3358/3358 3350/3350/3350
f 3341/3341/3341 3342/3342/3342 3296/3296/3296
f 3326/3326/3326 3338/3338/3338 3322/3322/3322
f 3354/3354/3354 3351/3351/3351 3344/3344/3344
f 3343/3343/3343 3344/3344/3344 3351/3351/3351
f 3358/3358/3358 3368/3368/3368 3357/3357/3357
f 3342/3342/3342 3343/3343/3343 3350/3350/3350
f 3363/3363/3363 3356/3356/3356 3299/3299/3299
f 3363/3363/3363 3370/3370/3370 3356/3356/3356
f 3351/3351/3351 3350/3350/3350 3343/3343/3343
f 3350/3350/3350 3357/3357/3357 3296/3296/3296
f 3357/3357/3357 3299/3299/3299 3296/3296/3296
f 3368/3368/3368 3363/3363/3363 3357/3357/3357
f 3350/3350/3350 3296/3296/3296 3342/3342/3342
f 3357/3357/3357 3363/3363/3363 3299/3299/3299
f 3345/3345/3345 3348/3348/3348 3334/3334/3334
f 3308/3308/3308 3263/3263/3263 3315/3315/3315
f 3347/3347/3347 3345/3345/3345 3335/3335/3335
f 3293/3293/3293 3346/3346/3346 3338/3338/3338
f 3330/3330/3330 3326/3326/3326 3315/3315/3315
f 3273/3273/3273 3330/3330/3330 3315/3315/3315
f 3371/3371/3371 3382/3382/3382 3360/3360/3360
f 3353/3353/3353 3366/3366/3366 3355/3355/3355
f 3273/3273/3273 3315/3315/3315 3263/3263/3263
f 3347/3347/3347 3353/3353/3353 3345/3345/3345
f 3346/3346/3346 3347/3347/3347 3338/3338/3338
f 3335/3335/3335 3345/3345/3345 3334/3334/3334
f 3326/3326/3326 3322/3322/3322 3315/3315/3315
f 3338/3338/3338 3347/3347/3347 3335/3335/3335
f 3338/3338/3338 3335/3335/3335 3322/3322/3322
f 3314/3314/3314 3315/3315/3315 3322/3322/3322
f 3293/3293/3293 3338/3338/3338 3326/3326/3326
f 3330/3330/3330 3293/3293/3293 3326/3326/3326
f 3335/3335/3335 3334/3334/3334 3321/3321/3321
f 3322/3322/3322 3335/3335/3335 3321/3321/3321
f 3391/3391/3391 3402/3402/3402 3397/3397/3397
f 3399/3399/3399 3394/3394/3394 3398/3398/3398
f 3392/3392/3392 3398/3398/3398 3394/3394/3394
f 3413/3413/3413 3399/3399/3399 3410/3410/3410
f 3399/3399/3399 3398/3398/3398 3410/3410/3410
f 3420/3420/3420 3411/3411/3411 3402/3402/3402
f 3397/3397/3397 3402/3402/3402 3411/3411/3411
f 3442/3442/3442 3439/3439/3439 3410/3410/3410
f 3413/3413/3413 3410/3410/3410 3439/3439/3439
f 3448/3448/3448 3443/3443/3443 3420/3420/3420
f 3411/3411/3411 3420/3420/3420 3443/3443/3443
f 3459/3459/3459 3455/3455/3455 3442/3442/3442
f 3439/3439/3439 3442/3442/3442 3455/3455/3455
f 3464/3464/3464 3460/3460/3460 3448/3448/3448
f 3443/3443/3443 3448/3448/3448 3460/3460/3460
f 3460/3460/3460 3464/3464/3464 3478/3478/3478
f 3480/3480/3480 3478/3478/3478 3464/3464/3464
f 3455/3455/3455 3459/3459/3459 3476/3476/3476
f 3459/3459/3459 3479/3479/3479 3476/3476/3476
f 3395/3395/3395 3399/3399/3399 3400/3400/3400
f 3400/3400/3400 3399/3399/3399 3409/3409/3409
f 3428/3428/3428 3409/3409/3409 3413/3413/3413
f 3409/3409/3409 3399/3399/3399 3413/3413/3413
f 3450/3450/3450 3428/3428/3428 3439/3439/3439
f 3428/3428/3428 3413/3413/3413 3439/3439/3439
f 3462/3462/3462 3450/3450/3450 3456/3456/3456
f 3450/3450/3450 3439/3439/3439 3456/3456/3456
f 3456/3456/3456 3477/3477/3477 3462/3462/3462
f 3477/3477/3477 3475/3475/3475 3462/3462/3462
f 3473/3473/3473 3466/3466/3466 3474/3474/3474
f 3473/3473/3473 3454/3454/3454 3466/3466/3466
f 3454/3454/3454 3452/3452/3452 3466/3466/3466
f 3454/3454/3454 3441/3441/3441 3452/3452/3452
f 3441/3441/3441 3436/3436/3436 3452/3452/3452
f 3441/3441/3441 3416/3416/3416 3436/3436/3436
f 3441/3441/3441 3425/3425/3425 3416/3416/3416
f 3426/3426/3426 3423/3423/3423 3417/3417/3417
f 3423/3423/3423 3414/3414/3414 3417/3417/3417
f 3424/3424/3424 3433/3433/3433 3415/3415/3415
f 3433/3433/3433 3422/3422/3422 3415/3415/3415
f 3433/3433/3433 3445/3445/3445 3422/3422/3422
f 3445/3445/3445 3440/3440/3440 3422/3422/3422
f 3445/3445/3445 3457/3457/3457 3440/3440/3440
f 3457/3457/3457 3453/3453/3453 3440/3440/3440
f 3457/3457/3457 3469/3469/3469 3453/3453/3453
f 3469/3469/3469 3468/3468/3468 3453/3453/3453
f 3468/3468/3468 3469/3469/3469 3482/3482/3482
f 3483/3483/3483 3482/3482/3482 3469/3469/3469
f 3474/3474/3474 3466/3466/3466 3472/3472/3472
f 3466/3466/3466 3458/3458/3458 3472/3472/3472
f 3466/3466/3466 3452/3452/3452 3458/3458/3458
f 3452/3452/3452 3447/3447/3447 3458/3458/3458
f 3452/3452/3452 3436/3436/3436 3447/3447/3447
f 3436/3436/3436 3434/3434/3434 3447/3447/3447
f 3436/3436/3436 3418/3418/3418 3434/3434/3434
f 3436/3436/3436 3416/3416/3416 3418/3418/3418
f 3416/3416/3416 3412/3412/3412 3418/3418/3418
f 3416/3416/3416 3405/3405/3405 3412/3412/3412
f 3417/3417/3417 3414/3414/3414 3406/3406/3406
f 3414/3414/3414 3403/3403/3403 3406/3406/3406
f 3415/3415/3415 3422/3422/3422 3404/3404/3404
f 3422/3422/3422 3408/3408/3408 3404/3404/3404
f 3408/3408/3408 3422/3422/3422 3419/3419/3419
f 3440/3440/3440 3419/3419/3419 3422/3422/3422
f 3419/3419/3419 3440/3440/3440 3446/3446/3446
f 3453/3453/3453 3446/3446/3446 3440/3440/3440
f 3453/3453/3453 3468/3468/3468 3446/3446/3446
f 3468/3468/3468 3463/3463/3463 3446/3446/3446
f 3463/3463/3463 3468/3468/3468 3481/3481/3481
f 3482/3482/3482 3481/3481/3481 3468/3468/3468
f 3472/3472/3472 3458/3458/3458 3475/3475/3475
f 3458/3458/3458 3462/3462/3462 3475/3475/3475
f 3462/3462/3462 3458/3458/3458 3450/3450/3450
f 3447/3447/3447 3450/3450/3450 3458/3458/3458
f 3450/3450/3450 3447/3447/3447 3428/3428/3428
f 3434/3434/3434 3428/3428/3428 3447/3447/3447
f 3434/3434/3434 3418/3418/3418 3428/3428/3428
f 3418/3418/3418 3409/3409/3409 3428/3428/3428
f 3418/3418/3418 3412/3412/3412 3409/3409/3409
f 3412/3412/3412 3400/3400/3400 3409/3409/3409
f 3412/3412/3412 3405/3405/3405 3401/3401/3401
f 3407/3407/3407 3395/3395/3395 3400/3400/3400
f 3406/3406/3406 3403/3403/3403 3396/3396/3396
f 3403/3403/3403 3393/3393/3393 3396/3396/3396
f 3404/3404/3404 3408/3408/3408 3391/3391/3391
f 3408/3408/3408 3402/3402/3402 3391/3391/3391
f 3408/3408/3408 3419/3419/3419 3402/3402/3402
f 3419/3419/3419 3420/3420/3420 3402/3402/3402
f 3419/3419/3419 3446/3446/3446 3420/3420/3420
f 3446/3446/3446 3448/3448/3448 3420/3420/3420
f 3446/3446/3446 3463/3463/3463 3448/3448/3448
f 3463/3463/3463 3464/3464/3464 3448/3448/3448
f 3464/3464/3464 3463/3463/3463 3480/3480/3480
f 3481/3481/3481 3480/3480/3480 3463/3463/3463
f 3449/3449/3449 3437/3437/3437 3465/3465/3465
f 3465/3465/3465 3437/3437/3437 3467/3467/3467
f 3470/3470/3470 3484/3484/3484 3469/3469/3469
f 3483/3483/3483 3469/3469/3469 3484/3484/3484
f 3433/3433/3433 3424/3424/3424 3430/3430/3430
f 3430/3430/3430 3423/3423/3423 3431/3431/3431
f 3426/3426/3426 3431/3431/3431 3423/3423/3423
f 3425/3425/3425 3441/3441/3441 3431/3431/3431
f 3432/3432/3432 3449/3449/3449 3445/3445/3445
f 3433/3433/3433 3432/3432/3432 3445/3445/3445
f 3441/3441/3441 3438/3438/3438 3431/3431/3431
f 3441/3441/3441 3451/3451/3451 3438/3438/3438
f 3451/3451/3451 3441/3441/3441 3454/3454/3454
f 3451/3451/3451 3454/3454/3454 3473/3473/3473
f 3473/3473/3473 3461/3461/3461 3451/3451/3451
f 3432/3432/3432 3437/3437/3437 3449/3449/3449
f 3433/3433/3433 124/124/124 3432/3432/3432
f 124/124/124 3437/3437/3437 3432/3432/3432
f 3430/3430/3430 124/124/124 3433/3433/3433
f 3429/3429/3429 124/124/124 3430/3430/3430
f 3431/3431/3431 3429/3429/3429 3430/3430/3430
f 3429/3429/3429 3421/3421/3421 124/124/124
f 3429/3429/3429 3431/3431/3431 3438/3438/3438
f 3429/3429/3429 3427/3427/3427 3421/3421/3421
f 3438/3438/3438 3435/3435/3435 3429/3429/3429
f 3427/3427/3427 3429/3429/3429 3435/3435/3435
f 3435/3435/3435 3438/3438/3438 3451/3451/3451
f 3451/3451/3451 3444/3444/3444 3435/3435/3435
f 3427/3427/3427 3435/3435/3435 3444/3444/3444
f 3444/3444/3444 3451/3451/3451 3461/3461/3461
f 3473/3473/3473 3471/3471/3471 3461/3461/3461
f 3449/3449/3449 3470/3470/3470 3469/3469/3469
f 3457/3457/3457 3449/3449/3449 3469/3469/3469
f 3445/3445/3445 3449/3449/3449 3457/3457/3457
f 3467/3467/3467 3485/3485/3485 3484/3484/3484
f 3484/3484/3484 3465/3465/3465 3467/3467/3467
f 3484/3484/3484 3470/3470/3470 3465/3465/3465
f 3449/3449/3449 3465/3465/3465 3470/3470/3470
f 3549/3549/3549 3558/3558/3558 3553/3553/3553
f 3555/3555/3555 3552/3552/3552 3554/3554/3554
f 3554/3554/3554 3559/3559/3559 3555/3555/3555
f 3552/3552/3552 3538/3538/3538 3540/3540/3540
f 3554/3554/3554 3552/3552/3552 3540/3540/3540
f 3541/3541/3541 3531/3531/3531 3549/3549/3549
f 3549/3549/3549 3553/3553/3553 3541/3541/3541
f 3515/3515/3515 3511/3511/3511 3540/3540/3540
f 3540/3540/3540 3538/3538/3538 3515/3515/3515
f 3512/3512/3512 3507/3507/3507 3531/3531/3531
f 3531/3531/3531 3541/3541/3541 3512/3512/3512
f 3499/3499/3499 3495/3495/3495 3511/3511/3511
f 3511/3511/3511 3515/3515/3515 3499/3499/3499
f 3496/3496/3496 3492/3492/3492 3507/3507/3507
f 3507/3507/3507 3512/3512/3512 3496/3496/3496
f 3492/3492/3492 3496/3496/3496 3478/3478/3478
f 3478/3478/3478 3480/3480/3480 3492/3492/3492
f 3495/3495/3495 3499/3499/3499 3476/3476/3476
f 3479/3479/3479 3495/3495/3495 3476/3476/3476
f 3552/3552/3552 3556/3556/3556 3550/3550/3550
f 3552/3552/3552 3550/3550/3550 3542/3542/3542
f 3542/3542/3542 3525/3525/3525 3538/3538/3538
f 3552/3552/3552 3542/3542/3542 3538/3538/3538
f 3525/3525/3525 3505/3505/3505 3515/3515/3515
f 3538/3538/3538 3525/3525/3525 3515/3515/3515
f 3505/3505/3505 3494/3494/3494 3500/3500/3500
f 3515/3515/3515 3505/3505/3505 3500/3500/3500
f 3477/3477/3477 3500/3500/3500 3494/3494/3494
f 3475/3475/3475 3477/3477/3477 3494/3494/3494
f 3490/3490/3490 3473/3473/3473 3474/3474/3474
f 3501/3501/3501 3473/3473/3473 3490/3490/3490
f 3503/3503/3503 3501/3501/3501 3490/3490/3490
f 3513/3513/3513 3501/3501/3501 3503/3503/3503
f 3517/3517/3517 3513/3513/3513 3503/3503/3503
f 3534/3534/3534 3513/3513/3513 3517/3517/3517
f 3526/3526/3526 3513/3513/3513 3534/3534/3534
f 3528/3528/3528 3527/3527/3527 3535/3535/3535
f 3536/3536/3536 3528/3528/3528 3535/3535/3535
f 3520/3520/3520 3529/3529/3529 3537/3537/3537
f 3530/3530/3530 3520/3520/3520 3537/3537/3537
f 3510/3510/3510 3520/3520/3520 3530/3530/3530
f 3514/3514/3514 3510/3510/3510 3530/3530/3530
f 3498/3498/3498 3510/3510/3510 3514/3514/3514
f 3502/3502/3502 3498/3498/3498 3514/3514/3514
f 3487/3487/3487 3498/3498/3498 3502/3502/3502
f 3488/3488/3488 3487/3487/3487 3502/3502/3502
f 3487/3487/3487 3488/3488/3488 3482/3482/3482
f 3482/3482/3482 3483/3483/3483 3487/3487/3487
f 3490/3490/3490 3474/3474/3474 3472/3472/3472
f 3497/3497/3497 3490/3490/3490 3472/3472/3472
f 3503/3503/3503 3490/3490/3490 3497/3497/3497
f 3508/3508/3508 3503/3503/3503 3497/3497/3497
f 3517/3517/3517 3503/3503/3503 3508/3508/3508
f 3519/3519/3519 3517/3517/3517 3508/3508/3508
f 3533/3533/3533 3517/3517/3517 3519/3519/3519
f 3534/3534/3534 3517/3517/3517 3533/3533/3533
f 3539/3539/3539 3534/3534/3534 3533/3533/3533
f 3544/3544/3544 3534/3534/3534 3539/3539/3539
f 3536/3536/3536 3535/3535/3535 3545/3545/3545
f 3547/3547/3547 3536/3536/3536 3545/3545/3545
f 3530/3530/3530 3537/3537/3537 3548/3548/3548
f 3543/3543/3543 3530/3530/3530 3548/3548/3548
f 3530/3530/3530 3543/3543/3543 3532/3532/3532
f 3532/3532/3532 3514/3514/3514 3530/3530/3530
f 3514/3514/3514 3532/3532/3532 3509/3509/3509
f 3509/3509/3509 3502/3502/3502 3514/3514/3514
f 3488/3488/3488 3502/3502/3502 3509/3509/3509
f 3493/3493/3493 3488/3488/3488 3509/3509/3509
f 3488/3488/3488 3493/3493/3493 3481/3481/3481
f 3481/3481/3481 3482/3482/3482 3488/3488/3488
f 3497/3497/3497 3472/3472/3472 3475/3475/3475
f 3494/3494/3494 3497/3497/3497 3475/3475/3475
f 3497/3497/3497 3494/3494/3494 3505/3505/3505
f 3505/3505/3505 3508/3508/3508 3497/3497/3497
f 3508/3508/3508 3505/3505/3505 3525/3525/3525
f 3525/3525/3525 3519/3519/3519 3508/3508/3508
f 3533/3533/3533 3519/3519/3519 3525/3525/3525
f 3542/3542/3542 3533/3533/3533 3525/3525/3525
f 3539/3539/3539 3533/3533/3533 3542/3542/3542
f 3550/3550/3550 3539/3539/3539 3542/3542/3542
f 3544/3544/3544 3539/3539/3539 3551/3551/3551
f 3556/3556/3556 3546/3546/3546 3550/3550/3550
f 3547/3547/3547 3545/3545/3545 3557/3557/3557
f 3560/3560/3560 3547/3547/3547 3557/3557/3557
f 3543/3543/3543 3548/3548/3548 3558/3558/3558
f 3549/3549/3549 3543/3543/3543 3558/3558/3558
f 3532/3532/3532 3543/3543/3543 3549/3549/3549
f 3531/3531/3531 3532/3532/3532 3549/3549/3549
f 3509/3509/3509 3532/3532/3532 3531/3531/3531
f 3507/3507/3507 3509/3509/3509 3531/3531/3531
f 3493/3493/3493 3509/3509/3509 3507/3507/3507
f 3492/3492/3492 3493/3493/3493 3507/3507/3507
f 3493/3493/3493 3492/3492/3492 3480/3480/3480
f 3480/3480/3480 3481/3481/3481 3493/3493/3493
f 207/207/207 3506/3506/3506 3491/3491/3491
f 207/207/207 3491/3491/3491 3489/3489/3489
f 3484/3484/3484 3486/3486/3486 3487/3487/3487
f 3487/3487/3487 3483/3483/3483 3484/3484/3484
f 3529/3529/3529 3520/3520/3520 3523/3523/3523
f 3528/3528/3528 3523/3523/3523 3522/3522/3522
f 3522/3522/3522 3527/3527/3527 3528/3528/3528
f 3513/3513/3513 3526/3526/3526 3522/3522/3522
f 3506/3506/3506 3521/3521/3521 3510/3510/3510
f 3521/3521/3521 3520/3520/3520 3510/3510/3510
f 3516/3516/3516 3513/3513/3513 3522/3522/3522
f 3504/3504/3504 3513/3513/3513 3516/3516/3516
f 3513/3513/3513 3504/3504/3504 3501/3501/3501
f 3501/3501/3501 3504/3504/3504 3473/3473/3473
f 181/181/181 3473/3473/3473 3504/3504/3504
f 207/207/207 3521/3521/3521 3506/3506/3506
f 219/219/219 3520/3520/3520 3521/3521/3521
f 207/207/207 219/219/219 3521/3521/3521
f 219/219/219 3523/3523/3523 3520/3520/3520
f 219/219/219 3524/3524/3524 3523/3523/3523
f 3524/3524/3524 3522/3522/3522 3523/3523/3523
f 221/221/221 3524/3524/3524 219/219/219
f 3522/3522/3522 3524/3524/3524 3516/3516/3516
f 216/216/216 3524/3524/3524 221/221/221
f 3518/3518/3518 3516/3516/3516 3524/3524/3524
f 3524/3524/3524 216/216/216 3518/3518/3518
f 3516/3516/3516 3518/3518/3518 3504/3504/3504
f 203/203/203 3504/3504/3504 3518/3518/3518
f 3518/3518/3518 216/216/216 203/203/203
f 3504/3504/3504 203/203/203 181/181/181
f 3471/3471/3471 3473/3473/3473 181/181/181
f 3486/3486/3486 3506/3506/3506 3487/3487/3487
f 3506/3506/3506 3498/3498/3498 3487/3487/3487
f 3506/3506/3506 3510/3510/3510 3498/3498/3498
f 3485/3485/3485 3489/3489/3489 3484/3484/3484
f 3491/3491/3491 3484/3484/3484 3489/3489/3489
