# Rhino

mtllib bird3.mtl
usemtl diffuse_0
v -0.023193586247963249 0.046121999999999996 -0.0049926568579880259
v -0.023218611247963039 0.047286000000000009 -0.0010126568579880424
v -0.023254466247963179 0.049159000000000001 -0.0047866518579880446
v -0.023317486247962982 0.050413005000000004 -0.0021286568579880483
v -0.022869486247963422 0.044411000000000006 -0.0022536568579880345
v -0.022773511247963174 0.043520000000000003 0.0062623481420119864
v -0.022820506247963113 0.044350000000000001 0.00054434814201198556
v -0.022567516247963215 0.040099000000000003 0.0070623481420119816
v -0.022539591247963287 0.040025000000000005 0.0035513481420119675
v -0.022954481247963343 0.048494995000000013 0.0065563481420119751
v -0.022508466247963266 0.041208000000000002 0.00048834814201195731
v -0.022923506247963299 0.048296000000000006 0.0029003431420119574
v -0.022481456247963549 0.041254000000000006 0.011786338142011965
v -0.022541576247963213 0.042335000000000012 -0.0022526568579880335
v -0.022353586247963519 0.039030000000000009 0.00049934314201197094
v -0.022559581247963478 0.043507000000000004 -0.0054306518579880225
v -0.022996591247963216 0.050624005000000007 0.00031834814201195383
v -0.022210461247963387 0.037453000000000007 0.0055623431420119829
v -0.022998576247963143 0.051318000000000009 0.0081493481420119585
v -0.022549511247963394 0.044364000000000008 0.013665343142011982
v -0.02305747624796356 0.052667000000000012 0.0054433431420119749
v -0.022289501247963528 0.040285000000000008 -0.0031136518579880368
v -0.02208060624796343 0.037315000000000008 0.001961343142011962
v -0.022630536247963462 0.047243000000000007 0.011366338142011934
v -0.022276531247963305 0.041285000000000002 -0.0061186518579880445
v -0.022054516247963007 0.038135000000000002 0.010547343142011972
v -0.022817606247963418 0.051534000000000003 -0.0041236518579880477
v -0.02197547624796331 0.038100000000000002 -0.0027926518579880488
v -0.021815561247963522 0.037797000000000004 -0.0063786518579880547
v -0.021677471247963431 0.035682999999999999 0.0034863481420119857
v -0.022025526247963334 0.044010000000000001 0.019721348142011957
v -0.02251853624796335 0.052967000000000014 -0.0020456518579880234
v -0.021507486247963115 0.035961 -0.0017626568579880431
v -0.021379466247963108 0.034935000000000008 0.0057603431420119589
v -0.021970591247963245 0.048216000000000009 0.018772343142011982
v -0.021497571247963421 0.039925000000000009 0.017177343142011969
v -0.022305521247963422 0.054519000000000012 0.0018043431420119438
v -0.021136546247963295 0.035328000000000005 0.0092803481420119516
v -0.022232586247963482 0.057016995000000008 0.0065123481420119589
v -0.021256481247963144 0.042844 -0.013461656857988058
v -0.020818556247963194 0.034121000000000005 0.00067834814201195304
v -0.020815501247963109 0.034411999999999998 -0.0062316518579880464
v -0.021029581247963225 0.038983000000000004 -0.014625656857988029
v -0.020722576247962976 0.033732000000000005 0.0039263431420119843
v -0.020595471247963182 0.034945000000000004 -0.011260651857988024
v -0.020452496247963026 0.033347000000000009 -0.0030416568579880454
v -0.020561596247962999 0.036332000000000003 0.014624338142011944
v -0.020870586247963174 0.045659000000000005 -0.012505656857988018
v -0.021226576247963258 0.052782000000000009 -0.0048646568579880367
v -0.02095252624796301 0.048584000000000002 -0.010276651857988039
v -0.020549541247962988 0.043139000000000011 0.02334435314201197
v -0.02113960124796338 0.054246000000000009 -0.0023326568579880302
v -0.020113596247963439 0.038576000000000006 0.020088338142011969
v -0.019732586247963091 0.033094995000000002 0.0067223431420119495
v -0.019564586247963145 0.033142999999999999 -0.010787646857988026
v -0.019397501247962967 0.033619000000000003 0.011879338142011947
v -0.019301526247963163 0.032327000000000002 0.0027343481420119831
v -0.01926353124796315 0.032001000000000002 -0.0014306568579880441
v -0.02019859124796336 0.051215000000000004 -0.0085076518579880467
v -0.019192576247963167 0.031909995000000003 -0.0054796518579880438
v -0.01886146124796334 0.032018000000000005 -0.0092656518579880276
v -0.018960491247963229 0.040527000000000007 -0.02042965685798806
v -0.018749461247963228 0.036373000000000009 -0.019729651857988029
v -0.018927531247963258 0.04061300000000001 0.024281338142011971
v -0.018233561247963326 0.034518000000000007 0.018459348142012
v -0.017992476247963018 0.033399000000000005 -0.016817656857988028
v -0.017903516247963214 0.032230000000000002 0.0084643481420119682
v -0.019120556247962994 0.058713000000000008 0.0023483481420119579
v -0.017687601247963147 0.031449999999999999 -0.0038946518579880407
v -0.018869551247963467 0.056949 -0.00056465185798804107
v -0.017640606247963209 0.032573000000000005 0.012815353142011987
v -0.018508526247963342 0.052618005000000002 -0.008191651857988036
v -0.01757255124796292 0.032058000000000003 0.0044263481420119544
v -0.01804649124796337 0.044197 -0.019246656857988043
v -0.017382581247963269 0.031803000000000005 0.00010734314201196749
v -0.017381511247963111 0.039683000000000003 -0.023009651857988034
v -0.016955486247963225 0.031521995000000004 -0.013359651857988042
v -0.017879561247963138 0.053949999999999998 -0.0057296568579880136
v -0.016721571247963307 0.031096000000000002 -0.0086076568579880608
v -0.016184461247963078 0.030685000000000004 0.021747348142011957
v -0.01628150624796304 0.034962000000000007 -0.023410651857988019
v -0.016394571247962897 0.039348000000000008 -0.024626656857988066
v -0.016100536247963315 0.031364999999999997 0.015377338142011976
v -0.016463541247962954 0.043391000000000006 -0.02249665185798802
v -0.015971601247963096 0.030037000000000005 0.012219343142011979
v -0.015828471247962994 0.030594000000000007 0.0060763431420119696
v -0.015813516247963288 0.031589005000000003 -0.0039246568579880403
v -0.015813516247963288 0.031589005000000003 -0.0039246568579880403
v -0.015801466247962803 0.031424000000000001 0.010090343142011959
v -0.015801466247962803 0.031424000000000001 0.010090343142011959
v -0.015445476247963164 0.027988000000000002 0.016986343142011973
v -0.015495526247963187 0.031790000000000006 0.00033434814201196983
v -0.015495526247963187 0.031790000000000006 0.00033434814201196983
v -0.015427471247963342 0.031720000000000005 0.0052993481420119393
v -0.015427471247963342 0.031720000000000005 0.0052993481420119393
v -0.015367506247963181 0.031841000000000001 -0.017685651857988038
v -0.015268476247962848 0.030147000000000004 0.00042234314201194945
v -0.016395491247963079 0.058377999999999999 0.00033334814201196883
v -0.015254591247963301 0.030564000000000004 -0.0061426568579880103
v -0.015308606247963208 0.038261000000000003 -0.028071651857988045
v -0.014729536247963082 0.026564000000000004 0.01095833814201197
v -0.014801556247963255 0.029728000000000001 -0.01465766185798803
v -0.014731516247963039 0.028632000000000005 0.0084373481420119689
v -0.014510571247963344 0.021621000000000001 -0.005731651857988046
v -0.014702526247962922 0.030988000000000005 0.028470353142011962
v -0.014799571247962884 0.035085999999999999 -0.029670646857988037
v -0.014578471247963243 0.031797000000000006 -0.022383651857988046
v -0.014928511247963072 0.043256000000000003 -0.024168651857988027
v -0.014354471247963019 0.02537 0.014339343142011962
v -0.014224466247963086 0.022473000000000003 0.0023453431420119575
v -0.014317546247963164 0.026432000000000008 0.01988533814201196
v -0.014274516247963109 0.025137000000000007 -0.0033796518579880253
v -0.014205546247963052 0.024827000000000002 -0.0069696518579880351
v -0.01431648124796342 0.032444000000000008 -0.02817765185798804
v -0.014092481247963196 0.025334000000000002 0.0019963431420119693
v -0.013947521247963113 0.023216000000000004 -0.0081866568579880561
v -0.013947521247963113 0.023216000000000004 -0.0081866568579880561
v -0.014237591247963255 0.034230000000000003 -0.033483656857988056
v -0.01375846624796323 0.020126000000000002 -0.0070726468579880575
v -0.01375846624796323 0.020126000000000002 -0.0070726468579880575
v -0.014517591247962869 0.047265000000000001 -0.01940765185798804
v -0.013801496247962841 0.042437000000000002 -0.026014651857988028
v -0.013201521247962755 0.027320000000000007 -0.016244651857988041
v -0.013588481247962914 0.041967000000000004 -0.028023651857988052
v -0.01301460124796322 0.028301 -0.023343656857988032
v -0.013504561247963121 0.052680000000000005 -0.011476651857988046
v -0.013348461247963239 0.055483000000000005 -0.0054666518579880308
v -0.01230247124796352 0.023709000000000001 0.016252338142011963
v -0.011902536247963169 0.023104000000000003 -0.0091566568579880547
v -0.011888501247963201 0.027609000000000002 -0.027477656857988031
v -0.012089611247963095 0.050576999999999997 -0.016111651857988046
v -0.010645521247962975 0.023059 0.020184333142011984
v -0.010984571247963426 0.046069000000000006 -0.024049651857988047
v -0.010039591247963109 0.042351000000000007 -0.030822646857988051
v -0.01034446124796301 0.056430000000000008 -0.00466365685798803
v -0.0087815062479632 0.023489000000000003 -0.01042365185798802
v -0.009061506247963258 0.050080004999999997 -0.018296651857988039
v -0.0090915662479630899 0.053072000000000001 -0.011490661857988027
v -0.0083644812479632402 0.021718000000000005 0.013186348142011972
v -0.0089556062479629328 0.054537000000000002 -0.0079376518579880317
v -0.0084235362479631593 0.051657000000000008 -0.015251656857988044
v -0.0078615512479631167 0.019951000000000003 -0.0044776518579880131
v -0.0078615512479631167 0.019951000000000003 -0.0044776518579880131
v -0.0068465362479629976 0.025388000000000008 -0.025327651857988034
v -0.0061115212479629366 0.021469000000000002 0.01945935314201197
v -0.0064315012479633782 0.055242000000000006 -0.0082506568579880368
v -0.0064165462479632285 0.057356995000000001 -0.0050396518579880478
v -0.0058585312479630391 0.025843000000000001 -0.030508651857988053
v -0.0060434662479630918 0.044694000000000011 -0.030016651857988047
v -0.006120526247963276 0.050639000000000003 -0.018361656857988046
v -0.0059775512479631199 0.048087000000000005 -0.023745661857988043
v -0.0058275562479634391 0.041298000000000008 -0.034925661857988066
v -0.0056356012479634177 0.052655000000000007 -0.013730651857988024
v -0.0052025562479631193 0.019726 0.0067623431420119617
v -0.0052025562479631193 0.019726 0.0067623431420119617
v -0.0043485212479629776 0.020379000000000005 -0.0042636568579880463
v -0.0041825062479629582 0.022685 -0.010970661857988034
v -0.0036275462479632981 0.020560999999999999 0.01288634314201198
v -0.0014365362479635269 0.019346000000000002 0.0071003431420119667
v -0.0014365362479635269 0.020089000000000003 0.012457343142011967
v -0.0014365362479635269 0.020784 0.019304343142011987
v -0.0014365362479635269 0.022087000000000002 -0.01033265185798804
v -0.0014365362479635269 0.024877 -0.025522651857988021
v -0.0014365362479635269 0.025478000000000001 -0.029507656857988035
v -0.0014365362479635269 0.040554000000000007 -0.038630646857988046
v -0.0014365362479635269 0.042327005000000001 -0.035422656857988039
v -0.0014365362479635269 0.044886005000000007 -0.031214656857988049
v -0.0014365362479635269 0.049149000000000005 -0.024469651857988023
v -0.0014365362479635269 0.056059000000000005 -0.010077656857988032
v -0.0014365362479635269 0.058335000000000005 -0.0053256518579880563
v 0.00075447375203713252 0.020560999999999999 0.01288634314201198
v 0.0013094387520367623 0.022685 -0.010970661857988034
v 0.0014754537520367816 0.020379000000000005 -0.0042636568579880463
v 0.0023294887520369234 0.019726 0.0067623431420119617
v 0.0023294887520369234 0.019726 0.0067623431420119617
v 0.0024494187520368027 0.026678000000000004 -0.03943865685798803
v 0.002762528752036808 0.052655000000000007 -0.013730651857988024
v 0.0029544887520367991 0.041298000000000008 -0.034925661857988066
v 0.0031044787520369543 0.048087000000000005 -0.023745661857988043
v 0.0032474537520366664 0.050639000000000003 -0.018361656857988046
v 0.0031703987520368959 0.044694000000000011 -0.030016651857988047
v 0.0029854637520368432 0.025843000000000001 -0.030508651857988053
v 0.0035434737520370629 0.057356995000000001 -0.0050396518579880478
v 0.0035584287520367686 0.055242000000000006 -0.0082506568579880368
v 0.0032384537520367407 0.021469000000000002 0.01945935314201197
v 0.0039734687520368017 0.025388000000000008 -0.025327651857988034
v 0.0049884837520364766 0.019951000000000003 -0.0044776518579880131
v 0.0049884837520364766 0.019951000000000003 -0.0044776518579880131
v 0.0055504637520369937 0.051657000000000008 -0.015251656857988044
v 0.0060825387520367369 0.054537000000000002 -0.0079376518579880317
v 0.0054914137520370443 0.021718000000000005 0.013186348142011972
v 0.0062184937520369243 0.053072000000000001 -0.011490661857988027
v 0.0061884337520366484 0.050080004999999997 -0.018296651857988039
v 0.0059084337520365904 0.023489000000000003 -0.01042365185798802
v 0.0074713937520368146 0.056430000000000008 -0.00466365685798803
v 0.0071665237520369129 0.042351000000000007 -0.030822646857988051
v 0.007274403752036751 0.028413000000000001 -0.038018656857988053
v 0.0081114987520363724 0.046069000000000006 -0.024049651857988047
v 0.0077724487520372532 0.023059 0.020184333142011984
v 0.0092165387520369291 0.050576999999999997 -0.016111651857988046
v 0.0089695037520368115 0.038006000000000012 -0.037620651857988061
v 0.0089014487520369667 0.027494000000000005 0.029090338142011951
v 0.0090154287520365917 0.027609000000000002 -0.027477656857988031
v 0.0090294687520369732 0.023104000000000003 -0.0091566568579880547
v 0.0094293987520369105 0.023709000000000001 0.016252338142011963
v 0.01047538875203663 0.055483000000000005 -0.0054666518579880308
v 0.010631488752036955 0.052680000000000005 -0.011476651857988046
v 0.010382463752036941 0.037455000000000002 -0.033459651857988049
v 0.01014152875203661 0.028301 -0.023343656857988032
v 0.010275498752036871 0.031039000000000001 -0.037154646857988055
v 0.010715413752036718 0.041967000000000004 -0.028023651857988052
v 0.010328448752037034 0.027320000000000007 -0.016244651857988041
v 0.01092842375203712 0.042437000000000002 -0.026014651857988028
v 0.011874468752036738 0.059480000000000012 0.0023723431420119567
v 0.010785448752036964 0.022558000000000002 0.0066053481420119686
v 0.011644518752037147 0.047265000000000001 -0.01940765185798804
v 0.010885393752037065 0.020126000000000002 -0.0070726468579880575
v 0.010885393752037065 0.020126000000000002 -0.0070726468579880575
v 0.011364518752037089 0.034230000000000003 -0.033483656857988056
v 0.011074448752036947 0.023216000000000004 -0.0081866568579880561
v 0.011074448752036947 0.023216000000000004 -0.0081866568579880561
v 0.01121940875203703 0.025334000000000002 0.0019963431420119693
v 0.01144340875203681 0.032444000000000008 -0.02817765185798804
v 0.011332478752036856 0.024827000000000002 -0.0069696518579880351
v 0.011401448752036913 0.025137000000000007 -0.0033796518579880253
v 0.011444478752036968 0.026432000000000008 0.01988533814201196
v 0.01135139875203689 0.022473000000000003 0.0023453431420119575
v 0.011481403752036823 0.02537 0.014339343142011962
v 0.012055438752036907 0.043256000000000003 -0.024168651857988027
v 0.011705403752037047 0.031797000000000006 -0.022383651857988046
v 0.011926503752036688 0.035085999999999999 -0.029670646857988037
v 0.011858448752036399 0.028632000000000005 0.0084373481420119689
v 0.011928483752036645 0.029728000000000001 -0.01465766185798803
v 0.011856463752036916 0.026564000000000004 0.01095833814201197
v 0.012435533752037042 0.038261000000000003 -0.028071651857988045
v 0.012381518752036691 0.030564000000000004 -0.0061426568579880103
v 0.013522418752036913 0.058377999999999999 0.00033334814201196883
v 0.012395403752036682 0.030147000000000004 0.00042234314201194945
v 0.012494433752037015 0.031841000000000001 -0.017685651857988038
v 0.012554398752037177 0.031720000000000005 0.0052993481420119393
v 0.012554398752037177 0.031720000000000005 0.0052993481420119393
v 0.012622453752037022 0.031790000000000006 0.00033434814201196983
v 0.012622453752037022 0.031790000000000006 0.00033434814201196983
v 0.012572408752036968 0.027988000000000002 0.016986343142011973
v 0.012928393752037082 0.031424000000000001 0.010090343142011959
v 0.012928393752037082 0.031424000000000001 0.010090343142011959
v 0.012940448752036648 0.031589005000000003 -0.0039246568579880403
v 0.012940448752036648 0.031589005000000003 -0.0039246568579880403
v 0.012955403752036798 0.030594000000000007 0.0060763431420119696
v 0.013098528752036931 0.030037000000000005 0.012219343142011979
v 0.013590473752036758 0.043391000000000006 -0.02249665185798802
v 0.013227468752036675 0.031364999999999997 0.015377338142011976
v 0.013521503752036701 0.039348000000000008 -0.024626656857988066
v 0.013408433752036875 0.034962000000000007 -0.023410651857988019
v 0.013311388752036468 0.030685000000000004 0.021747348142011957
v 0.013848498752036698 0.031096000000000002 -0.0086076568579880608
v 0.015006488752036973 0.053949999999999998 -0.0057296568579880136
v 0.014082418752036585 0.031521995000000004 -0.013359651857988042
v 0.014508443752036915 0.039683000000000003 -0.023009651857988034
v 0.014509508752036659 0.031803000000000005 0.00010734314201196749
v 0.01517341875203676 0.044197 -0.019246656857988043
v 0.014699483752036724 0.032058000000000003 0.0044263481420119544
v 0.015635453752036732 0.052618005000000002 -0.008191651857988036
v 0.014767533752037043 0.032573000000000005 0.012815353142011987
v 0.015996478752036414 0.056949 -0.00056465185798804107
v 0.014814533752036951 0.031449999999999999 -0.0038946518579880407
v 0.016247483752036829 0.058713000000000008 0.0023483481420119579
v 0.015030443752037048 0.032230000000000002 0.0084643481420119682
v 0.015119403752036853 0.033399000000000005 -0.016817656857988028
v 0.01536049375203713 0.034518000000000007 0.018459348142012
v 0.015876393752037032 0.036373000000000009 -0.019729651857988029
v 0.01608741875203662 0.040527000000000007 -0.02042965685798806
v 0.015988393752037144 0.032018000000000005 -0.0092656518579880276
v 0.016319508752036971 0.031909995000000003 -0.0054796518579880438
v 0.01732551875203675 0.051215000000000004 -0.0085076518579880467
v 0.016390458752036541 0.032001000000000002 -0.0014306568579880441
v 0.016428453752036998 0.032327000000000002 0.0027343481420119831
v 0.016524433752036771 0.033619000000000003 0.011879338142011947
v 0.016691518752036949 0.033142999999999999 -0.010787646857988026
v 0.016859513752036925 0.033094995000000002 0.0067223431420119495
v 0.017240528752036799 0.038576000000000006 0.020088338142011969
v 0.01826652875203677 0.054246000000000009 -0.0023326568579880302
v 0.018079453752036845 0.048584000000000002 -0.010276651857988039
v 0.018353503752036648 0.052782000000000009 -0.0048646568579880367
v 0.017997518752036978 0.045659000000000005 -0.012505656857988018
v 0.017688523752036833 0.036332000000000003 0.014624338142011944
v 0.01757942375203686 0.033347000000000009 -0.0030416568579880454
v 0.017722398752036572 0.034945000000000004 -0.011260651857988024
v 0.01784950375203681 0.033732000000000005 0.0039263431420119843
v 0.018156513752036585 0.038983000000000004 -0.014625656857988029
v 0.017942433752036913 0.034411999999999998 -0.0062316518579880464
v 0.017945483752036584 0.034121000000000005 0.00067834814201195304
v 0.018383408752036534 0.042844 -0.013461656857988058
v 0.018263478752037099 0.035328000000000005 0.0092803481420119516
v 0.019432453752036782 0.054519000000000012 0.0018043431420119438
v 0.018624498752036811 0.039925000000000009 0.017177343142011969
v 0.018506398752036468 0.034935000000000008 0.0057603431420119589
v 0.018634418752036919 0.035961 -0.0017626568579880431
v 0.01964546375203674 0.052967000000000014 -0.0020456518579880234
v 0.018804398752036822 0.035682999999999999 0.0034863481420119857
v 0.018942493752036882 0.037797000000000004 -0.0063786518579880547
v 0.019102403752036701 0.038100000000000002 -0.0027926518579880488
v 0.019944538752037222 0.051534000000000003 -0.0041236518579880477
v 0.019181443752036842 0.038135000000000002 0.010547343142011972
v 0.019403463752036665 0.041285000000000002 -0.0061186518579880445
v 0.019757463752036852 0.047243000000000007 0.011366338142011934
v 0.01920753875203679 0.037315000000000008 0.001961343142011962
v 0.019416428752036474 0.040285000000000008 -0.0031136518579880368
v 0.02018440375203695 0.052667000000000012 0.0054433431420119749
v 0.019676438752036784 0.044364000000000008 0.013665343142011982
v 0.020125508752036503 0.051318000000000009 0.0081493481420119585
v 0.019337388752036777 0.037453000000000007 0.0055623431420119829
v 0.02012352375203702 0.050624005000000007 0.00031834814201195383
v 0.019686513752036838 0.043507000000000004 -0.0054306518579880225
v 0.019480518752036879 0.039030000000000009 0.00049934314201197094
v 0.019608388752036909 0.041254000000000006 0.011786338142011965
v 0.019668508752037017 0.042335000000000012 -0.0022526568579880335
v 0.020050433752036689 0.048296000000000006 0.0029003431420119574
v 0.0196353937520371 0.041208000000000002 0.00048834814201195731
v 0.020081408752037178 0.048494995000000013 0.0065563481420119751
v 0.019666523752036646 0.040025000000000005 0.0035513481420119675
v 0.019694448752037019 0.040099000000000003 0.0070623481420119816
v 0.019947438752036917 0.044350000000000001 0.00054434814201198556
v 0.019900438752037009 0.043520000000000003 0.0062623481420119864
v 0.019996418752036782 0.044411000000000006 -0.0022536568579880345
v 0.020444413752036816 0.050413005000000004 -0.0021286568579880483
v 0.020381398752036539 0.049159000000000001 -0.0047866518579880446
v 0.020345538752036874 0.047286000000000009 -0.0010126568579880424
v 0.020320513752037084 0.046121999999999996 -0.0049926568579880259
v -0.0227825112479631 0.054886000000000004 0.012171353142011954
v -0.022296521247963497 0.050966000000000004 0.015465343142011978
v -0.022195506247963237 0.057095000000000007 0.0096173481420119833
v -0.021678541247963146 0.058367000000000002 0.01249533814201198
v -0.021146466247962958 0.053509000000000008 0.018471348142011956
v -0.020572581247963295 0.047697995000000007 0.023519353142011978
v -0.021180491247963118 0.057474999999999998 0.015074338142011978
v -0.020982586247963286 0.05867300000000001 0.008015348142011991
v -0.020371471247962958 0.051372000000000008 0.02132334814201195
v -0.020625531247963014 0.058370005000000003 0.0052613431420119872
v -0.020623546247963087 0.060160999999999999 0.010540343142011993
v -0.018895491247963025 0.046304999999999999 0.026810348142011969
v -0.019164501247963261 0.052085000000000006 0.025053338142011938
v -0.019153516247962965 0.055947000000000004 0.02064934814201197
v -0.019197461247962788 0.061215000000000012 0.01513434314201198
v -0.019120556247962994 0.060952000000000006 0.008468343142011947
v -0.018043591247963231 0.042546 0.027116348142011942
v -0.018268506247963223 0.055644000000000006 0.02480034814201193
v -0.017319561247963022 0.037786000000000007 0.025401353142011973
v -0.018171461247963261 0.060091995000000009 0.0061703481420119777
v -0.016956556247963384 0.043568994999999999 0.030349338142011989
v -0.017243571247963441 0.049999000000000009 0.029917343142011971
v -0.016220471247963164 0.036084999999999999 0.028300353142011958
v -0.017245556247962923 0.062950000000000006 0.011764343142011968
v -0.016184461247963078 0.054499000000000013 0.030324353142011956
v -0.016540601247963138 0.062135994999999999 0.00756034814201198
v -0.015293501247963082 0.037462000000000002 0.032313358142011972
v -0.015194471247963193 0.042924005000000008 0.034499348142011971
v -0.015350566247963104 0.047184000000000004 0.034572343142011963
v -0.015266491247963365 0.050848000000000004 0.033667343142011974
v -0.015259471247963396 0.061131995000000008 0.0051143431420119789
v -0.014747541247963347 0.059480000000000012 0.0023723431420119567
v -0.013915476247963354 0.062746005000000007 0.0066403481420119759
v -0.012995526247962796 0.043864000000000007 0.038226348142011979
v -0.012727581247963193 0.03928100000000001 0.03696333814201197
v -0.01237357624796348 0.03356 0.034308348142011974
v -0.012610546247963039 0.048017000000000004 0.03813134314201197
v -0.011774516247963163 0.027494000000000005 0.029090338142011951
v -0.011690596247962926 0.061739000000000002 0.0046303481420119641
v -0.0082186112479633588 0.036819000000000005 0.039940348142011972
v -0.0082614862479630236 0.042696000000000005 0.041948348142011954
v -0.0072866012479632647 0.032010000000000004 0.037565353142011954
v -0.0070964762479632237 0.025196999999999997 0.03113533814201197
v -0.0074484962479630101 0.060516995000000011 0.0012093431420119594
v -0.0059975412479628676 0.064135000000000011 0.0068583481420119718
v -0.0014365362479635269 0.024070999999999999 0.030276348142011966
v -0.0014365362479635269 0.030539000000000007 0.038663338142011949
v -0.0014365362479635269 0.035837000000000001 0.041619348142011958
v -0.0014365362479635269 0.06226000000000001 0.0024663431420119675
v 0.0031244687520371461 0.064135000000000011 0.0068583481420119718
v 0.0045754287520368142 0.060516995000000011 0.0012093431420119594
v 0.0042234087520370278 0.025196999999999997 0.03113533814201197
v 0.0044135337520370688 0.032010000000000004 0.037565353142011954
v 0.005388413752036858 0.042696000000000005 0.041948348142011954
v 0.0053455387520367492 0.036819000000000005 0.039940348142011972
v 0.00881752375203676 0.061739000000000002 0.0046303481420119641
v 0.0097374737520368737 0.048017000000000004 0.03813134314201197
v 0.0095005087520368403 0.03356 0.034308348142011974
v 0.0098545087520365837 0.03928100000000001 0.03696333814201197
v 0.010122453752036631 0.043864000000000007 0.038226348142011979
v 0.011042408752036714 0.062746005000000007 0.0066403481420119759
v 0.012386403752036756 0.061131995000000008 0.0051143431420119789
v 0.012393418752036756 0.050848000000000004 0.033667343142011974
v 0.0118294537520372 0.030988000000000005 0.028470353142011962
v 0.012477498752036909 0.047184000000000004 0.034572343142011963
v 0.012321398752037027 0.042924005000000008 0.034499348142011971
v 0.012420428752036916 0.037462000000000002 0.032313358142011972
v 0.013667528752036973 0.062135994999999999 0.00756034814201198
v 0.013347398752036999 0.036084999999999999 0.028300353142011958
v 0.014370503752036801 0.049999000000000009 0.029917343142011971
v 0.014083483752036774 0.043568994999999999 0.030349338142011989
v 0.015298388752036651 0.060091995000000009 0.0061703481420119777
v 0.014446488752036857 0.037786000000000007 0.025401353142011973
v 0.015170518752036621 0.042546 0.027116348142011942
v 0.016247483752036829 0.060952000000000006 0.008468343142011947
v 0.016291428752036652 0.052085000000000006 0.025053338142011938
v 0.01602241875203686 0.046304999999999999 0.026810348142011969
v 0.016054463752036618 0.04061300000000001 0.024281338142011971
v 0.017750478752036447 0.060160999999999999 0.010540343142011993
v 0.017752458752036848 0.058370005000000003 0.0052613431420119872
v 0.017498403752036762 0.051372000000000008 0.02132334814201195
v 0.018109513752037121 0.05867300000000001 0.008015348142011991
v 0.017699513752036655 0.047697995000000007 0.023519353142011978
v 0.018273393752036793 0.053509000000000008 0.018471348142011956
v 0.017676473752036792 0.043139000000000011 0.02334435314201197
v 0.018805468752036536 0.058367000000000002 0.01249533814201198
v 0.019322438752037041 0.057095000000000007 0.0096173481420119833
v 0.019359513752036872 0.057016995000000008 0.0065123481420119589
v 0.019097523752037049 0.048216000000000009 0.018772343142011982
v 0.019423448752036887 0.050966000000000004 0.015465343142011978
v 0.019152453752036724 0.044010000000000001 0.019721348142011957
v 0.019909443752036904 0.054886000000000004 0.012171353142011954
v -0.017154461247963215 0.058926000000000006 0.028688343142011963
v -0.014713511247963218 0.06300800500000002 0.028275348142011936
v -0.014142526247962806 0.065596000000000002 0.028422348142011944
v -0.014142526247962806 0.065596000000000002 0.028422348142011944
v -0.013872601247963245 0.06776900000000001 0.030150348142011951
v -0.013872601247963245 0.06776900000000001 0.030150348142011951
v -0.013316571247962983 0.064579000000000011 0.023722353142011959
v -0.012742536247962899 0.057393000000000007 0.035751353142011943
v -0.012960581247963343 0.069666994999999995 0.032902343142011986
v -0.012960581247963343 0.069666994999999995 0.032902343142011986
v -0.012960581247963343 0.069666994999999995 0.032902343142011986
v -0.012380596247963449 0.065447000000000005 0.020139343142011934
v -0.012079541247963455 0.061069000000000012 0.036177338142011961
v -0.01233756624796295 0.067510000000000001 0.023690348142011985
v -0.012407606247963165 0.070249994999999996 0.026173353142011968
v -0.011871561247963125 0.065393999999999994 0.032626353142011955
v -0.011874461247963264 0.07282300500000001 0.02833434314201197
v -0.011874461247963264 0.07282300500000001 0.02833434314201197
v -0.011278606247963008 0.069399995000000006 0.020963353142011948
v -0.011109541247963317 0.069073000000000009 0.035507343142011982
v -0.011109541247963317 0.069073000000000009 0.035507343142011982
v -0.011189496247963227 0.072770995000000005 0.023454353142011969
v -0.010554576247963243 0.059611999999999998 0.038616343142011955
v -0.010312571247963198 0.056548000000000001 0.038160353142011938
v -0.010713571247963294 0.067899004999999998 0.016995343142011954
v -0.010500561247962892 0.066536999999999999 0.037530338142011982
v -0.010501476247963104 0.066745995000000002 0.037569343142011991
v -0.010475536247963102 0.06632600000000001 0.037552348142011971
v -0.010475536247963102 0.066930005000000001 0.03766734314201195
v -0.010426556247963237 0.066131005000000007 0.037634343142011972
v -0.010427471247963449 0.067074005000000006 0.037813348142011982
v -0.010361551247963063 0.065973000000000004 0.037768333142011973
v -0.010372541247963329 0.066565000000000013 0.036864348142011977
v -0.010366591247963075 0.066505999999999996 0.038195353142011973
v -0.010373606247963074 0.066960000000000006 0.036939343142011971
v -0.010324476247963232 0.066163005000000011 0.036907338142011969
v -0.010361551247963063 0.067161999999999999 0.03799334314201197
v -0.010282511247963366 0.065867994999999999 0.037940338142011976
v -0.010324476247963232 0.067310000000000009 0.03712534814201196
v -0.010232466247963312 0.065794000000000005 0.037063343142011984
v -0.010283581247963081 0.06718600000000001 0.038190353142011968
v -0.010200571247963086 0.065824005000000005 0.038134353142011967
v -0.010232466247963312 0.067580995000000019 0.037402353142011985
v -0.010201486247963298 0.067142999999999994 0.038384353142011968
v -0.010123516247963316 0.065848000000000004 0.038331348142011973
v -0.010107496247962977 0.065494005000000008 0.037317343142011961
v -0.009966501247963222 0.062396000000000007 0.037463348142011965
v -0.010122601247963103 0.067039000000000001 0.038557348142011949
v -0.01005759624796293 0.065936000000000008 0.038511343142011989
v -0.010268476247962954 0.07142999500000001 0.018782338142011967
v -0.010106581247963209 0.067748005 0.037745353142011967
v -0.01005759624796293 0.066882000000000011 0.038690348142011999
v -0.010009531247963277 0.066080000000000014 0.038657348142011938
v -0.0099605512479629676 0.065292000000000003 0.037645348142011953
v -0.010009531247963277 0.066688005000000009 0.03877335314201194
v -0.0099845062479630431 0.066266005000000003 0.038755348142011981
v -0.0099935112479629384 0.066586005000000004 0.036264353142011957
v -0.0099835912479632749 0.066476000000000007 0.038795348142011993
v -0.0099935112479629384 0.067127000000000006 0.036367348142011952
v -0.0099285112479636228 0.066035005000000008 0.036323348142011963
v -0.010114511247962976 0.071736000000000008 0.033475353142011971
v -0.0099575012479632963 0.067795000000000008 0.038120353142011981
v -0.0099256112479634839 0.067607000000000014 0.036622343142011959
v -0.0098055212479632448 0.065208000000000016 0.038014343142011964
v -0.0098035412479632877 0.065527995000000006 0.036538343142011959
v -0.0097685962479629462 0.066742999999999997 0.035801343142011971
v -0.0097685962479629462 0.066742999999999997 0.035801343142011971
v -0.009801556247962917 0.067716000000000012 0.038489353142011962
v -0.0097985062479632457 0.067979000000000012 0.03700434814201195
v -0.0096575112479630465 0.065252995000000008 0.038388338142011952
v -0.0097475412479630097 0.067974000000000007 0.036525353142011968
v -0.0097475412479630097 0.067974000000000007 0.036525353142011968
v -0.0096324862479632567 0.065113995000000008 0.036888343142011948
v -0.0096515612479632362 0.067518005000000006 0.03881834814201196
v -0.0095325412479631555 0.065420999999999993 0.038732348142011958
v -0.009623486247963331 0.068209000000000006 0.037476338142011956
v -0.009521556247962859 0.065306995000000007 0.036142338142011954
v -0.009521556247962859 0.065306995000000007 0.036142338142011954
v -0.0098924962479631229 0.075421000000000016 0.033003338142011951
v -0.0095265912479633452 0.067221005 0.03907334314201194
v -0.0094304612479631511 0.064836000000000005 0.037339333142011988
v -0.0094394662479630465 0.065696000000000018 0.039010343142011961
v -0.0079895762479635368 0.077667000000000014 0.023168343142011966
v -0.0094365662479633516 0.066852000000000009 0.039229343142011985
v -0.0093904862479631812 0.066050000000000011 0.039196348142011977
v -0.0093895662479629993 0.066449005000000005 0.039272338142011948
v -0.0094185612479635306 0.068273000000000014 0.037991343142011941
v -0.0094145912479632332 0.069733000000000003 0.039033348142011981
v -0.0094145912479632332 0.069733000000000003 0.039033348142011981
v -0.0092185162479629379 0.064721004999999998 0.037847338142011994
v -0.00917350624796337 0.06447900500000002 0.037309353142011947
v -0.00917350624796337 0.06447900500000002 0.037309353142011947
v -0.0092024962479630434 0.068166005000000016 0.038500338142011953
v -0.0092064612479633712 0.068499000000000004 0.03769534314201195
v -0.0092064612479633712 0.068499000000000004 0.03769534314201195
v -0.0090155762479630641 0.064782000000000006 0.038363353142012002
v -0.0076786012479629906 0.078714000000000006 0.02960635314201196
v -0.0089995562479627256 0.067895999999999998 0.038953353142011954
v -0.0088414712479633617 0.065013000000000001 0.03883534314201198
v -0.0090645562479633734 0.072054000000000007 0.016061353142011986
v -0.0088265212479631816 0.067489000000000007 0.039304343142011977
v -0.0087136062479628573 0.065392005000000003 0.039218338142011977
v -0.0084995212479632154 0.058819000000000003 0.04061434814201198
v -0.0087046012479634061 0.066983000000000001 0.039519338142011945
v -0.0087265762479630804 0.068446000000000007 0.038423358142011976
v -0.0087265762479630804 0.068446000000000007 0.038423358142011976
v -0.0086444812479628541 0.065880005000000005 0.039474343142011981
v -0.0086405162479634146 0.066428995000000018 0.039578353142011968
v -0.0073336012479627288 0.079761995000000016 0.021635353142011954
v -0.0084525262479628327 0.064448000000000005 0.041414348142011947
v -0.0084545112479632034 0.064618000000000009 0.038388338142011952
v -0.0084545112479632034 0.064618000000000009 0.038388338142011952
v -0.0082215062479635281 0.065301000000000012 0.039075348142011967
v -0.0082215062479635281 0.065301000000000012 0.039075348142011967
v -0.0069014712479630869 0.082863005000000003 0.026093338142011979
v -0.0081595562479634398 0.068565000000000001 0.041082353142011974
v -0.0081595562479634398 0.068565000000000001 0.041082353142011974
v -0.0079515812479630799 0.06760500500000001 0.039448348142011952
v -0.0079515812479630799 0.06760500500000001 0.039448348142011952
v -0.007908551247963469 0.066510995000000003 0.039667348142011977
v -0.007908551247963469 0.066510995000000003 0.039667348142011977
v -0.0077295662479632266 0.061847000000000013 0.042004348142011955
v -0.0076004762479630616 0.056513000000000008 0.041042338142011969
v -0.007745586247963121 0.066679000000000016 0.041767338142011973
v -0.0079994912479632307 0.077562000000000006 0.03489933814201196
v -0.0077365862479631953 0.072438000000000002 0.014829338142011983
v -0.0064084612479630709 0.080881995000000012 0.02085434814201198
v -0.006392591247963153 0.082299005000000008 0.032134353142011962
v -0.0069394662479630997 0.073859994999999998 0.039371348142011958
v -0.0056894662479633484 0.086552000000000018 0.026742353142011954
v -0.0063275862479629796 0.062180000000000006 0.04442133814201199
v -0.0063535262479634258 0.065702995000000014 0.044040348142011965
v -0.0063535262479634258 0.065702995000000014 0.044040348142011965
v -0.0062004812479631854 0.060081000000000009 0.042699348142011984
v -0.0063645112479632782 0.071926000000000004 0.042189338142011951
v -0.0059445912479631491 0.078945005000000013 0.036726353142011975
v -0.0051634962479633617 0.066342005000000009 0.045294353142011967
v -0.0050655312479632175 0.067029994999999995 0.045305338142011986
v -0.0051004762479631149 0.072300000000000017 0.014259348142011963
v -0.0049655862479631163 0.065663004999999997 0.045435343142011975
v -0.0047765312479627897 0.069578995000000005 0.043622348142011963
v -0.0040915662479631965 0.083648005000000011 0.033636348142011968
v -0.0040415162479631728 0.088850000000000012 0.027395353142011969
v -0.0040415162479631728 0.088850000000000012 0.027395353142011969
v -0.0045874762479629072 0.066758000000000012 0.047156343142011975
v -0.0039165462479628377 0.082921999999999996 0.021182338142011953
v -0.0042826062479634497 0.056473000000000009 0.042821338142011972
v -0.004285501247963619 0.066647995000000002 0.048056343142011987
v -0.0042604812479629106 0.06725600000000001 0.04812035314201199
v -0.0041135362479633453 0.066271995000000014 0.048097353142011967
v -0.0040525012479634692 0.065252000000000004 0.046066353142011962
v -0.0040785962479629734 0.067953995000000017 0.047030343142011932
v -0.0040175612479630973 0.064831005000000011 0.045532348142011958
v -0.0040175612479630973 0.064831005000000011 0.045532348142011958
v -0.0039936012479630523 0.066578000000000012 0.048997353142011951
v -0.0039875012479628213 0.067751000000000006 0.048077343142011952
v -0.003973461247963328 0.068148004999999998 0.045379343142011974
v -0.003904491247963271 0.065773999999999999 0.047457343142011943
v -0.0038245362479633616 0.067660000000000012 0.049040348142011969
v -0.0036525712479630879 0.059133000000000005 0.043855353142011971
v -0.0036415812479632659 0.064110005000000012 0.045569353142011937
v -0.0036415812479632659 0.064110005000000012 0.045569353142011937
v -0.0036415812479632659 0.064110005000000012 0.045569353142011937
v -0.0035414862479631881 0.064906000000000005 0.046286343142011965
v -0.0034845712479631419 0.06690900000000001 0.050574348142011949
v -0.0034845712479631419 0.068423005000000009 0.047333343142011958
v -0.0034175812479630419 0.067455995000000005 0.050705348142011969
v -0.0033995762479632208 0.065812999999999997 0.048460338142011977
v -0.0033545662479632088 0.066488000000000005 0.050520333142011986
v -0.0032955112479628457 0.065231999999999998 0.047032348142011959
v -0.0032955112479628457 0.065231999999999998 0.047032348142011959
v -0.0032105212479633383 0.064893000000000006 0.047461348142011972
v -0.0032245612479632757 0.067895000000000011 0.050597353142011969
v -0.0032045712479630839 0.074782995000000005 0.040769338142011946
v -0.0031134762479629319 0.065825000000000009 0.04920033314201197
v -0.0031024912479635236 0.06695000000000001 0.051523353142011952
v -0.0030745662479631508 0.064288999999999999 0.047775353142011978
v -0.0030745662479631508 0.064288999999999999 0.047775353142011978
v -0.0030825012479633318 0.068951000000000012 0.045341348142011961
v -0.0030185662479633169 0.066245000000000012 0.05038834314201196
v -0.0029875912479632727 0.065099000000000004 0.048327343142011953
v -0.0029785862479629333 0.065620000000000012 0.048705338142011972
v -0.0029785862479629333 0.065620000000000012 0.048705338142011972
v -0.003001476247963264 0.072300000000000017 0.043387348142011978
v -0.0029454762479629859 0.067146999999999998 0.051852348142011978
v -0.0029175512479630572 0.066715999999999998 0.051702358142011962
v -0.0029175512479630572 0.066715999999999998 0.051702358142011962
v -0.0028736062479632341 0.065284000000000009 0.049092338142011971
v -0.0028455312479633288 0.067411000000000013 0.052054338142011991
v -0.002825541247963137 0.068890000000000007 0.046611338142011988
v -0.0028215762479632533 0.068380995000000014 0.050415353142011954
v -0.0028075362479628718 0.067876005000000003 0.05159933814201198
v -0.0027895312479630507 0.067221005 0.052180338142011951
v -0.0027815962479633138 0.065980000000000011 0.050211343142011949
v -0.0027815962479633138 0.065980000000000011 0.050211343142011949
v -0.0027684762479631142 0.067658995 0.051952353142011964
v -0.0027175112479633223 0.065449995000000011 0.050287353142011992
v -0.002687601247963467 0.067493995000000015 0.052254343142011966
v -0.0026294662479632858 0.063804000000000013 0.047257338142011968
v -0.0025975762479630293 0.063532005000000003 0.045901348142011966
v -0.0025975762479630293 0.063532005000000003 0.045901348142011966
v -0.002604596247962998 0.064878000000000005 0.050295343142011978
v -0.0025415762479631954 0.065720995000000004 0.050755358142011958
v -0.0025485962479631641 0.07932599500000001 0.037989338142011969
v -0.0024855762479633614 0.067976000000000009 0.051978348142011965
v -0.0024645212479629808 0.066987000000000005 0.052667343142011963
v -0.0024295762479630834 0.066224005000000016 0.050811358142011986
v -0.0024295762479630834 0.066224005000000016 0.050811358142011986
v -0.0024335462479629366 0.067177000000000001 0.052671348142011964
v -0.0024285112479633386 0.066706000000000015 0.052581338142011963
v -0.0024105012479635479 0.065648000000000012 0.050980348142011994
v -0.0023705262479631339 0.066478000000000009 0.051902343142011975
v -0.0023355812479632365 0.067325005000000007 0.05274535314201198
v -0.0022534912479629798 0.069052005000000014 0.04756335314201196
v -0.0022354862479631588 0.065678995000000004 0.051396343142011996
v -0.0022174812479633377 0.066292005000000001 0.051282338142011996
v -0.0022174812479633377 0.066292005000000001 0.051282338142011996
v -0.0022115312479630833 0.067524000000000015 0.052698333142011972
v -0.0021926062479630803 0.065431995000000007 0.051538343142011944
v -0.0021535462479633227 0.063750000000000015 0.048051348142011979
v -0.0021425612479630263 0.067932000000000006 0.052347343142011948
v -0.0021265362479631622 0.066876000000000005 0.052905338142011954
v -0.002108531247962897 0.066416000000000017 0.05234635314201197
v -0.0020806062479634124 0.068140000000000006 0.052041348142011973
v -0.0020525312479635072 0.065941000000000013 0.051732338142012002
v -0.0020204912479632742 0.066281000000000007 0.051776343142011988
v -0.0020204912479632742 0.066281000000000007 0.051776343142011988
v -0.0020224712479632312 0.067123004999999999 0.052977343142011996
v -0.0020215562479630189 0.068669000000000008 0.050594338142011974
v -0.0020165212479634209 0.066976005000000005 0.052965343142011956
v -0.0019954662479634844 0.065056005000000014 0.051407348142011977
v -0.0019925662479633455 0.065297000000000008 0.051772358142011976
v -0.0019605212479631429 0.064378000000000005 0.050150348142011941
v -0.0019625062479635136 0.066054000000000015 0.05188633814201199
v -0.0019506012479630352 0.066728005000000007 0.052935343142011981
v -0.0019005562479634253 0.066509000000000013 0.052793338142011981
v -0.0019045212479633089 0.068329995000000004 0.051706343142011973
v -0.0019055912479630233 0.068960005000000019 0.048661358142011946
v -0.0018755312479631914 0.066273000000000012 0.052167348142011988
v -0.0018755312479631914 0.066273000000000012 0.052167348142011988
v -0.001869581247962937 0.065805000000000002 0.052236338142011979
v -0.0018544712479632852 0.063716000000000009 0.048828343142011954
v -0.0018555412479629996 0.064740000000000006 0.051027343142011961
v -0.0018524912479633282 0.067584000000000005 0.052846348142011945
v -0.0018225812479630288 0.067142000000000007 0.053041353142011971
v -0.001778486247962785 0.066582005000000014 0.052943353142011984
v -0.0017195862479632562 0.066098000000000004 0.052466343142011984
v -0.0017134812479630557 0.066316 0.052504338142011941
v -0.0017134812479630557 0.066316 0.052504338142011941
v -0.0016754862479630428 0.067272995000000002 0.053066338142011948
v -0.001642526247963072 0.066035005000000008 0.052586338142011996
v -0.0014365362479635269 0.05873800500000001 0.044488343142011999
v -0.0014365362479635269 0.060840000000000005 0.045029343142011957
v -0.0014365362479635269 0.062998000000000012 0.046095343142011969
v -0.0014365362479635269 0.062998000000000012 0.046095343142011969
v -0.0014365362479635269 0.062998000000000012 0.046095343142011969
v -0.0014365362479635269 0.063326000000000007 0.047910358142011944
v -0.0014365362479635269 0.063954005000000008 0.049950343142011966
v -0.0014365362479635269 0.064701994999999998 0.051272343142011984
v -0.0014365362479635269 0.064701994999999998 0.051272343142011984
v -0.0014365362479635269 0.065206995000000004 0.052059333142011999
v -0.0014365362479635269 0.065206995000000004 0.052059333142011999
v -0.0014365362479635269 0.065776995000000005 0.05261834314201197
v -0.0014365362479635269 0.065776995000000005 0.05261834314201197
v -0.0014365362479635269 0.06629800000000001 0.052885353142011954
v -0.0014365362479635269 0.06629800000000001 0.052885353142011954
v -0.0014365362479635269 0.06629800000000001 0.052885353142011954
v -0.0014365362479635269 0.06629800000000001 0.052885353142011954
v -0.0014365362479635269 0.066477005000000006 0.053067348142011972
v -0.0014365362479635269 0.066477005000000006 0.053067348142011972
v -0.0014365362479635269 0.06675600000000001 0.053142348142011991
v -0.0014365362479635269 0.067165005000000014 0.053133343142011957
v -0.0014365362479635269 0.067680000000000004 0.052834348142011961
v -0.0014365362479635269 0.068262005000000001 0.052102348142011978
v -0.0014365362479635269 0.068781999999999996 0.050451343142011967
v -0.0014365362479635269 0.069357000000000002 0.047572338142011977
v -0.0014365362479635269 0.069357000000000002 0.047572338142011977
v -0.0014365362479635269 0.069720000000000004 0.045240333142011951
v -0.0014365362479635269 0.072259000000000004 0.043771333142011981
v -0.0014365362479635269 0.075410000000000019 0.041605348142011972
v -0.0014365362479635269 0.079500000000000015 0.038076333142011975
v -0.0014365362479635269 0.082193005 0.020291338142011978
v -0.0014365362479635269 0.084251005000000004 0.034213343142011965
v -0.0014365362479635269 0.090418005000000023 0.027293348142011981
v -0.0014365362479635269 0.090418005000000023 0.027293348142011981
v -0.001230541247963568 0.066035005000000008 0.052586338142011996
v -0.0011975812479631531 0.067272995000000002 0.053066338142011948
v -0.0011595862479631402 0.066316 0.052504338142011941
v -0.0011595862479631402 0.066316 0.052504338142011941
v -0.0011534862479633534 0.066098000000000004 0.052466343142011984
v -0.0010945862479629365 0.066582005000000014 0.052943353142011984
v -0.0010504862479631671 0.067142000000000007 0.053041353142011971
v -0.0010205812479632814 0.067584000000000005 0.052846348142011945
v -0.0010185962479633548 0.063716000000000009 0.048828343142011954
v -0.0010175262479631964 0.064740000000000006 0.051027343142011961
v -0.0010034912479632285 0.065805000000000002 0.052236338142011979
v -0.00099754124796341825 0.066273000000000012 0.052167348142011988
v -0.00099754124796341825 0.066273000000000012 0.052167348142011988
v -0.00097251624796318437 0.066509000000000013 0.052793338142011981
v -0.00096854624796288702 0.068329995000000004 0.051706343142011973
v -0.00096748124796314228 0.068960005000000019 0.048661358142011946
v -0.00092246624796316068 0.066728005000000007 0.052935343142011981
v -0.00091056624796309604 0.066054000000000015 0.05188633814201199
v -0.00091254624796305306 0.064378000000000005 0.050150348142011941
v -0.00088050624796326415 0.065297000000000008 0.051772358142011976
v -0.00087760624796312525 0.065056005000000014 0.051407348142011977
v -0.0008565462479632191 0.066976005000000005 0.052965343142011956
v -0.00085151124796317701 0.068669000000000008 0.050594338142011974
v -0.00085258124796333545 0.066281000000000007 0.051776343142011988
v -0.00085258124796333545 0.066281000000000007 0.051776343142011988
v -0.00085059624796296474 0.067123004999999999 0.052977343142011996
v -0.00082053624796313285 0.065941000000000013 0.051732338142012002
v -0.00079246124796322759 0.068140000000000006 0.052041348142011973
v -0.00076453624796329889 0.066416000000000017 0.05234635314201197
v -0.00074653124796303372 0.066876000000000005 0.052905338142011954
v -0.00073051124796313927 0.067932000000000006 0.052347343142011948
v -0.00071952624796284281 0.063750000000000015 0.048051348142011979
v -0.00068046124796311558 0.065431995000000007 0.051538343142011944
v -0.00066154124796308222 0.067524000000000015 0.052698333142011972
v -0.00065559124796282786 0.066292005000000001 0.051282338142011996
v -0.00065559124796282786 0.066292005000000001 0.051282338142011996
v -0.00063758624796300678 0.065678995000000004 0.051396343142011996
v -0.0006195812479631857 0.069052005000000014 0.04756335314201196
v -0.00053748624796295941 0.067325005000000007 0.05274535314201198
v -0.00050254624796347569 0.066478000000000009 0.051902343142011975
v -0.00046256624796309209 0.065648000000000012 0.050980348142011994
v -0.00044456124796327101 0.066706000000000015 0.052581338142011963
v -0.00044349124796311257 0.066224005000000016 0.050811358142011986
v -0.00044349124796311257 0.066224005000000016 0.050811358142011986
v -0.00043952624796322892 0.067177000000000001 0.052671348142011964
v -0.00040855124796318476 0.066987000000000005 0.052667343142011963
v -0.00038749124796327861 0.067976000000000009 0.051978348142011965
v -0.00032447624796300145 0.07932599500000001 0.037989338142011969
v -0.00033149124796300056 0.065720995000000004 0.050755358142011958
v -0.00027549624796313621 0.063532005000000003 0.045901348142011966
v -0.00027549624796313621 0.063532005000000003 0.045901348142011966
v -0.00026847624796316749 0.064878000000000005 0.050295343142011978
v -0.00024360124796335425 0.063804000000000013 0.047257338142011968
v -0.00018546624796317301 0.067493995000000015 0.052254343142011966
v -0.0001555612479632873 0.065449995000000011 0.050287353142011992
v -0.00010459624796349543 0.067658995 0.051952353142011964
v -9.1471247962882085E-05 0.065980000000000011 0.050211343142011949
v -9.1471247962882085E-05 0.065980000000000011 0.050211343142011949
v -8.3536247963589272E-05 0.067221005 0.052180338142011951
v -6.5531247963324102E-05 0.067876005000000003 0.05159933814201198
v -5.1496247962912189E-05 0.068380995000000014 0.050415353142011954
v -4.7526247963058932E-05 0.068890000000000007 0.046611338142011988
v -2.7536247962867133E-05 0.067411000000000013 0.052054338142011991
v 5.3875203659403681E-07 0.065284000000000009 0.049092338142011971
v 4.4483752036861279E-05 0.066715999999999998 0.051702358142011962
v 4.4483752036861279E-05 0.066715999999999998 0.051702358142011962
v 7.2408752036789981E-05 0.067146999999999998 0.051852348142011978
v 0.00012840875203662394 0.072300000000000017 0.043387348142011978
v 0.00010551875203673733 0.065620000000000012 0.048705338142011972
v 0.00010551875203673733 0.065620000000000012 0.048705338142011972
v 0.00011451875203666306 0.065099000000000004 0.048327343142011953
v 0.00014549375203670722 0.066245000000000012 0.05038834314201196
v 0.00020942875203672218 0.068951000000000012 0.045341348142011961
v 0.00020149375203698527 0.064288999999999999 0.047775353142011978
v 0.00020149375203698527 0.064288999999999999 0.047775353142011978
v 0.00022941875203646989 0.06695000000000001 0.051523353142011952
v 0.00024040375203676634 0.065825000000000009 0.04920033314201197
v 0.00033149875203691836 0.074782995000000005 0.040769338142011946
v 0.00035148875203666607 0.067895000000000011 0.050597353142011969
v 0.00033745375203669825 0.064893000000000006 0.047461348142011972
v 0.00042244375203664974 0.065231999999999998 0.047032348142011959
v 0.00042244375203664974 0.065231999999999998 0.047032348142011959
v 0.00048149375203704325 0.066488000000000005 0.050520333142011986
v 0.00052650875203702485 0.065812999999999997 0.048460338142011977
v 0.00054451375203684593 0.067455995000000005 0.050705348142011969
v 0.00061149875203653226 0.068423005000000009 0.047333343142011958
v 0.00061149875203653226 0.06690900000000001 0.050574348142011949
v 0.00066841375203657849 0.064906000000000005 0.046286343142011965
v 0.00076851375203706995 0.064110005000000012 0.045569353142011937
v 0.00076851375203706995 0.064110005000000012 0.045569353142011937
v 0.00076851375203706995 0.064110005000000012 0.045569353142011937
v 0.00077949875203692232 0.059133000000000005 0.043855353142011971
v 0.00095146375203675193 0.067660000000000012 0.049040348142011969
v 0.001031423752037075 0.065773999999999999 0.047457343142011943
v 0.0011003887520367184 0.068148004999999998 0.045379343142011974
v 0.0011144287520366558 0.067751000000000006 0.048077343142011952
v 0.0011205337520364123 0.066578000000000012 0.048997353142011951
v 0.0011444887520369318 0.064831005000000011 0.045532348142011958
v 0.0011444887520369318 0.064831005000000011 0.045532348142011958
v 0.0012055237520368078 0.067953995000000017 0.047030343142011932
v 0.0011794337520372733 0.065252000000000004 0.046066353142011962
v 0.0012404687520371493 0.066271995000000014 0.048097353142011967
v 0.0013874087520367451 0.06725600000000001 0.04812035314201199
v 0.001412433752036979 0.066647995000000002 0.048056343142011987
v 0.0014095337520368401 0.056473000000000009 0.042821338142011972
v 0.0010434737520371162 0.082921999999999996 0.021182338142011953
v 0.0017144037520367417 0.066758000000000012 0.047156343142011975
v 0.0011684437520370072 0.088850000000000012 0.027395353142011969
v 0.0011684437520370072 0.088850000000000012 0.027395353142011969
v 0.0012184937520370309 0.083648005000000011 0.033636348142011968
v 0.0019034637520365938 0.069578995000000005 0.043622348142011963
v 0.0020925187520369204 0.065663004999999997 0.045435343142011975
v 0.0022274037520369494 0.072300000000000017 0.014259348142011963
v 0.0021924637520370216 0.067029994999999995 0.045305338142011986
v 0.0022904237520367521 0.066342005000000009 0.045294353142011967
v 0.0030715237520369532 0.078945005000000013 0.036726353142011975
v 0.0034914437520370822 0.071926000000000004 0.042189338142011951
v 0.0033274137520369895 0.060081000000000009 0.042699348142011984
v 0.0034804587520367858 0.065702995000000014 0.044040348142011965
v 0.0034804587520367858 0.065702995000000014 0.044040348142011965
v 0.0034545187520367837 0.062180000000000006 0.04442133814201199
v 0.0028163937520367388 0.086552000000000018 0.026742353142011954
v 0.0040663937520369342 0.073859994999999998 0.039371348142011958
v 0.0035195187520369875 0.082299005000000008 0.032134353142011962
v 0.0035353887520369054 0.080881995000000012 0.02085434814201198
v 0.0048635137520365856 0.072438000000000002 0.014829338142011983
v 0.0051264237520365907 0.077562000000000006 0.03489933814201196
v 0.0048725187520369251 0.066679000000000016 0.041767338142011973
v 0.0047274037520368961 0.056513000000000008 0.041042338142011969
v 0.0048564937520366169 0.061847000000000013 0.042004348142011955
v 0.0050354787520368594 0.066510995000000003 0.039667348142011977
v 0.0050354787520368594 0.066510995000000003 0.039667348142011977
v 0.0050785087520369143 0.06760500500000001 0.039448348142011952
v 0.0050785087520369143 0.06760500500000001 0.039448348142011952
v 0.0052864887520367998 0.068565000000000001 0.041082353142011974
v 0.0052864887520367998 0.068565000000000001 0.041082353142011974
v 0.0040283987520369213 0.082863005000000003 0.026093338142011979
v 0.0053484387520368881 0.065301000000000012 0.039075348142011967
v 0.0053484387520368881 0.065301000000000012 0.039075348142011967
v 0.0055814387520365938 0.064618000000000009 0.038388338142011952
v 0.0055814387520365938 0.064618000000000009 0.038388338142011952
v 0.0055794537520371112 0.064448000000000005 0.041414348142011947
v 0.0044605287520370074 0.079761995000000016 0.021635353142011954
v 0.0057674437520368049 0.066428995000000018 0.039578353142011968
v 0.0057714137520366582 0.065880005000000005 0.039474343142011981
v 0.0058535037520369149 0.068446000000000007 0.038423358142011976
v 0.0058535037520369149 0.068446000000000007 0.038423358142011976
v 0.005831533752036766 0.066983000000000001 0.039519338142011945
v 0.0056264537520365754 0.058819000000000003 0.04061434814201198
v 0.0058405337520371359 0.065392005000000003 0.039218338142011977
v 0.005953448752036572 0.067489000000000007 0.039304343142011977
v 0.0061914837520367638 0.072054000000000007 0.016061353142011986
v 0.0059684037520371658 0.065013000000000001 0.03883534314201198
v 0.0061264837520370041 0.067895999999999998 0.038953353142011954
v 0.0048055287520368251 0.078714000000000006 0.02960635314201196
v 0.0061425037520368986 0.064782000000000006 0.038363353142012002
v 0.0063333937520367312 0.068499000000000004 0.03769534314201195
v 0.0063333937520367312 0.068499000000000004 0.03769534314201195
v 0.0063294237520368779 0.068166005000000016 0.038500338142011953
v 0.0063004337520367604 0.06447900500000002 0.037309353142011947
v 0.0063004337520367604 0.06447900500000002 0.037309353142011947
v 0.006345448752036742 0.064721004999999998 0.037847338142011994
v 0.0065415237520370373 0.069733000000000003 0.039033348142011981
v 0.0065415237520370373 0.069733000000000003 0.039033348142011981
v 0.0065454887520369209 0.068273000000000014 0.037991343142011941
v 0.0065164987520368034 0.066449005000000005 0.039272338142011948
v 0.0065174137520370157 0.066050000000000011 0.039196348142011977
v 0.006563493752036742 0.066852000000000009 0.039229343142011985
v 0.0051165037520364831 0.077667000000000014 0.023168343142011966
v 0.0065663937520368809 0.065696000000000018 0.039010343142011961
v 0.0065573937520369552 0.064836000000000005 0.037339333142011988
v 0.0066535237520371493 0.067221005 0.03907334314201194
v 0.0070194287520364829 0.075421000000000016 0.033003338142011951
v 0.0066484887520366631 0.065306995000000007 0.036142338142011954
v 0.0066484887520366631 0.065306995000000007 0.036142338142011954
v 0.0067504137520371654 0.068209000000000006 0.037476338142011956
v 0.0066594737520369596 0.065420999999999993 0.038732348142011958
v 0.0067784937520370403 0.067518005000000006 0.03881834814201196
v 0.0067594187520370608 0.065113995000000008 0.036888343142011948
v 0.0068744687520368442 0.067974000000000007 0.036525353142011968
v 0.0068744687520368442 0.067974000000000007 0.036525353142011968
v 0.0067844437520368506 0.065252995000000008 0.038388338142011952
v 0.006925433752036636 0.067979000000000012 0.03700434814201195
v 0.0069284837520371956 0.067716000000000012 0.038489353142011962
v 0.0068955287520367503 0.066742999999999997 0.035801343142011971
v 0.0068955287520367503 0.066742999999999997 0.035801343142011971
v 0.0069304687520366781 0.065527995000000006 0.036538343142011959
v 0.0069324537520370488 0.065208000000000016 0.038014343142011964
v 0.0070525387520368743 0.067607000000000014 0.036622343142011959
v 0.0070844287520371307 0.067795000000000008 0.038120353142011981
v 0.0072414437520367803 0.071736000000000008 0.033475353142011971
v 0.0070554387520365691 0.066035005000000008 0.036323348142011963
v 0.0071204387520367729 0.067127000000000006 0.036367348142011952
v 0.007110523752037079 0.066476000000000007 0.038795348142011993
v 0.0071204387520367729 0.066586005000000004 0.036264353142011957
v 0.0071114387520368472 0.066266005000000003 0.038755348142011981
v 0.007136463752036637 0.066688005000000009 0.03877335314201194
v 0.0070874837520367717 0.065292000000000003 0.037645348142011953
v 0.007136463752036637 0.066080000000000014 0.038657348142011938
v 0.007184528752036734 0.066882000000000011 0.038690348142011999
v 0.0072335087520370434 0.067748005 0.037745353142011967
v 0.0073954037520367888 0.07142999500000001 0.018782338142011967
v 0.007184528752036734 0.065936000000000008 0.038511343142011989
v 0.0072495287520369378 0.067039000000000001 0.038557348142011949
v 0.0070934337520370261 0.062396000000000007 0.037463348142011965
v 0.0072344237520368115 0.065494005000000008 0.037317343142011961
v 0.007250443752036706 0.065848000000000004 0.038331348142011973
v 0.0073284187520366584 0.067142999999999994 0.038384353142011968
v 0.0073593937520367025 0.067580995000000019 0.037402353142011985
v 0.0073275037520368902 0.065824005000000005 0.038134353142011967
v 0.007410508752036471 0.06718600000000001 0.038190353142011968
v 0.0073593937520367025 0.065794000000000005 0.037063343142011984
v 0.0074514037520370668 0.067310000000000009 0.03712534814201196
v 0.0074094437520367262 0.065867994999999999 0.037940338142011976
v 0.0074884837520368674 0.067161999999999999 0.03799334314201197
v 0.0074514037520370668 0.066163005000000011 0.036907338142011969
v 0.0075005387520368783 0.066960000000000006 0.036939343142011971
v 0.0074935187520369095 0.066505999999999996 0.038195353142011973
v 0.0074994687520371639 0.066565000000000013 0.036864348142011977
v 0.0074884837520368674 0.065973000000000004 0.037768333142011973
v 0.0075543987520368394 0.067074005000000006 0.037813348142011982
v 0.0075534837520370712 0.066131005000000007 0.037634343142011972
v 0.0076024687520369061 0.066930005000000001 0.03766734314201195
v 0.0076024687520369061 0.06632600000000001 0.037552348142011971
v 0.0076284087520369082 0.066745995000000002 0.037569343142011991
v 0.0076274887520371704 0.066536999999999999 0.037530338142011982
v 0.0076815087520370473 0.059611999999999998 0.038616343142011955
v 0.0083164237520366169 0.072770995000000005 0.023454353142011969
v 0.0082364687520367075 0.069073000000000009 0.035507343142011982
v 0.0082364687520367075 0.069073000000000009 0.035507343142011982
v 0.0084055387520368119 0.069399995000000006 0.020963353142011948
v 0.0090013937520366238 0.07282300500000001 0.02833434314201197
v 0.0090013937520366238 0.07282300500000001 0.02833434314201197
v 0.008998493752036929 0.065393999999999994 0.032626353142011955
v 0.0095345337520369999 0.070249994999999996 0.026173353142011968
v 0.0094644987520367541 0.067510000000000001 0.023690348142011985
v 0.0092064687520368449 0.061069000000000012 0.036177338142011961
v 0.010087513752036703 0.069666994999999995 0.032902343142011986
v 0.010087513752036703 0.069666994999999995 0.032902343142011986
v 0.010087513752036703 0.069666994999999995 0.032902343142011986
v 0.010443498752036817 0.064579000000000011 0.023722353142011959
v 0.010999528752036636 0.06776900000000001 0.030150348142011951
v 0.010999528752036636 0.06776900000000001 0.030150348142011951
v 0.01126945875203661 0.065596000000000002 0.028422348142011944
v 0.01126945875203661 0.065596000000000002 0.028422348142011944
v 0.011840443752037022 0.06300800500000002 0.028275348142011936
v 0.0065975237520368712 -0.0023240000000000001 -0.0016176518579880395
v 0.0065975237520368712 -0.0023240000000000001 -0.0016176518579880395
v 0.0065975237520368712 -0.0023240000000000001 -0.0016176518579880395
v 0.0065975237520368712 -0.0023240000000000001 -0.0016176518579880395
v 0.0066133937520367891 -0.00233 -0.0015596568579880343
v 0.0066133937520367891 -0.00233 -0.0015596568579880343
v 0.0066133937520367891 -0.00233 -0.0015596568579880343
v 0.0066574887520365889 -0.0023370000000000001 -0.0014926518579880532
v 0.0066614587520368862 -0.002323 -0.0016636568579880273
v 0.0066614587520368862 -0.002323 -0.0016636568579880273
v 0.0067134887520368669 -0.0023510000000000007 -0.0014266568579880401
v 0.0067174587520371642 -0.0023360000000000004 -0.0016386518579880327
v 0.0067455337520366254 -0.001366 -0.0013716518579880432
v 0.0067694887520367009 -0.0013470000000000001 -0.0014196568579880331
v 0.0067694887520367009 -0.0013470000000000001 -0.0014196568579880331
v 0.0067694887520367009 -0.0013470000000000001 -0.0014196568579880331
v 0.0067694887520367009 -0.0013470000000000001 -0.0014196568579880331
v 0.0067704037520369131 -0.0014080000000000004 -0.0012916568579880439
v 0.0067984787520368184 -0.0005080000000000001 -0.00070965685798804468
v 0.0067984787520368184 -0.0005080000000000001 -0.00070965685798804468
v 0.0067725387520368163 -0.0023770000000000002 -0.0013676568579880366
v 0.0067774237520368819 -0.0023530000000000005 -0.0015866568579880336
v 0.0068285387520370944 -0.0013630000000000003 -0.0014326568579880461
v 0.0068575337520367374 -0.00039500000000000006 -0.0008976568579880384
v 0.0068334237520367158 -0.0014660000000000003 -0.0012006568579880361
v 0.0068534137520369076 -0.00066600000000000014 -0.00055965685798803344
v 0.0068534137520369076 -0.00066600000000000014 -0.00055965685798803344
v 0.0068305237520365769 -0.0024080000000000004 -0.0013246518579880517
v 0.0068395287520369163 -0.0023720000000000004 -0.0015226568579880528
v 0.0069324537520370488 -0.00021500000000000002 -0.0005036568579880607
v 0.0069054437520368883 -0.00141 -0.0013986568579880398
v 0.0068845387520369283 -0.0024290000000000006 -0.0013086518579880357
v 0.0069155137520369725 -0.001536 -0.0011096568579880561
v 0.0068975087520367073 -0.002392 -0.0014596568579880176
v 0.0069695337520368494 -0.00038100000000000005 -0.00034965685798804547
v 0.0069594587520372397 -0.00085000000000000006 -0.00043565685798804821
v 0.0069594587520372397 -0.00085000000000000006 -0.00043565685798804821
v 0.0069664787520367644 -0.00062700000000000017 -0.0010396568579880416
v 0.0069664787520367644 -0.00062700000000000017 -0.0010396568579880416
v 0.0069274187520365627 -0.0024340000000000004 -0.0013206568579880451
v 0.0069274187520365627 -0.0024340000000000004 -0.0013206568579880451
v 0.0069094137520367416 -0.0033419999999999999 -0.0013186568579880431
v 0.0069384037520368591 -0.0024130000000000002 -0.0014016518579880455
v 0.0069825037520366284 -0.00071700000000000008 -0.00094265185798805828
v 0.0069825037520366284 -0.00071700000000000008 -0.00094265185798805828
v 0.0069484737520369433 -0.002428 -0.0013546568579880236
v 0.0069484737520369433 -0.002428 -0.0013546568579880236
v 0.0069293987520369638 -0.0033770000000000002 -0.0013676568579880366
v 0.0069293987520369638 -0.0033770000000000002 -0.0013676568579880366
v 0.0069293987520369638 -0.0033770000000000002 -0.0013676568579880366
v 0.0069293987520369638 -0.0033770000000000002 -0.0013676568579880366
v 0.0069344387520365314 -0.0033010000000000005 -0.0012716568579880516
v 0.0069884537520364387 -0.0014760000000000003 -0.0013276568579880521
v 0.0070143937520368849 -0.00059200000000000008 -0.0011086568579880274
v 0.0070314837520369378 -0.00010900000000000001 -0.00068465185798805006
v 0.0069954737520368515 -0.001614 -0.0010306568579880326
v 0.0069704487520370617 -0.0032740000000000009 -0.0012466518579880292
v 0.0070554387520365691 -0.00034500000000000004 -0.0010826568579880569
v 0.0069834187520372848 -0.0033520000000000004 -0.0013706518579880422
v 0.0070504037520369711 -0.00084099999999999995 -0.00083665685798803291
v 0.0070504037520369711 -0.00084099999999999995 -0.00083665685798803291
v 0.0070255337520366834 -0.0032770000000000004 -0.001216651857988027
v 0.0070255337520366834 -0.0032770000000000004 -0.001216651857988027
v 0.0070255337520366834 -0.0032770000000000004 -0.001216651857988027
v 0.0070824487520367296 -0.001047 -0.00032265685798804622
v 0.0070824487520367296 -0.001047 -0.00032265685798804622
v 0.0070294987520370111 -0.0033260000000000008 -0.001329651857988029
v 0.0070745137520369927 -0.0015500000000000002 -0.001240651857988051
v 0.0070984687520370682 -0.00062000000000000011 -0.0011376568579880564
v 0.0070745137520369927 -0.001689 -0.00097465685798803214
v 0.0071015187520371836 -0.00060100000000000008 -0.00021165685798801848
v 0.0070514737520371296 -0.0032800000000000004 -0.0012936518579880485
v 0.0070514737520371296 -0.0032800000000000004 -0.0012936518579880485
v 0.0071414987520371231 -0.00098200000000000002 -0.00073465185798804455
v 0.0071414987520371231 -0.00098200000000000002 -0.00073465185798804455
v 0.0071454637520370068 -0.001737 -0.0009546568579880399
v 0.0071564537520368288 -0.0016250000000000001 -0.0011556518579880215
v 0.0071984137520367253 -0.00071000000000000002 -0.0011086568579880274
v 0.0071984137520367253 -0.00071000000000000002 -0.0011086568579880274
v 0.0072025337520369992 -0.0017510000000000002 -0.00097066185798802551
v 0.0072025337520369992 -0.0017510000000000002 -0.00097066185798802551
v 0.0072464787520368223 -6.900000000000001E-05 -0.00085565685798805191
v 0.0072144337520370638 -0.0016910000000000002 -0.0010786518579880278
v 0.0072344237520368115 -0.0011280000000000001 -0.00065065185798804381
v 0.0072344237520368115 -0.0011280000000000001 -0.00065065185798804381
v 0.0072364087520371823 -0.0012170000000000002 -0.00026465185798804636
v 0.0072364087520371823 -0.0012170000000000002 -0.00026465185798804636
v 0.0072364087520371823 -0.0012170000000000002 -0.00026465185798804636
v 0.0072304587520369279 -0.0017350000000000002 -0.0010146518579880193
v 0.0072304587520369279 -0.0017350000000000002 -0.0010146518579880193
v 0.0072544137520365592 -0.00085100000000000009 -5.8651857988062384E-05
v 0.0072985137520367727 -0.00036800000000000005 -0.0012126518579880508
v 0.0072985137520367727 -0.00083900000000000001 -0.0010346518579880393
v 0.0072985137520367727 -0.00083900000000000001 -0.0010346518579880393
v 0.0073264337520371758 -7.0000000000000007E-06 -0.00023465185798804411
v 0.0073244487520368051 -0.00014000000000000001 -0.00010565685798805124
v 0.0073284187520366584 -0.0012580000000000002 -0.00059565685798804169
v 0.0073284187520366584 -0.0012580000000000002 -0.00059565685798804169
v 0.007405473752036873 -0.00031600000000000009 1.6348142011957112E-05
v 0.0074153937520369806 7.6000000000000004E-05 -0.00036365685798803171
v 0.0073984587520368739 -0.0009850000000000002 -0.00094065685798805365
v 0.0073984587520368739 -0.0009850000000000002 -0.00094065685798805365
v 0.007421498752036737 -0.0013400000000000003 -0.00058565185798803432
v 0.007421498752036737 -0.0013400000000000003 -0.00058565185798803432
v 0.007429433752036918 -0.0010270000000000001 7.3431420119507429E-06
v 0.007429433752036918 -0.0010270000000000001 7.3431420119507429E-06
v 0.0074414837520369592 -0.0013060000000000001 -0.00031665685798804022
v 0.0074414837520369592 -0.0013060000000000001 -0.00031665685798804022
v 0.0074825337520366131 -8.0000000000000007E-05 -0.0010036568579880334
v 0.0074994687520371639 -0.00047100000000000006 -0.0012216568579880571
v 0.0074994687520371639 -0.00047100000000000006 -0.0012216568579880571
v 0.0074884837520368674 -0.0011290000000000002 -0.00084765685798804391
v 0.0074884837520368674 -0.0011290000000000002 -0.00084765685798804391
v 0.0075064887520371326 -0.0013650000000000003 -0.00061765685798803593
v 0.0075064887520371326 -0.0013650000000000003 -0.00061765685798803593
v 0.007533498752036849 -0.00049600000000000002 0.00010634314201193873
v 0.0075675237520370087 0.00010800000000000001 -0.0004786568579880357
v 0.0075504337520369558 -0.0012540000000000003 -0.00075965685798803917
v 0.0075504337520369558 -0.0012540000000000003 -0.00075965685798803917
v 0.007634508752036695 -0.00063200000000000018 -0.0011396518579880333
v 0.007634508752036695 -0.00063200000000000018 -0.0011396518579880333
v 0.0076435137520365903 -0.0010870000000000001 -7.2651857988020874E-05
v 0.0076725037520367079 -0.00061300000000000005 0.00011134314201197149
v 0.0077004287520366366 -0.00016500000000000003 -0.0010446568579880466
v 0.0076824237520368155 -0.0013250000000000002 -0.00045665685798804145
v 0.0076824237520368155 -0.0013250000000000002 -0.00045665685798804145
v 0.0077285037520369859 9.5000000000000005E-05 -0.00058265685798802869
v 0.0076194037520365687 -0.0040450000000000009 -0.00062565685798804394
v 0.0076194037520365687 -0.0040450000000000009 -0.00062565685798804394
v 0.0076194037520365687 -0.0040450000000000009 -0.00062565685798804394
v 0.0077474237520365752 -0.00082299999999999995 -0.0010246568579880544
v 0.0077474237520365752 -0.00082299999999999995 -0.0010246568579880544
v 0.0078214287520366743 -0.00065900000000000008 3.634314201195199E-05
v 0.0078543887520366451 -0.00032500000000000004 -0.00097066185798802551
v 0.0078903987520367314 2.7000000000000002E-05 -0.00063065685798804894
v 0.0078784987520366667 -0.0010180000000000002 -0.00090965185798802528
v 0.0078784987520366667 -0.0010180000000000002 -0.00090965185798802528
v 0.0078784987520366667 -0.00109 -0.00022665185798803611
v 0.0078813987520368056 -0.0012850000000000001 -0.00062665185798804757
v 0.0078813987520368056 -0.0012850000000000001 -0.00062665185798804757
v 0.007953418752036534 -0.0011860000000000002 -0.00078065685798803242
v 0.007953418752036534 -0.0011860000000000002 -0.00078065685798803242
v 0.007953418752036534 -0.0011860000000000002 -0.00078065685798803242
v 0.0079775287520365556 -0.00054500000000000002 -0.00082565185798802454
v 0.0079804287520366946 -0.00066100000000000013 -7.4651857988050629E-05
v 0.0080374937520367173 -9.6000000000000002E-05 -0.00060265685798804869
v 0.0081014287520367323 -0.0010630000000000001 -0.00038965185798803259
v 0.0081354537520368919 -0.00064000000000000005 -0.00018365685798804599
v 0.0081635337520367668 -0.00026700000000000004 -0.00051165685798804095
v 0.0081504087520370416 -0.00079600000000000005 -0.00068665685798804943
v 0.0082254837520368551 -0.00098000000000000019 -0.00054565685798804719
v 0.0082254837520368551 -0.00098000000000000019 -0.00054565685798804719
v 0.0082254837520368551 -0.00098000000000000019 -0.00054565685798804719
v 0.0082424187520365177 -0.00057800000000000006 -0.00028865685798803997
v 0.0082524887520366019 -0.00045100000000000001 -0.00039665185798803959
v 0.0084764887520368259 0.00092100000000000016 0.0011673431420119729
v 0.0084964787520365737 0.0011119999999999999 0.0010883431420119771
v 0.0084995287520366891 0.0007090000000000001 0.0012023431420119524
v 0.0085704837520366728 0.0012560000000000002 0.00097434814201197151
v 0.0085623987520369593 0.000504 0.0011953431420119731
v 0.0086765337520369745 0.001013 0.0015423481420119844
v 0.0086634087520368053 0.00034099999999999999 0.001142348142011973
v 0.0086985037520366792 0.0013210000000000001 0.00084334314201195415
v 0.0086934687520370812 0.00077400000000000006 0.0015913481420119779
v 0.0087114737520364582 0.001261 0.0014293481420119825
v 0.0087683887520369486 0.000562 0.0015733431420119626
v 0.0088074537520371199 0.0014610000000000003 0.0012723431420119669
v 0.008795398752036665 0.00024100000000000003 0.0010473431420119639
v 0.0088654387520368805 0.001291 0.00073134314201195316
v 0.0088983937520368817 0.00039899999999999999 0.0014963431420119688
v 0.0089695037520368115 0.0015510000000000001 0.0011033431420119644
v 0.0089394437520369796 0.00021600000000000002 0.00093234814201195726
v 0.0089923887520371726 0.001103 0.001853343142011965
v 0.0090084087520366229 0.00085500000000000007 0.0019003481420119539
v 0.0090294687520369732 0.001175 0.00066434814201196679
v 0.0090364887520364978 0.0013550000000000003 0.0017433431420119661
v 0.0090663937520368276 0.00030000000000000003 0.0013733481420119542
v 0.0090804337520367651 0.00027500000000000002 0.0008213431420119599
v 0.0090924887520367759 0.00063600000000000017 0.0018873481420119687
v 0.0091414687520370852 0.0015609999999999999 0.0015843481420119709
v 0.0091574887520365356 0.0010020000000000001 0.00063934314201197218
v 0.0091735137520368437 0.0015020000000000001 0.00096034814201195751
v 0.0091895337520371823 0.00040600000000000006 0.00073034314201195216
v 0.0092314937520370788 0.00079799999999999999 0.00064334814201197354
v 0.0092295087520371522 0.00047400000000000003 0.0018133431420119805
v 0.0092424787520369311 0.00058799999999999998 0.00067034814201194504
v 0.0092534687520371972 0.00027700000000000001 0.0012193481420119667
v 0.0093054987520367338 0.0016540000000000001 0.0014153481420119685
v 0.0093775237520368759 0.0013360000000000002 0.00086834814201197652
v 0.009405443752036835 0.0011600000000000002 0.002099343142011989
v 0.0094045287520370668 0.00038900000000000002 0.0016913431420119696
v 0.0094214687520366991 0.00093500000000000007 0.0021353431420119695
v 0.0094434387520364038 0.0013690000000000002 0.0020173431420119625
v 0.0094284837520371423 0.00034200000000000007 0.0010693431420119859
v 0.0095104237520365342 0.0016020000000000003 0.0012693481420119612
v 0.0094864687520369029 0.00072100000000000007 0.0021233481420119826
v 0.0095365187520369266 0.0015290000000000002 0.0018973431420119535
v 0.0095394187520370655 0.0011119999999999999 0.0008273431420119659
v 0.009560473752037002 0.00047600000000000008 0.00094634814201197126
v 0.0095954187520364553 0.00055200000000000008 0.0020613481420119761
v 0.0095954187520364553 0.00038000000000000002 0.0015413481420119557
v 0.0096263937520369436 0.00088100000000000006 0.0008233431420119619
v 0.0096305137520367734 0.00066100000000000013 0.00086134814201196952
v 0.0096814787520370094 0.0015990000000000002 0.0017583481420119784
v 0.0097135187520367983 0.0014310000000000002 0.0011653431420119709
v 0.0097383937520370556 0.00044999999999999999 0.001958343142011959
v 0.0097715037520370029 0.00043200000000000004 0.0013833431420119668
v 0.0098484087520367969 0.0015640000000000003 0.0016303431420119641
v 0.0098635137520369232 0.001201 0.0011133481420119717
v 0.0098984587520368206 0.00055100000000000017 0.0012493431420119716
v 0.0098984587520368206 0.000428 0.0018283481420119652
v 0.009944538752036991 0.00096200000000000007 0.0011083431420119694
v 0.0099594937520366966 0.00073600000000000011 0.0011563481420119592
v 0.0099984037520369218 0.0014320000000000001 0.001543338142011963
v 0.01004341375203649 0.00048700000000000002 0.0017003431420119786
v 0.010108418752037107 0.0012400000000000002 0.0015013431420119738
v 0.010145493752036938 0.00061700000000000004 0.0015973481420119562
v 0.010174488752037025 0.0010220000000000001 0.0014983481420119682
v 0.010189443752036731 0.00080300000000000011 0.0015293481420119714
v 0.010339433752036886 0.0016240000000000002 0.0033003431420119689
v 0.010352403752037109 0.0013470000000000001 0.0033563431420119694
v 0.010397418752036647 0.0019160000000000002 0.0031813431420119609
v 0.010439533752036934 0.0011010000000000002 0.0033333481420119437
v 0.01050651875203662 0.002166 0.0030353431420119814
v 0.010595478752036869 0.001508 0.0042563431420119535
v 0.010587388752036742 0.00091200000000000016 0.0032483481420119698
v 0.010639423752037136 0.0017950000000000002 0.0043073481420119464
v 0.010663533752037158 0.0022770000000000004 0.0028773481420119873
v 0.010663533752037158 0.0022770000000000004 0.0028773481420119873
v 0.010663533752037158 0.0014490000000000002 0.0048293481420119688
v 0.010684438752036673 0.0017340000000000003 0.0048673431420119817
v 0.010712513752037023 0.0012490000000000001 0.0042473431420119723
v 0.010775533752036826 0.0020460000000000005 0.0035823431420119733
v 0.010756458752036846 0.001201 0.0048073481420119746
v 0.010802538752037016 0.0020400000000000001 0.0049123481420119686
v 0.010805438752036711 0.0021190000000000002 0.0043843481420119401
v 0.01076652875203693 0.00079799999999999999 0.0031293481420119618
v 0.010849538752036925 0.0022040000000000007 0.0027303431420119817
v 0.010829393752036787 0.00091200000000000016 0.0086863431420119708
v 0.010844503752036883 0.001176 0.0087243481420119506
v 0.010844503752036883 0.001176 0.0087243481420119506
v 0.010893483752036748 0.0023210000000000001 0.0033913431420119489
v 0.010855488752037179 0.00085100000000000009 0.0091013431420119695
v 0.010855488752037179 0.00085100000000000009 0.0091013431420119695
v 0.010872423752036842 0.001108 0.0091403481420119503
v 0.010872423752036842 0.001108 0.0091403481420119503
v 0.010960468752036878 0.0023700000000000001 0.0039483431420119786
v 0.010960468752036878 0.0023700000000000001 0.0039483431420119786
v 0.010910418752036855 0.00068500000000000017 0.0086483481420119857
v 0.010937428752036571 0.0012170000000000002 0.0082953431420119683
v 0.010932393752036973 0.00097800000000000014 0.0082643431420119651
v 0.010949483752037026 0.0014530000000000003 0.0087683481420119946
v 0.010949483752037026 0.0014530000000000003 0.0087683481420119946
v 0.010978473752036699 0.0023060000000000003 0.0049483481420119491
v 0.010978473752036699 0.0023060000000000003 0.0049483481420119491
v 0.010936513752037247 0.0010160000000000002 0.0047973431420119672
v 0.010943528752036802 0.0010360000000000002 0.0042643431420119615
v 0.010933458752036718 0.00063000000000000003 0.0090723431420119682
v 0.010933458752036718 0.00063000000000000003 0.0090723431420119682
v 0.010949483752037026 0.00077400000000000006 0.0029843431420119582
v 0.010973438752037101 0.0013810000000000003 0.0091933431420119782
v 0.010973438752037101 0.0013810000000000003 0.0091933431420119782
v 0.01102043375203704 0.0024140000000000003 0.004445343142011976
v 0.010973438752037101 0.00097700000000000022 0.0036603431420119681
v 0.011050493752036872 0.0024380000000000001 0.0032273481420119765
v 0.011050493752036872 0.0024380000000000001 0.0032273481420119765
v 0.011050493752036872 0.0024380000000000001 0.0032273481420119765
v 0.011050493752036872 0.0024380000000000001 0.0032273481420119765
v 0.011019518752036828 0.0014440000000000002 0.0083243481420119669
v 0.011019518752036828 0.0014440000000000002 0.0083243481420119669
v 0.010998463752036891 0.00075700000000000008 0.0082373431420119658
v 0.011040423752037232 0.0019870000000000001 0.0026093481420119691
v 0.011040423752037232 0.0019870000000000001 0.0026093481420119691
v 0.011033403752036819 0.001041 0.0095323481420119816
v 0.011031423752036862 0.00081400000000000005 0.0094983481420119753
v 0.010973438752037101 -0.00094300000000000015 0.012374353142011962
v 0.011003498752036933 -0.001175 0.012198343142011958
v 0.011003498752036933 -0.001175 0.012198343142011958
v 0.011074448752036947 0.00052300000000000003 0.0086203481420119576
v 0.011102528752036822 0.0012520000000000003 0.0095713431420119677
v 0.011102528752036822 0.0012520000000000003 0.0095713431420119677
v 0.011035388752036746 -0.00076200000000000009 0.012516338142011973
v 0.011091538752037 0.00059800000000000001 0.0094683431420119757
v 0.011091538752037 0.00059800000000000001 0.0094683431420119757
v 0.011094438752037139 0.00046699999999999997 0.0090503481420119714
v 0.011108478752037076 0.00083900000000000001 0.0028303431420119707
v 0.011035388752036746 -0.001235 0.012608348142011977
v 0.011035388752036746 -0.001235 0.012608348142011977
v 0.011138538752036908 0.0016870000000000001 0.0088103481420119811
v 0.011041493752036946 -0.0014370000000000001 0.011999348142011979
v 0.011041493752036946 -0.0014370000000000001 0.011999348142011979
v 0.011157458752036498 0.0016100000000000001 0.0092403481420119671
v 0.011157458752036498 0.0016100000000000001 0.0092403481420119671
v 0.011050493752036872 -0.0014280000000000002 0.012456348142011991
v 0.011050493752036872 -0.0014280000000000002 0.012456348142011991
v 0.011084523752036557 -0.00068700000000000011 0.011992348142011972
v 0.011084523752036557 -0.00068700000000000011 0.011992348142011972
v 0.011080403752036727 -0.00087499999999999991 0.011853343142011974
v 0.011080403752036727 -0.00087499999999999991 0.011853343142011974
v 0.011133503752036866 0.00058700000000000007 0.0082173431420119736
v 0.011172413752037091 0.0016240000000000002 0.0083463481420119612
v 0.011172413752037091 0.0016240000000000002 0.0083463481420119612
v 0.011081468752036916 -0.0010640000000000001 0.012756338142011964
v 0.011081468752036916 -0.0010640000000000001 0.012756338142011964
v 0.011207508752036521 0.0024330000000000003 0.0049743481420119751
v 0.011207508752036521 0.0024330000000000003 0.0049743481420119751
v 0.01116447875203691 0.00091000000000000011 0.0047963431420119662
v 0.011088488752036885 -0.0016320000000000002 0.012305343142011954
v 0.011088488752036885 -0.0016320000000000002 0.012305343142011954
v 0.011217423752036659 0.0017210000000000001 0.0025163481420119593
v 0.011217423752036659 0.0017210000000000001 0.0025163481420119593
v 0.011245503752036534 0.0023600000000000001 0.0030773431420119679
v 0.011245503752036534 0.0023600000000000001 0.0030773431420119679
v 0.011245503752036534 0.0023600000000000001 0.0030773431420119679
v 0.011245503752036534 0.0023600000000000001 0.0030773431420119679
v 0.011245503752036534 0.0023600000000000001 0.0030773431420119679
v 0.011252523752036947 0.0025460000000000001 0.0044753431420119782
v 0.011252523752036947 0.0025460000000000001 0.0044753431420119782
v 0.011252523752036947 0.0025460000000000001 0.0044753431420119782
v 0.011136403752036561 -0.0010630000000000001 0.011717348142011974
v 0.011136403752036561 -0.0010630000000000001 0.011717348142011974
v 0.011163408752036752 -0.00053700000000000004 0.01209435314201196
v 0.011215443752036702 0.00090600000000000012 0.0042853431420119825
v 0.011237413752036851 0.0014180000000000002 0.0096043481420119425
v 0.011237413752036851 0.0014180000000000002 0.0096043481420119425
v 0.011231463752037041 0.00098799999999999995 0.0026823431420119614
v 0.01121452875203649 0.00043200000000000004 0.0094473431420119824
v 0.01121452875203649 0.00043200000000000004 0.0094473431420119824
v 0.011150438752036973 -0.001614 0.011858338142011982
v 0.011150438752036973 -0.001614 0.011858338142011982
v 0.011185533752036847 -0.0018030000000000001 0.012180338142011971
v 0.011185533752036847 -0.0018030000000000001 0.012180338142011971
v 0.011185533752036847 -0.0018030000000000001 0.012180338142011971
v 0.011228413752036925 -0.00063299999999999999 0.012611343142011983
v 0.01128151375203662 0.00083000000000000001 0.0035433481420119595
v 0.011318438752036475 0.0014590000000000002 0.0024913481420119621
v 0.011314473752037035 0.0012040000000000002 0.0025553431420119732
v 0.011246418752037191 -0.00093100000000000008 0.012877338142011974
v 0.011300433752036654 0.00044800000000000005 0.0086003481420119654
v 0.01125450375203646 -0.0011780000000000002 0.011643343142011986
v 0.01125450375203646 -0.0011780000000000002 0.011643343142011986
v 0.01125450375203646 -0.0011780000000000002 0.011643343142011986
v 0.011318438752036475 0.00037600000000000003 0.009037343142011961
v 0.011318438752036475 0.00037600000000000003 0.009037343142011961
v 0.011323473752036961 0.00049200000000000014 0.0082053481420119867
v 0.011383443752036648 0.001804 0.0088253481420119684
v 0.011383443752036648 0.001804 0.0088253481420119684
v 0.011381458752036722 0.0017130000000000003 0.0083533481420119682
v 0.011381458752036722 0.0017130000000000003 0.0083533481420119682
v 0.011358418752036858 0.00079900000000000012 0.0033453481420119557
v 0.011316453752036992 -0.00043600000000000003 0.012151348142011992
v 0.011401448752036913 0.0017240000000000003 0.0092573431420119867
v 0.011386493752036764 0.00033500000000000007 0.0094363481420119688
v 0.011386493752036764 0.00033500000000000007 0.0094363481420119688
v 0.011460498752036419 0.0023720000000000004 0.0049903481420119633
v 0.011430438752036587 0.0015010000000000004 0.0096153431420119562
v 0.011411518752036998 0.00089600000000000009 0.0048093431420119792
v 0.011428453752037104 0.00086000000000000009 0.0040613481420119779
v 0.01151451375203677 0.0024810000000000001 0.0044883431420119635
v 0.01151451375203677 0.0024810000000000001 0.0044883431420119635
v 0.01151451375203677 0.0024810000000000001 0.0044883431420119635
v 0.011389393752036903 -0.001389 0.01273533814201197
v 0.011389393752036903 -0.001389 0.01273533814201197
v 0.011516498752037141 0.0021199999999999999 0.0029073431420119644
v 0.011516498752037141 0.0021199999999999999 0.0029073431420119644
v 0.011516498752037141 0.0021199999999999999 0.0029073431420119644
v 0.011516498752037141 0.0021199999999999999 0.0029073431420119644
v 0.011381458752036722 -0.0016610000000000001 0.011814338142011965
v 0.011381458752036722 -0.0016610000000000001 0.011814338142011965
v 0.01139747875203706 -0.0012570000000000003 0.012854338142011978
v 0.01139747875203706 -0.0012570000000000003 0.012854338142011978
v 0.011392443752036574 -0.0018810000000000001 0.012118348142011987
v 0.011392443752036574 -0.0018810000000000001 0.012118348142011987
v 0.011405413752036797 -0.0015370000000000002 0.012608348142011977
v 0.011405413752036797 -0.0015370000000000002 0.012608348142011977
v 0.011427538752036892 -0.0012130000000000003 0.011629343142011972
v 0.011442493752037042 -0.0011590000000000001 0.012940338142011981
v 0.011432423752036958 -0.0016870000000000001 0.012494343142011977
v 0.011432423752036958 -0.0016870000000000001 0.012494343142011977
v 0.011538468752036846 0.00086700000000000015 0.003275348142011969
v 0.011541523752036487 0.00048300000000000014 0.0082003481420119817
v 0.011513448752037025 -0.00038700000000000003 0.012166338142011957
v 0.01151451375203677 -0.00056800000000000015 0.012639343142011955
v 0.011567463752036933 0.0008870000000000002 0.0042583481420119806
v 0.011558458752037037 0.00045400000000000008 0.0085913481420119564
v 0.011603473752036575 0.0016910000000000002 0.0083413431420119588
v 0.011603473752036575 0.0016910000000000002 0.0083413431420119588
v 0.011481403752036823 -0.0018200000000000002 0.01240235314201199
v 0.011481403752036823 -0.0018200000000000002 0.01240235314201199
v 0.011525498752037067 -0.00085599999999999999 0.012925348142011961
v 0.01157539875203667 0.00036900000000000008 0.009032343142011956
v 0.01157539875203667 0.00036900000000000008 0.009032343142011956
v 0.011525498752037067 -0.0011150000000000001 0.012970343142011953
v 0.011491473752036463 -0.0020220000000000004 0.013150338142011969
v 0.011497423752036717 -0.0019610000000000005 0.013256348142011959
v 0.011582418752036638 0.00032200000000000002 0.0094303431420119654
v 0.011582418752036638 0.00032200000000000002 0.0094303431420119654
v 0.011501393752037015 -0.0020939999999999999 0.013036338142011966
v 0.011649403752036769 0.0017660000000000002 0.0088043481420119474
v 0.011649403752036769 0.0017660000000000002 0.0088043481420119474
v 0.011640398752036873 0.0014829999999999999 0.0095943431420119629
v 0.011526418752036804 -0.0019140000000000001 0.013333348142011953
v 0.01151939875203728 -0.0021750000000000003 0.012931338142011972
v 0.011664508752036895 0.001689 0.0092353431420119647
v 0.011644518752037147 0.00097500000000000017 0.0048413481420119808
v 0.011704488752036835 0.0021620000000000003 0.0049943431420119699
v 0.011704488752036835 0.0021620000000000003 0.0049943431420119699
v 0.011555408752036478 -0.0019009999999999999 0.012348338142011972
v 0.011555408752036478 -0.0019009999999999999 0.012348338142011972
v 0.011550523752036856 -0.0022510000000000004 0.012846348142011965
v 0.011577533752037017 -0.0018900000000000002 0.013360338142011957
v 0.011577533752037017 -0.0018900000000000002 0.013360338142011957
v 0.011614458752036871 -0.0011380000000000001 0.012951343142011962
v 0.011614458752036871 -0.0011380000000000001 0.012951343142011962
v 0.011629413752037021 -0.0012000000000000001 0.011638343142011981
v 0.011598438752036977 -0.0022980000000000001 0.012795343142011972
v 0.011729508752036655 0.001065 0.0029773431420119512
v 0.011592488752036723 -0.0028960000000000006 0.013491353142011969
v 0.011634448752037063 -0.0019030000000000002 0.013341343142011963
v 0.011634448752037063 -0.0019030000000000002 0.013341343142011963
v 0.011634448752037063 -0.0019030000000000002 0.013341343142011963
v 0.011634448752037063 -0.0019030000000000002 0.013341343142011963
v 0.011599503752036722 -0.0028870000000000007 0.013568353142011963
v 0.011604543752037177 -0.0029380000000000005 0.013331348142011978
v 0.011646503752037074 -0.0019200000000000003 0.012331343142011952
v 0.011646503752037074 -0.0019200000000000003 0.012331343142011952
v 0.011745533752036963 0.00055800000000000012 0.0082003481420119817
v 0.011682513752036716 -0.0012280000000000001 0.012878353142011967
v 0.011682513752036716 -0.0012280000000000001 0.012878353142011967
v 0.011682513752036716 -0.0012280000000000001 0.012878353142011967
v 0.011682513752036716 -0.0012280000000000001 0.012878353142011967
v 0.011714403752036973 -0.00038500000000000003 0.012169353142011952
v 0.011797413752036523 0.0018609999999999998 0.0027433481420119643
v 0.011797413752036523 0.0018609999999999998 0.0027433481420119643
v 0.011788408752036628 0.0015640000000000003 0.0083163431420119893
v 0.011788408752036628 0.0015640000000000003 0.0083163431420119893
v 0.011625443752036724 -0.002879 0.013623343142011968
v 0.011625443752036724 -0.002879 0.013623343142011968
v 0.01167351375203679 -0.0016420000000000002 0.011818343142011994
v 0.01167351375203679 -0.0016420000000000002 0.011818343142011994
v 0.011625443752036724 -0.0029700000000000004 0.013266343142011944
v 0.011655503752037 -0.0023089999999999999 0.012778348142011953
v 0.011655503752037 -0.0023089999999999999 0.012778348142011953
v 0.011676408752036516 -0.0019490000000000002 0.013274353142011974
v 0.011676408752036516 -0.0019490000000000002 0.013274353142011974
v 0.01168052875203679 -0.0018800000000000002 0.012109348142011978
v 0.011770403752036807 0.00039600000000000008 0.0094223481420119548
v 0.011770403752036807 0.00039600000000000008 0.0094223481420119548
v 0.011816483752036977 0.0013680000000000003 0.0095443431420119684
v 0.011721423752036941 -0.0013620000000000001 0.012769348142011944
v 0.011721423752036941 -0.0013620000000000001 0.012769348142011944
v 0.011857533752037075 0.0022540000000000004 0.0044893431420119645
v 0.011857533752037075 0.0022540000000000004 0.0044893431420119645
v 0.011660388752037065 -0.0029890000000000003 0.013226348142011957
v 0.011664508752036895 -0.002869 0.013642338142011989
v 0.011702503752036908 -0.0020170000000000001 0.013174353142011958
v 0.011702503752036908 -0.0020170000000000001 0.013174353142011958
v 0.011806413752036893 0.0005260000000000001 0.008594343142011962
v 0.011706468752036792 -0.0022880000000000001 0.01280033814201198
v 0.011726458752036539 -0.0018830000000000001 0.012356348142011947
v 0.011726458752036539 -0.0018830000000000001 0.012356348142011947
v 0.011719438752037015 -0.0020939999999999999 0.013061343142011961
v 0.011719438752037015 -0.0020939999999999999 0.013061343142011961
v 0.011816483752036977 0.00045300000000000006 0.009030343142011954
v 0.011842423752036979 0.0011380000000000001 0.0048843481420119683
v 0.011749498752036847 -0.0015140000000000002 0.012643348142011956
v 0.011749498752036847 -0.0015140000000000002 0.012643348142011956
v 0.011749498752036847 -0.0015140000000000002 0.012643348142011956
v 0.011749498752036847 -0.0015140000000000002 0.012643348142011956
v 0.011849443752036948 0.00099700000000000006 0.0041523431420119605
v 0.011732408752036794 -0.0021710000000000002 0.012951343142011962
v 0.01170753875203695 -0.0028720000000000004 0.013628338142011975
v 0.01170753875203695 -0.0028720000000000004 0.013628338142011975
v 0.01170753875203695 -0.0028720000000000004 0.013628338142011975
v 0.011703418752036676 -0.0029920000000000003 0.013214348142011945
v 0.011703418752036676 -0.0029920000000000003 0.013214348142011945
v 0.011703418752036676 -0.0029920000000000003 0.013214348142011945
v 0.011703418752036676 -0.0029920000000000003 0.013214348142011945
v 0.011733478752036508 -0.0022409999999999999 0.012859353142011976
v 0.011733478752036508 -0.0022409999999999999 0.012859353142011976
v 0.011804433752036936 -0.00055700000000000009 0.012639343142011955
v 0.011887438752036961 0.0016000000000000001 0.0087583431420119595
v 0.011770403752036807 -0.0016639999999999999 0.012523353142011945
v 0.011770403752036807 -0.0016639999999999999 0.012523353142011945
v 0.011770403752036807 -0.0016639999999999999 0.012523353142011945
v 0.011770403752036807 -0.0016639999999999999 0.012523353142011945
v 0.011893388752037215 0.0015250000000000001 0.0091793431420119642
v 0.011769488752037038 -0.0017950000000000002 0.01242234314201196
v 0.011769488752037038 -0.0017950000000000002 0.01242234314201196
v 0.011769488752037038 -0.0017950000000000002 0.01242234314201196
v 0.011769488752037038 -0.0017950000000000002 0.01242234314201196
v 0.011810533752036723 -0.00085900000000000006 0.012907343142011973
v 0.011736528752036623 -0.0028840000000000003 0.013578348142011976
v 0.011882403752036919 0.00091300000000000018 0.0032793431420119756
v 0.01192146875203709 0.0018990000000000005 0.0049873431420119907
v 0.01192146875203709 0.0018990000000000005 0.0049873431420119907
v 0.011901478752036898 0.0013250000000000002 0.0027833481420119766
v 0.011742478752036878 -0.0029820000000000003 0.013230353142011958
v 0.011742478752036878 -0.0029820000000000003 0.013230353142011958
v 0.011742478752036878 -0.0029820000000000003 0.013230353142011958
v 0.011742478752036878 -0.0029820000000000003 0.013230353142011958
v 0.011911393752036592 0.0013680000000000003 0.0082843481420119547
v 0.011752398752036985 -0.0029020000000000005 0.013505353142011955
v 0.011894458752036929 0.00070600000000000003 0.0082083431420119646
v 0.011825488752036872 -0.0011630000000000002 0.01164734814201196
v 0.011761403752036881 -0.0029210000000000004 0.013422348142011958
v 0.011761403752036881 -0.0029210000000000004 0.013422348142011958
v 0.011727528752036698 -0.0038660000000000001 0.013182343142011971
v 0.011727528752036698 -0.0038660000000000001 0.013182343142011971
v 0.011764453752036552 -0.0029650000000000002 0.013274353142011974
v 0.011764453752036552 -0.0029650000000000002 0.013274353142011974
v 0.011945423752036721 0.0016000000000000001 0.0026863481420119628
v 0.011945423752036721 0.0016000000000000001 0.0026863481420119628
v 0.011945423752036721 0.0016000000000000001 0.0026863481420119628
v 0.011945423752036721 0.0016000000000000001 0.0026863481420119628
v 0.011738513752036994 -0.0038379999999999998 0.013142348142011984
v 0.011738513752036994 -0.0038379999999999998 0.013142348142011984
v 0.011738513752036994 -0.0038379999999999998 0.013142348142011984
v 0.011937488752036984 0.0011890000000000002 0.0094873431420119669
v 0.011915513752036422 0.00054500000000000002 0.0094163431420119792
v 0.011881488752036706 -0.00044400000000000006 0.012126343142011997
v 0.011761403752036881 -0.0038400000000000005 0.013090353142011985
v 0.011972428752036912 0.0011400000000000002 0.0082523431420119531
v 0.011970448752036511 0.00090800000000000017 0.0082263481420119522
v 0.011990438752036703 0.0013680000000000003 0.0049293431420119604
v 0.011990438752036703 0.0013680000000000003 0.0049293431420119604
v 0.011792528752036902 -0.0038320000000000003 0.013060348142011957
v 0.011792528752036902 -0.0038320000000000003 0.013060348142011957
v 0.011792528752036902 -0.0038320000000000003 0.013060348142011957
v 0.011790393752036554 -0.0039360000000000011 0.013263348142011994
v 0.011790393752036554 -0.0039360000000000011 0.013263348142011994
v 0.011790393752036554 -0.0039360000000000011 0.013263348142011994
v 0.011997453752036702 0.00097199999999999999 0.0094453431420119527
v 0.01199241875203666 0.000745 0.0094233431420119862
v 0.012028428752036746 0.001634 0.0049653431420119687
v 0.011819538752037062 -0.0038360000000000009 0.013089343142011961
v 0.011819538752037062 -0.0038360000000000009 0.013089343142011961
v 0.011819538752037062 -0.0038360000000000009 0.013089343142011961
v 0.012018513752036608 0.0011790000000000004 0.0043803481420119639
v 0.011999438752036629 0.00066600000000000014 0.008609343142011977
v 0.012004473752037115 0.00060800000000000003 0.0090333481420119544
v 0.011834493752036768 -0.0038379999999999998 0.013139353142011978
v 0.012049488752036652 0.001364 0.0087103481420119644
v 0.01205345375203698 0.001294 0.0091163431420119845
v 0.011990438752036703 -0.00056800000000000015 0.012030343142011957
v 0.011978533752037113 -0.0010860000000000002 0.011676338142011966
v 0.011978533752037113 -0.0010860000000000002 0.011676338142011966
v 0.011978533752037113 -0.0010860000000000002 0.011676338142011966
v 0.011951528752036922 -0.0018190000000000003 0.012145338142011991
v 0.011951528752036922 -0.0018190000000000003 0.012145338142011991
v 0.011951528752036922 -0.0018190000000000003 0.012145338142011991
v 0.011951528752036922 -0.0018190000000000003 0.012145338142011991
v 0.011960528752036848 -0.001593 0.011837338142011933
v 0.011960528752036848 -0.001593 0.011837338142011933
v 0.01198646875203685 -0.00095500000000000012 0.012812338142011964
v 0.01198646875203685 -0.00095500000000000012 0.012812338142011964
v 0.01198646875203685 -0.00095500000000000012 0.012812338142011964
v 0.012014393752036778 -0.00063299999999999999 0.012561348142011985
v 0.012042468752037128 -0.0007490000000000001 0.011893338142011961
v 0.012108538752036602 0.00087100000000000014 0.0086343481420119716
v 0.012114488752036856 0.00081400000000000005 0.0090473481420119684
v 0.012125478752036678 0.0011130000000000001 0.0086713481420119809
v 0.011901478752036898 -0.0046150000000000002 0.012312343142011961
v 0.011901478752036898 -0.0046150000000000002 0.012312343142011961
v 0.011901478752036898 -0.0046150000000000002 0.012312343142011961
v 0.011901478752036898 -0.0046150000000000002 0.012312343142011961
v 0.012051473752036579 -0.00094500000000000009 0.011757343142011989
v 0.012051473752036579 -0.00094500000000000009 0.011757343142011989
v 0.01213051375203672 0.0010500000000000002 0.0090723431420119682
v 0.012052538752037212 -0.0011220000000000002 0.01267933814201197
v 0.012052538752037212 -0.0011220000000000002 0.01267933814201197
v 0.012052538752037212 -0.0011220000000000002 0.01267933814201197
v 0.012178423752036871 0.00183 0.0028073481420119728
v 0.012178423752036871 0.00183 0.0028073481420119728
v 0.012205433752036587 0.0020050000000000003 0.0044803431420119555
v 0.01207847875203677 -0.0013220000000000003 0.012531348142011983
v 0.01207847875203677 -0.0013220000000000003 0.012531348142011983
v 0.01207847875203677 -0.0013220000000000003 0.012531348142011983
v 0.01207847875203677 -0.0013220000000000003 0.012531348142011983
v 0.012099538752036676 -0.00079799999999999999 0.012425338142011966
v 0.012099538752036676 -0.00079799999999999999 0.012425338142011966
v 0.012116473752036783 -0.0010330000000000001 0.012248353142011947
v 0.012116473752036783 -0.0010330000000000001 0.012248353142011947
v 0.012107473752036857 -0.001704 0.012231338142011938
v 0.012107473752036857 -0.001704 0.012231338142011938
v 0.012107473752036857 -0.001704 0.012231338142011938
v 0.012107473752036857 -0.001704 0.012231338142011938
v 0.012107473752036857 -0.001704 0.012231338142011938
v 0.012120438752036666 -0.0015260000000000004 0.012372348142011963
v 0.012120438752036666 -0.0015260000000000004 0.012372348142011963
v 0.012120438752036666 -0.0015260000000000004 0.012372348142011963
v 0.012120438752036666 -0.0015260000000000004 0.012372348142011963
v 0.012251513752036758 0.0010570000000000002 0.0041663431420119745
v 0.012159503752036838 -0.0014910000000000001 0.011899348142011962
v 0.012159503752036838 -0.0014910000000000001 0.011899348142011962
v 0.012180408752036798 -0.001294 0.012049343142011976
v 0.012424398752036769 0.00183 0.0044873431420119625
v 0.012424398752036769 0.00183 0.0044873431420119625
v 0.012424398752036769 0.00183 0.0044873431420119625
v 0.012424398752036769 0.00183 0.0044873431420119625
v 0.012553483752036965 0.0015580000000000001 0.0044483481420119764
v 0.012553483752036965 0.0015580000000000001 0.0044483481420119764
v 0.012553483752036965 0.0015580000000000001 0.0044483481420119764
v 0.012553483752036965 0.0015580000000000001 0.0044483481420119764
v 0.012579423752036523 0.0021129999999999999 0.0045093431420119567
v 0.012579423752036523 0.0021129999999999999 0.0045093431420119567
v 0.012579423752036523 0.0021129999999999999 0.0045093431420119567
v 0.012547533752037154 0.00094800000000000006 0.0032873431420119559
v 0.012616503752036767 0.0018740000000000004 0.0028703481420119803
v 0.012616503752036767 0.0018740000000000004 0.0028703481420119803
v 0.012747423752036913 0.0011050000000000001 0.004213343142011966
v 0.012810443752036715 0.0017510000000000002 0.005074348142011964
v 0.012862473752036696 0.0013190000000000001 0.0044003481420119561
v 0.012862473752036696 0.0013190000000000001 0.0044003481420119561
v 0.012878498752037004 0.001493 0.0050353431420119554
v 0.012900468752036709 0.0020300000000000001 0.0050983431420119629
v 0.012900468752036709 0.0020300000000000001 0.0050983431420119629
v 0.012927478752036869 0.0024090000000000001 0.0045173431420119647
v 0.012927478752036869 0.0024090000000000001 0.0045173431420119647
v 0.012927478752036869 0.0024090000000000001 0.0045173431420119647
v 0.012927478752036869 0.0024090000000000001 0.0045173431420119647
v 0.012948533752036806 0.0018390000000000001 0.0029263481420119808
v 0.012948533752036806 0.0018390000000000001 0.0029263481420119808
v 0.013060533752036918 0.001286 0.0049863431420119619
v 0.013106463752036668 0.0023240000000000001 0.0051053431420119422
v 0.013106463752036668 0.0023240000000000001 0.0051053431420119422
v 0.013165513752037061 0.0015550000000000002 0.0030403431420119587
v 0.013165513752037061 0.0015550000000000002 0.0030403431420119587
v 0.013151478752037093 0.0011709999999999999 0.0042493431420119743
v 0.013151478752037093 0.0011709999999999999 0.0042493431420119743
v 0.013183518752036438 0.00099800000000000019 0.0032103431420119621
v 0.013183518752036438 0.00099800000000000019 0.0032103431420119621
v 0.013269428752036572 0.0026880000000000003 0.0044873431420119625
v 0.013269428752036572 0.0026880000000000003 0.0044873431420119625
v 0.013269428752036572 0.0026880000000000003 0.0044873431420119625
v 0.013269428752036572 0.0026880000000000003 0.0044873431420119625
v 0.013256458752036793 0.0012850000000000001 0.0030833431420119739
v 0.013256458752036793 0.0012850000000000001 0.0030833431420119739
v 0.013309403752036986 0.0018260000000000004 0.0030123431420119584
v 0.013309403752036986 0.0018260000000000004 0.0030123431420119584
v 0.013287433752036837 0.001152 0.0049393481420119678
v 0.013346483752036786 0.0025690000000000005 0.0050993431420119639
v 0.013378528752036989 0.001126 0.0041233431420119593
v 0.013401418752036875 0.0011169999999999999 0.0096123431420119809
v 0.013498463752036838 0.0027920000000000002 0.0044633481420119914
v 0.013498463752036838 0.0027920000000000002 0.0044633481420119914
v 0.013498463752036838 0.0027920000000000002 0.0044633481420119914
v 0.013460468752036381 0.0013800000000000002 0.0096463481420119568
v 0.013440478752036633 0.00087900000000000012 0.0095703431420119667
v 0.013464433752037153 0.0010440000000000002 0.010074348142011968
v 0.013477403752036932 0.0010620000000000002 0.0039853481420119574
v 0.013500443752036795 0.0014390000000000002 0.0026023481420119898
v 0.013495408752037197 0.0011800000000000001 0.0091133481420119788
v 0.013506398752037019 0.0010370000000000002 0.0031673431420119469
v 0.013506398752037019 0.0010370000000000002 0.0031673431420119469
v 0.013506398752037019 0.0010370000000000002 0.0031673431420119469
v 0.01350349875203688 0.00081100000000000009 0.010046348142011968
v 0.013526538752036743 0.0013000000000000002 0.010113343142011955
v 0.013519518752036774 0.00094900000000000008 0.0090843481420119776
v 0.013539508752036966 0.0014170000000000001 0.0091403481420119503
v 0.013540423752036734 0.0011870000000000001 0.0026433481420119476
v 0.013545458752036776 0.0011090000000000002 0.0049053481420119616
v 0.013611528752036695 0.0026660000000000004 0.0050793431420119717
v 0.013589403752037044 0.001707 0.0025733481420119608
v 0.01356148375203664 0.00099700000000000006 0.0037813481420119477
v 0.013613513752037065 0.0021040000000000004 0.0029953481420119665
v 0.013613513752037065 0.0021040000000000004 0.0029953481420119665
v 0.013613513752037065 0.0021040000000000004 0.0029953481420119665
v 0.013577503752036979 0.00093900000000000016 0.0034523481420119795
v 0.013611528752036695 0.0016420000000000002 0.009681348142011964
v 0.013575518752036608 0.00069300000000000004 0.0095303431420119544
v 0.013654408752036773 0.001634 0.0091613481420119713
v 0.013621448752036802 0.00076000000000000004 0.0090573381420119559
v 0.013640523752036782 0.00062399999999999999 0.010019348142011969
v 0.013679433752037007 0.0015570000000000002 0.010166348142011977
v 0.013671498752036826 0.00097900000000000005 0.010489338142011972
v 0.01367744875203708 0.0009810000000000001 0.0026903431420119694
v 0.01368751875203672 0.0008690000000000002 0.0032163431420119681
v 0.013697438752036828 0.0007530000000000002 0.010464353142011967
v 0.01371742375203705 0.0012040000000000002 0.010529338142011985
v 0.013775408752036811 0.0019860000000000004 0.0025563431420119742
v 0.01380943875203694 0.0026900000000000006 0.0044633481420119914
v 0.013750538752036523 0.0011630000000000002 0.0042993431420119688
v 0.013808518752036758 0.001157 0.0048913481420119753
v 0.013869403752036658 0.0025730000000000002 0.0050503431420119704
v 0.013838428752036613 0.0017910000000000003 0.0091693481420119793
v 0.013795398752037002 0.00063700000000000009 0.009032343142011956
v 0.01379448375203679 0.00058600000000000015 0.0094933431420119729
v 0.013833393752037015 0.0014030000000000002 0.010578338142011978
v 0.01385353375203674 0.001848 0.0097063431420119639
v 0.013801503752036759 0.00056599999999999999 0.010450353142011953
v 0.013912433752036713 0.0023630000000000005 0.0029863431420119602
v 0.013912433752036713 0.0023630000000000005 0.0029863431420119602
v 0.013912433752036713 0.0023630000000000005 0.0029863431420119602
v 0.013855518752036666 0.00084400000000000013 0.0027343481420119831
v 0.013942493752036544 0.0026069999999999999 0.004114343142011978
v 0.013856433752036879 0.00050000000000000012 0.0099963481420119737
v 0.013913503752036871 0.0017580000000000002 0.010203343142011961
v 0.01388649375203671 0.0010580000000000001 0.00020934314201195847
v 0.013906483752036902 0.00083500000000000024 0.00025034814201194133
v 0.013947528752037031 0.0013000000000000002 0.00017534314201195222
v 0.013986438752036812 0.0022160000000000001 0.0025493431420119672
v 0.013945393752036683 0.00098400000000000028 -0.00014265185798803537
v 0.013956533752036482 0.001119 0.00059434814201198005
v 0.013964463752037137 0.00090300000000000016 0.00062334814201195354
v 0.013965533752036852 0.00076800000000000002 -0.00011365185798803412
v 0.014004443752037077 0.0013389999999999999 0.00056534814201195105
v 0.014016498752036644 0.0015460000000000001 0.01061533814201196
v 0.013855518752036666 -0.0021320000000000002 0.013452348142011961
v 0.013986438752036812 0.00080900000000000004 0.0032163431420119681
v 0.014060443752036467 0.0025340000000000002 0.0038053431420119743
v 0.013972398752036874 0.00044200000000000006 0.010441353142011972
v 0.01400840875203696 0.0012180000000000003 -0.00018165685798801623
v 0.014067463752036879 0.0024290000000000006 0.0043953431420119538
v 0.014028398752037152 0.0013320000000000003 0.0042753431420119448
v 0.01400840875203696 0.00065900000000000008 0.00028734314201195321
v 0.01404243875203709 0.0012960000000000001 0.004894343142011981
v 0.014086533752036889 0.0023340000000000001 0.0050123481420119853
v 0.013885423752036552 -0.0023210000000000001 0.013298348142011973
v 0.013885423752036552 -0.0023210000000000001 0.013298348142011973
v 0.014019398752036782 0.00059600000000000007 0.0090093431420119607
v 0.014074483752036848 0.0018500000000000001 0.00915734314201197
v 0.013924488752036723 -0.0016360000000000001 0.013828343142011951
v 0.013915483752036384 -0.0018679999999999999 0.013649338142011969
v 0.014038468752036792 0.00072400000000000014 0.00065134814201195379
v 0.013947528752037031 -0.0015340000000000002 0.013236343142011969
v 0.014086533752036889 0.0015370000000000002 0.00013934314201197173
v 0.013947528752037031 -0.0017280000000000002 0.013099338142011946
v 0.014063493752036582 0.00079299999999999998 0.0027683431420119642
v 0.014143453752036905 0.0024550000000000006 0.0029973431420119712
v 0.014143453752036905 0.0024550000000000006 0.0029973431420119712
v 0.014065478752036953 0.00055599999999999996 0.0094613431420119687
v 0.014069448752036806 0.00059100000000000005 -8.7651857988035875E-05
v 0.014110493752036934 0.0015370000000000002 0.00054134314201195743
v 0.014155503752036946 0.0024740000000000005 0.0035543431420119731
v 0.014133533752036798 0.0019300000000000003 0.0097003481420119553
v 0.013997423752036664 -0.0013500000000000003 0.013372353142011961
v 0.01396049875203681 -0.0023900000000000002 0.013819343142011969
v 0.01396049875203681 -0.0023900000000000002 0.013819343142011969
v 0.014011463752037046 -0.0014650000000000002 0.013962333142011951
v 0.014122393752036555 0.00091700000000000017 -0.00045765685798804245
v 0.014149403752036716 0.0014499999999999999 -0.00023065685798803748
v 0.013979418752036399 -0.002562 0.013675338142011967
v 0.013979418752036399 -0.002562 0.013675338142011967
v 0.013979418752036399 -0.002562 0.013675338142011967
v 0.013997423752036664 -0.002186 0.013977348142011958
v 0.013997423752036664 -0.002186 0.013977348142011958
v 0.014132463752037083 0.0007090000000000001 -0.00043265185798804784
v 0.014123463752037158 0.00045700000000000005 0.0099713431420119791
v 0.014019398752036782 -0.0019870000000000001 0.014126348142011969
v 0.014019398752036782 -0.0019870000000000001 0.014126348142011969
v 0.014210438752037036 0.0023019999999999998 0.0025643431420119545
v 0.014191518752037002 0.0018360000000000002 0.010199348142011955
v 0.014031453752036793 -0.0018580000000000001 0.013015338142011973
v 0.014170458752036652 0.0011220000000000002 -0.00049565185798805533
v 0.014175493752036694 0.00060400000000000004 0.00067534314201198042
v 0.014218523752036749 0.0015060000000000004 0.0049043481420119883
v 0.014242478752036825 0.0020460000000000005 0.0049663431420119697
v 0.014181443752036504 0.00055200000000000008 0.00032134814201195683
v 0.014109423752036776 -0.001214 0.013463353142011969
v 0.014181443752036504 0.00039899999999999999 0.01043133814201197
v 0.014083483752036774 -0.0018160000000000003 0.014258338142011939
v 0.014083483752036774 -0.0018160000000000003 0.014258338142011939
v 0.014240498752036868 0.0016000000000000001 0.010616348142011955
v 0.014214403752036919 0.000861 0.0032383431420119624
v 0.014208453752036665 0.00053400000000000008 -0.00041565685798802821
v 0.01427849375203688 0.0021320000000000002 0.004312343142011954
v 0.014255448752036604 0.001578 0.0042523481420119746
v 0.014270403752036753 0.001678 0.00053134814201197256
v 0.014102403752036807 -0.002395 0.013225353142011981
v 0.014292528752036848 0.0017660000000000002 0.0049273481420119836
v 0.01424141375203708 0.00047100000000000006 -6.3656857988036997E-05
v 0.014277423752037166 0.0013010000000000001 -0.00053965685798804119
v 0.014295428752036987 0.0017200000000000002 0.00011434314201194673
v 0.01425148375203672 0.00064100000000000008 0.0089903431420119695
v 0.01419944875203677 -0.0006150000000000001 -0.0021796518579880464
v 0.01430641375203684 0.0017950000000000002 0.0091263481420119641
v 0.014235463752036825 -0.00014500000000000003 -0.0025086518579880424
v 0.014282458752036764 0.00083199999999999995 0.0027843481420119498
v 0.014353413752036748 0.0023519999999999999 0.0030383481420119818
v 0.01423652875203657 -0.00036400000000000007 -0.0023536568579880235
v 0.014231493752036972 -0.00079600000000000005 -0.0020496568579880248
v 0.014231493752036972 -0.00079600000000000005 -0.0020496568579880248
v 0.014150468752036904 -0.002653 0.013578348142011976
v 0.014150468752036904 -0.002653 0.013578348142011976
v 0.014355393752036705 0.0018530000000000003 0.0042583481420119806
v 0.014351428752036821 0.0016280000000000001 -0.00026465185798804636
v 0.014198533752036557 -0.0019140000000000001 0.01297934314201199
v 0.014287493752036806 -8.8000000000000025E-05 -0.0020366568579880395
v 0.014234393752036667 -0.0013630000000000003 0.014031343142011987
v 0.01429939875203684 1.8E-05 -0.0026296518579880523
v 0.014263538752036731 -0.00082700000000000004 -0.0024706568579880295
v 0.014263538752036731 -0.00082700000000000004 -0.0024706568579880295
v 0.014294513752036775 -0.00026900000000000003 -0.0019176568579880315
v 0.014286428752036617 -0.00063200000000000018 -0.0026096518579880323
v 0.014286428752036617 -0.00063200000000000018 -0.0026096518579880323
v 0.014341508752036713 0.00059200000000000008 0.0094433481420119758
v 0.014296498752036702 -0.00044200000000000006 -0.0027396568579880487
v 0.014296498752036702 -0.00044200000000000006 -0.0027396568579880487
v 0.014321523752036491 8.5000000000000006E-05 -0.0021576518579880244
v 0.014415513752036813 0.0022040000000000007 0.0026003431420119627
v 0.014405443752036728 0.0018540000000000002 0.0096553431420119684
v 0.01434349375203664 0.00041400000000000009 -0.00040365185798804659
v 0.014288408752037018 -0.00099200000000000004 -0.0023486518579880489
v 0.014288408752037018 -0.00099200000000000004 -0.0023486518579880489
v 0.014288408752037018 -0.00099200000000000004 -0.0023486518579880489
v 0.01435844875203679 0.00055800000000000012 0.00069634314201197367
v 0.014286428752036617 -0.001132 0.013498353142011948
v 0.014269488752036541 -0.0016990000000000002 0.014346343142011969
v 0.01434349375203664 -0.00027900000000000006 -0.0028566568579880269
v 0.01434349375203664 -0.00027900000000000006 -0.0028566568579880269
v 0.014388508752036622 0.00044500000000000003 0.010415353142011946
v 0.014436418752036773 0.0014260000000000002 -0.00057165185798804807
v 0.014396443752036803 0.00050700000000000007 0.0099483481420119535
v 0.01440452875203696 0.00051600000000000007 0.00034934814201195707
v 0.014461443752036562 0.0017639999999999999 0.010153343142011995
v 0.014452443752036637 0.0015490000000000002 0.010582343142011952
v 0.014367448752036716 -0.00039000000000000005 -0.0018496518579880494
v 0.014367448752036716 -0.00039000000000000005 -0.0018496518579880494
v 0.014466478752037049 0.0017260000000000001 0.00054134314201195743
v 0.014409413752037026 0.000214 -0.0022436518579880549
v 0.014452443752036637 0.0010180000000000002 0.0032603431420119566
v 0.014443438752036741 0.0007670000000000001 0.0089823431420119615
v 0.014485398752036638 0.0016420000000000002 0.0090853481420119786
v 0.01445945875203708 0.00042200000000000007 -4.065685798804175E-05
v 0.014482503752036469 0.00095900000000000022 0.0027853481420119786
v 0.014531483752037222 0.0017870000000000002 0.00011834314201195073
v 0.014415513752036813 -0.00086400000000000008 -0.0019996568579880303
v 0.014549488752036599 0.0020900000000000003 0.0031163481420119765
v 0.014354478752036937 -0.0024970000000000005 0.01397435314201198
v 0.014354478752036937 -0.0024970000000000005 0.01397435314201198
v 0.014482503752036469 0.000116 -0.0027026568579880395
v 0.014360433752036716 -0.0026250000000000006 0.013871353142011961
v 0.014360433752036716 -0.0026250000000000006 0.013871353142011961
v 0.01437340375203694 -0.0023480000000000003 0.014096348142011966
v 0.01437340375203694 -0.0023480000000000003 0.014096348142011966
v 0.014434438752036816 -0.0010790000000000001 -0.0022766568579880297
v 0.014434438752036816 -0.0010790000000000001 -0.0022766568579880297
v 0.014580463752037087 0.0019660000000000003 0.0026513481420119556
v 0.014513478752036957 0.00036800000000000005 -0.00039165685798805971
v 0.014396443752036803 -0.002196 0.014222343142011956
v 0.014396443752036803 -0.002196 0.014222343142011956
v 0.014411393752036983 -0.0019230000000000002 0.012961338142011947
v 0.014492418752036607 -0.00016600000000000002 -0.0029426568579880297
v 0.014584428752036971 0.0016910000000000002 -0.0002616518579880156
v 0.014412463752036697 -0.0024040000000000003 0.013191348142011949
v 0.014552538752036714 0.0005930000000000001 0.00071334814201196028
v 0.014571458752037192 0.00095900000000000022 0.0089893431420119685
v 0.014592518752037098 0.0014280000000000002 0.009044343142011968
v 0.014509508752036659 -0.00044000000000000007 -0.0018276518579880552
v 0.014435503752037004 -0.0020610000000000003 0.014331348142011979
v 0.014408498752036814 -0.0027060000000000001 0.013802348142011978
v 0.014408498752036814 -0.0027060000000000001 0.013802348142011978
v 0.014408498752036814 -0.0027060000000000001 0.013802348142011978
v 0.014563523752036567 0.000571 0.010408353142011967
v 0.014554523752036641 0.00029100000000000003 -0.0022866518579880424
v 0.014575428752037045 0.00070500000000000001 0.0094393431420119744
v 0.014609453752036761 0.001407 0.010531338142011987
v 0.014500508752036734 -0.0011050000000000001 0.013483343142011966
v 0.014626393752036837 0.001653 0.0095893481420119553
v 0.014622423752036984 0.0014690000000000003 -0.00057165185798804807
v 0.014442523752036529 -0.0026760000000000004 0.013527343142011983
v 0.014620438752037057 0.0011910000000000002 0.0090103431420119895
v 0.014655538752036901 0.0016680000000000002 0.00057134814201198481
v 0.014639513752037037 0.0011590000000000001 0.0027773481420119706
v 0.014504473752037061 -0.001964 0.01440234314201197
v 0.014652483752036816 0.0012540000000000003 0.00327634814201197
v 0.014625478752036625 0.00063600000000000017 0.0099373431420119729
v 0.014674458752036934 0.001567 0.010081348142011975
v 0.014463428752036933 -0.0030570000000000007 0.014477338142011992
v 0.014545518752036746 -0.0013330000000000002 0.014015343142011971
v 0.014632493752037068 0.00054100000000000014 0.00036634314201197671
v 0.014463428752036933 -0.0031219999999999998 0.014380348142011973
v 0.014691393752036597 0.0016830000000000003 0.0027083481420119571
v 0.014479448752036828 -0.0029830000000000004 0.01459235314201196
v 0.014703448752037052 0.0017960000000000001 0.0032053481420119823
v 0.01449653875203688 -0.0027310000000000004 0.013773338142011954
v 0.014583513752036759 -0.00091100000000000003 -0.0026146518579880373
v 0.014583513752036759 -0.00091100000000000003 -0.0026146518579880373
v 0.014592518752037098 -0.0007670000000000001 -0.0027196518579880591
v 0.014592518752037098 -0.0007670000000000001 -0.0027196518579880591
v 0.014498523752036807 -0.0029090000000000001 0.014711353142011968
v 0.014605488752036877 -0.00062200000000000005 -0.0028296568579880277
v 0.014605488752036877 -0.00062200000000000005 -0.0028296568579880277
v 0.014491503752036838 -0.0031630000000000009 0.014317348142011965
v 0.014491503752036838 -0.0031630000000000009 0.014317348142011965
v 0.014593433752036866 -0.0010340000000000002 -0.0025256518579880316
v 0.014593433752036866 -0.0010340000000000002 -0.0025256518579880316
v 0.014678423752036818 0.00075700000000000008 0.010417338142011956
v 0.014700398752036936 0.001209 0.010480338142011963
v 0.014573443752036674 -0.0016569999999999998 0.014350348142011971
v 0.014716418752036831 0.0014090000000000001 0.0027523431420119759
v 0.014632493752037068 -0.00049200000000000014 -0.0029246518579880421
v 0.014632493752037068 -0.00049200000000000014 -0.0029246518579880421
v 0.014525533752036968 -0.002843 0.014814348142011963
v 0.014685443752036786 0.00046000000000000001 -1.9656857988020748E-05
v 0.014687428752036713 0.00040400000000000006 -0.00037865685798801896
v 0.01475044375203699 0.0017090000000000002 0.00016134314201196598
v 0.014722523752037031 0.00098300000000000015 0.010442343142011978
v 0.014749528752036778 0.0015210000000000002 0.003263348142011957
v 0.014716418752036831 0.00070500000000000001 0.00071934814201196629
v 0.014599538752037067 -0.0019290000000000002 0.014416343142011984
v 0.01463752875203711 -0.0011110000000000002 -0.0024696518579880311
v 0.01463752875203711 -0.0011110000000000002 -0.0024696518579880311
v 0.01463752875203711 -0.0011110000000000002 -0.0024696518579880311
v 0.014736408752037022 0.00089400000000000005 0.0094523431420119597
v 0.014546433752036514 -0.0031760000000000004 0.014291353142011937
v 0.014546433752036514 -0.0031760000000000004 0.014291353142011937
v 0.014513478752036957 -0.0039069999999999999 0.014961348142011971
v 0.014763413752037213 0.0013950000000000004 0.0095283431420119802
v 0.014514393752037169 -0.0039240000000000004 0.014887343142011983
v 0.014572528752036906 -0.0027930000000000003 0.014883358142011971
v 0.014685443752036786 -0.00039899999999999999 -0.0029896568579880489
v 0.014436418752036773 -0.0056010000000000009 0.013945343142011957
v 0.014436418752036773 -0.0056010000000000009 0.013945343142011957
v 0.014436418752036773 -0.0056010000000000009 0.013945343142011957
v 0.014687428752036713 -0.00044800000000000005 -0.0018246568579880496
v 0.014523393752037095 -0.003889000000000001 0.015047348142011974
v 0.014645463752036847 -0.001392 -0.0030016518579880358
v 0.014674458752036934 -0.00087100000000000014 -0.0019896518579880507
v 0.014627458752036582 -0.001908 0.012940338142011981
v 0.014651418752036627 -0.001457 -0.0029216568579880364
v 0.014661488752036711 -0.001242 -0.0031986518579880385
v 0.014733508752036883 0.00031700000000000001 -0.0022876568579880407
v 0.01453651875203682 -0.0038740000000000007 0.015137338142011986
v 0.014593433752036866 -0.0027000000000000006 0.013784343142011934
v 0.014593433752036866 -0.0027000000000000006 0.013784343142011934
v 0.01453651875203682 -0.0039350000000000001 0.014838343142011989
v 0.01453651875203682 -0.0039350000000000001 0.014838343142011989
v 0.014794393752036783 0.0015200000000000001 0.00061234314201197293
v 0.014803393752036709 0.0016170000000000002 -0.00021865685798802548
v 0.014795458752036528 0.0014160000000000002 -0.00053965685798804119
v 0.01449653875203688 -0.0048930000000000006 0.014849348142011998
v 0.014681478752036903 -0.0011000000000000001 -0.0022506518579880341
v 0.014500508752036734 -0.0048420000000000008 0.014800348142011949
v 0.014679493752036976 -0.001175 -0.0032866568579880406
v 0.014740528752036852 0.00014600000000000003 -0.0027086568579880455
v 0.014556508752036568 -0.0038590000000000009 0.015215348142011975
v 0.014781423752037004 0.0008250000000000001 0.0099433431420119511
v 0.014804463752036867 0.0013120000000000002 0.010011348142011989
v 0.014513478752036957 -0.0048330000000000005 0.014745338142011954
v 0.01451149375203703 -0.0049240000000000013 0.014914348142011979
v 0.014678423752036818 -0.0014990000000000003 -0.0028696518579880426
v 0.014678423752036818 -0.0014990000000000003 -0.0028696518579880426
v 0.014802478752036941 0.0011330000000000001 0.0094853481420119623
v 0.014746478752036662 -0.00012400000000000001 -0.0029646568579880517
v 0.014608538752036992 -0.0031580000000000007 0.014305353142011951
v 0.014659503752037228 -0.0021430000000000004 -0.003358651857988032
v 0.014632493752037068 -0.0027740000000000004 0.014899338142011942
v 0.014632493752037068 -0.0027740000000000004 0.014899338142011942
v 0.014711533752036765 -0.0011350000000000002 -0.0024496568579880362
v 0.014711533752036765 -0.0011350000000000002 -0.0024496568579880362
v 0.014664538752036382 -0.002163 -0.0032986568579880526
v 0.014713518752037136 -0.0011250000000000001 -0.00334665185798802
v 0.014578478752037161 -0.0039379999999999997 0.014819343142011943
v 0.014578478752037161 -0.0039379999999999997 0.014819343142011943
v 0.014669423752036892 -0.0021020000000000001 -0.0035036568579880356
v 0.014715503752036618 -0.0011270000000000002 0.013458338142011972
v 0.014540483752036704 -0.0048220000000000008 0.014710338142011975
v 0.014540483752036704 -0.0048220000000000008 0.014710338142011975
v 0.014590533752036727 -0.0038460000000000005 0.015267343142011974
v 0.014681478752036903 -0.0020830000000000002 -0.0035686568579880451
v 0.014763413752037213 -0.00036500000000000004 -0.0030086518579880428
v 0.014688493752036902 -0.0019610000000000005 0.014381343142011976
v 0.014685443752036786 -0.0021760000000000004 -0.003260651857988045
v 0.014685443752036786 -0.0021760000000000004 -0.003260651857988045
v 0.014830403752036869 0.00088100000000000006 0.00071134314201196092
v 0.014669423752036892 -0.0026090000000000002 0.013835343142011958
v 0.014669423752036892 -0.0026090000000000002 0.013835343142011958
v 0.0146494337520367 -0.0030640000000000003 -0.0032276518579880398
v 0.014724503752036544 -0.0015110000000000002 -0.0028516568579880497
v 0.014724503752036544 -0.0015110000000000002 -0.0028516568579880497
v 0.014844438752037281 0.0010580000000000001 0.0099653431420119731
v 0.014656453752037113 -0.0030190000000000004 -0.0031906518579880305
v 0.014562458752036822 -0.0049490000000000011 0.014941338142011956
v 0.014562458752036822 -0.0049490000000000011 0.014941338142011956
v 0.014831468752037058 0.00063900000000000003 0.00037034814201197808
v 0.014707418752036905 -0.0020680000000000004 -0.0036136518579880372
v 0.014658433752036626 -0.0030880000000000005 -0.0032786568579880326
v 0.014658433752036626 -0.0031060000000000003 0.01435734814201195
v 0.014574513752036833 -0.004830000000000001 0.014742348142011974
v 0.014872518752037156 0.0013180000000000002 0.00065334314201195842
v 0.014625478752036625 -0.0039300000000000003 0.014830353142011976
v 0.014670488752036637 -0.0030140000000000002 -0.0031466568579880116
v 0.014837418752036868 0.00051400000000000003 -0.00037265685798804071
v 0.014762498752037001 -0.0011050000000000001 -0.0033636568579880344
v 0.014762498752037001 -0.0011050000000000001 -0.0033636568579880344
v 0.014687428752036713 -0.0027900000000000008 0.014869338142011967
v 0.014636463752036921 -0.0038379999999999998 0.015280353142011954
v 0.014636463752036921 -0.0038379999999999998 0.015280353142011954
v 0.014720538752037104 -0.0021800000000000001 -0.0032476518579880598
v 0.014720538752037104 -0.0021800000000000001 -0.0032476518579880598
v 0.014647448752036774 -0.0037810000000000005 -0.0024656568579880522
v 0.014647448752036774 -0.0037810000000000005 -0.0024656568579880522
v 0.014647448752036774 -0.0037810000000000005 -0.0024656568579880522
v 0.014715503752036618 -0.0024720000000000002 0.013924343142011963
v 0.014715503752036618 -0.0024720000000000002 0.013924343142011963
v 0.01488243375203685 0.0010960000000000002 0.00068834314201196567
v 0.014690478752036829 -0.0030290000000000004 0.01444334814201198
v 0.014603503752036506 -0.004829 0.014798343142011977
v 0.014693528752036944 -0.003006 -0.0031206518579880438
v 0.014693528752036944 -0.003006 -0.0031206518579880438
v 0.01474144375203662 -0.002049 0.014290343142011969
v 0.014726488752036915 -0.0023820000000000004 0.01317133814201199
v 0.014743428752036991 -0.0020590000000000001 -0.0036266518579880502
v 0.014792408752036412 -0.0011040000000000002 -0.0024656568579880522
v 0.014792408752036412 -0.0011040000000000002 -0.0024656568579880522
v 0.01477546875203678 -0.001493 -0.0028676518579880406
v 0.014700398752036936 -0.0031090000000000007 -0.0033026518579880315
v 0.014612508752036846 -0.0049070000000000008 0.014903343142011971
v 0.014662403752036923 -0.0039080000000000009 0.014871338142011942
v 0.014709398752036862 -0.0029510000000000001 0.014552353142011976
v 0.014740528752036852 -0.0023210000000000001 0.014038343142011966
v 0.014740528752036852 -0.0023210000000000001 0.014038343142011966
v 0.014717488752036989 -0.0028280000000000002 0.014786348142011962
v 0.014922413752036789 0.0015170000000000001 0.00022534314201194672
v 0.014619523752036845 -0.0048590000000000005 0.014843338142011997
v 0.014752428752036917 -0.0021750000000000003 0.014167338142011959
v 0.014752428752036917 -0.0021750000000000003 0.014167338142011959
v 0.014881518752037082 0.00057200000000000003 -1.0651857988014379E-05
v 0.014839403752036795 -0.00039500000000000006 -0.0029836568579880429
v 0.014722523752037031 -0.0028830000000000001 0.014673338142011966
v 0.014917528752036724 0.001281 -0.0004916568579880487
v 0.014759448752036886 -0.0021720000000000003 -0.0032596568579880414
v 0.014678423752036818 -0.0038420000000000004 0.015257348142011962
v 0.014810413752036677 -0.0011210000000000003 -0.0033416568579880401
v 0.014721453752036873 -0.0030100000000000005 -0.003147651857988043
v 0.014687428752036713 -0.0038780000000000004 0.014938343142011951
v 0.014752428752036917 -0.0026370000000000005 0.013521338142011952
v 0.014752428752036917 -0.0026370000000000005 0.013521338142011952
v 0.014781423752037004 -0.0020630000000000002 -0.0036106568579880316
v 0.014813463752036793 -0.0014420000000000001 -0.0029136568579880562
v 0.01474144375203662 -0.003006 -0.0031946568579880597
v 0.014700398752036936 -0.0038550000000000004 0.015022343142011979
v 0.014702533752036839 -0.0038430000000000001 0.015196353142011954
v 0.014868398752036882 -0.00043200000000000004 -0.0018196568579880446
v 0.014743428752036991 -0.0030720000000000001 -0.0032766518579880333
v 0.014789508752036717 -0.0021480000000000002 -0.0032946568579880486
v 0.014707418752036905 -0.0038450000000000008 0.015112353142011953
v 0.014840473752036509 -0.0011610000000000001 -0.0032746518579880313
v 0.014752428752036917 -0.0030310000000000003 -0.0032306568579880401
v 0.014811483752036836 -0.001848 0.012944343142011955
v 0.014912493752037126 0.000299 -0.0022786518579880621
v 0.014852528752036964 -0.0010180000000000002 -0.0025146568579880457
v 0.014852528752036964 -0.0010180000000000002 -0.0025146568579880457
v 0.014836503752036656 -0.001366 -0.0029886518579880506
v 0.014804463752036867 -0.0020670000000000003 -0.0035616568579880381
v 0.014967423752036801 0.0014300000000000001 -0.00015065185798804337
v 0.014804463752036867 -0.0021160000000000003 -0.0033526518579880538
v 0.014846423752036764 -0.0012870000000000002 -0.0030806518579880315
v 0.014849473752036435 -0.0012180000000000003 -0.0031816568579880189
v 0.014940418752036611 0.00068300000000000001 -0.00038165185798802459
v 0.014811483752036836 -0.0020890000000000001 -0.0034206568579880359
v 0.014887468752036892 -0.00048000000000000007 -0.0029096518579880548
v 0.014887468752036892 -0.00048000000000000007 -0.0029096518579880548
v 0.014812398752036604 -0.0020740000000000003 -0.0034946518579880292
v 0.014854508752036921 -0.0013580000000000003 0.013972348142011981
v 0.014886403752036703 -0.0008870000000000002 -0.0025946518579880451
v 0.014886403752036703 -0.0008870000000000002 -0.0025946518579880451
v 0.014981463752036739 0.0010970000000000001 -0.00044365685798802845
v 0.014904408752036524 -0.00060100000000000008 -0.0028056518579880341
v 0.014904408752036524 -0.00060100000000000008 -0.0028056518579880341
v 0.014900438752036671 -0.00074200000000000004 -0.0026946568579880315
v 0.014900438752036671 -0.00074200000000000004 -0.0026946568579880315
v 0.014973528752037002 0.00081000000000000017 0.00035834314201196871
v 0.01488243375203685 -0.0012060000000000003 0.013393353142011982
v 0.014988483752036708 0.00088800000000000012 -0.00040665685798804696
v 0.014876483752036596 -0.0016910000000000002 0.014286358142011957
v 0.014876483752036596 -0.0016910000000000002 0.014286358142011957
v 0.015021443752036678 0.0012740000000000002 0.00028434814201194758
v 0.014937518752036472 -0.00084800000000000001 -0.0019916518579880249
v 0.015018388752037037 0.00074200000000000004 -1.765185798802138E-05
v 0.014938433752037128 -0.0010610000000000001 -0.0022646518579880481
v 0.014938433752037128 -0.0010610000000000001 -0.0022646518579880481
v 0.015039448752036944 0.0010300000000000001 0.00032734814201196283
v 0.015000538752036718 0.00012500000000000003 -0.0026896568579880265
v 0.015062488752036807 0.0011910000000000002 -8.4656857988030243E-05
v 0.015001453752036487 -0.00015500000000000003 -0.0029286568579880434
v 0.014932483752036874 -0.0017180000000000001 0.013011348142011964
v 0.014973528752037002 -0.0013420000000000003 0.013286353142011986
v 0.01508140875203684 0.00095600000000000014 -4.065685798804175E-05
v 0.01502052875203691 -0.00037500000000000001 -0.0018356518579880354
v 0.015055468752036838 0.00022700000000000004 -0.0022306518579880419
v 0.014985433752036592 -0.0015260000000000004 0.013146353142011957
v 0.014971393752036655 -0.0023040000000000001 0.013203343142011964
v 0.014971393752036655 -0.0023040000000000001 0.013203343142011964
v 0.014970478752036886 -0.002532 0.01357335314201194
v 0.014970478752036886 -0.002532 0.01357335314201194
v 0.014970478752036886 -0.002532 0.01357335314201194
v 0.015117418752036926 -0.00025300000000000002 -0.0019026568579880443
v 0.015136493752036906 0.00010100000000000002 -0.0021426568579880345
v 0.015065538752036922 -0.0014560000000000003 0.013865348142011957
v 0.015057453752037209 -0.0017960000000000001 0.014152343142011969
v 0.015057453752037209 -0.0017960000000000001 0.014152343142011969
v 0.015153428752036568 -7.2000000000000002E-05 -0.0020216568579880523
v 0.015116503752036714 -0.00095900000000000022 -0.002322656857988048
v 0.015116503752036714 -0.00095900000000000022 -0.002322656857988048
v 0.015116503752036714 -0.00095900000000000022 -0.002322656857988048
v 0.015158463752037055 -0.00025500000000000002 -0.0028266518579880551
v 0.015158463752037055 -0.00025500000000000002 -0.0028266518579880551
v 0.015138478752037277 -0.00077200000000000012 -0.0020346568579880375
v 0.015138478752037277 -0.00077200000000000012 -0.0020346568579880375
v 0.015181508752036887 3.4000000000000007E-05 -0.0026106568579880307
v 0.015068438752036617 -0.0023500000000000001 0.013693343142011982
v 0.015068438752036617 -0.0023500000000000001 0.013693343142011982
v 0.015082478752036554 -0.0021160000000000003 0.013340348142011987
v 0.015113453752036599 -0.0018550000000000001 0.013540353142011963
v 0.01510048375203682 -0.0021460000000000003 0.013844348142011964
v 0.01510048375203682 -0.0021460000000000003 0.013844348142011964
v 0.015110398752036958 -0.0019550000000000001 0.013998348142011952
v 0.015110398752036958 -0.0019550000000000001 0.013998348142011952
v 0.015138478752037277 -0.0016250000000000001 0.013717353142011973
v 0.01519249375203674 -0.00078500000000000011 -0.0024326518579880496
v 0.01519249375203674 -0.00078500000000000011 -0.0024326518579880496
v 0.015211413752036773 -0.00040700000000000003 -0.0026986518579880381
v 0.015211413752036773 -0.00040700000000000003 -0.0026986518579880381
v 0.015211413752036773 -0.00058900000000000011 -0.0025656518579880161
v 0.015211413752036773 -0.00058900000000000011 -0.0025656518579880161
v 0.015223468752036784 -0.00059200000000000008 -0.0021596518579880264
v 0.015239488752037122 -0.00034299999999999999 -0.0023336518579880339
v 0.015249408752036786 -0.00012500000000000003 -0.0024866568579880455
v 0.0093294537520368093 0.01251 2.8343142011943989E-05
v 0.0093885087520367283 0.012584000000000001 0.00051934314201196319
v 0.0095134787520370634 0.012431000000000003 -0.00046065185798804809
v 0.0096804087520368509 0.012615000000000001 0.00093834814201196326
v 0.0097724187520372152 0.012451000000000002 -0.00086265685798805891
v 0.0099153937520369273 0.012497000000000001 -0.0010796568579880261
v 0.010129473752037044 0.012578000000000001 -0.0014836518579880442
v 0.010194478752036773 0.012632000000000003 0.0012083431420119584
v 0.010632403752036723 0.012410000000000003 -0.0019086568579880503
v 0.010807423752037082 0.012638000000000003 0.0012733481420119652
v 0.011364518752037089 0.012715000000000002 0.0011963481420119715
v 0.011618428752036725 0.012411000000000002 -0.0019506568579880368
v 0.011407398752037168 0.0026460000000000003 0.003289348142011983
v 0.011407398752037168 0.0026460000000000003 0.003289348142011983
v 0.011407398752037168 0.0026460000000000003 0.003289348142011983
v 0.011407398752037168 0.0026460000000000003 0.003289348142011983
v 0.01153541875203673 0.0026100000000000003 0.0030023481420119458
v 0.01153541875203673 0.0026100000000000003 0.0030023481420119458
v 0.01153541875203673 0.0026100000000000003 0.0030023481420119458
v 0.011922533752036835 0.012782000000000002 0.0010003481420119698
v 0.011605458752036502 0.0027160000000000005 0.0036573431420119651
v 0.011605458752036502 0.0027160000000000005 0.0036573431420119651
v 0.011605458752036502 0.0027160000000000005 0.0036573431420119651
v 0.011605458752036502 0.0027160000000000005 0.0036573431420119651
v 0.011669393752036517 0.0025650000000000004 0.0027793481420119726
v 0.011669393752036517 0.0025650000000000004 0.0027793481420119726
v 0.011703418752036676 0.0033810000000000003 0.0027863481420119518
v 0.011703418752036676 0.0033810000000000003 0.0027863481420119518
v 0.011703418752036676 0.0033810000000000003 0.0027863481420119518
v 0.012051473752036579 0.012563 -0.0015156568579880458
v 0.011752398752036985 0.0032919999999999998 0.0024473481420119736
v 0.011808398752036819 0.0035650000000000005 0.0030313481420119748
v 0.011808398752036819 0.0035650000000000005 0.0030313481420119748
v 0.011808398752036819 0.0035650000000000005 0.0030313481420119748
v 0.011782458752036817 0.0024720000000000002 0.0025313481420119466
v 0.012150498752036942 0.012569 -0.0012206568579880284
v 0.012150498752036942 0.012569 -0.0012206568579880284
v 0.011856463752036916 0.0028090000000000003 0.0039453431420119756
v 0.011856463752036916 0.0028090000000000003 0.0039453431420119756
v 0.011856463752036916 0.0028090000000000003 0.0039453431420119756
v 0.012193528752036997 0.01255 -0.0010236568579880256
v 0.012193528752036997 0.01255 -0.0010236568579880256
v 0.011918413752036561 0.0032630000000000003 0.0021753481420119791
v 0.011909413752036635 0.0024380000000000001 0.0024453431420119465
v 0.012025533752037021 0.0038060000000000004 0.0031103431420119731
v 0.012361528752036499 0.012824 0.00065434314201195942
v 0.012361528752036499 0.012824 0.00065434314201195942
v 0.012380448752036533 0.012533000000000002 -0.00071365185798802355
v 0.012380448752036533 0.012533000000000002 -0.00071365185798802355
v 0.012128528752036793 0.0032460000000000006 0.001965343142011966
v 0.012157518752036911 0.0023630000000000005 0.0022063431420119572
v 0.012157518752036911 0.0023630000000000005 0.0022063431420119572
v 0.012193528752036997 0.0029020000000000005 0.0041523431420119605
v 0.012577443752036566 0.012615000000000001 -0.00032265685798804622
v 0.012577443752036566 0.012615000000000001 -0.00032265685798804622
v 0.012316518752036931 0.0040039999999999997 0.0031143481420119745
v 0.012305528752037109 0.0031820000000000004 0.0017763431420119435
v 0.012640458752036843 0.012737000000000002 0.00018434314201196123
v 0.012640458752036843 0.012737000000000002 0.00018434314201196123
v 0.012377398752036417 0.0031260000000000003 0.0016493431420119553
v 0.012429433752036811 0.0030950000000000005 0.0015383431420119553
v 0.012437518752036969 0.0023820000000000004 0.0020983431420119603
v 0.012484513752036908 0.0030790000000000001 0.0014623431420119626
v 0.012556538752036606 0.003065 0.0014363481420119895
v 0.012639393752037098 0.0040680000000000004 0.0031263431420119892
v 0.012634508752036588 0.0030560000000000001 0.001464348142011962
v 0.012690508752036866 0.0029100000000000003 0.0042863481420119809
v 0.012710498752037058 0.0030730000000000006 0.0015293481420119714
v 0.012710498752037058 0.0030730000000000006 0.0015293481420119714
v 0.012878498752037004 0.0031750000000000003 0.0017423431420119651
v 0.012878498752037004 0.0031750000000000003 0.0017423431420119651
v 0.01285347375203677 0.0024290000000000006 0.0021943481420119704
v 0.01285347375203677 0.0024290000000000006 0.0021943481420119704
v 0.012988513752036746 0.003961000000000001 0.00316534814201197
v 0.013087388752036688 0.0032420000000000001 0.0019333481420119591
v 0.013087388752036688 0.0032420000000000001 0.0019333481420119591
v 0.013266528752036877 0.0037580000000000005 0.0031473431420119546
v 0.013266528752036877 0.0037580000000000005 0.0031473431420119546
v 0.013257523752036982 0.0028760000000000005 0.0041653431420119735
v 0.013257523752036982 0.0028760000000000005 0.0041653431420119735
v 0.013284533752036698 0.0024810000000000001 0.0024343481420119606
v 0.013332448752036818 0.0032210000000000003 0.0021303481420119619
v 0.013457418752036709 0.00349 0.0030343431420119804
v 0.013478473752036646 0.0025390000000000005 0.0025603481420119756
v 0.013524403752036396 0.0031980000000000003 0.0023843481420119661
v 0.013519518752036774 0.0027340000000000003 0.0039403431420119706
v 0.013519518752036774 0.0027340000000000003 0.0039403431420119706
v 0.013519518752036774 0.0027340000000000003 0.0039403431420119706
v 0.013565448752036968 0.0032730000000000003 0.0027333431420119569
v 0.013602528752036769 0.002532 0.0027903481420119558
v 0.013631518752036886 0.0026710000000000002 0.003592348142011953
v 0.013631518752036886 0.0026710000000000002 0.003592348142011953
v 0.013638538752036855 0.002568 0.0029553431420119569
v 0.013638538752036855 0.002568 0.0029553431420119569
v 0.013638538752036855 0.002568 0.0029553431420119569
v 0.013642503752036739 0.0026210000000000001 0.0031993481420119485
v 0.013642503752036739 0.0026210000000000001 0.0031993481420119485
v 0.013642503752036739 0.0026210000000000001 0.0031993481420119485
v 0.013642503752036739 0.0026210000000000001 0.0031993481420119485
v 0.0056894737520368222 0.018178000000000003 -0.0022816568579880347
v 0.0056894737520368222 0.018178000000000003 -0.0022816568579880347
v 0.0067903937520371049 0.017374000000000001 -0.0021436518579880381
v 0.0068444087520370123 0.017722000000000002 -0.0038416568579880406
v 0.0069644987520368073 0.020190000000000003 0.0069383431420119712
v 0.0071544687520369021 0.017406000000000001 0.00068434814201195904
v 0.008151478752036756 0.014557 -7.7656857988023242E-05
v 0.0083394637520369241 0.019970000000000002 -0.0070726468579880575
v 0.0082384537520370782 0.014106000000000002 0.00018134314201195822
v 0.0082424187520365177 0.014263999999999999 -0.00035365185798802434
v 0.0084894587520366049 0.014594000000000003 -0.0012176518579880558
v 0.0085015137520370598 0.014119000000000001 0.00097134814201196851
v 0.0085044137520371987 0.013616000000000001 -0.00034265685798803847
v 0.0085244037520369464 0.013513000000000001 0.00016434814201196635
v 0.0085434737520369564 0.013899999999999999 0.00073234314201198192
v 0.0086135137520367278 0.014325000000000003 -0.0010436518579880483
v 0.0086664637520368903 0.015065000000000002 -0.0036756518579880437
v 0.00870048875203705 0.013682000000000003 -0.0007766518579880588
v 0.0088134037520369302 0.013425000000000001 0.00070534814201195228
v 0.0088814587520367749 0.013738999999999999 -0.0010536568579880279
v 0.0090244337520369311 0.017317000000000003 0.0024813481420119521
v 0.0090244337520369311 0.017317000000000003 0.0024813481420119521
v 0.0090573937520369019 0.013722000000000002 0.001155348142011986
v 0.0090804337520367651 0.013670000000000002 -0.001331651857988031
v 0.0091284987520368621 0.012821000000000003 -3.0651857988034381E-05
v 0.0092005187520365905 0.014188000000000001 -0.001957656857988016
v 0.0091915187520371089 0.012827 -0.00044465185798803208
v 0.0092433987520366689 0.013358000000000002 0.0011523431420119579
v 0.009237443752036445 0.012819000000000001 0.00043834814201196282
v 0.0095294987520369578 0.022268 0.0094233431420119862
v 0.0093705037520364631 0.013574000000000001 -0.0017856518579880409
v 0.0093894237520369406 0.012869 -0.00081765185798801654
v 0.0095143937520368316 0.012806000000000001 0.0008853431420119684
v 0.0095413987520370225 0.013802000000000002 0.0016123481420119712
v 0.0095655087520370441 0.012937000000000002 -0.0010896568579880361
v 0.0096035037520366129 0.014053000000000003 -0.0024826518579880441
v 0.0096353937520368693 0.013008 -0.0012606518579880432
v 0.0097344237520367582 0.013439000000000001 -0.0022016518579880406
v 0.0097634137520368758 0.013028999999999999 -0.0015596568579880343
v 0.0098114837520369425 0.013606000000000002 0.0015413481420119557
v 0.0098694637520367334 0.014351000000000001 -0.0028876568579880302
v 0.0098944887520369673 0.013273 0.0014823431420119826
v 0.010016408752036743 0.012983000000000001 -0.0019166568579880583
v 0.01003944875203705 0.012784000000000002 0.0012183481420119657
v 0.01015053375203695 0.014021 -0.0029036518579880488
v 0.010184403752036719 0.013419 -0.002632656857988025
v 0.010381398752036752 0.012907 -0.0022836568579880367
v 0.010645528752036892 0.015579000000000003 -0.0045076568579880405
v 0.010674518752036566 0.013844000000000002 0.0018063431420119735
v 0.010712513752037023 0.013272000000000001 0.0015463431420119633
v 0.010721513752036949 0.012797000000000001 0.0013043481420119685
v 0.010775533752036826 0.013611000000000002 0.0016003431420119618
v 0.010837483752036914 0.014381 -0.0032326518579880448
v 0.010857473752037106 0.013916000000000001 -0.0031006518579880515
v 0.010895463752037149 0.013287000000000002 -0.0028006568579880542
v 0.011023488752036681 0.012821000000000003 -0.0024336518579880506
v 0.011461413752036631 0.018600000000000002 0.0017273431420119501
v 0.011360398752036815 0.012864 0.0012023431420119524
v 0.011637498752037179 0.021621000000000001 -0.005731651857988046
v 0.011677478752037118 0.021878000000000005 -0.0030496518579880283
v 0.011496508752036949 0.013382000000000003 0.0013783431420119618
v 0.011580433752037156 0.013972999999999999 -0.0029226568579880374
v 0.01159645375203705 0.013368 -0.0026726518579880676
v 0.011622393752036608 0.013795 0.0013473431420119586
v 0.011659473752036853 0.013980000000000001 0.0014453431420119456
v 0.011636433752036546 0.01291 -0.002318656857988044
v 0.011973498752036627 0.020251000000000005 -0.0039156518579880617
v 0.011821523752036545 0.014379000000000001 -0.0028436568579880417
v 0.011821523752036545 0.014379000000000001 -0.0028436568579880417
v 0.011936418752036826 0.012972999999999998 0.00097934814201197651
v 0.011956408752037018 0.012992000000000002 -0.0019616518579880504
v 0.011985398752036691 0.013387000000000003 -0.0022546568579880355
v 0.012021413752036747 0.01396 -0.0025316518579880376
v 0.012161488752036764 0.013035000000000003 -0.0016356568579880271
v 0.012198413752036619 0.013514999999999999 0.0010403431420119569
v 0.012238393752037002 0.013507 -0.0019316568579880455
v 0.012267533752036652 0.012968 -0.001315651857988015
v 0.012336503752036709 0.014194000000000002 -0.0021396518579880619
v 0.01233848875203708 0.014072000000000001 0.00087134314201198215
v 0.012427448752036885 0.013048000000000002 0.00058734814201197305
v 0.012427448752036885 0.013048000000000002 0.00058734814201197305
v 0.012512438752036836 0.014426000000000003 0.00075334314201194741
v 0.012511523752037068 0.013629 -0.0016446568579880361
v 0.012778398752036957 0.019682000000000002 -0.0014266568579880401
v 0.012581408752036893 0.012988 -0.00085965185798803079
v 0.012664418752036888 0.014973 -0.0017066568579880148
v 0.012664418752036888 0.014973 -0.0017066568579880148
v 0.012728503752036435 0.013697000000000001 0.00049234314201196394
v 0.012726518752036953 0.013023000000000002 -0.00046465685798804945
v 0.012726518752036953 0.013023000000000002 -0.00046465685798804945
v 0.012778398752036957 0.014425 7.4348142011959606E-05
v 0.012818528752036873 0.014956000000000001 -0.00070665185798804431
v 0.012770463752036776 0.013068 2.8343142011943989E-05
v 0.012770463752036776 0.013068 2.8343142011943989E-05
v 0.012852403752036612 0.014626 -0.0014846518579880452
v 0.012943498752036764 0.015880000000000002 -0.0033276568579880261
v 0.012913438752036488 0.013850000000000001 -0.0011496568579880406
v 0.012956468752036987 0.014593000000000002 -0.00068165685798804443
v 0.013003468752036895 0.013832000000000001 -0.00019365185798803086
v 0.013006518752037011 0.013804000000000004 -0.00071365185798802355
v -0.018572461247963357 0.059499000000000003 0.019842348142011967
v -0.01434150124796324 0.062041000000000013 0.024332343142011936
v -0.014122541247963027 0.062957004999999996 0.019850338142011981
v -0.014191511247963529 0.064433000000000004 0.010419338142011958
v -0.013479536247963331 0.052722000000000005 0.03709235314201198
v -0.013824536247963148 0.064241000000000006 0.016453353142011962
v -0.012630536247963231 0.065409000000000009 0.014304343142011983
v -0.011544566247963128 0.066918000000000005 0.018781348142011989
v -0.010903546247963358 0.064792000000000002 0.0092063431420119635
v -0.010717541247963591 0.066273000000000012 0.012786338142011994
v -0.0099185912479630711 0.052046004999999999 0.040467348142011944
v -0.0092604812479632481 0.068601000000000009 0.014892338142011963
v -0.0073764762479628376 0.067198000000000008 0.011983348142011963
v -0.0074065362479631136 0.069600000000000009 0.013832348142011952
v -0.0063816012479633311 0.051832005000000007 0.043034333142011993
v -0.0046045662479629601 0.069192000000000017 0.012779338142011959
v -0.0014365362479635269 0.051373000000000002 0.04478234314201196
v -0.0014365362479635269 0.056000005000000012 0.044186333142011952
v -0.0014365362479635269 0.065376995000000007 0.007657348142011966
v -0.0014365362479635269 0.067567995000000006 0.011076343142011974
v -0.0014365362479635269 0.071098000000000008 0.013542338142011973
v 0.0017314937520367946 0.069192000000000017 0.012779338142011959
v 0.003508533752036691 0.051832005000000007 0.043034333142011993
v 0.0045334637520369481 0.069600000000000009 0.013832348142011952
v 0.0045034087520366417 0.067198000000000008 0.011983348142011963
v 0.0063874087520366385 0.068601000000000009 0.014892338142011963
v 0.0070455187520364615 0.052046004999999999 0.040467348142011944
v 0.0078405037520370979 0.067899004999999998 0.016995343142011954
v 0.0074395037520370022 0.056548000000000001 0.038160353142011938
v 0.0078444687520365375 0.066273000000000012 0.012786338142011994
v 0.0080304737520367486 0.064792000000000002 0.0092063431420119635
v 0.0086714987520364883 0.066918000000000005 0.018781348142011989
v 0.0095075237520368394 0.065447000000000005 0.020139343142011934
v 0.0097574637520366214 0.065409000000000009 0.014304343142011983
v 0.0098694637520367334 0.057393000000000007 0.035751353142011943
v 0.010951463752036539 0.064241000000000006 0.016453353142011962
v 0.010606463752036721 0.052722000000000005 0.03709235314201198
v 0.011318438752036475 0.064433000000000004 0.010419338142011958
v 0.011249468752036862 0.062957004999999996 0.019850338142011981
v 0.011468433752037044 0.062041000000000013 0.024332343142011936
v 0.013311388752036468 0.054499000000000013 0.030324353142011956
v 0.014372483752036758 0.062950000000000006 0.011764343142011968
v 0.01428138875203705 0.058926000000000006 0.028688343142011963
v 0.015395433752036614 0.055644000000000006 0.02480034814201193
v 0.015699388752036747 0.059499000000000003 0.019842348142011967
v 0.016324388752036623 0.061215000000000012 0.01513434314201198
v 0.016280443752036799 0.055947000000000004 0.02064934814201197
v 0.018307423752036922 0.057474999999999998 0.015074338142011978
v -0.018112561247963288 -0.00034299999999999999 -0.0023336518579880339
v -0.018122476247962982 -0.00012500000000000003 -0.0024866568579880455
v -0.018096536247963424 -0.00059200000000000008 -0.0021596518579880264
v -0.018084486247962939 -0.00058900000000000011 -0.0025656518579880161
v -0.018084486247962939 -0.00058900000000000011 -0.0025656518579880161
v -0.018084486247962939 -0.00040700000000000003 -0.0026986518579880381
v -0.018084486247962939 -0.00040700000000000003 -0.0026986518579880381
v -0.01806556124796338 -0.00078500000000000011 -0.0024326518579880496
v -0.01806556124796338 -0.00078500000000000011 -0.0024326518579880496
v -0.018011546247963472 -0.0016250000000000001 0.013717353142011973
v -0.017983471247963123 -0.0019550000000000001 0.013998348142011952
v -0.017983471247963123 -0.0019550000000000001 0.013998348142011952
v -0.017973551247963016 -0.0021460000000000003 0.013844348142011964
v -0.017973551247963016 -0.0021460000000000003 0.013844348142011964
v -0.017986521247962795 -0.0018550000000000001 0.013540353142011963
v -0.017955546247963194 -0.0021160000000000003 0.013340348142011987
v -0.017941511247963227 -0.0023500000000000001 0.013693343142011982
v -0.017941511247963227 -0.0023500000000000001 0.013693343142011982
v -0.018054576247963083 3.4000000000000007E-05 -0.0026106568579880307
v -0.018011546247963472 -0.00077200000000000012 -0.0020346568579880375
v -0.018011546247963472 -0.00077200000000000012 -0.0020346568579880375
v -0.01803153624796322 -0.00025500000000000002 -0.0028266518579880551
v -0.01803153624796322 -0.00025500000000000002 -0.0028266518579880551
v -0.017989576247963324 -0.00095900000000000022 -0.002322656857988048
v -0.017989576247963324 -0.00095900000000000022 -0.002322656857988048
v -0.017989576247963324 -0.00095900000000000022 -0.002322656857988048
v -0.018026501247963178 -7.2000000000000002E-05 -0.0020216568579880523
v -0.017930521247963405 -0.0017960000000000001 0.014152343142011969
v -0.017930521247963405 -0.0017960000000000001 0.014152343142011969
v -0.017938611247963532 -0.0014560000000000003 0.013865348142011957
v -0.018009561247963102 0.00010100000000000002 -0.0021426568579880345
v -0.017990491247963092 -0.00025300000000000002 -0.0019026568579880443
v -0.017843546247963082 -0.002532 0.01357335314201194
v -0.017843546247963082 -0.002532 0.01357335314201194
v -0.017843546247963082 -0.002532 0.01357335314201194
v -0.017844461247962851 -0.0023040000000000001 0.013203343142011964
v -0.017844461247962851 -0.0023040000000000001 0.013203343142011964
v -0.017858501247962788 -0.0015260000000000004 0.013146353142011957
v -0.017928541247963004 0.00022700000000000004 -0.0022306518579880419
v -0.017893596247963106 -0.00037500000000000001 -0.0018356518579880354
v -0.017846601247963167 -0.0013420000000000003 0.013286353142011986
v -0.01795448124796345 0.00095600000000000014 -4.065685798804175E-05
v -0.01780555124796307 -0.0017180000000000001 0.013011348142011964
v -0.017874521247963127 -0.00015500000000000003 -0.0029286568579880434
v -0.017935556247963003 0.0011910000000000002 -8.4656857988030243E-05
v -0.017873606247962914 0.00012500000000000003 -0.0026896568579880265
v -0.017912516247963139 0.0010300000000000001 0.00032734814201196283
v -0.017811506247963294 -0.0010610000000000001 -0.0022646518579880481
v -0.017811506247963294 -0.0010610000000000001 -0.0022646518579880481
v -0.017891461247963203 0.00074200000000000004 -1.765185798802138E-05
v -0.017810591247963525 -0.00084800000000000001 -0.0019916518579880249
v -0.017894511247963318 0.0012740000000000002 0.00028434814201194758
v -0.017749556247963205 -0.0016910000000000002 0.014286358142011957
v -0.017749556247963205 -0.0016910000000000002 0.014286358142011957
v -0.017861551247962903 0.00088800000000000012 -0.00040665685798804696
v -0.017755506247963015 -0.0012060000000000003 0.013393353142011982
v -0.017846601247963167 0.00081000000000000017 0.00035834314201196871
v -0.017773511247963281 -0.00074200000000000004 -0.0026946568579880315
v -0.017773511247963281 -0.00074200000000000004 -0.0026946568579880315
v -0.01777747624796272 -0.00060100000000000008 -0.0028056518579880341
v -0.01777747624796272 -0.00060100000000000008 -0.0028056518579880341
v -0.017854536247963348 0.0010970000000000001 -0.00044365685798802845
v -0.017759471247963343 -0.0008870000000000002 -0.0025946518579880451
v -0.017759471247963343 -0.0008870000000000002 -0.0025946518579880451
v -0.017727581247963087 -0.0013580000000000003 0.013972348142011981
v -0.017685466247963244 -0.0020740000000000003 -0.0034946518579880292
v -0.017760541247963058 -0.00048000000000000007 -0.0029096518579880548
v -0.017760541247963058 -0.00048000000000000007 -0.0029096518579880548
v -0.017813486247963251 0.00068300000000000001 -0.00038165185798802459
v -0.017719496247963373 -0.0012870000000000002 -0.0030806518579880315
v -0.017722546247963045 -0.0012180000000000003 -0.0031816568579880189
v -0.017677531247963507 -0.0021160000000000003 -0.0033526518579880538
v -0.017677531247963507 -0.0020670000000000003 -0.0035616568579880381
v -0.017840496247963411 0.0014300000000000001 -0.00015065185798804337
v -0.017709576247963266 -0.001366 -0.0029886518579880506
v -0.017725596247963604 -0.0010180000000000002 -0.0025146568579880457
v -0.017725596247963604 -0.0010180000000000002 -0.0025146568579880457
v -0.017684551247963032 -0.001848 0.012944343142011955
v -0.017785566247962847 0.000299 -0.0022786518579880621
v -0.017625501247963082 -0.0030310000000000003 -0.0032306568579880401
v -0.017713541247962705 -0.0011610000000000001 -0.0032746518579880313
v -0.017580486247963545 -0.0038450000000000008 0.015112353142011953
v -0.017662581247963327 -0.0021480000000000002 -0.0032946568579880486
v -0.017616496247963187 -0.0030720000000000001 -0.0032766518579880333
v -0.017741466247963522 -0.00043200000000000004 -0.0018196568579880446
v -0.017575601247963035 -0.0038430000000000001 0.015196353142011954
v -0.017573466247963132 -0.0038550000000000004 0.015022343142011979
v -0.01761451124796326 -0.003006 -0.0031946568579880597
v -0.017686536247962958 -0.0014420000000000001 -0.0029136568579880562
v -0.0176544912479632 -0.0020630000000000002 -0.0036106568579880316
v -0.017625501247963082 -0.0026370000000000005 0.013521338142011952
v -0.017625501247963082 -0.0026370000000000005 0.013521338142011952
v -0.017560496247963353 -0.0038780000000000004 0.014938343142011951
v -0.017594526247963038 -0.0030100000000000005 -0.003147651857988043
v -0.017551496247962983 -0.0038420000000000004 0.015257348142011962
v -0.017683481247962873 -0.0011210000000000003 -0.0033416568579880401
v -0.017632521247963051 -0.0021720000000000003 -0.0032596568579880414
v -0.017595591247963227 -0.0028830000000000001 0.014673338142011966
v -0.017790601247963334 0.001281 -0.0004916568579880487
v -0.017712476247963405 -0.00039500000000000006 -0.0029836568579880429
v -0.017492596247963454 -0.0048590000000000005 0.014843338142011997
v -0.017625501247963082 -0.0021750000000000003 0.014167338142011959
v -0.017625501247963082 -0.0021750000000000003 0.014167338142011959
v -0.017754591247962803 0.00057200000000000003 -1.0651857988014379E-05
v -0.017795481247962985 0.0015170000000000001 0.00022534314201194672
v -0.017590556247963185 -0.0028280000000000002 0.014786348142011962
v -0.017485576247963042 -0.0049070000000000008 0.014903343142011971
v -0.017535471247963119 -0.0039080000000000009 0.014871338142011942
v -0.017582471247963027 -0.0029510000000000001 0.014552353142011976
v -0.017613596247963492 -0.0023210000000000001 0.014038343142011966
v -0.017613596247963492 -0.0023210000000000001 0.014038343142011966
v -0.017573466247963132 -0.0031090000000000007 -0.0033026518579880315
v -0.01764854124796339 -0.001493 -0.0028676518579880406
v -0.017665476247963052 -0.0011040000000000002 -0.0024656568579880522
v -0.017665476247963052 -0.0011040000000000002 -0.0024656568579880522
v -0.017616496247963187 -0.0020590000000000001 -0.0036266518579880502
v -0.01759956124796308 -0.0023820000000000004 0.01317133814201199
v -0.01761451124796326 -0.002049 0.014290343142011969
v -0.017476576247963116 -0.004829 0.014798343142011977
v -0.01756660124796311 -0.003006 -0.0031206518579880438
v -0.01756660124796311 -0.003006 -0.0031206518579880438
v -0.017563551247962994 -0.0030290000000000004 0.01444334814201198
v -0.017588571247962814 -0.0024720000000000002 0.013924343142011963
v -0.017588571247962814 -0.0024720000000000002 0.013924343142011963
v -0.017755506247963015 0.0010960000000000002 0.00068834314201196567
v -0.017520521247963383 -0.0037810000000000005 -0.0024656568579880522
v -0.017520521247963383 -0.0037810000000000005 -0.0024656568579880522
v -0.017520521247963383 -0.0037810000000000005 -0.0024656568579880522
v -0.01759361124796327 -0.0021800000000000001 -0.0032476518579880598
v -0.01759361124796327 -0.0021800000000000001 -0.0032476518579880598
v -0.017509531247963117 -0.0038379999999999998 0.015280353142011954
v -0.017509531247963117 -0.0038379999999999998 0.015280353142011954
v -0.017560496247963353 -0.0027900000000000008 0.014869338142011967
v -0.017635571247963167 -0.0011050000000000001 -0.0033636568579880344
v -0.017635571247963167 -0.0011050000000000001 -0.0033636568579880344
v -0.017498546247963265 -0.0039300000000000003 0.014830353142011976
v -0.017543561247963246 -0.0030140000000000002 -0.0031466568579880116
v -0.017710491247963034 0.00051400000000000003 -0.00037265685798804071
v -0.017745586247963352 0.0013180000000000002 0.00065334314201195842
v -0.017447581247963029 -0.004830000000000001 0.014742348142011974
v -0.017531506247962791 -0.0031060000000000003 0.01435734814201195
v -0.017531506247962791 -0.0030880000000000005 -0.0032786568579880326
v -0.017580486247963545 -0.0020680000000000004 -0.0036136518579880372
v -0.017435526247963462 -0.0049490000000000011 0.014941338142011956
v -0.017435526247963462 -0.0049490000000000011 0.014941338142011956
v -0.017704541247963224 0.00063900000000000003 0.00037034814201197808
v -0.017529521247963309 -0.0030190000000000004 -0.0031906518579880305
v -0.017717511247963003 0.0010580000000000001 0.0099653431420119731
v -0.017522501247962896 -0.0030640000000000003 -0.0032276518579880398
v -0.017597576247963154 -0.0015110000000000002 -0.0028516568579880497
v -0.017597576247963154 -0.0015110000000000002 -0.0028516568579880497
v -0.017542491247963088 -0.0026090000000000002 0.013835343142011958
v -0.017542491247963088 -0.0026090000000000002 0.013835343142011958
v -0.017703471247963065 0.00088100000000000006 0.00071134314201196092
v -0.017558516247962952 -0.0021760000000000004 -0.003260651857988045
v -0.017558516247962952 -0.0021760000000000004 -0.003260651857988045
v -0.017561566247963067 -0.0019610000000000005 0.014381343142011976
v -0.017636486247962935 -0.00036500000000000004 -0.0030086518579880428
v -0.017554546247963099 -0.0020830000000000002 -0.0035686568579880451
v -0.017463606247963337 -0.0038460000000000005 0.015267343142011974
v -0.017413556247963313 -0.0048220000000000008 0.014710338142011975
v -0.017413556247963313 -0.0048220000000000008 0.014710338142011975
v -0.017542491247963088 -0.0021020000000000001 -0.0035036568579880356
v -0.017588571247962814 -0.0011270000000000002 0.013458338142011972
v -0.017451551247962882 -0.0039379999999999997 0.014819343142011943
v -0.017451551247962882 -0.0039379999999999997 0.014819343142011943
v -0.017537611247963436 -0.002163 -0.0032986568579880526
v -0.017586591247963301 -0.0011250000000000001 -0.00334665185798802
v -0.017584606247963375 -0.0011350000000000002 -0.0024496568579880362
v -0.017584606247963375 -0.0011350000000000002 -0.0024496568579880362
v -0.017505566247963233 -0.0027740000000000004 0.014899338142011942
v -0.017505566247963233 -0.0027740000000000004 0.014899338142011942
v -0.017536541247963278 -0.0021210000000000005 -0.0034306518579880485
v -0.017481611247963158 -0.0031580000000000007 0.014305353142011951
v -0.017619551247963272 -0.00012400000000000001 -0.0029646568579880517
v -0.017675551247963106 0.0011330000000000001 0.0094853481420119623
v -0.017384561247963226 -0.0049240000000000013 0.014914348142011979
v -0.017551496247962983 -0.0014990000000000003 -0.0028696518579880426
v -0.017551496247962983 -0.0014990000000000003 -0.0028696518579880426
v -0.017386546247963153 -0.0048330000000000005 0.014745338142011954
v -0.017677531247963507 0.0013120000000000002 0.010011348142011989
v -0.0176544912479632 0.0008250000000000001 0.0099433431420119511
v -0.017429576247963208 -0.0038590000000000009 0.015215348142011975
v -0.017552561247963172 -0.001175 -0.0032866568579880406
v -0.017613596247963492 0.00014600000000000003 -0.0027086568579880455
v -0.017373576247963374 -0.0048420000000000008 0.014800348142011949
v -0.017554546247963099 -0.0011000000000000001 -0.0022506518579880341
v -0.017668531247963581 0.0014160000000000002 -0.00053965685798804119
v -0.017676466247962874 0.0016170000000000002 -0.00021865685798802548
v -0.017667461247962979 0.0015200000000000001 0.00061234314201197293
v -0.017409586247963016 -0.0039350000000000001 0.014838343142011989
v -0.017409586247963016 -0.0039350000000000001 0.014838343142011989
v -0.017409586247963016 -0.0038740000000000007 0.015137338142011986
v -0.017466501247963062 -0.0027000000000000006 0.013784343142011934
v -0.017466501247963062 -0.0027000000000000006 0.013784343142011934
v -0.017524486247962823 -0.001457 -0.0029216568579880364
v -0.017534556247963351 -0.001242 -0.0031986518579880385
v -0.017606581247963049 0.00031700000000000001 -0.0022876568579880407
v -0.017500531247963191 -0.001908 0.012940338142011981
v -0.01754752624796313 -0.00087100000000000014 -0.0019896518579880507
v -0.017525556247963425 -0.0013170000000000002 -0.0030986518579880218
v -0.01739646624796326 -0.003889000000000001 0.015047348142011974
v -0.017309491247962938 -0.0056010000000000009 0.013945343142011957
v -0.017309491247962938 -0.0056010000000000009 0.013945343142011957
v -0.017309491247962938 -0.0056010000000000009 0.013945343142011957
v -0.017560496247963353 -0.00044800000000000005 -0.0018246568579880496
v -0.017445601247963072 -0.0027930000000000003 0.014883358142011971
v -0.017558516247962952 -0.00039899999999999999 -0.0029896568579880489
v -0.017387461247963365 -0.0039240000000000004 0.014887343142011983
v -0.017636486247962935 0.0013950000000000004 0.0095283431420119802
v -0.017386546247963153 -0.0039069999999999999 0.014961348142011971
v -0.017419506247963124 -0.0031760000000000004 0.014291353142011937
v -0.017419506247963124 -0.0031760000000000004 0.014291353142011937
v -0.017609476247963218 0.00089400000000000005 0.0094523431420119597
v -0.017472606247963263 -0.0019290000000000002 0.014416343142011984
v -0.017510601247963276 -0.0011110000000000002 -0.0024696518579880311
v -0.017510601247963276 -0.0011110000000000002 -0.0024696518579880311
v -0.017510601247963276 -0.0011110000000000002 -0.0024696518579880311
v -0.01758949124796344 0.00070500000000000001 0.00071934814201196629
v -0.017622601247962943 0.0015210000000000002 0.003263348142011957
v -0.017595591247963227 0.00098300000000000015 0.010442343142011978
v -0.017623516247963156 0.0017090000000000002 0.00016134314201196598
v -0.017560496247963353 0.00040400000000000006 -0.00037865685798801896
v -0.017558516247962952 0.00046000000000000001 -1.9656857988020748E-05
v -0.017398601247963164 -0.002843 0.014814348142011963
v -0.017505566247963233 -0.00049200000000000014 -0.0029246518579880421
v -0.017505566247963233 -0.00049200000000000014 -0.0029246518579880421
v -0.01758949124796344 0.0014090000000000001 0.0027523431420119759
v -0.017446516247963284 -0.0016569999999999998 0.014350348142011971
v -0.017573466247963132 0.001209 0.010480338142011963
v -0.017551496247962983 0.00075700000000000008 0.010417338142011956
v -0.017466501247963062 -0.0010340000000000002 -0.0025256518579880316
v -0.017466501247963062 -0.0010340000000000002 -0.0025256518579880316
v -0.017364576247963448 -0.0031630000000000009 0.014317348142011965
v -0.017364576247963448 -0.0031630000000000009 0.014317348142011965
v -0.017371591247963447 -0.0029090000000000001 0.014711353142011968
v -0.017478556247963073 -0.00062200000000000005 -0.0028296568579880277
v -0.017478556247963073 -0.00062200000000000005 -0.0028296568579880277
v -0.017465586247963294 -0.0007670000000000001 -0.0027196518579880591
v -0.017465586247963294 -0.0007670000000000001 -0.0027196518579880591
v -0.017456586247963368 -0.00091100000000000003 -0.0026146518579880373
v -0.017456586247963368 -0.00091100000000000003 -0.0026146518579880373
v -0.017369611247963046 -0.0027310000000000004 0.013773338142011954
v -0.017576521247963217 0.0017960000000000001 0.0032053481420119823
v -0.017352521247962993 -0.0029830000000000004 0.01459235314201196
v -0.017564466247963206 0.0016830000000000003 0.0027083481420119571
v -0.017336496247963129 -0.0031219999999999998 0.014380348142011973
v -0.017505566247963233 0.00054100000000000014 0.00036634314201197671
v -0.017336496247963129 -0.0030570000000000007 0.014477338142011992
v -0.017418591247962911 -0.0013330000000000002 0.014015343142011971
v -0.01754752624796313 0.001567 0.010081348142011975
v -0.017498546247963265 0.00063600000000000017 0.0099373431420119729
v -0.017377546247963227 -0.001964 0.01440234314201197
v -0.017525556247963425 0.0012540000000000003 0.00327634814201197
v -0.017512586247963202 0.0011590000000000001 0.0027773481420119706
v -0.017528606247963097 0.0016680000000000002 0.00057134814201198481
v -0.017315596247963139 -0.0026760000000000004 0.013527343142011983
v -0.017493511247963223 0.0011910000000000002 0.0090103431420119895
v -0.017495496247963149 0.0014690000000000003 -0.00057165185798804807
v -0.017499461247963477 0.001653 0.0095893481420119553
v -0.017373576247963374 -0.0011050000000000001 0.013483343142011966
v -0.017482526247962926 0.001407 0.010531338142011987
v -0.017448496247963241 0.00070500000000000001 0.0094393431420119744
v -0.017427591247962837 0.00029100000000000003 -0.0022866518579880424
v -0.017436596247963176 0.000571 0.010408353142011967
v -0.017281566247963009 -0.0027060000000000001 0.013802348142011978
v -0.017281566247963009 -0.0027060000000000001 0.013802348142011978
v -0.017281566247963009 -0.0027060000000000001 0.013802348142011978
v -0.01730857624796317 -0.0020610000000000003 0.014331348142011979
v -0.017382581247963269 -0.00044000000000000007 -0.0018276518579880552
v -0.017444531247963357 0.00095900000000000022 0.0089893431420119685
v -0.017465586247963294 0.0014280000000000002 0.009044343142011968
v -0.017425611247963324 0.0005930000000000001 0.00071334814201196028
v -0.017285536247962863 -0.0024040000000000003 0.013191348142011949
v -0.017457501247963136 0.0016910000000000002 -0.0002616518579880156
v -0.017284466247963148 -0.0019230000000000002 0.012961338142011947
v -0.017365491247963216 -0.00016600000000000002 -0.0029426568579880297
v -0.017269511247962999 -0.002196 0.014222343142011956
v -0.017269511247962999 -0.002196 0.014222343142011956
v -0.017386546247963153 0.00036800000000000005 -0.00039165685798805971
v -0.017453531247963283 0.0019660000000000003 0.0026513481420119556
v -0.017307506247963456 -0.0010790000000000001 -0.0022766568579880297
v -0.017307506247963456 -0.0010790000000000001 -0.0022766568579880297
v -0.017233501247963356 -0.0026250000000000006 0.013871353142011961
v -0.017233501247963356 -0.0026250000000000006 0.013871353142011961
v -0.017246471247963135 -0.0023480000000000003 0.014096348142011966
v -0.017246471247963135 -0.0023480000000000003 0.014096348142011966
v -0.017355571247963109 0.000116 -0.0027026568579880395
v -0.017227551247963102 -0.0024970000000000005 0.01397435314201198
v -0.017227551247963102 -0.0024970000000000005 0.01397435314201198
v -0.017422556247963239 0.0020900000000000003 0.0031163481420119765
v -0.017288586247962978 -0.00086400000000000008 -0.0019996568579880303
v -0.017404551247963418 0.0017870000000000002 0.00011834314201195073
v -0.017332531247963245 0.00042200000000000007 -4.065685798804175E-05
v -0.017355571247963109 0.00095900000000000022 0.0027853481420119786
v -0.017358471247963247 0.0016420000000000002 0.0090853481420119786
v -0.017316511247963351 0.0007670000000000001 0.0089823431420119615
v -0.017325511247963277 0.0010180000000000002 0.0032603431420119566
v -0.017282481247963222 0.000214 -0.0022436518579880549
v -0.01733955124796277 0.0017260000000000001 0.00054134314201195743
v -0.017240521247963325 -0.00039000000000000005 -0.0018496518579880494
v -0.017240521247963325 -0.00039000000000000005 -0.0018496518579880494
v -0.017325511247963277 0.0015490000000000002 0.010582343142011952
v -0.017334516247963616 0.0017639999999999999 0.010153343142011995
v -0.017277601247963126 0.00051600000000000007 0.00034934814201195707
v -0.017269511247962999 0.00050700000000000007 0.0099483481420119535
v -0.017309491247962938 0.0014260000000000002 -0.00057165185798804807
v -0.017261576247963262 0.00044500000000000003 0.010415353142011946
v -0.01721656624796325 -0.00027900000000000006 -0.0028566568579880269
v -0.01721656624796325 -0.00027900000000000006 -0.0028566568579880269
v -0.017142561247963151 -0.0016990000000000002 0.014346343142011969
v -0.017159496247963257 -0.001132 0.013498353142011948
v -0.017161481247963184 -0.00099200000000000004 -0.0023486518579880489
v -0.017161481247963184 -0.00099200000000000004 -0.0023486518579880489
v -0.017161481247963184 -0.00099200000000000004 -0.0023486518579880489
v -0.01723151624796343 0.00055800000000000012 0.00069634314201197367
v -0.01721656624796325 0.00041400000000000009 -0.00040365185798804659
v -0.017278516247962894 0.0018540000000000002 0.0096553431420119684
v -0.017288586247962978 0.0022040000000000007 0.0026003431420119627
v -0.017194591247963131 8.5000000000000006E-05 -0.0021576518579880244
v -0.017169566247963342 -0.00044200000000000006 -0.0027396568579880487
v -0.017169566247963342 -0.00044200000000000006 -0.0027396568579880487
v -0.017159496247963257 -0.00063200000000000018 -0.0026096518579880323
v -0.017159496247963257 -0.00063200000000000018 -0.0026096518579880323
v -0.017214581247962879 0.00059200000000000008 0.0094433481420119758
v -0.017167581247963415 -0.00026900000000000003 -0.0019176568579880315
v -0.017136606247962927 -0.00082700000000000004 -0.0024706568579880295
v -0.017136606247962927 -0.00082700000000000004 -0.0024706568579880295
v -0.01717246624796348 1.8E-05 -0.0026296518579880523
v -0.017107466247963277 -0.0013630000000000003 0.014031343142011987
v -0.017160566247962972 -8.8000000000000025E-05 -0.0020366568579880395
v -0.017071606247963167 -0.0019140000000000001 0.01297934314201199
v -0.017224501247962987 0.0016280000000000001 -0.00026465185798804636
v -0.01722846624796287 0.0018530000000000003 0.0042583481420119806
v -0.01702354124796307 -0.002653 0.013578348142011976
v -0.01702354124796307 -0.002653 0.013578348142011976
v -0.017104566247963138 -0.00079600000000000005 -0.0020496568579880248
v -0.017104566247963138 -0.00079600000000000005 -0.0020496568579880248
v -0.01710960124796318 -0.00036400000000000007 -0.0023536568579880235
v -0.017226481247963388 0.0023519999999999999 0.0030383481420119818
v -0.017155531247963374 0.00083199999999999995 0.0027843481420119498
v -0.017108531247963465 -0.00014500000000000003 -0.0025086518579880424
v -0.017179486247963005 0.0017950000000000002 0.0091263481420119641
v -0.017072521247962935 -0.0006150000000000001 -0.0021796518579880464
v -0.017124556247962885 0.00064100000000000008 0.0089903431420119695
v -0.017114481247963276 0.00047100000000000006 -6.3656857988036997E-05
v -0.017150496247962888 0.0013010000000000001 -0.00053965685798804119
v -0.017168501247963153 0.0017200000000000002 0.00011434314201194673
v -0.017165601247963014 0.0017660000000000002 0.0049273481420119836
v -0.016975476247962973 -0.002395 0.013225353142011981
v -0.017143476247962919 0.001678 0.00053134814201197256
v -0.017128521247963213 0.001578 0.0042523481420119746
v -0.017151561247963076 0.0021320000000000002 0.004312343142011954
v -0.017081526247963275 0.00053400000000000008 -0.00041565685798802821
v -0.017087476247963085 0.000861 0.0032383431420119624
v -0.017113566247963063 0.0016000000000000001 0.010616348142011955
v -0.016956556247963384 -0.0018160000000000003 0.014258338142011939
v -0.016956556247963384 -0.0018160000000000003 0.014258338142011939
v -0.016982496247962942 -0.001214 0.013463353142011969
v -0.017054516247963114 0.00039899999999999999 0.01043133814201197
v -0.017054516247963114 0.00055200000000000008 0.00032134814201195683
v -0.01711555124796299 0.0020460000000000005 0.0049663431420119697
v -0.017091596247963359 0.0015060000000000004 0.0049043481420119883
v -0.017048566247963304 0.00060400000000000004 0.00067534314201198042
v -0.017043531247963262 0.0011220000000000002 -0.00049565185798805533
v -0.016904521247962989 -0.0018580000000000001 0.013015338142011973
v -0.017064586247963198 0.0018360000000000002 0.010199348142011955
v -0.017083506247963232 0.0023019999999999998 0.0025643431420119545
v -0.016892466247963422 -0.0019870000000000001 0.014126348142011969
v -0.016892466247963422 -0.0019870000000000001 0.014126348142011969
v -0.016996531247963353 0.00045700000000000005 0.0099713431420119791
v -0.017005536247962805 0.0007090000000000001 -0.00043265185798804784
v -0.016852491247963453 -0.002562 0.013675338142011967
v -0.016852491247963453 -0.002562 0.013675338142011967
v -0.016852491247963453 -0.002562 0.013675338142011967
v -0.016870496247963274 -0.002186 0.013977348142011958
v -0.016870496247963274 -0.002186 0.013977348142011958
v -0.017022471247963356 0.0014499999999999999 -0.00023065685798803748
v -0.016995466247963165 0.00091700000000000017 -0.00045765685798804245
v -0.016884531247963241 -0.0014650000000000002 0.013962333142011951
v -0.016833571247962975 -0.0023900000000000002 0.013819343142011969
v -0.016833571247962975 -0.0023900000000000002 0.013819343142011969
v -0.016870496247963274 -0.0013500000000000003 0.013372353142011961
v -0.017006601247963438 0.0019300000000000003 0.0097003481420119553
v -0.017028576247963112 0.0024740000000000005 0.0035543431420119731
v -0.016942516247963002 0.00059100000000000005 -8.7651857988035875E-05
v -0.01698356124796313 0.0015370000000000002 0.00054134314201195743
v -0.016938551247963118 0.00055599999999999996 0.0094613431420119687
v -0.017016521247963101 0.0024550000000000006 0.0029973431420119712
v -0.017016521247963101 0.0024550000000000006 0.0029973431420119712
v -0.016936566247963192 0.00079299999999999998 0.0027683431420119642
v -0.016820601247962752 -0.0017280000000000002 0.013099338142011946
v -0.016959606247963055 0.0015370000000000002 0.00013934314201197173
v -0.016820601247962752 -0.0015340000000000002 0.013236343142011969
v -0.016911541247962958 0.00072400000000000014 0.00065134814201195379
v -0.016788556247963438 -0.0018679999999999999 0.013649338142011969
v -0.016797556247963363 -0.0016360000000000001 0.013828343142011951
v -0.016947551247963044 0.0018500000000000001 0.00915734314201197
v -0.016892466247963422 0.00059600000000000007 0.0090093431420119607
v -0.016758496247963162 -0.0023210000000000001 0.013298348142011973
v -0.016758496247963162 -0.0023210000000000001 0.013298348142011973
v -0.016915506247963286 0.0012960000000000001 0.004894343142011981
v -0.016959606247963055 0.0023340000000000001 0.0050123481420119853
v -0.016881481247963126 0.00065900000000000008 0.00028734314201195321
v -0.016901471247963318 0.0013320000000000003 0.0042753431420119448
v -0.016940531247963075 0.0024290000000000006 0.0043953431420119538
v -0.016881481247963126 0.0012180000000000003 -0.00018165685798801623
v -0.01684547124796304 0.00044200000000000006 0.010441353142011972
v -0.016933516247963076 0.0025340000000000002 0.0038053431420119743
v -0.016728586247962862 -0.0021320000000000002 0.013452348142011961
v -0.016859506247963008 0.00080900000000000004 0.0032163431420119681
v -0.016889566247963284 0.0015460000000000001 0.01061533814201196
v -0.016877516247963242 0.0013389999999999999 0.00056534814201195105
v -0.016838606247963017 0.00076800000000000002 -0.00011365185798803412
v -0.016837536247963303 0.00090300000000000016 0.00062334814201195354
v -0.016829601247963122 0.001119 0.00059434814201198005
v -0.016818461247963323 0.00098400000000000028 -0.00014265185798803537
v -0.016820601247962752 0.0013000000000000002 0.00017534314201195222
v -0.016859506247963008 0.0022160000000000001 0.0025493431420119672
v -0.016779551247963098 0.00083500000000000024 0.00025034814201194133
v -0.016759561247962906 0.0010580000000000001 0.00020934314201195847
v -0.016786571247963067 0.0017580000000000002 0.010203343142011961
v -0.016729506247963044 0.00050000000000000012 0.0099963481420119737
v -0.016815561247963184 0.0026069999999999999 0.004114343142011978
v -0.016728586247962862 0.00084400000000000013 0.0027343481420119831
v -0.016785501247963353 0.0023630000000000005 0.0029863431420119602
v -0.016785501247963353 0.0023630000000000005 0.0029863431420119602
v -0.016785501247963353 0.0023630000000000005 0.0029863431420119602
v -0.016674571247962955 0.00056599999999999999 0.010450353142011953
v -0.016726606247962905 0.001848 0.0097063431420119639
v -0.016706461247963211 0.0014030000000000002 0.010578338142011978
v -0.016667551247962986 0.00058600000000000015 0.0094933431420119729
v -0.016668466247963198 0.00063700000000000009 0.009032343142011956
v -0.016711496247962809 0.0017910000000000003 0.0091693481420119793
v -0.016742476247962823 0.0025730000000000002 0.0050503431420119704
v -0.016681591247962924 0.001157 0.0048913481420119753
v -0.016623606247963163 0.0011630000000000002 0.0042993431420119688
v -0.016682506247963136 0.0026900000000000006 0.0044633481420119914
v -0.016648481247962976 0.0019860000000000004 0.0025563431420119742
v -0.016590496247962772 0.0012040000000000002 0.010529338142011985
v -0.016570506247963024 0.0007530000000000002 0.010464353142011967
v -0.01656059124796333 0.0008690000000000002 0.0032163431420119681
v -0.016550516247963276 0.0009810000000000001 0.0026903431420119694
v -0.016544566247963022 0.00097900000000000005 0.010489338142011972
v -0.016513591247962978 0.00062399999999999999 0.010019348142011969
v -0.016552501247963203 0.0015570000000000002 0.010166348142011977
v -0.016494516247963442 0.00076000000000000004 0.0090573381420119559
v -0.016527476247962969 0.001634 0.0091613481420119713
v -0.016448591247963218 0.00069300000000000004 0.0095303431420119544
v -0.016484601247963304 0.0016420000000000002 0.009681348142011964
v -0.016450571247963175 0.00093900000000000016 0.0034523481420119795
v -0.016515576247963348 0.0026210000000000001 0.0031993481420119485
v -0.016515576247963348 0.0026210000000000001 0.0031993481420119485
v -0.016515576247963348 0.0026210000000000001 0.0031993481420119485
v -0.016515576247963348 0.0026210000000000001 0.0031993481420119485
v -0.016486586247962787 0.0021040000000000004 0.0029953481420119665
v -0.016486586247962787 0.0021040000000000004 0.0029953481420119665
v -0.016486586247962787 0.0021040000000000004 0.0029953481420119665
v -0.016504591247963052 0.0026710000000000002 0.003592348142011953
v -0.016504591247963052 0.0026710000000000002 0.003592348142011953
v -0.01643455124796328 0.00099700000000000006 0.0037813481420119477
v -0.016462476247963209 0.001707 0.0025733481420119608
v -0.016484601247963304 0.0026660000000000004 0.0050793431420119717
v -0.016418531247962942 0.0011090000000000002 0.0049053481420119616
v -0.016475596247962965 0.002532 0.0027903481420119558
v -0.016413496247963344 0.0011870000000000001 0.0026433481420119476
v -0.01639259124796294 0.00094900000000000008 0.0090843481420119776
v -0.016412581247963132 0.0014170000000000001 0.0091403481420119503
v -0.016399611247963353 0.0013000000000000002 0.010113343142011955
v -0.01637656624796352 0.00081100000000000009 0.010046348142011968
v -0.016379466247963215 0.0010370000000000002 0.0031673431420119469
v -0.016379466247963215 0.0010370000000000002 0.0031673431420119469
v -0.016379466247963215 0.0010370000000000002 0.0031673431420119469
v -0.016368481247962918 0.0011800000000000001 0.0091133481420119788
v -0.016373516247963404 0.0014390000000000002 0.0026023481420119898
v -0.016350476247963097 0.0010620000000000002 0.0039853481420119574
v -0.016337506247962874 0.0010440000000000002 0.010074348142011968
v -0.01639259124796294 0.0027340000000000003 0.0039403431420119706
v -0.01639259124796294 0.0027340000000000003 0.0039403431420119706
v -0.016313551247963243 0.00087900000000000012 0.0095703431420119667
v -0.016333536247963021 0.0013800000000000002 0.0096463481420119568
v -0.016371531247963034 0.0027920000000000002 0.0044633481420119914
v -0.016371531247963034 0.0027920000000000002 0.0044633481420119914
v -0.016274486247963071 0.0011169999999999999 0.0096123431420119809
v -0.016251596247963185 0.001126 0.0041233431420119593
v -0.016219556247962952 0.0025690000000000005 0.0050993431420119639
v -0.016160501247963477 0.001152 0.0049393481420119678
v -0.016182476247963151 0.0018260000000000004 0.0030123431420119584
v -0.016182476247963151 0.0018260000000000004 0.0030123431420119584
v -0.016129526247962989 0.0012850000000000001 0.0030833431420119739
v -0.016129526247962989 0.0012850000000000001 0.0030833431420119739
v -0.016157606247963308 0.0024810000000000001 0.0024343481420119606
v -0.016142496247963212 0.0026880000000000003 0.0044873431420119625
v -0.016142496247963212 0.0026880000000000003 0.0044873431420119625
v -0.016056591247963048 0.00099800000000000019 0.0032103431420119621
v -0.016056591247963048 0.00099800000000000019 0.0032103431420119621
v -0.016130596247963147 0.0028760000000000005 0.0041653431420119735
v -0.016130596247963147 0.0028760000000000005 0.0041653431420119735
v -0.016024546247963289 0.0011709999999999999 0.0042493431420119743
v -0.016024546247963289 0.0011709999999999999 0.0042493431420119743
v -0.016038586247963227 0.0015550000000000002 0.0030403431420119587
v -0.016038586247963227 0.0015550000000000002 0.0030403431420119587
v -0.015979536247963277 0.0023240000000000001 0.0051053431420119422
v -0.015933606247963084 0.001286 0.0049863431420119619
v -0.015821606247962972 0.0018390000000000001 0.0029263481420119808
v -0.015800551247963479 0.0024090000000000001 0.0045173431420119647
v -0.015800551247963479 0.0024090000000000001 0.0045173431420119647
v -0.015773541247963319 0.0020300000000000001 0.0050983431420119629
v -0.0157515662479632 0.001493 0.0050353431420119554
v -0.015735546247963306 0.0013190000000000001 0.0044003481420119561
v -0.015735546247963306 0.0013190000000000001 0.0044003481420119561
v -0.015726541247962966 0.0024290000000000006 0.0021943481420119704
v -0.015683516247962881 0.0017510000000000002 0.005074348142011964
v -0.015620496247963522 0.0011050000000000001 0.004213343142011966
v -0.015563581247963032 0.0029100000000000003 0.0042863481420119809
v -0.015489576247963377 0.0018740000000000004 0.0028703481420119803
v -0.015420606247962876 0.00094800000000000006 0.0032873431420119559
v -0.015452496247963132 0.0021129999999999999 0.0045093431420119567
v -0.015452496247963132 0.0021129999999999999 0.0045093431420119567
v -0.01542655624796313 0.0015580000000000001 0.0044483481420119764
v -0.01542655624796313 0.0015580000000000001 0.0044483481420119764
v -0.01542655624796313 0.0015580000000000001 0.0044483481420119764
v -0.01542655624796313 0.0015580000000000001 0.0044483481420119764
v -0.015297466247963409 0.00183 0.0044873431420119625
v -0.015297466247963409 0.00183 0.0044873431420119625
v -0.015297466247963409 0.00183 0.0044873431420119625
v -0.015310591247963135 0.0023820000000000004 0.0020983431420119603
v -0.015053476247963438 -0.001294 0.012049343142011976
v -0.015032576247963003 -0.0014910000000000001 0.011899348142011962
v -0.015032576247963003 -0.0014910000000000001 0.011899348142011962
v -0.015124586247962923 0.0010570000000000002 0.0041663431420119745
v -0.014993511247963276 -0.0015260000000000004 0.012372348142011963
v -0.014993511247963276 -0.0015260000000000004 0.012372348142011963
v -0.014980541247963497 -0.001704 0.012231338142011938
v -0.014980541247963497 -0.001704 0.012231338142011938
v -0.014980541247963497 -0.001704 0.012231338142011938
v -0.014989546247963392 -0.0010330000000000001 0.012248353142011947
v -0.014951551247962935 -0.0013220000000000003 0.012531348142011983
v -0.014951551247962935 -0.0013220000000000003 0.012531348142011983
v -0.014972606247962872 -0.00079799999999999999 0.012425338142011966
v -0.015078501247963227 0.0020050000000000003 0.0044803431420119555
v -0.015051496247963481 0.00183 0.0028073481420119728
v -0.014925611247963377 -0.0011220000000000002 0.01267933814201197
v -0.014925611247963377 -0.0011220000000000002 0.01267933814201197
v -0.015003581247962916 0.0010500000000000002 0.0090723431420119682
v -0.014924541247962775 -0.00094500000000000009 0.011757343142011989
v -0.014774546247963538 -0.0046150000000000002 0.012312343142011961
v -0.014774546247963538 -0.0046150000000000002 0.012312343142011961
v -0.014774546247963538 -0.0046150000000000002 0.012312343142011961
v -0.014987561247963466 0.00081400000000000005 0.0090473481420119684
v -0.014998546247963318 0.0011130000000000001 0.0086713481420119809
v -0.014981611247963211 0.00087100000000000014 0.0086343481420119716
v -0.014915541247962849 -0.0007490000000000001 0.011893338142011961
v -0.014887461247962974 -0.00063299999999999999 0.012561348142011985
v -0.014859541247963459 -0.00095500000000000012 0.012812338142011964
v -0.014859541247963459 -0.00095500000000000012 0.012812338142011964
v -0.014824596247963118 -0.0018190000000000003 0.012145338142011991
v -0.014824596247963118 -0.0018190000000000003 0.012145338142011991
v -0.014833601247963013 -0.001593 0.011837338142011933
v -0.014851606247962834 -0.0010860000000000002 0.011676338142011966
v -0.014863506247962899 -0.00056800000000000015 0.012030343142011957
v -0.014926526247963146 0.001294 0.0091163431420119845
v -0.014922556247963292 0.001364 0.0087103481420119644
v -0.014716566247963303 -0.0038830000000000006 0.013180343142011969
v -0.01487754624796328 0.00060800000000000003 0.0090333481420119544
v -0.014872511247963238 0.00066600000000000014 0.008609343142011977
v -0.014891581247962804 0.0011790000000000004 0.0043803481420119639
v -0.014692606247963258 -0.0038360000000000009 0.013089343142011961
v -0.014901501247963356 0.001634 0.0049653431420119687
v -0.014865491247963269 0.000745 0.0094233431420119862
v -0.014870526247962867 0.00097199999999999999 0.0094453431420119527
v -0.014663466247963164 -0.0039360000000000011 0.013263348142011994
v -0.014663466247963164 -0.0039360000000000011 0.013263348142011994
v -0.014665601247963067 -0.0038320000000000003 0.013060348142011957
v -0.014665601247963067 -0.0038320000000000003 0.013060348142011957
v -0.014863506247962899 0.0013680000000000003 0.0049293431420119604
v -0.014863506247962899 0.0013680000000000003 0.0049293431420119604
v -0.014843516247962707 0.00090800000000000017 0.0082263481420119522
v -0.014845501247963078 0.0011400000000000002 0.0082523431420119531
v -0.014634471247963077 -0.0038400000000000005 0.013090353142011985
v -0.014754561247963316 -0.00044400000000000006 0.012126343142011997
v -0.014788586247963476 0.00054500000000000002 0.0094163431420119792
v -0.014613566247963117 -0.0039050000000000005 0.013233348142011964
v -0.01481055624796318 0.0011890000000000002 0.0094873431420119669
v -0.01461158624796316 -0.0038379999999999998 0.013142348142011984
v -0.014818491247963361 0.0016000000000000001 0.0026863481420119628
v -0.014818491247963361 0.0016000000000000001 0.0026863481420119628
v -0.014818491247963361 0.0016000000000000001 0.0026863481420119628
v -0.014640576247963277 -0.0029430000000000003 0.013342353142011959
v -0.014600596247963338 -0.0038660000000000001 0.013182343142011971
v -0.014634471247963077 -0.0029210000000000004 0.013422348142011958
v -0.014698561247963038 -0.0011630000000000002 0.01164734814201196
v -0.014767526247963125 0.00070600000000000003 0.0082083431420119646
v -0.014625471247963151 -0.0029020000000000005 0.013505353142011955
v -0.014784466247963202 0.0013680000000000003 0.0082843481420119547
v -0.014615551247963043 -0.0029820000000000003 0.013230353142011958
v -0.014615551247963043 -0.0029820000000000003 0.013230353142011958
v -0.014774546247963538 0.0013250000000000002 0.0027833481420119766
v -0.014794536247963286 0.0018990000000000005 0.0049873431420119907
v -0.014609601247963233 -0.0028840000000000003 0.013578348142011976
v -0.014755476247963084 0.00091300000000000018 0.0032793431420119756
v -0.014683606247963332 -0.00085900000000000006 0.012907343142011973
v -0.014642561247963204 -0.0017950000000000002 0.01242234314201196
v -0.014642561247963204 -0.0017950000000000002 0.01242234314201196
v -0.014766461247962936 0.0015250000000000001 0.0091793431420119642
v -0.014643476247962972 -0.0016639999999999999 0.012523353142011945
v -0.014643476247962972 -0.0016639999999999999 0.012523353142011945
v -0.014760511247963126 0.0016000000000000001 0.0087583431420119595
v -0.014677501247963132 -0.00055700000000000009 0.012639343142011955
v -0.014576486247962872 -0.0029920000000000003 0.013214348142011945
v -0.014576486247962872 -0.0029920000000000003 0.013214348142011945
v -0.014606546247963148 -0.0022409999999999999 0.012859353142011976
v -0.014580606247963146 -0.0028720000000000004 0.013628338142011975
v -0.014580606247963146 -0.0028720000000000004 0.013628338142011975
v -0.014605481247963403 -0.0021710000000000002 0.012951343142011962
v -0.014722516247963113 0.00099700000000000006 0.0041523431420119605
v -0.014622571247963456 -0.0015140000000000002 0.012643348142011956
v -0.014622571247963456 -0.0015140000000000002 0.012643348142011956
v -0.01459251124796318 -0.0020939999999999999 0.013061343142011961
v -0.014689556247963143 0.00045300000000000006 0.009030343142011954
v -0.014715496247963145 0.0011380000000000001 0.0048843481420119683
v -0.014599531247963149 -0.0018830000000000001 0.012356348142011947
v -0.014599531247963149 -0.0018830000000000001 0.012356348142011947
v -0.014579541247963401 -0.0022880000000000001 0.01280033814201198
v -0.014679486247963058 0.0005260000000000001 0.008594343142011962
v -0.014575571247963104 -0.0020170000000000001 0.013174353142011958
v -0.014533461247962787 -0.0029890000000000003 0.013226348142011957
v -0.014537581247963061 -0.002869 0.013642338142011989
v -0.014730601247963271 0.0022540000000000004 0.0044893431420119645
v -0.014730601247963271 0.0022540000000000004 0.0044893431420119645
v -0.014594496247963107 -0.0013620000000000001 0.012769348142011944
v -0.014594496247963107 -0.0013620000000000001 0.012769348142011944
v -0.014689556247963143 0.0013680000000000003 0.0095443431420119684
v -0.014643476247962972 0.00039600000000000008 0.0094223481420119548
v -0.014553601247962955 -0.0018800000000000002 0.012109348142011978
v -0.014549481247963125 -0.0019490000000000002 0.013274353142011974
v -0.014528576247963165 -0.0023089999999999999 0.012778348142011953
v -0.014528576247963165 -0.0023089999999999999 0.012778348142011953
v -0.014498516247963333 -0.0029700000000000004 0.013266343142011944
v -0.014498516247963333 -0.002879 0.013623343142011968
v -0.014546581247962986 -0.0016420000000000002 0.011818343142011994
v -0.014661481247962793 0.0015640000000000003 0.0083163431420119893
v -0.014670481247963163 0.0018609999999999998 0.0027433481420119643
v -0.014670481247963163 0.0018609999999999998 0.0027433481420119643
v -0.014555586247963326 -0.0012280000000000001 0.012878353142011967
v -0.014555586247963326 -0.0012280000000000001 0.012878353142011967
v -0.014587476247963138 -0.00038500000000000003 0.012169353142011952
v -0.014618601247963159 0.00055800000000000012 0.0082003481420119817
v -0.01451957124796327 -0.0019200000000000003 0.012331343142011952
v -0.01451957124796327 -0.0019200000000000003 0.012331343142011952
v -0.014477611247963373 -0.0029380000000000005 0.013331348142011978
v -0.014472576247962887 -0.0028870000000000007 0.013568353142011963
v -0.014467541247963289 -0.0029120000000000005 0.013408348142011972
v -0.014507521247963229 -0.0019030000000000002 0.013341343142011963
v -0.014507521247963229 -0.0019030000000000002 0.013341343142011963
v -0.014465556247962919 -0.0028960000000000006 0.013491353142011969
v -0.014602581247963264 0.001065 0.0029773431420119512
v -0.014471506247963173 -0.0022980000000000001 0.012795343142011972
v -0.014502481247963217 -0.0012000000000000001 0.011638343142011981
v -0.014487531247963037 -0.0011380000000000001 0.012951343142011962
v -0.014487531247963037 -0.0011380000000000001 0.012951343142011962
v -0.014450601247963213 -0.0018900000000000002 0.013360338142011957
v -0.014450601247963213 -0.0018900000000000002 0.013360338142011957
v -0.014423596247963022 -0.0022510000000000004 0.012846348142011965
v -0.014428476247963118 -0.0019009999999999999 0.012348338142011972
v -0.014428476247963118 -0.0019009999999999999 0.012348338142011972
v -0.014577556247963031 0.0021620000000000003 0.0049943431420119699
v -0.014517591247962869 0.00097500000000000017 0.0048413481420119808
v -0.014537581247963061 0.001689 0.0092353431420119647
v -0.014392466247963476 -0.0021750000000000003 0.012931338142011972
v -0.014399486247963 -0.0019140000000000001 0.013333348142011953
v -0.014513471247963039 0.0014829999999999999 0.0095943431420119629
v -0.014522471247962965 0.0017660000000000002 0.0088043481420119474
v -0.014374461247963211 -0.0020939999999999999 0.013036338142011966
v -0.014542461247963157 0.0025650000000000004 0.0027793481420119726
v -0.014542461247963157 0.0025650000000000004 0.0027793481420119726
v -0.014370496247963327 -0.0019610000000000005 0.013256348142011959
v -0.014455486247963278 0.00032200000000000002 0.0094303431420119654
v -0.014364546247963073 -0.0020220000000000004 0.013150338142011969
v -0.014398571247963232 -0.0011150000000000001 0.012970343142011953
v -0.014448466247962866 0.00036900000000000008 0.009032343142011956
v -0.014398571247963232 -0.00085599999999999999 0.012925348142011961
v -0.014354471247963019 -0.0018200000000000002 0.01240235314201199
v -0.014354471247963019 -0.0018200000000000002 0.01240235314201199
v -0.014476541247963215 0.0016910000000000002 0.0083413431420119588
v -0.014431531247963203 0.00045400000000000008 0.0085913481420119564
v -0.01438758624796338 -0.00056800000000000015 0.012639343142011955
v -0.014440531247963573 0.0008870000000000002 0.0042583481420119806
v -0.014386516247963221 -0.00038700000000000003 0.012166338142011957
v -0.014414591247963127 0.00048300000000000014 0.0082003481420119817
v -0.014478526247963142 0.0027160000000000005 0.0036573431420119651
v -0.014478526247963142 0.0027160000000000005 0.0036573431420119651
v -0.014411541247963011 0.00086700000000000015 0.003275348142011969
v -0.014305491247963154 -0.0016870000000000001 0.012494343142011977
v -0.014305491247963154 -0.0016870000000000001 0.012494343142011977
v -0.014315561247963238 -0.0011590000000000001 0.012940338142011981
v -0.014300611247963058 -0.0012130000000000003 0.011629343142011972
v -0.014265516247963184 -0.0018810000000000001 0.012118348142011987
v -0.014265516247963184 -0.0018810000000000001 0.012118348142011987
v -0.014278486247962963 -0.0015370000000000002 0.012608348142011977
v -0.014278486247962963 -0.0015370000000000002 0.012608348142011977
v -0.014270551247963226 -0.0012570000000000003 0.012854338142011978
v -0.014270551247963226 -0.0012570000000000003 0.012854338142011978
v -0.014254526247962918 -0.0016610000000000001 0.011814338142011965
v -0.014262461247963099 -0.001389 0.01273533814201197
v -0.014262461247963099 -0.001389 0.01273533814201197
v -0.014389566247963337 0.0021199999999999999 0.0029073431420119644
v -0.014389566247963337 0.0021199999999999999 0.0029073431420119644
v -0.01438758624796338 0.0024810000000000001 0.0044883431420119635
v -0.01438758624796338 0.0024810000000000001 0.0044883431420119635
v -0.01430152624796327 0.00086000000000000009 0.0040613481420119779
v -0.014284586247963194 0.00089600000000000009 0.0048093431420119792
v -0.014303511247963197 0.0015010000000000004 0.0096153431420119562
v -0.014333571247963472 0.0023720000000000004 0.0049903481420119633
v -0.01425956124796296 0.00033500000000000007 0.0094363481420119688
v -0.014274516247963109 0.0017240000000000003 0.0092573431420119867
v -0.014189526247963158 -0.00043600000000000003 0.012151348142011992
v -0.014231486247963498 0.00079900000000000012 0.0033453481420119557
v -0.014254526247962918 0.0017130000000000003 0.0083533481420119682
v -0.014256511247962844 0.001804 0.0088253481420119684
v -0.014196546247963127 0.00049200000000000014 0.0082053481420119867
v -0.014191511247963529 0.00037600000000000003 0.009037343142011961
v -0.014127576247963514 -0.0011780000000000002 0.011643343142011986
v -0.014173506247963263 0.00044800000000000005 0.0086003481420119654
v -0.014119486247963386 -0.00093100000000000008 0.012877338142011974
v -0.014187541247963231 0.0012040000000000002 0.0025553431420119732
v -0.014191511247963529 0.0014590000000000002 0.0024913481420119621
v -0.014058606247963013 -0.0018030000000000001 0.012180338142011971
v -0.014058606247963013 -0.0018030000000000001 0.012180338142011971
v -0.014058606247963013 -0.0018030000000000001 0.012180338142011971
v -0.014101481247963121 -0.00063299999999999999 0.012611343142011983
v -0.01415458124796326 0.00083000000000000001 0.0035433481420119595
v -0.014023511247963139 -0.001614 0.011858338142011982
v -0.014023511247963139 -0.001614 0.011858338142011982
v -0.01408759624796313 0.00043200000000000004 0.0094473431420119824
v -0.014104536247963206 0.00098799999999999995 0.0026823431420119614
v -0.014110486247963461 0.0014180000000000002 0.0096043481420119425
v -0.014088511247963342 0.00090600000000000012 0.0042853431420119825
v -0.014036481247963362 -0.00053700000000000004 0.01209435314201196
v -0.014009471247963201 -0.0010630000000000001 0.011717348142011974
v -0.014118571247963174 0.0023600000000000001 0.0030773431420119679
v -0.014118571247963174 0.0023600000000000001 0.0030773431420119679
v -0.014118571247963174 0.0023600000000000001 0.0030773431420119679
v -0.014125591247963143 0.0025460000000000001 0.0044753431420119782
v -0.014125591247963143 0.0025460000000000001 0.0044753431420119782
v -0.014090496247963269 0.0017210000000000001 0.0025163481420119593
v -0.01396156124796305 -0.0016320000000000002 0.012305343142011954
v -0.01396156124796305 -0.0016320000000000002 0.012305343142011954
v -0.014037546247963106 0.00091000000000000011 0.0047963431420119662
v -0.014080576247963161 0.0024330000000000003 0.0049743481420119751
v -0.013954541247963526 -0.0010640000000000001 0.012756338142011964
v -0.013954541247963526 -0.0010640000000000001 0.012756338142011964
v -0.014045481247963287 0.0016240000000000002 0.0083463481420119612
v -0.013953471247962923 -0.00087499999999999991 0.011853343142011974
v -0.014006571247963062 0.00058700000000000007 0.0082173431420119736
v -0.013957591247963197 -0.00068700000000000011 0.011992348142011972
v -0.013923566247963037 -0.0014280000000000002 0.012456348142011991
v -0.013923566247963037 -0.0014280000000000002 0.012456348142011991
v -0.014030531247963107 0.0016100000000000001 0.0092403481420119671
v -0.013914561247963142 -0.0014370000000000001 0.011999348142011979
v -0.013908461247963355 -0.001235 0.012608348142011977
v -0.013908461247963355 -0.001235 0.012608348142011977
v -0.014011606247963104 0.0016870000000000001 0.0088103481420119811
v -0.013981546247963272 0.00083900000000000001 0.0028303431420119707
v -0.013967511247963305 0.00046699999999999997 0.0090503481420119714
v -0.013964611247963166 0.00059800000000000001 0.0094683431420119757
v -0.013908461247963355 -0.00076200000000000009 0.012516338142011973
v -0.013975596247963462 0.0012520000000000003 0.0095713431420119677
v -0.013947521247963113 0.00052300000000000003 0.0086203481420119576
v -0.013876566247963129 -0.001175 0.012198343142011958
v -0.013846506247963297 -0.00094300000000000015 0.012374353142011962
v -0.013904491247963502 0.00081400000000000005 0.0094983481420119753
v -0.013906476247963429 0.001041 0.0095323481420119816
v -0.013871531247963087 0.00075700000000000008 0.0082373431420119658
v -0.013913496247962953 0.0019870000000000001 0.0026093481420119691
v -0.013892591247962993 0.0014440000000000002 0.0083243481420119669
v -0.013923566247963037 0.0024380000000000001 0.0032273481420119765
v -0.013923566247963037 0.0024380000000000001 0.0032273481420119765
v -0.013923566247963037 0.0024380000000000001 0.0032273481420119765
v -0.013846506247963297 0.00097700000000000022 0.0036603431420119681
v -0.013893506247963205 0.0024140000000000003 0.004445343142011976
v -0.013846506247963297 0.0013810000000000003 0.0091933431420119782
v -0.013822551247963222 0.00077400000000000006 0.0029843431420119582
v -0.013806531247963327 0.00063000000000000003 0.0090723431420119682
v -0.013816601247962967 0.0010360000000000002 0.0042643431420119615
v -0.013809581247963443 0.0010160000000000002 0.0047973431420119672
v -0.013822551247963222 0.0014530000000000003 0.0087683481420119946
v -0.013851541247963339 0.0023060000000000003 0.0049483481420119491
v -0.013805461247963169 0.00097800000000000014 0.0082643431420119651
v -0.013810496247963211 0.0012170000000000002 0.0082953431420119683
v -0.013783491247963464 0.00068500000000000017 0.0086483481420119857
v -0.013833536247963518 0.0023700000000000001 0.0039483431420119786
v -0.013745496247963451 0.001108 0.0091403481420119503
v -0.013728556247963375 0.00085100000000000009 0.0091013431420119695
v -0.013766551247963388 0.0023210000000000001 0.0033913431420119489
v -0.013717571247963078 0.001176 0.0087243481420119506
v -0.013702466247963396 0.00091200000000000016 0.0086863431420119708
v -0.013722606247963121 0.0022040000000000007 0.0027303431420119817
v -0.013639601247963096 0.00079799999999999999 0.0031293481420119618
v -0.013678511247963321 0.0021190000000000002 0.0043843481420119401
v -0.013675611247963182 0.0020400000000000001 0.0049123481420119686
v -0.013629526247963042 0.001201 0.0048073481420119746
v -0.013648601247963466 0.0020460000000000005 0.0035823431420119733
v -0.013585581247963219 0.0012490000000000001 0.0042473431420119723
v -0.013557506247963313 0.0017340000000000003 0.0048673431420119817
v -0.013536601247963354 0.0014490000000000002 0.0048293481420119688
v -0.013536601247963354 0.0022770000000000004 0.0028773481420119873
v -0.013512491247963332 0.0017950000000000002 0.0043073481420119464
v -0.013460461247963351 0.00091200000000000016 0.0032483481420119698
v -0.013468546247963065 0.001508 0.0042563431420119535
v -0.01337959124796323 0.002166 0.0030353431420119814
v -0.013312601247963129 0.0011010000000000002 0.0033333481420119437
v -0.013270491247963256 0.0019160000000000002 0.0031813431420119609
v -0.013225476247963275 0.0013470000000000001 0.0033563431420119694
v -0.013212506247963052 0.0016240000000000002 0.0033003431420119689
v -0.013062511247962927 0.00080300000000000011 0.0015293481420119714
v -0.013047556247963221 0.0010220000000000001 0.0014983481420119682
v -0.013018566247963104 0.00061700000000000004 0.0015973481420119562
v -0.012981486247963303 0.0012400000000000002 0.0015013431420119738
v -0.012916486247963099 0.00048700000000000002 0.0017003431420119786
v -0.012871471247963118 0.0014320000000000001 0.001543338142011963
v -0.012832561247963337 0.00073600000000000011 0.0011563481420119592
v -0.012817606247963187 0.00096200000000000007 0.0011083431420119694
v -0.012771526247963461 0.000428 0.0018283481420119652
v -0.012771526247963461 0.00055100000000000017 0.0012493431420119716
v -0.012736586247963089 0.001201 0.0011133481420119717
v -0.012721476247962993 0.0015640000000000003 0.0016303431420119641
v -0.012644571247963199 0.00043200000000000004 0.0013833431420119668
v -0.012611461247963252 0.00044999999999999999 0.001958343142011959
v -0.012586591247963408 0.0014310000000000002 0.0011653431420119709
v -0.012554546247963205 0.0015990000000000002 0.0017583481420119784
v -0.012503581247962969 0.00066100000000000013 0.00086134814201196952
v -0.01249946124796314 0.00088100000000000006 0.0008233431420119619
v -0.012468486247963095 0.00038000000000000002 0.0015413481420119557
v -0.012468486247963095 0.00055200000000000008 0.0020613481420119761
v -0.012433546247963168 0.00047600000000000008 0.00094634814201197126
v -0.012412486247963261 0.0011119999999999999 0.0008273431420119659
v -0.012409586247963122 0.0015290000000000002 0.0018973431420119535
v -0.012359541247963068 0.00072100000000000007 0.0021233481420119826
v -0.012383496247963588 0.0016020000000000003 0.0012693481420119612
v -0.012301556247963308 0.00034200000000000007 0.0010693431420119859
v -0.012316511247963458 0.0013690000000000002 0.0020173431420119625
v -0.012294536247962895 0.00093500000000000007 0.0021353431420119695
v -0.012277601247963232 0.00038900000000000002 0.0016913431420119696
v -0.012278516247963001 0.0011600000000000002 0.002099343142011989
v -0.012250591247963072 0.0013360000000000002 0.00086834814201197652
v -0.012178571247963343 0.0016540000000000001 0.0014153481420119685
v -0.012126536247963393 0.00027700000000000001 0.0012193481420119667
v -0.012115551247963097 0.00058799999999999998 0.00067034814201194504
v -0.012102581247962874 0.00047400000000000003 0.0018133431420119805
v -0.012104566247963244 0.00079799999999999999 0.00064334814201197354
v -0.012062601247963378 0.00040600000000000006 0.00073034314201195216
v -0.012046581247963484 0.0015020000000000001 0.00096034814201195751
v -0.012030561247963145 0.0010020000000000001 0.00063934314201197218
v -0.012014536247963281 0.0015609999999999999 0.0015843481420119709
v -0.011965556247963416 0.00063600000000000017 0.0018873481420119687
v -0.011953501247962961 0.00027500000000000002 0.0008213431420119599
v -0.011939466247962993 0.00030000000000000003 0.0013733481420119542
v -0.011909556247963138 0.0013550000000000003 0.0017433431420119661
v -0.011902536247963169 0.001175 0.00066434814201196679
v -0.011881481247963233 0.00085500000000000007 0.0019003481420119539
v -0.011865461247962894 0.001103 0.001853343142011965
v -0.011812511247963176 0.00021600000000000002 0.00093234814201195726
v -0.011842571247963007 0.0015510000000000001 0.0011033431420119644
v -0.011771466247963047 0.00039899999999999999 0.0014963431420119688
v -0.011738506247963076 0.001291 0.00073134314201195316
v -0.011668466247963305 0.00024100000000000003 0.0010473431420119639
v -0.011680521247963316 0.0014610000000000003 0.0012723431420119669
v -0.011641461247963114 0.000562 0.0015733431420119626
v -0.011584546247963068 0.001261 0.0014293481420119825
v -0.011566541247962803 0.00077400000000000006 0.0015913481420119779
v -0.011571576247963289 0.0013210000000000001 0.00084334314201195415
v -0.011536481247962971 0.00034099999999999999 0.001142348142011973
v -0.01154960124796317 0.001013 0.0015423481420119844
v -0.011435466247963155 0.000504 0.0011953431420119731
v -0.011443556247963282 0.0012560000000000002 0.00097434814201197151
v -0.011372601247963299 0.0007090000000000001 0.0012023431420119524
v -0.011369551247963183 0.0011119999999999999 0.0010883431420119771
v -0.011349561247962991 0.00092100000000000016 0.0011673431420119729
v -0.011125561247963212 -0.00045100000000000001 -0.00039665185798803959
v -0.011115491247963571 -0.00057800000000000006 -0.00028865685798803997
v -0.011098551247963051 -0.00098000000000000019 -0.00054565685798804719
v -0.011098551247963051 -0.00098000000000000019 -0.00054565685798804719
v -0.011098551247963051 -0.00098000000000000019 -0.00054565685798804719
v -0.011023481247963207 -0.00079600000000000005 -0.00068665685798804943
v -0.011036601247962963 -0.00026700000000000004 -0.00051165685798804095
v -0.011008526247963057 -0.00064000000000000005 -0.00018365685798804599
v -0.010974501247963342 -0.0010630000000000001 -0.00038965185798803259
v -0.010910566247963327 -9.6000000000000002E-05 -0.00060265685798804869
v -0.01085349624796289 -0.00066100000000000013 -7.4651857988050629E-05
v -0.010850596247963196 -0.00054500000000000002 -0.00082565185798802454
v -0.01082648624796273 -0.0011860000000000002 -0.00078065685798803242
v -0.01082648624796273 -0.0011860000000000002 -0.00078065685798803242
v -0.01082648624796273 -0.0011860000000000002 -0.00078065685798803242
v -0.010754466247963446 -0.0012850000000000001 -0.00062665185798804757
v -0.010751566247963307 -0.00109 -0.00022665185798803611
v -0.010751566247963307 -0.0010180000000000002 -0.00090965185798802528
v -0.010751566247963307 -0.0010180000000000002 -0.00090965185798802528
v -0.010763471247963341 2.7000000000000002E-05 -0.00063065685798804894
v -0.010727461247963255 -0.00032500000000000004 -0.00097066185798802551
v -0.010694501247963284 -0.00065900000000000008 3.634314201195199E-05
v -0.010620496247963185 -0.00082299999999999995 -0.0010246568579880544
v -0.010620496247963185 -0.00082299999999999995 -0.0010246568579880544
v -0.010492476247963178 -0.0040450000000000009 -0.00062565685798804394
v -0.010492476247963178 -0.0040450000000000009 -0.00062565685798804394
v -0.010492476247963178 -0.0040450000000000009 -0.00062565685798804394
v -0.010492476247963178 -0.0040450000000000009 -0.00062565685798804394
v -0.010492476247963178 -0.0040450000000000009 -0.00062565685798804394
v -0.010601576247962707 9.5000000000000005E-05 -0.00058265685798802869
v -0.010555491247963456 -0.0013250000000000002 -0.00045665685798804145
v -0.010573496247962832 -0.00016500000000000003 -0.0010446568579880466
v -0.010545576247963317 -0.00061300000000000005 0.00011134314201197149
v -0.010516581247962786 -0.0010870000000000001 -7.2651857988020874E-05
v -0.010507581247963305 -0.00063200000000000018 -0.0011396518579880333
v -0.010507581247963305 -0.00063200000000000018 -0.0011396518579880333
v -0.010429606247963352 -0.0013350000000000002 -0.00068065685798804343
v -0.010429606247963352 -0.0013350000000000002 -0.00068065685798804343
v -0.010440596247963174 0.00010800000000000001 -0.0004786568579880357
v -0.010406566247963045 -0.00049600000000000002 0.00010634314201193873
v -0.010379561247962854 -0.0013650000000000003 -0.00061765685798803593
v -0.010379561247962854 -0.0013650000000000003 -0.00061765685798803593
v -0.010361551247963063 -0.0011290000000000002 -0.00084765685798804391
v -0.010361551247963063 -0.0011290000000000002 -0.00084765685798804391
v -0.010372541247963329 -0.00047100000000000006 -0.0012216568579880571
v -0.010372541247963329 -0.00047100000000000006 -0.0012216568579880571
v -0.010355601247962809 -8.0000000000000007E-05 -0.0010036568579880334
v -0.010314556247963125 -0.0013060000000000001 -0.00031665685798804022
v -0.010314556247963125 -0.0013060000000000001 -0.00031665685798804022
v -0.010294566247962933 -0.0013400000000000003 -0.00058565185798803432
v -0.010294566247962933 -0.0013400000000000003 -0.00058565185798803432
v -0.010302501247963558 -0.0010270000000000001 7.3431420119507429E-06
v -0.010302501247963558 -0.0010270000000000001 7.3431420119507429E-06
v -0.010271526247963514 -0.0009850000000000002 -0.00094065685798805365
v -0.010271526247963514 -0.0009850000000000002 -0.00094065685798805365
v -0.010278546247963039 -0.00031600000000000009 1.6348142011957112E-05
v -0.010288466247963146 7.6000000000000004E-05 -0.00036365685798803171
v -0.010201486247963298 -0.0012580000000000002 -0.00059565685798804169
v -0.010201486247963298 -0.0012580000000000002 -0.00059565685798804169
v -0.010197521247962971 -0.00014000000000000001 -0.00010565685798805124
v -0.010199506247962897 -7.0000000000000007E-06 -0.00023465185798804411
v -0.010171581247963413 -0.00083900000000000001 -0.0010346518579880393
v -0.010171581247963413 -0.00083900000000000001 -0.0010346518579880393
v -0.010171581247963413 -0.00036800000000000005 -0.0012126518579880508
v -0.010127481247963199 -0.00085100000000000009 -5.8651857988062384E-05
v -0.010103526247963124 -0.0017350000000000002 -0.0010146518579880193
v -0.010103526247963124 -0.0017350000000000002 -0.0010146518579880193
v -0.010109476247963378 -0.0012170000000000002 -0.00026465185798804636
v -0.010109476247963378 -0.0012170000000000002 -0.00026465185798804636
v -0.010109476247963378 -0.0012170000000000002 -0.00026465185798804636
v -0.010107496247962977 -0.0011280000000000001 -0.00065065185798804381
v -0.010107496247962977 -0.0011280000000000001 -0.00065065185798804381
v -0.010087506247963229 -0.0016910000000000002 -0.0010786518579880278
v -0.010119551247963432 -6.900000000000001E-05 -0.00085565685798805191
v -0.010075601247963195 -0.0017510000000000002 -0.00097066185798802551
v -0.010075601247963195 -0.0017510000000000002 -0.00097066185798802551
v -0.010071486247963335 -0.00071000000000000002 -0.0011086568579880274
v -0.010071486247963335 -0.00071000000000000002 -0.0011086568579880274
v -0.010029521247963469 -0.0016250000000000001 -0.0011556518579880215
v -0.010018536247963172 -0.001737 -0.0009546568579880399
v -0.010014566247963319 -0.00098200000000000002 -0.00073465185798804455
v -0.010014566247963319 -0.00098200000000000002 -0.00073465185798804455
v -0.0099445312479630732 -0.0032760000000000007 -0.0012456518579880282
v -0.0099445312479630732 -0.0032760000000000007 -0.0012456518579880282
v -0.0099475812479631887 -0.001689 -0.00097465685798803214
v -0.0099745912479633492 -0.00060100000000000008 -0.00021165685798801848
v -0.0099715362479632641 -0.00062000000000000011 -0.0011376568579880564
v -0.0099025712479631767 -0.0033260000000000008 -0.001329651857988029
v -0.0099475812479631887 -0.0015500000000000002 -0.001240651857988051
v -0.0099555162479633696 -0.001047 -0.00032265685798804622
v -0.0099555162479633696 -0.001047 -0.00032265685798804622
v -0.0098986012479633234 -0.0032770000000000004 -0.001216651857988027
v -0.0098986012479633234 -0.0032770000000000004 -0.001216651857988027
v -0.009923471247963167 -0.00084099999999999995 -0.00083665685798803291
v -0.009923471247963167 -0.00084099999999999995 -0.00083665685798803291
v -0.0098564862479634807 -0.0033520000000000004 -0.0013706518579880422
v -0.0098564862479634807 -0.0033520000000000004 -0.0013706518579880422
v -0.0099285112479636228 -0.00034500000000000004 -0.0010826568579880569
v -0.0098435162479632576 -0.0032740000000000009 -0.0012466518579880292
v -0.0098685412479630474 -0.001614 -0.0010306568579880326
v -0.0099045512479635778 -0.00010900000000000001 -0.00068465185798805006
v -0.0098874612479635249 -0.00059200000000000008 -0.0011086568579880274
v -0.0098615212479630787 -0.0014760000000000003 -0.0013276568579880521
v -0.0098075062479631714 -0.0033010000000000005 -0.0012716568579880516
v -0.0098075062479631714 -0.0033010000000000005 -0.0012716568579880516
v -0.0098075062479631714 -0.0033010000000000005 -0.0012716568579880516
v -0.0098075062479631714 -0.0033010000000000005 -0.0012716568579880516
v -0.0098075062479631714 -0.0033010000000000005 -0.0012716568579880516
v -0.0098215462479631088 -0.002428 -0.0013546568579880236
v -0.0098215462479631088 -0.002428 -0.0013546568579880236
v -0.0098215462479631088 -0.002428 -0.0013546568579880236
v -0.0098555712479632684 -0.00071700000000000008 -0.00094265185798805828
v -0.0098555712479632684 -0.00071700000000000008 -0.00094265185798805828
v -0.0098114762479630246 -0.0024130000000000002 -0.0014016518579880455
v -0.0097824812479629375 -0.0033419999999999999 -0.0013186568579880431
v -0.0097824812479629375 -0.0033419999999999999 -0.0013186568579880431
v -0.0097824812479629375 -0.0033419999999999999 -0.0013186568579880431
v -0.0097824812479629375 -0.0033419999999999999 -0.0013186568579880431
v -0.0098004862479632027 -0.0024340000000000004 -0.0013206568579880451
v -0.0098004862479632027 -0.0024340000000000004 -0.0013206568579880451
v -0.0098395512479629299 -0.00062700000000000017 -0.0010396568579880416
v -0.0098395512479629299 -0.00062700000000000017 -0.0010396568579880416
v -0.0098325312479629612 -0.00085000000000000006 -0.00043565685798804821
v -0.0098325312479629612 -0.00085000000000000006 -0.00043565685798804821
v -0.0098426012479630454 -0.00038100000000000005 -0.00034965685798804547
v -0.009770581247963317 -0.002392 -0.0014596568579880176
v -0.009788586247963138 -0.001536 -0.0011096568579880561
v -0.0097576112479630939 -0.0024290000000000006 -0.0013086518579880357
v -0.0097785162479630539 -0.00141 -0.0013986568579880398
v -0.0098055212479632448 -0.00021500000000000002 -0.0005036568579880607
v -0.0097125962479635564 -0.0023720000000000004 -0.0015226568579880528
v -0.0097035962479631865 -0.0024080000000000004 -0.0013246518579880517
v -0.0097064912479629117 -0.0014660000000000003 -0.0012006568579880361
v -0.0097264812479631035 -0.00066600000000000014 -0.00055965685798803344
v -0.0097264812479631035 -0.00066600000000000014 -0.00055965685798803344
v -0.0097306012479629334 -0.00039500000000000006 -0.0008976568579880384
v -0.0097016112479632599 -0.0013630000000000003 -0.0014326568579880461
v -0.0096504962479630474 -0.0023530000000000005 -0.0015866568579880336
v -0.0096456112479629819 -0.0023770000000000002 -0.0013676568579880366
v -0.009671551247963428 -0.0005080000000000001 -0.00070965685798804468
v -0.009671551247963428 -0.0005080000000000001 -0.00070965685798804468
v -0.0096434762479630787 -0.0014080000000000004 -0.0012916568579880439
v -0.0096425612479633105 -0.0013470000000000001 -0.0014196568579880331
v -0.0096425612479633105 -0.0013470000000000001 -0.0014196568579880331
v -0.0096425612479633105 -0.0013470000000000001 -0.0014196568579880331
v -0.0096186012479632654 -0.001366 -0.0013716518579880432
v -0.0096186012479632654 -0.001366 -0.0013716518579880432
v -0.0096186012479632654 -0.001366 -0.0013716518579880432
v -0.0095905262479633602 -0.0023360000000000004 -0.0016386518579880327
v -0.0095865612479630324 -0.0023510000000000007 -0.0014266568579880401
v -0.0095345262479630821 -0.002323 -0.0016636568579880273
v -0.0095345262479630821 -0.002323 -0.0016636568579880273
v -0.0095345262479630821 -0.002323 -0.0016636568579880273
v -0.0095305612479631985 -0.0023370000000000001 -0.0014926518579880532
v -0.0094914962479630272 -0.002317 -0.0016536518579880477
v -0.0094914962479630272 -0.002317 -0.0016536518579880477
v -0.0094914962479630272 -0.002317 -0.0016536518579880477
v -0.0094914962479630272 -0.002317 -0.0016536518579880477
v -0.0094914962479630272 -0.002317 -0.0016536518579880477
v -0.0094705912479630672 -0.0023240000000000001 -0.0016176518579880395
v -0.0094705912479630672 -0.0023240000000000001 -0.0016176518579880395
v -0.0094705912479630672 -0.0023240000000000001 -0.0016176518579880395
v -0.0094705912479630672 -0.0023240000000000001 -0.0016176518579880395
v -0.0094705912479630672 -0.0023240000000000001 -0.0016176518579880395
v -0.016511606247963051 0.002568 0.0029553431420119569
v -0.016511606247963051 0.002568 0.0029553431420119569
v -0.016511606247963051 0.002568 0.0029553431420119569
v -0.016438516247963164 0.0032730000000000003 0.0027333431420119569
v -0.016397471247963036 0.0031980000000000003 0.0023843481420119661
v -0.016351541247963286 0.0025390000000000005 0.0025603481420119756
v -0.016330486247963349 0.00349 0.0030343431420119804
v -0.016205516247963014 0.0032210000000000003 0.0021303481420119619
v -0.016139601247963042 0.0037580000000000005 0.0031473431420119546
v -0.015960461247963298 0.0032420000000000001 0.0019333481420119591
v -0.015861586247963355 0.003961000000000001 0.00316534814201197
v -0.0157515662479632 0.0031750000000000003 0.0017423431420119651
v -0.015663526247963133 0.0031110000000000001 0.0016273481420119584
v -0.015507581247963198 0.0030560000000000001 0.001464348142011962
v -0.015512461247963294 0.0040680000000000004 0.0031263431420119892
v -0.015429606247963246 0.003065 0.0014363481420119895
v -0.015357586247963073 0.0030790000000000001 0.0014623431420119626
v -0.015302501247963007 0.0030950000000000005 0.0015383431420119553
v -0.015599591247963118 0.013023000000000002 -0.00046465685798804945
v -0.015250471247963471 0.0031260000000000003 0.0016493431420119553
v -0.015513531247963008 0.012737000000000002 0.00018434314201196123
v -0.015178601247963275 0.0031820000000000004 0.0017763431420119435
v -0.015189586247963571 0.0040039999999999997 0.0031143481420119745
v -0.015450511247963206 0.012615000000000001 -0.00032265685798804622
v -0.015066601247963163 0.0029020000000000005 0.0041523431420119605
v -0.015030591247963077 0.0023630000000000005 0.0022063431420119572
v -0.015030591247963077 0.0023630000000000005 0.0022063431420119572
v -0.015001596247962989 0.0032460000000000006 0.001965343142011966
v -0.015253521247963586 0.012533000000000002 -0.00071365185798802355
v -0.015234601247963109 0.012824 0.00065434314201195942
v -0.014898601247963217 0.0038060000000000004 0.0031103431420119731
v -0.014782481247962831 0.0024380000000000001 0.0024453431420119465
v -0.01479148624796317 0.0032630000000000003 0.0021753481420119791
v -0.015066601247963163 0.01255 -0.0010236568579880256
v -0.014729536247963082 0.0028090000000000003 0.0039453431420119756
v -0.014729536247963082 0.0028090000000000003 0.0039453431420119756
v -0.015023571247963108 0.012569 -0.0012206568579880284
v -0.015034556247963404 0.013035000000000003 -0.0016356568579880271
v -0.014655531247963427 0.0024720000000000002 0.0025313481420119466
v -0.014681471247962985 0.0035650000000000005 0.0030313481420119748
v -0.014625471247963151 0.0032919999999999998 0.0024473481420119736
v -0.014924541247962775 0.012563 -0.0015156568579880458
v -0.014576486247962872 0.0033810000000000003 0.0027863481420119518
v -0.014829481247963183 0.012992000000000002 -0.0019616518579880504
v -0.014795606247963444 0.012782000000000002 0.0010003481420119698
v -0.014408491247962896 0.0026100000000000003 0.0030023481420119458
v -0.014408491247962896 0.0026100000000000003 0.0030023481420119458
v -0.014408491247962896 0.0026100000000000003 0.0030023481420119458
v -0.014280466247963364 0.0026460000000000003 0.003289348142011983
v -0.014280466247963364 0.0026460000000000003 0.003289348142011983
v -0.014509501247962742 0.01291 -0.002318656857988044
v -0.014491496247963365 0.012411000000000002 -0.0019506568579880368
v -0.014237591247963255 0.012715000000000002 0.0011963481420119715
v -0.013896556247962877 0.012821000000000003 -0.0024336518579880506
v -0.013680491247963278 0.012638000000000003 0.0012733481420119652
v -0.013505476247962889 0.012410000000000003 -0.0019086568579880503
v -0.013067546247962969 0.012632000000000003 0.0012083431420119584
v -0.013002546247963209 0.012578000000000001 -0.0014836518579880442
v -0.012889476247963383 0.012983000000000001 -0.0019166568579880583
v -0.012788466247963093 0.012497000000000001 -0.0010796568579880261
v -0.012645491247962937 0.012451000000000002 -0.00086265685798805891
v -0.012636486247963485 0.013028999999999999 -0.0015596568579880343
v -0.012553476247963047 0.012615000000000001 0.00093834814201196326
v -0.01243858124796321 0.012937000000000002 -0.0010896568579880361
v -0.012386546247963259 0.012431000000000003 -0.00046065185798804809
v -0.012261576247963368 0.012584000000000001 0.00051934314201196319
v -0.012262491247963136 0.012869 -0.00081765185798801654
v -0.012202526247962975 0.01251 2.8343142011943989E-05
v -0.015879591247963176 0.013804000000000004 -0.00071365185798802355
v -0.015876536247963091 0.013832000000000001 -0.00019365185798803086
v -0.015829541247963153 0.014593000000000002 -0.00068165685798804443
v -0.015786511247963098 0.013850000000000001 -0.0011496568579880406
v -0.015816571247962929 0.015880000000000002 -0.0033276568579880261
v -0.015725476247963222 0.014626 -0.0014846518579880452
v -0.015643536247962941 0.013068 2.8343142011943989E-05
v -0.015691601247963038 0.014956000000000001 -0.00070665185798804431
v -0.015651471247963566 0.014425 7.4348142011959606E-05
v -0.015601576247963045 0.013697000000000001 0.00049234314201196394
v -0.015537486247963084 0.014973 -0.0017066568579880148
v -0.015537486247963084 0.014973 -0.0017066568579880148
v -0.015454481247963059 0.012988 -0.00085965185798803079
v -0.015651471247963566 0.019682000000000002 -0.0014266568579880401
v -0.015384596247963234 0.013629 -0.0016446568579880361
v -0.015385511247963446 0.014426000000000003 0.00075334314201194741
v -0.015300516247963081 0.013048000000000002 0.00058734814201197305
v -0.015211561247963246 0.014072000000000001 0.00087134314201198215
v -0.015209576247963319 0.014194000000000002 -0.0021396518579880619
v -0.015140606247963262 0.012968 -0.001315651857988015
v -0.015111461247963198 0.013507 -0.0019316568579880455
v -0.015071486247963228 0.013514999999999999 0.0010403431420119569
v -0.014894481247962943 0.01396 -0.0025316518579880376
v -0.014858471247963301 0.013387000000000003 -0.0022546568579880355
v -0.014809491247962991 0.012972999999999998 0.00097934814201197651
v -0.014694591247963185 0.014379000000000001 -0.0028436568579880417
v -0.014694591247963185 0.014379000000000001 -0.0028436568579880417
v -0.014846571247963236 0.020251000000000005 -0.0039156518579880617
v -0.014532541247963049 0.013980000000000001 0.0014453431420119456
v -0.014495466247963218 0.013795 0.0013473431420119586
v -0.014469526247962772 0.013368 -0.0026726518579880676
v -0.014453501247963352 0.013972999999999999 -0.0029226568579880374
v -0.014369581247963115 0.013382000000000003 0.0013783431420119618
v -0.01455055124796284 0.021878000000000005 -0.0030496518579880283
v -0.014233471247962981 0.012864 0.0012023431420119524
v -0.014334486247963241 0.018600000000000002 0.0017273431420119501
v -0.01376853624796287 0.013287000000000002 -0.0028006568579880542
v -0.013730541247963302 0.013916000000000001 -0.0031006518579880515
v -0.01371055124796311 0.014381 -0.0032326518579880448
v -0.013648601247963466 0.013611000000000002 0.0016003431420119618
v -0.013594586247963114 0.012797000000000001 0.0013043481420119685
v -0.013585581247963219 0.013272000000000001 0.0015463431420119633
v -0.013547586247963206 0.013844000000000002 0.0018063431420119735
v -0.013518596247963088 0.015579000000000003 -0.0045076568579880405
v -0.013658521247963129 0.022558000000000002 0.0066053481420119686
v -0.013254466247962948 0.012907 -0.0022836568579880367
v -0.013057476247963329 0.013419 -0.002632656857988025
v -0.013023601247963146 0.014021 -0.0029036518579880488
v -0.012912516247963246 0.012784000000000002 0.0012183481420119657
v -0.012767561247963133 0.013273 0.0014823431420119826
v -0.012742536247962899 0.014351000000000001 -0.0028876568579880302
v -0.012684551247963138 0.013606000000000002 0.0015413481420119557
v -0.012607496247962924 0.013439000000000001 -0.0022016518579880406
v -0.012508466247963479 0.013008 -0.0012606518579880432
v -0.012476576247962778 0.014053000000000003 -0.0024826518579880441
v -0.012414471247963188 0.013802000000000002 0.0016123481420119712
v -0.012387461247963027 0.012806000000000001 0.0008853431420119684
v -0.012243571247963103 0.013574000000000001 -0.0017856518579880409
v -0.012402571247963123 0.022268 0.0094233431420119862
v -0.012110516247963499 0.012819000000000001 0.00043834814201196282
v -0.012116466247963309 0.013358000000000002 0.0011523431420119579
v -0.012064586247963305 0.012827 -0.00044465185798803208
v -0.0120735912479632 0.014188000000000001 -0.001957656857988016
v -0.012001566247963058 0.012821000000000003 -3.0651857988034381E-05
v -0.011953501247962961 0.013670000000000002 -0.001331651857988031
v -0.011930461247963098 0.013722000000000002 0.001155348142011986
v -0.011897501247963127 0.017317000000000003 0.0024813481420119521
v -0.011897501247963127 0.017317000000000003 0.0024813481420119521
v -0.011754526247962971 0.013738999999999999 -0.0010536568579880279
v -0.011686476247963096 0.013425000000000001 0.00070534814201195228
v -0.011573561247963216 0.013682000000000003 -0.0007766518579880588
v -0.01153953124796353 0.015065000000000002 -0.0036756518579880437
v -0.011486586247963337 0.014325000000000003 -0.0010436518579880483
v -0.011416546247963122 0.013899999999999999 0.00073234314201198192
v -0.011397471247963142 0.013513000000000001 0.00016434814201196635
v -0.011377481247963395 0.013616000000000001 -0.00034265685798803847
v -0.011374586247963225 0.014119000000000001 0.00097134814201196851
v -0.011362531247963215 0.014594000000000003 -0.0012176518579880558
v -0.011115491247963571 0.014263999999999999 -0.00035365185798802434
v -0.011111521247963274 0.014106000000000002 0.00018134314201195822
v -0.01121253624796309 0.019970000000000002 -0.0070726468579880575
v -0.011024546247963396 0.014557 -7.7656857988023242E-05
v -0.010027536247963098 0.017406000000000001 0.00068434814201195904
v -0.0098375662479634474 0.020190000000000003 0.0069383431420119712
v -0.0097174812479631778 0.017722000000000002 -0.0038416568579880406
v -0.0096634662479628264 0.017374000000000001 -0.0021436518579880381
v -0.0085625412479630181 0.018178000000000003 -0.0022816568579880347
v -0.0085625412479630181 0.018178000000000003 -0.0022816568579880347
v -0.019588541247962776 0.025146000000000002 -0.092486656857988056
v -0.019588541247962776 0.025146000000000002 -0.092486656857988056
v -0.019588541247962776 0.025146000000000002 -0.092486656857988056
v -0.019340586247963365 0.024501000000000002 -0.092256651857988037
v -0.019340586247963365 0.024501000000000002 -0.092256651857988037
v -0.019340586247963365 0.024501000000000002 -0.092256651857988037
v -0.01788261124796281 0.026300000000000004 -0.095624656857988044
v -0.01788261124796281 0.026300000000000004 -0.095624656857988044
v -0.017437511247962945 0.025857000000000005 -0.095266656857988047
v -0.017397531247963005 0.025527000000000008 -0.092309646857988037
v -0.017397531247963005 0.025527000000000008 -0.092309646857988037
v -0.01717460124796294 0.027554000000000002 -0.093007651857988038
v -0.016659466247963273 0.027793000000000002 -0.082837646857988043
v -0.016659466247963273 0.027793000000000002 -0.082837646857988043
v -0.01630058124796302 0.027053000000000001 -0.082577656857988055
v -0.01630058124796302 0.027053000000000001 -0.082577656857988055
v -0.01630058124796302 0.027053000000000001 -0.082577656857988055
v -0.015954511247963488 0.028946 -0.083262651857988049
v -0.015765606247963138 0.026231000000000001 -0.092696656857988058
v -0.015206526247963204 0.027947000000000007 -0.097856656857988056
v -0.015206526247963204 0.027947000000000007 -0.097856656857988056
v -0.014930491247963029 0.026654000000000001 -0.08240965685798804
v -0.014793466247963127 0.027257 -0.096825656857988052
v -0.014533461247962787 0.030971000000000005 -0.067238656857988036
v -0.014533461247962787 0.030971000000000005 -0.067238656857988036
v -0.014330516247962943 0.030003000000000002 -0.06692666185798804
v -0.014330516247962943 0.030003000000000002 -0.06692666185798804
v -0.013769606247963473 0.026505000000000001 -0.082316656857988044
v -0.013786541247963136 0.030377000000000005 -0.083172656857988039
v -0.013722606247963121 0.030162000000000001 -0.094279651857988062
v -0.013625561247963158 0.033132000000000009 -0.038387651857988037
v -0.013529581247963385 0.032304995000000003 -0.067573651857988054
v -0.013506541247963522 0.035111000000000003 -0.039708661857988048
v -0.01339454124796341 0.033790000000000008 -0.051314651857988045
v -0.01339454124796341 0.033790000000000008 -0.051314651857988045
v -0.013225476247963275 0.032225999999999998 -0.051182661857988032
v -0.013225476247963275 0.032225999999999998 -0.051182661857988032
v -0.013148571247963037 0.031039000000000001 -0.037154646857988055
v -0.013255536247963107 0.037455000000000002 -0.033459651857988049
v -0.012929606247963299 0.027307999999999999 -0.093033656857988034
v -0.012882611247962916 0.032034 -0.043307656857988042
v -0.012837596247963379 0.033848000000000003 -0.046929656857988042
v -0.012561566247963174 0.032156005000000001 -0.047461651857988049
v -0.012581556247962922 0.036757000000000005 -0.04267865185798804
v -0.01239860124796327 0.035462 -0.051421651857988027
v -0.012133556247962918 0.026465000000000002 -0.081937656857988053
v -0.011930461247963098 0.029652000000000001 -0.042118656857988046
v -0.011796491247963281 0.029090000000000001 -0.066465656857988054
v -0.011842571247963007 0.038006000000000012 -0.037620651857988061
v -0.011613536247963185 0.030665000000000005 -0.04605666185798804
v -0.011447521247963166 0.028980000000000002 -0.098935651857988055
v -0.011103586247963093 0.033269000000000007 -0.067725646857988042
v -0.010870586247962943 0.029995000000000001 -0.050963661857988049
v -0.010765606247963244 0.031048000000000006 -0.10018965685798806
v -0.010765606247963244 0.031048000000000006 -0.10018965685798806
v -0.010147471247963391 0.028413000000000001 -0.038018656857988053
v -0.010037611247963152 0.036215000000000004 -0.051415651857988048
v -0.0098494662479630679 0.031838999999999999 -0.083094651857988047
v -0.0096445412479632675 0.026384000000000005 -0.081953656857988055
v -0.0096794862479631649 0.032129000000000005 -0.095970661857988054
v -0.009404521247963149 0.037725000000000009 -0.044213646857988051
v -0.0092285862479630221 0.028683000000000004 -0.094099656857988045
v -0.0089795662479629779 0.027986 -0.043591651857988051
v -0.0077436012479631944 0.028151000000000006 -0.066042651857988049
v -0.007822491247962915 0.033967000000000004 -0.067845661857988057
v -0.0071515612479628454 0.027904000000000002 -0.050733651857988046
v -0.0069126112479633295 0.031023000000000002 -0.10051665185798805
v -0.0069126112479633295 0.031023000000000002 -0.10051665185798805
v -0.0069565562479631526 0.036911000000000006 -0.05136865685798804
v -0.0058455612479632602 0.026474999999999999 -0.082357656857988043
v -0.0058905762479632418 0.031953000000000002 -0.10108366185798805
v -0.0058905762479632418 0.031953000000000002 -0.10108366185798805
v -0.0053224912479629682 0.026678000000000004 -0.03943865685798803
v -0.00534248124796316 0.029579000000000001 -0.09515665185798805
v -0.0049205762479631043 0.032917000000000002 -0.084188651857988045
v -0.0048175762479629181 0.032759000000000003 -0.097558651857988052
v -0.0048525212479632596 0.039221000000000006 -0.040595656857988049
v -0.0047225162479633265 0.028297000000000003 -0.065934646857988055
v -0.0046785712479630592 0.040153005000000012 -0.038389651857988052
v -0.0040975162479634508 0.034971000000000002 -0.068118656857988055
v -0.0035414862479631881 0.037915000000000004 -0.051339656857988039
v -0.0032186112479630213 0.038658000000000005 -0.044502651857988046
v -0.0014365362479635269 0.025835000000000004 -0.038323651857988042
v -0.0014365362479635269 0.026162999999999999 -0.082456656857988045
v -0.0014365362479635269 0.027129 -0.050582656857988045
v -0.0014365362479635269 0.028382000000000004 -0.065868656857988053
v -0.0014365362479635269 0.028989000000000001 -0.095357656857988055
v -0.0014365362479635269 0.030003000000000002 -0.10071065685798805
v -0.0014365362479635269 0.030003000000000002 -0.10071065685798805
v -0.0014365362479635269 0.031072000000000006 -0.10150065685798805
v -0.0014365362479635269 0.031072000000000006 -0.10150065685798805
v -0.0014365362479635269 0.032380000000000006 -0.097740651857988053
v -0.0014365362479635269 0.032984000000000006 -0.083851651857988041
v -0.0014365362479635269 0.035034000000000003 -0.068087661857988035
v -0.0014365362479635269 0.037868000000000006 -0.051255656857988038
v -0.0014365362479635269 0.038447000000000009 -0.045111646857988047
v 0.0003455387520368558 0.038658000000000005 -0.044502651857988046
v 0.00066841375203657849 0.037915000000000004 -0.051339656857988039
v 0.0012244437520363971 0.034971000000000002 -0.068118656857988055
v 0.0018054987520368937 0.040153005000000012 -0.038389651857988052
v 0.0018494437520367168 0.028297000000000003 -0.065934646857988055
v 0.0019794487520366499 0.039221000000000006 -0.040595656857988049
v 0.0019445087520367221 0.032759000000000003 -0.097558651857988052
v 0.0020475037520369388 0.032917000000000002 -0.084188651857988045
v 0.0024694087520369945 0.029579000000000001 -0.09515665185798805
v 0.0030175037520370762 0.031953000000000002 -0.10108366185798805
v 0.0030175037520370762 0.031953000000000002 -0.10108366185798805
v 0.0029724937520370642 0.026474999999999999 -0.082357656857988043
v 0.0040834837520369871 0.036911000000000006 -0.05136865685798804
v 0.0040395387520367199 0.031023000000000002 -0.10051665185798805
v 0.0040395387520367199 0.031023000000000002 -0.10051665185798805
v 0.0042784937520366495 0.027904000000000002 -0.050733651857988046
v 0.0049494187520367494 0.033967000000000004 -0.067845661857988057
v 0.0048705337520365544 0.028151000000000006 -0.066042651857988049
v 0.0061064937520372564 0.027986 -0.043591651857988051
v 0.0063555187520368261 0.028683000000000004 -0.094099656857988045
v 0.0065314537520369531 0.037725000000000009 -0.044213646857988051
v 0.0068064137520365553 0.032129000000000005 -0.095970661857988054
v 0.0067714737520370716 0.026384000000000005 -0.081953656857988055
v 0.006976398752036872 0.031838999999999999 -0.083094651857988047
v 0.0071645387520365422 0.036215000000000004 -0.051415651857988048
v 0.0078925337520366345 0.031048000000000006 -0.10018965685798806
v 0.0078925337520366345 0.031048000000000006 -0.10018965685798806
v 0.0079975187520367474 0.029995000000000001 -0.050963661857988049
v 0.0082305187520368972 0.033269000000000007 -0.067725646857988042
v 0.0085744487520370005 0.028980000000000002 -0.098935651857988055
v 0.0087404687520369895 0.030665000000000005 -0.04605666185798804
v 0.0089234187520366715 0.029090000000000001 -0.066465656857988054
v 0.0090573937520369019 0.029652000000000001 -0.042118656857988046
v 0.0092604887520367218 0.026465000000000002 -0.081937656857988053
v 0.0095255337520370742 0.035462 -0.051421651857988027
v 0.0097084837520372003 0.036757000000000005 -0.04267865185798804
v 0.0096884937520370085 0.032156005000000001 -0.047461651857988049
v 0.0099645287520367387 0.033848000000000003 -0.046929656857988042
v 0.010009538752036751 0.032034 -0.043307656857988042
v 0.010056538752037103 0.027307999999999999 -0.093033656857988034
v 0.010352403752037109 0.032225999999999998 -0.051182661857988032
v 0.010352403752037109 0.032225999999999998 -0.051182661857988032
v 0.010521473752037214 0.033790000000000008 -0.051314651857988045
v 0.010521473752037214 0.033790000000000008 -0.051314651857988045
v 0.010633473752036882 0.035111000000000003 -0.039708661857988048
v 0.010656513752036745 0.032304995000000003 -0.067573651857988054
v 0.010752488752036993 0.033132000000000009 -0.038387651857988037
v 0.010849538752036925 0.030162000000000001 -0.094279651857988062
v 0.010913468752036526 0.030377000000000005 -0.083172656857988039
v 0.010896533752036863 0.026505000000000001 -0.082316656857988044
v 0.011457448752036747 0.030003000000000002 -0.06692666185798804
v 0.011457448752036747 0.030003000000000002 -0.06692666185798804
v 0.011660388752037065 0.030971000000000005 -0.067238656857988036
v 0.011660388752037065 0.030971000000000005 -0.067238656857988036
v 0.011920398752036931 0.027257 -0.096825656857988052
v 0.012057423752036833 0.026654000000000001 -0.08240965685798804
v 0.012333453752036594 0.027947000000000007 -0.097856656857988056
v 0.012333453752036594 0.027947000000000007 -0.097856656857988056
v 0.012892533752036972 0.026231000000000001 -0.092696656857988058
v 0.013081438752036878 0.028946 -0.083262651857988049
v 0.013427508752036854 0.027053000000000001 -0.082577656857988055
v 0.013427508752036854 0.027053000000000001 -0.082577656857988055
v 0.013427508752036854 0.027053000000000001 -0.082577656857988055
v 0.013786393752036663 0.027793000000000002 -0.082837646857988043
v 0.013786393752036663 0.027793000000000002 -0.082837646857988043
v 0.014301533752036744 0.027554000000000002 -0.093007651857988038
v 0.014524463752036809 0.025527000000000008 -0.092309646857988037
v 0.014524463752036809 0.025527000000000008 -0.092309646857988037
v 0.014564443752036749 0.025857000000000005 -0.095266656857988047
v 0.015009538752036644 0.026300000000000004 -0.095624656857988044
v 0.015009538752036644 0.026300000000000004 -0.095624656857988044
v 0.016467518752037169 0.024501000000000002 -0.092256651857988037
v 0.016467518752037169 0.024501000000000002 -0.092256651857988037
v 0.016467518752037169 0.024501000000000002 -0.092256651857988037
v 0.01671547375203658 0.025146000000000002 -0.092486656857988056
v 0.01671547375203658 0.025146000000000002 -0.092486656857988056
v 0.01671547375203658 0.025146000000000002 -0.092486656857988056
vt 0.37592899799346924 0.53867602348327637
vt 0.35019201040267944 0.55079901218414307
vt 0.37459701299667358 0.57030600309371948
vt 0.35740900039672852 0.58336502313613892
vt 0.35821700096130371 0.52085697650909424
vt 0.30314800143241882 0.51157701015472412
vt 0.34012401103973389 0.52022099494934082
vt 0.29797500371932983 0.4759489893913269
vt 0.32067900896072388 0.47517800331115723
vt 0.3012470006942749 0.56339001655578613
vt 0.34048599004745483 0.48749798536300659
vt 0.32488799095153809 0.56131798028945923
vt 0.267426997423172 0.4879780113697052
vt 0.3582099974155426 0.49923598766326904
vt 0.34041500091552734 0.46481499075889587
vt 0.37876099348068237 0.51144200563430786
vt 0.34158501029014587 0.58556300401687622
vt 0.30767500400543213 0.44839099049568176
vt 0.29094600677490234 0.59279102087020874
vt 0.25527599453926086 0.52036702632904053
vt 0.30844399333000183 0.60684001445770264
vt 0.36377799510955811 0.47788599133491516
vt 0.33096098899841309 0.44695401191711426
vt 0.27014300227165222 0.55035102367401123
vt 0.38321000337600708 0.48829999566078186
vt 0.27543899416923523 0.4554939866065979
vt 0.37030899524688721 0.59504002332687378
vt 0.36170199513435364 0.45513001084327698
vt 0.38489100337028503 0.45197400450706482
vt 0.32109901309013367 0.42995700240135193
vt 0.21611499786376953 0.51668000221252441
vt 0.35687199234962463 0.60996502637863159
vt 0.35504201054573059 0.43285301327705383
vt 0.30639401078224182 0.42216700315475464
vt 0.22225199639797211 0.56048399209976196
vt 0.23256599903106689 0.47413599491119385
vt 0.33197599649429321 0.62612801790237427
vt 0.28363201022148132 0.42625999450683594
vt 0.30153098702430725 0.65214401483535767
vt 0.43069401383399963 0.50453698635101318
vt 0.33925700187683105 0.4136900007724762
vt 0.38394099473953247 0.41672000288963318
vt 0.43822100758552551 0.46432599425315857
vt 0.31825399398803711 0.40963798761367798
vt 0.41646099090576172 0.4222710132598877
vt 0.3633129894733429 0.40562900900840759
vt 0.24907499551773071 0.43671700358390808
vt 0.42451199889183044 0.53385400772094727
vt 0.3751010000705719 0.60803800821304321
vt 0.41009798645973206 0.56431698799133301
vt 0.19268700480461121 0.50760900974273682
vt 0.35872799158096313 0.62328499555587769
vt 0.21374200284481049 0.46008700132369995
vt 0.30017301440238953 0.403003990650177
vt 0.41340199112892151 0.40350401401519775
vt 0.26682600378990173 0.40846198797225952
vt 0.32596200704574585 0.39500600099563599
vt 0.35289499163627625 0.3916110098361969
vt 0.39865800738334656 0.59171801805496216
vt 0.37907800078392029 0.39066299796104431
vt 0.40356001257896423 0.39178800582885742
vt 0.47575199604034424 0.48040598630905151
vt 0.47122600674629211 0.43714401125907898
vt 0.18662799894809723 0.48130199313163757
vt 0.22427600622177124 0.41782400012016296
vt 0.4523949921131134 0.40617001056671143
vt 0.28890898823738098 0.39399600028991699
vt 0.32845801115036011 0.66980701684951782
vt 0.36882799863815308 0.3858720064163208
vt 0.34729498624801636 0.6514359712600708
vt 0.26077300310134888 0.3975679874420166
vt 0.39661499857902527 0.60632997751235962
vt 0.31502100825309753 0.39220398664474487
vt 0.46810200810432434 0.51862800121307373
vt 0.34294900298118591 0.38954898715019226
vt 0.4924359917640686 0.4716159999370575
vt 0.43003401160240173 0.38662201166152954
vt 0.38069400191307068 0.62020200490951538
vt 0.39930498600006104 0.38218501210212708
vt 0.20301400125026703 0.37790501117706299
vt 0.49502900242805481 0.42244800925254822
vt 0.50289201736450195 0.46812701225280762
vt 0.24420599639415741 0.3849869966506958
vt 0.48911899328231812 0.51023399829864502
vt 0.26462700963020325 0.3711560070514679
vt 0.30435100197792053 0.3769569993019104
vt 0.36902201175689697 0.38732001185417175
vt 0.36902201175689697 0.38732001185417175
vt 0.27839401364326477 0.38560101389884949
vt 0.27839401364326477 0.38560101389884949
vt 0.23380100727081299 0.34981700778007507
vt 0.341482013463974 0.38941299915313721
vt 0.341482013463974 0.38941299915313721
vt 0.30937498807907104 0.38868400454521179
vt 0.30937498807907104 0.38868400454521179
vt 0.45800799131393433 0.38994398713111877
vt 0.34091201424598694 0.37230199575424194
vt 0.34148800373077393 0.66631799936294556
vt 0.38336500525474548 0.37664499878883362
vt 0.5251690149307251 0.4568060040473938
vt 0.27278101444244385 0.33498600125312805
vt 0.43842801451683044 0.36793801188468933
vt 0.28908300399780273 0.35652399063110352
vt 0.38070699572563171 0.28350600600242615
vt 0.15953999757766724 0.38106098771095276
vt 0.53550899028778076 0.42373999953269958
vt 0.48838800191879272 0.38948601484298706
vt 0.49993100762367249 0.50882798433303833
vt 0.25091800093650818 0.32255101203918457
vt 0.32847699522972107 0.29238000512123108
vt 0.21505500376224518 0.33361101150512695
vt 0.36549800634384155 0.32012400031089783
vt 0.38871300220489502 0.316895991563797
vt 0.52585500478744507 0.39622399210929871
vt 0.3307340145111084 0.3221760094165802
vt 0.39658299088478088 0.30011799931526184
vt 0.39658299088478088 0.30011799931526184
vt 0.56016600131988525 0.41482499241828918
vt 0.38937899470329285 0.26793599128723145
vt 0.38937899470329285 0.26793599128723145
vt 0.46914300322532654 0.55058002471923828
vt 0.51186800003051758 0.50029802322387695
vt 0.44868999719619751 0.34286001324653625
vt 0.52485901117324829 0.495402991771698
vt 0.49459600448608398 0.35307601094245911
vt 0.41785800457000732 0.6069759726524353
vt 0.37899398803710938 0.63616800308227539
vt 0.23854799568653107 0.30525198578834534
vt 0.40285500884056091 0.29895099997520447
vt 0.52132797241210938 0.34586900472640991
vt 0.44782999157905579 0.58507299423217773
vt 0.21312099695205688 0.29848301410675049
vt 0.4991610050201416 0.53812402486801147
vt 0.54295897483825684 0.49940198659896851
vt 0.37380099296569824 0.64603102207183838
vt 0.41104799509048462 0.30296099185943604
vt 0.46195900440216064 0.57989698648452759
vt 0.41794800758361816 0.61105799674987793
vt 0.25837400555610657 0.28451699018478394
vt 0.39497300982475281 0.62631601095199585
vt 0.44226899743080139 0.5963209867477417
vt 0.37259799242019653 0.2661139965057373
vt 0.37259799242019653 0.2661139965057373
vt 0.50742501020431519 0.32273799180984497
vt 0.21780900657176971 0.28192299604415894
vt 0.39699700474739075 0.63365799188613892
vt 0.37623301148414612 0.65568500757217407
vt 0.54092800617218018 0.32747700810432434
vt 0.53774702548980713 0.52380400896072388
vt 0.46237900853157043 0.58571898937225342
vt 0.49719500541687012 0.55914098024368286
vt 0.56949102878570557 0.4884360134601593
vt 0.43243300914764404 0.60671502351760864
vt 0.29991498589515686 0.26377099752426147
vt 0.29991498589515686 0.26377099752426147
vt 0.37121498584747314 0.27057099342346191
vt 0.41458600759506226 0.29458799958229065
vt 0.26031398773193359 0.2724669873714447
vt 0.29772898554801941 0.25981301069259644
vt 0.26308798789978027 0.2675510048866272
vt 0.2188120037317276 0.27478900551795959
vt 0.41045999526977539 0.28835999965667725
vt 0.50868600606918335 0.31741699576377869
vt 0.53445500135421753 0.32367599010467529
vt 0.59344899654388428 0.48068699240684509
vt 0.5727049708366394 0.49915298819541931
vt 0.54549401998519897 0.52580398321151733
vt 0.50187700986862183 0.57020097970962524
vt 0.40881100296974182 0.64216697216033936
vt 0.37808200716972351 0.66587001085281372
vt 0.26031398773193359 0.2724669873714447
vt 0.41458600759506226 0.29458799958229065
vt 0.37121498584747314 0.27057099342346191
vt 0.29991498589515686 0.26377099752426147
vt 0.29991498589515686 0.26377099752426147
vt 0.59867399930953979 0.33617299795150757
vt 0.43243300914764404 0.60671502351760864
vt 0.56949102878570557 0.4884360134601593
vt 0.49719500541687012 0.55914098024368286
vt 0.46237900853157043 0.58571898937225342
vt 0.53774702548980713 0.52380400896072388
vt 0.54092800617218018 0.32747700810432434
vt 0.37623301148414612 0.65568500757217407
vt 0.39699700474739075 0.63365799188613892
vt 0.21780900657176971 0.28192299604415894
vt 0.50742501020431519 0.32273799180984497
vt 0.37259799242019653 0.2661139965057373
vt 0.37259799242019653 0.2661139965057373
vt 0.44226899743080139 0.5963209867477417
vt 0.39497300982475281 0.62631601095199585
vt 0.25837400555610657 0.28451699018478394
vt 0.41794800758361816 0.61105799674987793
vt 0.46195900440216064 0.57989698648452759
vt 0.41104799509048462 0.30296099185943604
vt 0.37380099296569824 0.64603102207183838
vt 0.54295897483825684 0.49940198659896851
vt 0.58949202299118042 0.35424301028251648
vt 0.4991610050201416 0.53812402486801147
vt 0.21312099695205688 0.29848301410675049
vt 0.44782999157905579 0.58507299423217773
vt 0.58691799640655518 0.45415100455284119
vt 0.15553000569343567 0.34467199444770813
vt 0.52132797241210938 0.34586900472640991
vt 0.40285500884056091 0.29895099997520447
vt 0.23854799568653107 0.30525198578834534
vt 0.37899398803710938 0.63616800308227539
vt 0.41785800457000732 0.6069759726524353
vt 0.56001102924346924 0.44841200113296509
vt 0.49459600448608398 0.35307601094245911
vt 0.58390498161315918 0.38159200549125671
vt 0.52485901117324829 0.495402991771698
vt 0.44868999719619751 0.34286001324653625
vt 0.51186800003051758 0.50029802322387695
vt 0.3283030092716217 0.67779499292373657
vt 0.30092999339103699 0.29326501488685608
vt 0.46914300322532654 0.55058002471923828
vt 0.38937899470329285 0.26793599128723145
vt 0.38937899470329285 0.26793599128723145
vt 0.56016600131988525 0.41482499241828918
vt 0.39658299088478088 0.30011799931526184
vt 0.39658299088478088 0.30011799931526184
vt 0.3307340145111084 0.3221760094165802
vt 0.52585500478744507 0.39622399210929871
vt 0.38871300220489502 0.316895991563797
vt 0.36549800634384155 0.32012400031089783
vt 0.21505500376224518 0.33361101150512695
vt 0.32847699522972107 0.29238000512123108
vt 0.25091800093650818 0.32255101203918457
vt 0.49993100762367249 0.50882798433303833
vt 0.48838800191879272 0.38948601484298706
vt 0.53550899028778076 0.42373999953269958
vt 0.28908300399780273 0.35652399063110352
vt 0.43842801451683044 0.36793801188468933
vt 0.27278101444244385 0.33498600125312805
vt 0.5251690149307251 0.4568060040473938
vt 0.38336500525474548 0.37664499878883362
vt 0.34148800373077393 0.66631799936294556
vt 0.34091201424598694 0.37230199575424194
vt 0.45800799131393433 0.38994398713111877
vt 0.30937498807907104 0.38868400454521179
vt 0.30937498807907104 0.38868400454521179
vt 0.341482013463974 0.38941299915313721
vt 0.341482013463974 0.38941299915313721
vt 0.23380100727081299 0.34981700778007507
vt 0.27839401364326477 0.38560101389884949
vt 0.27839401364326477 0.38560101389884949
vt 0.36902201175689697 0.38732001185417175
vt 0.36902201175689697 0.38732001185417175
vt 0.30435100197792053 0.3769569993019104
vt 0.26462700963020325 0.3711560070514679
vt 0.48911899328231812 0.51023399829864502
vt 0.24420599639415741 0.3849869966506958
vt 0.50289201736450195 0.46812701225280762
vt 0.49502900242805481 0.42244800925254822
vt 0.20301400125026703 0.37790501117706299
vt 0.39930498600006104 0.38218501210212708
vt 0.38069400191307068 0.62020200490951538
vt 0.43003401160240173 0.38662201166152954
vt 0.4924359917640686 0.4716159999370575
vt 0.34294900298118591 0.38954898715019226
vt 0.46810200810432434 0.51862800121307373
vt 0.31502100825309753 0.39220398664474487
vt 0.39661499857902527 0.60632997751235962
vt 0.26077300310134888 0.3975679874420166
vt 0.34729498624801636 0.6514359712600708
vt 0.36882799863815308 0.3858720064163208
vt 0.32845801115036011 0.66980701684951782
vt 0.28890898823738098 0.39399600028991699
vt 0.4523949921131134 0.40617001056671143
vt 0.22427600622177124 0.41782400012016296
vt 0.47122600674629211 0.43714401125907898
vt 0.47575199604034424 0.48040598630905151
vt 0.40356001257896423 0.39178800582885742
vt 0.37907800078392029 0.39066299796104431
vt 0.39865800738334656 0.59171801805496216
vt 0.35289499163627625 0.3916110098361969
vt 0.32596200704574585 0.39500600099563599
vt 0.26682600378990173 0.40846198797225952
vt 0.41340199112892151 0.40350401401519775
vt 0.30017301440238953 0.403003990650177
vt 0.21374200284481049 0.46008700132369995
vt 0.35872799158096313 0.62328499555587769
vt 0.41009798645973206 0.56431698799133301
vt 0.3751010000705719 0.60803800821304321
vt 0.42451199889183044 0.53385400772094727
vt 0.24907499551773071 0.43671700358390808
vt 0.3633129894733429 0.40562900900840759
vt 0.41646099090576172 0.4222710132598877
vt 0.31825399398803711 0.40963798761367798
vt 0.43822100758552551 0.46432599425315857
vt 0.38394099473953247 0.41672000288963318
vt 0.33925700187683105 0.4136900007724762
vt 0.43069401383399963 0.50453698635101318
vt 0.28363201022148132 0.42625999450683594
vt 0.33197599649429321 0.62612801790237427
vt 0.23256599903106689 0.47413599491119385
vt 0.30639401078224182 0.42216700315475464
vt 0.35504201054573059 0.43285301327705383
vt 0.35687199234962463 0.60996502637863159
vt 0.32109901309013367 0.42995700240135193
vt 0.38489100337028503 0.45197400450706482
vt 0.36170199513435364 0.45513001084327698
vt 0.37030899524688721 0.59504002332687378
vt 0.27543899416923523 0.4554939866065979
vt 0.38321000337600708 0.48829999566078186
vt 0.27014300227165222 0.55035102367401123
vt 0.33096098899841309 0.44695401191711426
vt 0.36377799510955811 0.47788599133491516
vt 0.30844399333000183 0.60684001445770264
vt 0.25527599453926086 0.52036702632904053
vt 0.29094600677490234 0.59279102087020874
vt 0.30767500400543213 0.44839099049568176
vt 0.34158501029014587 0.58556300401687622
vt 0.37876099348068237 0.51144200563430786
vt 0.34041500091552734 0.46481499075889587
vt 0.267426997423172 0.4879780113697052
vt 0.3582099974155426 0.49923598766326904
vt 0.32488799095153809 0.56131798028945923
vt 0.34048599004745483 0.48749798536300659
vt 0.3012470006942749 0.56339001655578613
vt 0.32067900896072388 0.47517800331115723
vt 0.29797500371932983 0.4759489893913269
vt 0.34012401103973389 0.52022099494934082
vt 0.30314800143241882 0.51157701015472412
vt 0.35821700096130371 0.52085697650909424
vt 0.35740900039672852 0.58336502313613892
vt 0.37459701299667358 0.57030600309371948
vt 0.35019201040267944 0.55079901218414307
vt 0.37592899799346924 0.53867602348327637
vt 0.26493701338768005 0.62994998693466187
vt 0.24363699555397034 0.58912497758865356
vt 0.28145301342010498 0.65295600891113281
vt 0.26284199953079224 0.66620397567749023
vt 0.22419799864292145 0.61560899019241333
vt 0.19155499339103699 0.55509001016616821
vt 0.24616500735282898 0.65691399574279785
vt 0.29181200265884399 0.6693909764289856
vt 0.20575599372386932 0.59335297346115112
vt 0.30962100625038147 0.66623502969741821
vt 0.27548399567604065 0.68488800525665283
vt 0.17027400434017181 0.54058200120925903
vt 0.18163600564002991 0.60077899694442749
vt 0.2101140022277832 0.64099997282028198
vt 0.24577699601650238 0.6958649754524231
vt 0.28888300061225891 0.69312602281570435
vt 0.1682949960231781 0.50143301486968994
vt 0.18327200412750244 0.63784497976303101
vt 0.17938500642776489 0.4518589973449707
vt 0.30374300479888916 0.68416899442672729
vt 0.1473889946937561 0.51208698749542236
vt 0.15018300712108612 0.57905399799346924
vt 0.16063900291919708 0.43414399027824402
vt 0.26756900548934937 0.71393400430679321
vt 0.14755100011825562 0.62591999769210815
vt 0.29475501179695129 0.70545697212219238
vt 0.13468900322914124 0.44848498702049255
vt 0.12055300176143646 0.50537002086639404
vt 0.12008100003004074 0.54973697662353516
vt 0.12593300640583038 0.58789598941802979
vt 0.31057199835777283 0.69499999284744263
vt 0.3283030092716217 0.67779499292373657
vt 0.30070400238037109 0.71180999279022217
vt 0.096451997756958008 0.51516002416610718
vt 0.10462000221014023 0.46742901206016541
vt 0.12178800255060196 0.40784698724746704
vt 0.097066998481750488 0.55841201543807983
vt 0.15553000569343567 0.34467199444770813
vt 0.31370100378990173 0.70132201910018921
vt 0.085368998348712921 0.44178798794746399
vt 0.072383999824523926 0.50299501419067383
vt 0.10072699934244156 0.39170399308204651
vt 0.14230599999427795 0.32074901461601257
vt 0.33582299947738647 0.6885949969291687
vt 0.29929399490356445 0.7262759804725647
vt 0.14786100387573242 0.30902200937271118
vt 0.093626998364925385 0.37638399004936218
vt 0.074511997401714325 0.43156099319458008
vt 0.32769501209259033 0.70674800872802734
vt 0.29929399490356445 0.7262759804725647
vt 0.33582299947738647 0.6885949969291687
vt 0.14230599999427795 0.32074901461601257
vt 0.10072699934244156 0.39170399308204651
vt 0.072383999824523926 0.50299501419067383
vt 0.085368998348712921 0.44178798794746399
vt 0.31370100378990173 0.70132201910018921
vt 0.097066998481750488 0.55841201543807983
vt 0.12178800255060196 0.40784698724746704
vt 0.10462000221014023 0.46742901206016541
vt 0.096451997756958008 0.51516002416610718
vt 0.30070400238037109 0.71180999279022217
vt 0.31057199835777283 0.69499999284744263
vt 0.12593300640583038 0.58789598941802979
vt 0.15953999757766724 0.38106098771095276
vt 0.12008100003004074 0.54973697662353516
vt 0.12055300176143646 0.50537002086639404
vt 0.13468900322914124 0.44848498702049255
vt 0.29475501179695129 0.70545697212219238
vt 0.16063900291919708 0.43414399027824402
vt 0.15018300712108612 0.57905399799346924
vt 0.1473889946937561 0.51208698749542236
vt 0.30374300479888916 0.68416899442672729
vt 0.17938500642776489 0.4518589973449707
vt 0.1682949960231781 0.50143301486968994
vt 0.28888300061225891 0.69312602281570435
vt 0.18163600564002991 0.60077899694442749
vt 0.17027400434017181 0.54058200120925903
vt 0.18662799894809723 0.48130199313163757
vt 0.27548399567604065 0.68488800525665283
vt 0.30962100625038147 0.66623502969741821
vt 0.20575599372386932 0.59335297346115112
vt 0.29181200265884399 0.6693909764289856
vt 0.19155499339103699 0.55509001016616821
vt 0.22419799864292145 0.61560899019241333
vt 0.19268700480461121 0.50760900974273682
vt 0.26284199953079224 0.66620397567749023
vt 0.28145301342010498 0.65295600891113281
vt 0.30153098702430725 0.65214401483535767
vt 0.22225199639797211 0.56048399209976196
vt 0.24363699555397034 0.58912497758865356
vt 0.21611499786376953 0.51668000221252441
vt 0.26493701338768005 0.62994998693466187
vt 0.15813000500202179 0.67202597856521606
vt 0.1608009934425354 0.71453797817230225
vt 0.15985000133514404 0.74149101972579956
vt 0.15985000133514404 0.74149101972579956
vt 0.14867599308490753 0.76412200927734375
vt 0.14867599308490753 0.76412200927734375
vt 0.19024300575256348 0.73089998960494995
vt 0.11245699971914291 0.65605998039245605
vt 0.13087999820709229 0.78388899564743042
vt 0.13087999820709229 0.78388899564743042
vt 0.13087999820709229 0.78388899564743042
vt 0.21341200172901154 0.73993998765945435
vt 0.10970199853181839 0.69434398412704468
vt 0.19044999778270721 0.76142501831054688
vt 0.17439299821853638 0.78996098041534424
vt 0.1326649934053421 0.73938798904418945
vt 0.16041900217533112 0.81675797700881958
vt 0.16041900217533112 0.81675797700881958
vt 0.20808400213718414 0.78110897541046143
vt 0.11403500288724899 0.77770298719406128
vt 0.11403500288724899 0.77770298719406128
vt 0.19197599589824677 0.81621700525283813
vt 0.093929998576641083 0.67917001247406006
vt 0.096878997981548309 0.64725899696350098
vt 0.23374299705028534 0.76547598838806152
vt 0.10095299780368805 0.75129199028015137
vt 0.10070099681615829 0.75346797704696655
vt 0.10081099718809128 0.74909400939941406
vt 0.10006699711084366 0.75538498163223267
vt 0.1002810001373291 0.74706298112869263
vt 0.099123001098632813 0.75688397884368896
vt 0.099413998425006866 0.7454180121421814
vt 0.10525999963283539 0.75158298015594482
vt 0.096652999520301819 0.75096899271011353
vt 0.10477499663829803 0.75569701194763184
vt 0.10498200356960297 0.74739700555801392
vt 0.097958996891975403 0.75780099630355835
vt 0.098301999270915985 0.74432402849197388
vt 0.10357200354337692 0.7593420147895813
vt 0.10397300124168396 0.74355399608612061
vt 0.096684999763965607 0.75805097818374634
vt 0.097047001123428345 0.74386602640151978
vt 0.10178100317716599 0.76216399669647217
vt 0.095430999994277954 0.7576029896736145
vt 0.095772996544837952 0.74411600828170776
vt 0.10232999920845032 0.74042898416519165
vt 0.10138600319623947 0.70816397666931152
vt 0.094311997294425964 0.75651997327804565
vt 0.094608999788761139 0.74503201246261597
vt 0.22218699753284454 0.80225098133087158
vt 0.099563002586364746 0.76390397548675537
vt 0.093451999127864838 0.75488501787185669
vt 0.093664996325969696 0.74653202295303345
vt 0.10020899772644043 0.73832499980926514
vt 0.092914998531341553 0.75286400318145752
vt 0.093032002449035645 0.74846899509429932
vt 0.10914000123739243 0.75180202722549438
vt 0.092772997915744781 0.75065600872039795
vt 0.108474001288414 0.75743597745895386
vt 0.10875800251960754 0.7460629940032959
vt 0.12717500329017639 0.80543798208236694
vt 0.097138002514839172 0.76439297199249268
vt 0.10682500153779984 0.76243501901626587
vt 0.097823001444339752 0.73745101690292358
vt 0.10736799985170364 0.7407829761505127
vt 0.11213400214910507 0.75343698263168335
vt 0.11213400214910507 0.75343698263168335
vt 0.094751998782157898 0.76357102394104004
vt 0.10435400158166885 0.76630997657775879
vt 0.09540499746799469 0.73791897296905518
vt 0.10745199769735336 0.76625800132751465
vt 0.10745199769735336 0.76625800132751465
vt 0.10510499775409698 0.73647201061248779
vt 0.092624001204967499 0.76150798797607422
vt 0.093180000782012939 0.73966902494430542
vt 0.10130199790000916 0.76870501041412354
vt 0.10992900282144547 0.73848199844360352
vt 0.10992900282144547 0.73848199844360352
vt 0.13022699952125549 0.84381598234176636
vt 0.090975001454353333 0.75841498374938965
vt 0.10218799859285355 0.73357599973678589
vt 0.091383002698421478 0.74253302812576294
vt 0.19382500648498535 0.86720699071884155
vt 0.089965999126434326 0.75457197427749634
vt 0.090180002152919769 0.74621999263763428
vt 0.089688003063201904 0.75037497282028198
vt 0.097971998155117035 0.76937097311019897
vt 0.091233998537063599 0.78457701206207275
vt 0.091233998537063599 0.78457701206207275
vt 0.098903000354766846 0.73237901926040649
vt 0.10238199681043625 0.72985798120498657
vt 0.10238199681043625 0.72985798120498657
vt 0.094681002199649811 0.7682570219039917
vt 0.099886000156402588 0.77172499895095825
vt 0.099886000156402588 0.77172499895095825
vt 0.095565997064113617 0.73301398754119873
vt 0.15219399333000183 0.87811100482940674
vt 0.09175100177526474 0.76544499397277832
vt 0.092514000833034515 0.73541998863220215
vt 0.23978300392627716 0.80874902009963989
vt 0.08948100358247757 0.76120597124099731
vt 0.090038001537322998 0.73936700820922852
vt 0.081009998917579651 0.67091101408004761
vt 0.088091000914573669 0.75593698024749756
vt 0.095178000628948212 0.77117300033569336
vt 0.095178000628948212 0.77117300033569336
vt 0.088381998240947723 0.74444901943206787
vt 0.087710000574588776 0.75016701221466064
vt 0.2037380039691925 0.8890259861946106
vt 0.075837001204490662 0.72953498363494873
vt 0.09540499746799469 0.73130601644515991
vt 0.09540499746799469 0.73130601644515991
vt 0.0909620001912117 0.73841899633407593
vt 0.0909620001912117 0.73841899633407593
vt 0.1749110072851181 0.92132198810577393
vt 0.077983997762203217 0.77241301536560059
vt 0.077983997762203217 0.77241301536560059
vt 0.088550001382827759 0.76241499185562134
vt 0.088550001382827759 0.76241499185562134
vt 0.087134003639221191 0.75102102756500244
vt 0.087134003639221191 0.75102102756500244
vt 0.072021998465061188 0.70244699716567993
vt 0.07824300229549408 0.64689499139785767
vt 0.073554001748561859 0.75277000665664673
vt 0.11796600371599197 0.86611300706863403
vt 0.24774900078773499 0.81274902820587158
vt 0.20878900587558746 0.90069001913070679
vt 0.13584600389003754 0.91544800996780396
vt 0.089047998189926147 0.82755798101425171
vt 0.17071400582790375 0.95974099636077881
vt 0.056391999125480652 0.70591497421264648
vt 0.058855999261140823 0.74260598421096802
vt 0.058855999261140823 0.74260598421096802
vt 0.067528001964092255 0.68405401706695557
vt 0.070826001465320587 0.80741602182388306
vt 0.1061519980430603 0.88051700592041016
vt 0.050746999680995941 0.74926102161407471
vt 0.050675999373197556 0.75642597675323486
vt 0.25143501162528992 0.81131100654602051
vt 0.049835000187158585 0.74218899011611938
vt 0.061558999121189117 0.78297299146652222
vt 0.126133993268013 0.92949700355529785
vt 0.16649100184440613 0.98367398977279663
vt 0.16649100184440613 0.98367398977279663
vt 0.03870600089430809 0.75359302759170532
vt 0.20666800439357758 0.92193597555160522
vt 0.066739000380039215 0.64647799730300903
vt 0.03288700059056282 0.75244802236557007
vt 0.032473001629114151 0.75878000259399414
vt 0.032620999962091446 0.7485319972038269
vt 0.045754998922348022 0.73790901899337769
vt 0.039521001279354095 0.76604902744293213
vt 0.049208000302314758 0.73352402448654175
vt 0.049208000302314758 0.73352402448654175
vt 0.026801999658346176 0.75171899795532227
vt 0.032751001417636871 0.76393502950668335
vt 0.050197001546621323 0.76806998252868652
vt 0.036759998649358749 0.74334502220153809
vt 0.026522999629378319 0.76298701763153076
vt 0.060051999986171722 0.67418098449707031
vt 0.048969000577926636 0.72601497173309326
vt 0.048969000577926636 0.72601497173309326
vt 0.048969000577926636 0.72601497173309326
vt 0.044332001358270645 0.73430502414703369
vt 0.016604000702500343 0.75516599416732788
vt 0.037562001496553421 0.77093398571014404
vt 0.01575700007379055 0.76086300611495972
vt 0.030274000018835068 0.74375098943710327
vt 0.016953000798821449 0.75078099966049194
vt 0.039508000016212463 0.73769998550415039
vt 0.039508000016212463 0.73769998550415039
vt 0.036733999848365784 0.73417001962661743
vt 0.016455000266432762 0.76543498039245605
vt 0.080008000135421753 0.83717101812362671
vt 0.025489000603556633 0.74387598037719727
vt 0.010467000305652618 0.75559300184249878
vt 0.034703999757766724 0.72787898778915405
vt 0.034703999757766724 0.72787898778915405
vt 0.050443001091480255 0.77643299102783203
vt 0.017806999385356903 0.74825000762939453
vt 0.031134000048041344 0.73631501197814941
vt 0.028689999133348465 0.74174100160598755
vt 0.028689999133348465 0.74174100160598755
vt 0.063078999519348145 0.81131100654602051
vt 0.0083400001749396324 0.75764501094818115
vt 0.0093099996447563171 0.75315600633621216
vt 0.0093099996447563171 0.75315600633621216
vt 0.026187000796198845 0.73824197053909302
vt 0.0070329997688531876 0.76039397716522217
vt 0.042231000959873199 0.77579700946807861
vt 0.017632000148296356 0.77049601078033447
vt 0.0099759995937347412 0.76523697376251221
vt 0.0062190000899136066 0.75841498374938965
vt 0.018951000645756721 0.74549102783203125
vt 0.018951000645756721 0.74549102783203125
vt 0.0076930001378059387 0.7629770040512085
vt 0.018459999933838844 0.73997098207473755
vt 0.0057399999350309372 0.76125800609588623
vt 0.038052998483181 0.7228279709815979
vt 0.046822000294923782 0.71999597549438477
vt 0.046822000294923782 0.71999597549438477
vt 0.018408000469207764 0.73401397466659546
vt 0.015433000400662422 0.74279302358627319
vt 0.097984999418258667 0.88448500633239746
vt 0.0075249997898936272 0.76627802848815918
vt 0.0030690000858157873 0.75597798824310303
vt 0.015070999972522259 0.74803197383880615
vt 0.015070999972522259 0.74803197383880615
vt 0.0030439998954534531 0.75795698165893555
vt 0.003625999903306365 0.7530519962310791
vt 0.013977999798953533 0.74203300476074219
vt 0.0080159995704889297 0.75067698955535889
vt 0.0025649999734014273 0.7594980001449585
vt 0.03607499971985817 0.77748501300811768
vt 0.011288000270724297 0.74235600233078003
vt 0.012025999836623669 0.74874001741409302
vt 0.012025999836623669 0.74874001741409302
vt 0.0028689999599009752 0.76157099008560181
vt 0.010370000265538692 0.73978298902511597
vt 0.032919000834226608 0.72226601839065552
vt 0.0051389997825026512 0.76582002639770508
vt 0.0015300000086426735 0.7548220157623291
vt 0.0051449998281896114 0.7500309944152832
vt 0.0071169999428093433 0.767985999584198
vt 0.0091159995645284653 0.74508398771286011
vt 0.008830999955534935 0.74862498044967651
vt 0.008830999955534935 0.74862498044967651
vt 0.0010649999603629112 0.75739502906799316
vt 0.016474999487400055 0.77349597215652466
vt 0.0011419999646022916 0.75586402416229248
vt 0.011216999962925911 0.73586797714233398
vt 0.0088569996878504753 0.73837697505950928
vt 0.019346000626683235 0.7288060188293457
vt 0.0081200003623962402 0.74626100063323975
vt 0.0013360000448301435 0.75328099727630615
vt 0.0022549999412149191 0.75099998712539673
vt 0.0092839999124407768 0.76996499300003052
vt 0.028974000364542007 0.77652597427368164
vt 0.0063029997982084751 0.74854201078414917
vt 0.0063029997982084751 0.74854201078414917
vt 0.0058570001274347305 0.74366801977157593
vt 0.027893999591469765 0.72191202640533447
vt 0.013674999587237835 0.73257601261138916
vt 0.0019120000069960952 0.76219600439071655
vt 0.00065100000938400626 0.75759202241897583
vt 0.0012850000057369471 0.75176000595092773
vt 0.0043689999729394913 0.74672001600265503
vt 0.0041229999624192715 0.74898999929428101
vt 0.0041229999624192715 0.74898999929428101
vt 0.0004889999981969595 0.75895702838897705
vt 0.0035929998848587275 0.7460629940032959
vt 0.055959001183509827 0.67006802558898926
vt 0.052460998296737671 0.69195902347564697
vt 0.045566998422145844 0.71443402767181396
vt 0.045566998422145844 0.71443402767181396
vt 0.045566998422145844 0.71443402767181396
vt 0.033831000328063965 0.71785002946853638
vt 0.020639000460505486 0.72439098358154297
vt 0.012090000323951244 0.73218101263046265
vt 0.012090000323951244 0.73218101263046265
vt 0.007000999990850687 0.73743999004364014
vt 0.007000999990850687 0.73743999004364014
vt 0.0033859999384731054 0.74337601661682129
vt 0.0033859999384731054 0.74337601661682129
vt 0.0016599999507889152 0.74880200624465942
vt 0.0016599999507889152 0.74880200624465942
vt 0.0016599999507889152 0.74880200624465942
vt 0.0016599999507889152 0.74880200624465942
vt 0.00048300001071766019 0.75066697597503662
vt 0.00048300001071766019 0.75066697597503662
vt 0 0.75357198715209961
vt 5.6000000768108293E-05 0.75783199071884155
vt 0.0019900000188499689 0.76319599151611328
vt 0.0067230002023279667 0.76925700902938843
vt 0.017399000003933907 0.7746729850769043
vt 0.03601599857211113 0.78066098690032959
vt 0.03601599857211113 0.78066098690032959
vt 0.051095999777317047 0.78444099426269531
vt 0.060596000403165817 0.81088399887084961
vt 0.074602000415325165 0.84370100498199463
vt 0.097421996295452118 0.88629698753356934
vt 0.21242900192737579 0.91434401273727417
vt 0.12240300327539444 0.93577700853347778
vt 0.16715100407600403 1
vt 0.16715100407600403 1
vt 0.0035929998848587275 0.7460629940032959
vt 0.0004889999981969595 0.75895702838897705
vt 0.0041229999624192715 0.74898999929428101
vt 0.0041229999624192715 0.74898999929428101
vt 0.0043689999729394913 0.74672001600265503
vt 0.0012850000057369471 0.75176000595092773
vt 0.00065100000938400626 0.75759202241897583
vt 0.0019120000069960952 0.76219600439071655
vt 0.027893999591469765 0.72191202640533447
vt 0.013674999587237835 0.73257601261138916
vt 0.0058570001274347305 0.74366801977157593
vt 0.0063029997982084751 0.74854201078414917
vt 0.0063029997982084751 0.74854201078414917
vt 0.0022549999412149191 0.75099998712539673
vt 0.0092839999124407768 0.76996499300003052
vt 0.028974000364542007 0.77652597427368164
vt 0.0013360000448301435 0.75328099727630615
vt 0.0081200003623962402 0.74626100063323975
vt 0.019346000626683235 0.7288060188293457
vt 0.0088569996878504753 0.73837697505950928
vt 0.011216999962925911 0.73586797714233398
vt 0.0011419999646022916 0.75586402416229248
vt 0.016474999487400055 0.77349597215652466
vt 0.008830999955534935 0.74862498044967651
vt 0.008830999955534935 0.74862498044967651
vt 0.0010649999603629112 0.75739502906799316
vt 0.0091159995645284653 0.74508398771286011
vt 0.0071169999428093433 0.767985999584198
vt 0.0051449998281896114 0.7500309944152832
vt 0.0015300000086426735 0.7548220157623291
vt 0.0051389997825026512 0.76582002639770508
vt 0.032919000834226608 0.72226601839065552
vt 0.010370000265538692 0.73978298902511597
vt 0.0028689999599009752 0.76157099008560181
vt 0.012025999836623669 0.74874001741409302
vt 0.012025999836623669 0.74874001741409302
vt 0.011288000270724297 0.74235600233078003
vt 0.03607499971985817 0.77748501300811768
vt 0.0025649999734014273 0.7594980001449585
vt 0.0080159995704889297 0.75067698955535889
vt 0.013977999798953533 0.74203300476074219
vt 0.003625999903306365 0.7530519962310791
vt 0.015070999972522259 0.74803197383880615
vt 0.015070999972522259 0.74803197383880615
vt 0.0030439998954534531 0.75795698165893555
vt 0.0030690000858157873 0.75597798824310303
vt 0.0075249997898936272 0.76627802848815918
vt 0.097984999418258667 0.88448500633239746
vt 0.015433000400662422 0.74279302358627319
vt 0.046822000294923782 0.71999597549438477
vt 0.046822000294923782 0.71999597549438477
vt 0.018408000469207764 0.73401397466659546
vt 0.038052998483181 0.7228279709815979
vt 0.0057399999350309372 0.76125800609588623
vt 0.018459999933838844 0.73997098207473755
vt 0.0076930001378059387 0.7629770040512085
vt 0.018951000645756721 0.74549102783203125
vt 0.018951000645756721 0.74549102783203125
vt 0.0062190000899136066 0.75841498374938965
vt 0.0099759995937347412 0.76523697376251221
vt 0.017632000148296356 0.77049601078033447
vt 0.042231000959873199 0.77579700946807861
vt 0.0070329997688531876 0.76039397716522217
vt 0.026187000796198845 0.73824197053909302
vt 0.0093099996447563171 0.75315600633621216
vt 0.0093099996447563171 0.75315600633621216
vt 0.0083400001749396324 0.75764501094818115
vt 0.063078999519348145 0.81131100654602051
vt 0.028689999133348465 0.74174100160598755
vt 0.028689999133348465 0.74174100160598755
vt 0.031134000048041344 0.73631501197814941
vt 0.017806999385356903 0.74825000762939453
vt 0.050443001091480255 0.77643299102783203
vt 0.034703999757766724 0.72787898778915405
vt 0.034703999757766724 0.72787898778915405
vt 0.010467000305652618 0.75559300184249878
vt 0.025489000603556633 0.74387598037719727
vt 0.080008000135421753 0.83717101812362671
vt 0.016455000266432762 0.76543498039245605
vt 0.036733999848365784 0.73417001962661743
vt 0.039508000016212463 0.73769998550415039
vt 0.039508000016212463 0.73769998550415039
vt 0.016953000798821449 0.75078099966049194
vt 0.030274000018835068 0.74375098943710327
vt 0.01575700007379055 0.76086300611495972
vt 0.037562001496553421 0.77093398571014404
vt 0.016604000702500343 0.75516599416732788
vt 0.044332001358270645 0.73430502414703369
vt 0.048969000577926636 0.72601497173309326
vt 0.048969000577926636 0.72601497173309326
vt 0.048969000577926636 0.72601497173309326
vt 0.060051999986171722 0.67418098449707031
vt 0.026522999629378319 0.76298701763153076
vt 0.036759998649358749 0.74334502220153809
vt 0.050197001546621323 0.76806998252868652
vt 0.032751001417636871 0.76393502950668335
vt 0.026801999658346176 0.75171899795532227
vt 0.049208000302314758 0.73352402448654175
vt 0.049208000302314758 0.73352402448654175
vt 0.039521001279354095 0.76604902744293213
vt 0.045754998922348022 0.73790901899337769
vt 0.032620999962091446 0.7485319972038269
vt 0.032473001629114151 0.75878000259399414
vt 0.03288700059056282 0.75244802236557007
vt 0.066739000380039215 0.64647799730300903
vt 0.20666800439357758 0.92193597555160522
vt 0.03870600089430809 0.75359302759170532
vt 0.16649100184440613 0.98367398977279663
vt 0.16649100184440613 0.98367398977279663
vt 0.126133993268013 0.92949700355529785
vt 0.061558999121189117 0.78297299146652222
vt 0.049835000187158585 0.74218899011611938
vt 0.25143501162528992 0.81131100654602051
vt 0.050675999373197556 0.75642597675323486
vt 0.050746999680995941 0.74926102161407471
vt 0.1061519980430603 0.88051700592041016
vt 0.070826001465320587 0.80741602182388306
vt 0.067528001964092255 0.68405401706695557
vt 0.058855999261140823 0.74260598421096802
vt 0.058855999261140823 0.74260598421096802
vt 0.056391999125480652 0.70591497421264648
vt 0.17071400582790375 0.95974099636077881
vt 0.089047998189926147 0.82755798101425171
vt 0.13584600389003754 0.91544800996780396
vt 0.20878900587558746 0.90069001913070679
vt 0.24774900078773499 0.81274902820587158
vt 0.11796600371599197 0.86611300706863403
vt 0.073554001748561859 0.75277000665664673
vt 0.07824300229549408 0.64689499139785767
vt 0.072021998465061188 0.70244699716567993
vt 0.087134003639221191 0.75102102756500244
vt 0.087134003639221191 0.75102102756500244
vt 0.088550001382827759 0.76241499185562134
vt 0.088550001382827759 0.76241499185562134
vt 0.077983997762203217 0.77241301536560059
vt 0.077983997762203217 0.77241301536560059
vt 0.1749110072851181 0.92132198810577393
vt 0.0909620001912117 0.73841899633407593
vt 0.0909620001912117 0.73841899633407593
vt 0.09540499746799469 0.73130601644515991
vt 0.09540499746799469 0.73130601644515991
vt 0.075837001204490662 0.72953498363494873
vt 0.2037380039691925 0.8890259861946106
vt 0.087710000574588776 0.75016701221466064
vt 0.088381998240947723 0.74444901943206787
vt 0.095178000628948212 0.77117300033569336
vt 0.095178000628948212 0.77117300033569336
vt 0.088091000914573669 0.75593698024749756
vt 0.081009998917579651 0.67091101408004761
vt 0.090038001537322998 0.73936700820922852
vt 0.08948100358247757 0.76120597124099731
vt 0.23978300392627716 0.80874902009963989
vt 0.092514000833034515 0.73541998863220215
vt 0.09175100177526474 0.76544499397277832
vt 0.15219399333000183 0.87811100482940674
vt 0.095565997064113617 0.73301398754119873
vt 0.099886000156402588 0.77172499895095825
vt 0.099886000156402588 0.77172499895095825
vt 0.094681002199649811 0.7682570219039917
vt 0.10238199681043625 0.72985798120498657
vt 0.10238199681043625 0.72985798120498657
vt 0.098903000354766846 0.73237901926040649
vt 0.091233998537063599 0.78457701206207275
vt 0.091233998537063599 0.78457701206207275
vt 0.097971998155117035 0.76937097311019897
vt 0.089688003063201904 0.75037497282028198
vt 0.090180002152919769 0.74621999263763428
vt 0.089965999126434326 0.75457197427749634
vt 0.19382500648498535 0.86720699071884155
vt 0.091383002698421478 0.74253302812576294
vt 0.10218799859285355 0.73357599973678589
vt 0.090975001454353333 0.75841498374938965
vt 0.13022699952125549 0.84381598234176636
vt 0.10992900282144547 0.73848199844360352
vt 0.10992900282144547 0.73848199844360352
vt 0.10130199790000916 0.76870501041412354
vt 0.093180000782012939 0.73966902494430542
vt 0.092624001204967499 0.76150798797607422
vt 0.10510499775409698 0.73647201061248779
vt 0.10745199769735336 0.76625800132751465
vt 0.10745199769735336 0.76625800132751465
vt 0.09540499746799469 0.73791897296905518
vt 0.10435400158166885 0.76630997657775879
vt 0.094751998782157898 0.76357102394104004
vt 0.11213400214910507 0.75343698263168335
vt 0.11213400214910507 0.75343698263168335
vt 0.10736799985170364 0.7407829761505127
vt 0.097823001444339752 0.73745101690292358
vt 0.10682500153779984 0.76243501901626587
vt 0.097138002514839172 0.76439297199249268
vt 0.12717500329017639 0.80543798208236694
vt 0.10875800251960754 0.7460629940032959
vt 0.108474001288414 0.75743597745895386
vt 0.092772997915744781 0.75065600872039795
vt 0.10914000123739243 0.75180202722549438
vt 0.093032002449035645 0.74846899509429932
vt 0.092914998531341553 0.75286400318145752
vt 0.10020899772644043 0.73832499980926514
vt 0.093664996325969696 0.74653202295303345
vt 0.093451999127864838 0.75488501787185669
vt 0.099563002586364746 0.76390397548675537
vt 0.22218699753284454 0.80225098133087158
vt 0.094608999788761139 0.74503201246261597
vt 0.094311997294425964 0.75651997327804565
vt 0.10138600319623947 0.70816397666931152
vt 0.10232999920845032 0.74042898416519165
vt 0.095772996544837952 0.74411600828170776
vt 0.095430999994277954 0.7576029896736145
vt 0.10178100317716599 0.76216399669647217
vt 0.097047001123428345 0.74386602640151978
vt 0.096684999763965607 0.75805097818374634
vt 0.10397300124168396 0.74355399608612061
vt 0.10357200354337692 0.7593420147895813
vt 0.098301999270915985 0.74432402849197388
vt 0.097958996891975403 0.75780099630355835
vt 0.10498200356960297 0.74739700555801392
vt 0.10477499663829803 0.75569701194763184
vt 0.096652999520301819 0.75096899271011353
vt 0.10525999963283539 0.75158298015594482
vt 0.099413998425006866 0.7454180121421814
vt 0.099123001098632813 0.75688397884368896
vt 0.1002810001373291 0.74706298112869263
vt 0.10006699711084366 0.75538498163223267
vt 0.10081099718809128 0.74909400939941406
vt 0.10070099681615829 0.75346797704696655
vt 0.10095299780368805 0.75129199028015137
vt 0.093929998576641083 0.67917001247406006
vt 0.19197599589824677 0.81621700525283813
vt 0.11403500288724899 0.77770298719406128
vt 0.11403500288724899 0.77770298719406128
vt 0.20808400213718414 0.78110897541046143
vt 0.16041900217533112 0.81675797700881958
vt 0.16041900217533112 0.81675797700881958
vt 0.1326649934053421 0.73938798904418945
vt 0.17439299821853638 0.78996098041534424
vt 0.19044999778270721 0.76142501831054688
vt 0.10970199853181839 0.69434398412704468
vt 0.13087999820709229 0.78388899564743042
vt 0.13087999820709229 0.78388899564743042
vt 0.13087999820709229 0.78388899564743042
vt 0.19024300575256348 0.73089998960494995
vt 0.14867599308490753 0.76412200927734375
vt 0.14867599308490753 0.76412200927734375
vt 0.15985000133514404 0.74149101972579956
vt 0.15985000133514404 0.74149101972579956
vt 0.1608009934425354 0.71453797817230225
vt 0.35410401225090027 0.034127000719308853
vt 0.35410401225090027 0.034127000719308853
vt 0.35410401225090027 0.034127000719308853
vt 0.35410401225090027 0.034127000719308853
vt 0.3537290096282959 0.034065000712871552
vt 0.3537290096282959 0.034065000712871552
vt 0.3537290096282959 0.034065000712871552
vt 0.35329601168632507 0.033991999924182892
vt 0.35440200567245483 0.034138001501560211
vt 0.35440200567245483 0.034138001501560211
vt 0.35286900401115417 0.033845998346805573
vt 0.35424000024795532 0.034001998603343964
vt 0.35251298546791077 0.044103998690843582
vt 0.35282400250434875 0.044302001595497131
vt 0.35282400250434875 0.044302001595497131
vt 0.35282400250434875 0.044302001595497131
vt 0.35282400250434875 0.044302001595497131
vt 0.35199600458145142 0.043666999787092209
vt 0.34823301434516907 0.053040001541376114
vt 0.34823301434516907 0.053040001541376114
vt 0.35248801112174988 0.033574998378753662
vt 0.35390400886535645 0.033824998885393143
vt 0.35290798544883728 0.04413599893450737
vt 0.34944799542427063 0.054216999560594559
vt 0.35140800476074219 0.043062999844551086
vt 0.34726300835609436 0.051394999027252197
vt 0.34726300835609436 0.051394999027252197
vt 0.35220900177955627 0.03325200080871582
vt 0.35348999500274658 0.033626999706029892
vt 0.34689998626708984 0.056092001497745514
vt 0.3526880145072937 0.043646000325679779
vt 0.3521060049533844 0.033034000545740128
vt 0.35081899166107178 0.042334001511335373
vt 0.35308200120925903 0.033419001847505569
vt 0.34590500593185425 0.054363001137971878
vt 0.34646099805831909 0.049477998167276382
vt 0.34646099805831909 0.049477998167276382
vt 0.35036700963973999 0.051800999790430069
vt 0.35036700963973999 0.051800999790430069
vt 0.352183997631073 0.032981999218463898
vt 0.352183997631073 0.032981999218463898
vt 0.35217100381851196 0.023524999618530273
vt 0.35270699858665466 0.03319999948143959
vt 0.34973898530006409 0.050863001495599747
vt 0.34973898530006409 0.050863001495599747
vt 0.35240301489830017 0.033043999224901199
vt 0.35240301489830017 0.033043999224901199
vt 0.35248801112174988 0.023159999400377274
vt 0.35248801112174988 0.023159999400377274
vt 0.35248801112174988 0.023159999400377274
vt 0.35248801112174988 0.023159999400377274
vt 0.35186699032783508 0.023951999843120575
vt 0.35222899913787842 0.042959000915288925
vt 0.35081300139427185 0.052165001630783081
vt 0.34807100892066956 0.057195998728275299
vt 0.35030800104141235 0.04152199998497963
vt 0.35170501470565796 0.024233000352978706
vt 0.35064500570297241 0.05473800003528595
vt 0.35250699520111084 0.023421000689268112
vt 0.3490540087223053 0.049571998417377472
vt 0.3490540087223053 0.049571998417377472
vt 0.35151100158691406 0.024202000349760056
vt 0.35151100158691406 0.024202000349760056
vt 0.35151100158691406 0.024202000349760056
vt 0.3457300066947937 0.047426998615264893
vt 0.3457300066947937 0.047426998615264893
vt 0.35224199295043945 0.023692000657320023
vt 0.35166600346565247 0.042187999933958054
vt 0.35100001096725464 0.051874000579118729
vt 0.34994599223136902 0.0407399982213974
vt 0.34501200914382935 0.052071999758481979
vt 0.35200899839401245 0.024171000346541405
vt 0.35200899839401245 0.024171000346541405
vt 0.3483940064907074 0.048103999346494675
vt 0.3483940064907074 0.048103999346494675
vt 0.34981700778007507 0.040240999311208725
vt 0.35111701488494873 0.04140700027346611
vt 0.35081300139427185 0.050935998558998108
vt 0.35081300139427185 0.050935998558998108
vt 0.34992000460624695 0.040095001459121704
vt 0.34992000460624695 0.040095001459121704
vt 0.34917700290679932 0.057611998170614243
vt 0.35061898827552795 0.040720000863075256
vt 0.34785100817680359 0.04658300057053566
vt 0.34785100817680359 0.04658300057053566
vt 0.34535500407218933 0.045655999332666397
vt 0.34535500407218933 0.045655999332666397
vt 0.34535500407218933 0.045655999332666397
vt 0.35020500421524048 0.040261000394821167
vt 0.35020500421524048 0.040261000394821167
vt 0.34402298927307129 0.049467999488115311
vt 0.35148501396179199 0.054497998207807541
vt 0.35033398866653442 0.0495930016040802
vt 0.35033398866653442 0.0495930016040802
vt 0.34516099095344543 0.058258000761270523
vt 0.34432700276374817 0.056873001158237457
vt 0.34749498963356018 0.045228999108076096
vt 0.34749498963356018 0.045228999108076096
vt 0.34353798627853394 0.055039998143911362
vt 0.34599500894546509 0.059121999889612198
vt 0.34972599148750305 0.048071999102830887
vt 0.34972599148750305 0.048071999102830887
vt 0.3474310040473938 0.044374998658895493
vt 0.3474310040473938 0.044374998658895493
vt 0.34359601140022278 0.047635000199079514
vt 0.34359601140022278 0.047635000199079514
vt 0.34569099545478821 0.044729001820087433
vt 0.34569099545478821 0.044729001820087433
vt 0.3501339852809906 0.05749800056219101
vt 0.35154300928115845 0.053426001220941544
vt 0.35154300928115845 0.053426001220941544
vt 0.34912499785423279 0.04657299816608429
vt 0.34912499785423279 0.04657299816608429
vt 0.34763801097869873 0.04411499947309494
vt 0.34763801097869873 0.04411499947309494
vt 0.34295600652694702 0.053164999932050705
vt 0.34673899412155151 0.059455998241901398
vt 0.34855601191520691 0.045271001756191254
vt 0.34855601191520691 0.045271001756191254
vt 0.35101300477981567 0.051748998463153839
vt 0.35101300477981567 0.051748998463153839
vt 0.34411299228668213 0.047010000795125961
vt 0.34292399883270264 0.051947001367807388
vt 0.35039898753166199 0.056611999869346619
vt 0.34659698605537415 0.044530998915433884
vt 0.34659698605537415 0.044530998915433884
vt 0.34741100668907166 0.059319999068975449
vt 0.34768900275230408 0.016202999278903008
vt 0.34768900275230408 0.016202999278903008
vt 0.34768900275230408 0.016202999278903008
vt 0.35027000308036804 0.049759998917579651
vt 0.35027000308036804 0.049759998917579651
vt 0.34340900182723999 0.051467999815940857
vt 0.34992000460624695 0.054946001619100571
vt 0.34772199392318726 0.058612000197172165
vt 0.34952598810195923 0.047729000449180603
vt 0.34952598810195923 0.047729000449180603
vt 0.34510898590087891 0.046978998929262161
vt 0.34769600629806519 0.044948000460863113
vt 0.34769600629806519 0.044948000460863113
vt 0.34869199991226196 0.045979000627994537
vt 0.34869199991226196 0.045979000627994537
vt 0.34869199991226196 0.045979000627994537
vt 0.34898298978805542 0.052655000239610672
vt 0.34412598609924316 0.051447000354528427
vt 0.34754100441932678 0.05733099952340126
vt 0.34616300463676453 0.047260001301765442
vt 0.34483098983764648 0.05166500061750412
vt 0.34695199131965637 0.055550001561641693
vt 0.34808400273323059 0.050041001290082932
vt 0.34717199206352234 0.048124000430107117
vt 0.34717199206352234 0.048124000430107117
vt 0.34717199206352234 0.048124000430107117
vt 0.34551000595092773 0.052310999482870102
vt 0.34620898962020874 0.053633999079465866
vt 0.33609500527381897 0.067923001945018768
vt 0.33660599589347839 0.069912001490592957
vt 0.33586901426315308 0.065715000033378601
vt 0.3373430073261261 0.071411997079849243
vt 0.33591398596763611 0.063579998910427094
vt 0.3336699903011322 0.068880997598171234
vt 0.33625701069831848 0.061882000416517258
vt 0.3381899893283844 0.072089001536369324
vt 0.33335301280021667 0.066391997039318085
vt 0.33440101146697998 0.071464002132415771
vt 0.33346998691558838 0.064184002578258514
vt 0.33541598916053772 0.073546998202800751
vt 0.33687099814414978 0.060841001570224762
vt 0.33891400694847107 0.071776002645492554
vt 0.33396700024604797 0.06248600035905838
vt 0.33650898933410645 0.074483998119831085
vt 0.33761501312255859 0.060580000281333923
vt 0.3316589891910553 0.069817997515201569
vt 0.33135500550270081 0.067235000431537628
vt 0.33934798836708069 0.070568002760410309
vt 0.33237001299858093 0.072443000972270966
vt 0.33476299047470093 0.061455000191926956
vt 0.33833199739456177 0.061195001006126404
vt 0.33143898844718933 0.064955003559589386
vt 0.33339801430702209 0.074588000774383545
vt 0.33950901031494141 0.068765997886657715
vt 0.33743399381637573 0.073973998427391052
vt 0.33892101049423218 0.06255900114774704
vt 0.33948299288749695 0.066642001271247864
vt 0.33191800117492676 0.063267000019550323
vt 0.33930900692939758 0.064455002546310425
vt 0.33575901389122009 0.061216000467538834
vt 0.33449101448059082 0.075557000935077667
vt 0.33802801370620728 0.072245001792907715
vt 0.33006799221038818 0.070412002503871918
vt 0.33270600438117981 0.062382001429796219
vt 0.32983499765396118 0.068069003522396088
vt 0.33059799671173096 0.0725879967212677
vt 0.33672899007797241 0.061893001198768616
vt 0.33543500304222107 0.075015000998973846
vt 0.32991299033164978 0.065839998424053192
vt 0.33137398958206177 0.074254997074604034
vt 0.33829399943351746 0.069912001490592957
vt 0.33752399682998657 0.063288003206253052
vt 0.33031401038169861 0.064079999923706055
vt 0.33367601037025452 0.062288001179695129
vt 0.33831900358200073 0.067506000399589539
vt 0.33807399868965149 0.06521499902009964
vt 0.33227300643920898 0.074983999133110046
vt 0.33610799908638 0.073233999311923981
vt 0.33098000288009644 0.063017003238201141
vt 0.33469799160957336 0.06283000111579895
vt 0.33310100436210632 0.074619002640247345
vt 0.33644399046897888 0.070839002728462219
vt 0.3355650007724762 0.064069002866744995
vt 0.33182099461555481 0.062788002192974091
vt 0.33647599816322327 0.06835000216960907
vt 0.33616599440574646 0.065995998680591583
vt 0.33366400003433228 0.07324499636888504
vt 0.33264800906181335 0.063403002917766571
vt 0.33393499255180359 0.071244999766349792
vt 0.33331400156021118 0.064756996929645538
vt 0.33395498991012573 0.068975001573562622
vt 0.33375400304794312 0.066693998873233795
vt 0.32230201363563538 0.075244002044200897
vt 0.32194000482559204 0.072359003126621246
vt 0.32307100296020508 0.078285001218318939
vt 0.32208800315856934 0.069797001779079437
vt 0.32401499152183533 0.080889001488685608
vt 0.31611999869346619 0.074036002159118652
vt 0.32263800501823425 0.06782899796962738
vt 0.31578999757766724 0.077024996280670166
vt 0.32503700256347656 0.082044996321201324
vt 0.32503700256347656 0.082044996321201324
vt 0.31241500377655029 0.07342199981212616
vt 0.31216898560523987 0.076389998197555542
vt 0.31617799401283264 0.071338996291160583
vt 0.32047799229621887 0.079639002680778503
vt 0.31255701184272766 0.070839002728462219
vt 0.31187799572944641 0.079576998949050903
vt 0.31529200077056885 0.080398999154567719
vt 0.32340800762176514 0.066642001271247864
vt 0.32598799467086792 0.081284999847412109
vt 0.28747299313545227 0.06782899796962738
vt 0.28722700476646423 0.070578001439571381
vt 0.28722700476646423 0.070578001439571381
vt 0.32171300053596497 0.082502998411655426
vt 0.28479000926017761 0.067193999886512756
vt 0.28479000926017761 0.067193999886512756
vt 0.28453698754310608 0.069870002567768097
vt 0.28453698754310608 0.069870002567768097
vt 0.31811198592185974 0.083013996481895447
vt 0.31811198592185974 0.083013996481895447
vt 0.2877190113067627 0.065465003252029419
vt 0.29000198841094971 0.071005001664161682
vt 0.29020199179649353 0.068516001105308533
vt 0.2869429886341095 0.073463000357151031
vt 0.2869429886341095 0.073463000357151031
vt 0.31164500117301941 0.082346998155117035
vt 0.31164500117301941 0.082346998155117035
vt 0.31262099742889404 0.068911999464035034
vt 0.31606799364089966 0.069119997322559357
vt 0.28497698903083801 0.064892001450061798
vt 0.28497698903083801 0.064892001450061798
vt 0.32434499263763428 0.066391997039318085
vt 0.28419500589370728 0.072713002562522888
vt 0.28419500589370728 0.072713002562522888
vt 0.31489801406860352 0.083471998572349548
vt 0.31997400522232056 0.068506002426147461
vt 0.32277399301528931 0.083722002804279327
vt 0.32277399301528931 0.083722002804279327
vt 0.32277399301528931 0.083722002804279327
vt 0.32277399301528931 0.083722002804279327
vt 0.28981399536132813 0.073370002210140228
vt 0.28981399536132813 0.073370002210140228
vt 0.29037699103355408 0.066215001046657562
vt 0.32677000761032104 0.079025000333786011
vt 0.32677000761032104 0.079025000333786011
vt 0.28200298547744751 0.069172002375125885
vt 0.28222200274467468 0.066808000206947327
vt 0.26362499594688416 0.048510000109672546
vt 0.2647629976272583 0.046094000339508057
vt 0.2647629976272583 0.046094000339508057
vt 0.28790000081062317 0.063777998089790344
vt 0.28174999356269836 0.071369998157024384
vt 0.28174999356269836 0.071369998157024384
vt 0.26270601153373718 0.050395000725984573
vt 0.28241598606109619 0.064558997750282288
vt 0.28241598606109619 0.064558997750282288
vt 0.28511899709701538 0.063193999230861664
vt 0.32534098625183105 0.067069001495838165
vt 0.26211199164390564 0.045469000935554504
vt 0.26211199164390564 0.045469000935554504
vt 0.28667101263999939 0.07590000331401825
vt 0.26605001091957092 0.043365001678466797
vt 0.26605001091957092 0.043365001678466797
vt 0.2838909924030304 0.075098000466823578
vt 0.2838909924030304 0.075098000466823578
vt 0.26309400796890259 0.043458998203277588
vt 0.26309400796890259 0.043458998203277588
vt 0.26609501242637634 0.051176000386476517
vt 0.26609501242637634 0.051176000386476517
vt 0.26699399948120117 0.04921799898147583
vt 0.26699399948120117 0.04921799898147583
vt 0.29050600528717041 0.064443998038768768
vt 0.28967198729515076 0.075244002044200897
vt 0.28967198729515076 0.075244002044200897
vt 0.26115500926971436 0.047249998897314072
vt 0.26115500926971436 0.047249998897314072
vt 0.31147700548171997 0.083669997751712799
vt 0.31147700548171997 0.083669997751712799
vt 0.31262800097465515 0.067808002233505249
vt 0.26407098770141602 0.041333999484777451
vt 0.26407098770141602 0.041333999484777451
vt 0.32737201452255249 0.076254002749919891
vt 0.32737201452255249 0.076254002749919891
vt 0.32374399900436401 0.082909002900123596
vt 0.32374399900436401 0.082909002900123596
vt 0.32374399900436401 0.082909002900123596
vt 0.32374399900436401 0.082909002900123596
vt 0.32374399900436401 0.082909002900123596
vt 0.31470400094985962 0.084847003221511841
vt 0.31470400094985962 0.084847003221511841
vt 0.31470400094985962 0.084847003221511841
vt 0.26787298917770386 0.047260001301765442
vt 0.26787298917770386 0.047260001301765442
vt 0.26543501019477844 0.052737999707460403
vt 0.3159320056438446 0.067767001688480377
vt 0.28153699636459351 0.073099002242088318
vt 0.28153699636459351 0.073099002242088318
vt 0.32629799842834473 0.06862100213766098
vt 0.28255200386047363 0.06283000111579895
vt 0.28255200386047363 0.06283000111579895
vt 0.26696100831031799 0.04152199998497963
vt 0.26696100831031799 0.04152199998497963
vt 0.26487898826599121 0.039553001523017883
vt 0.26487898826599121 0.039553001523017883
vt 0.26487898826599121 0.039553001523017883
vt 0.2620919942855835 0.05173800140619278
vt 0.32073000073432922 0.066974997520446777
vt 0.32753300666809082 0.073526002466678619
vt 0.32711899280548096 0.070869997143745422
vt 0.26037201285362244 0.048634998500347137
vt 0.28802898526191711 0.062996998429298401
vt 0.26835200190544128 0.046062000095844269
vt 0.26835200190544128 0.046062000095844269
vt 0.26835200190544128 0.046062000095844269
vt 0.28520300984382629 0.062247000634670258
vt 0.28520300984382629 0.062247000634670258
vt 0.29058399796485901 0.063455000519752502
vt 0.28657400608062744 0.077119000256061554
vt 0.28657400608062744 0.077119000256061554
vt 0.28962698578834534 0.07617100328207016
vt 0.28962698578834534 0.07617100328207016
vt 0.32201099395751953 0.066651999950408936
vt 0.26506701111793518 0.053789999336004257
vt 0.28378099203109741 0.076286002993583679
vt 0.28262299299240112 0.061820000410079956
vt 0.28262299299240112 0.061820000410079956
vt 0.31137299537658691 0.083034001290798187
vt 0.28146600723266602 0.073963001370429993
vt 0.31254398822784424 0.06766200065612793
vt 0.31738099455833435 0.06728699803352356
vt 0.31461998820304871 0.08416999876499176
vt 0.31461998820304871 0.08416999876499176
vt 0.31461998820304871 0.08416999876499176
vt 0.26129001379013062 0.04386499896645546
vt 0.26129001379013062 0.04386499896645546
vt 0.32484298944473267 0.080410003662109375
vt 0.32484298944473267 0.080410003662109375
vt 0.32484298944473267 0.080410003662109375
vt 0.32484298944473267 0.080410003662109375
vt 0.26724600791931152 0.041032001376152039
vt 0.26724600791931152 0.041032001376152039
vt 0.26052099466323853 0.045239999890327454
vt 0.26052099466323853 0.045239999890327454
vt 0.26528000831604004 0.03874099999666214
vt 0.26528000831604004 0.03874099999666214
vt 0.26211199164390564 0.042323000729084015
vt 0.26211199164390564 0.042323000729084015
vt 0.26844200491905212 0.045697998255491257
vt 0.25996500253677368 0.04625999927520752
vt 0.26284900307655334 0.040761001408100128
vt 0.26284900307655334 0.040761001408100128
vt 0.3224639892578125 0.067359998822212219
vt 0.29061600565910339 0.063360996544361115
vt 0.26497000455856323 0.05429999902844429
vt 0.26191100478172302 0.052414998412132263
vt 0.31610700488090515 0.067569002509117126
vt 0.28808799386024475 0.063059002161026001
vt 0.28970399498939514 0.075942002236843109
vt 0.28970399498939514 0.075942002236843109
vt 0.26344400644302368 0.039376001805067062
vt 0.26344400644302368 0.039376001805067062
vt 0.26006200909614563 0.049415998160839081
vt 0.28523600101470947 0.062173999845981598
vt 0.28523600101470947 0.062173999845981598
vt 0.25977098941802979 0.046718001365661621
vt 0.25860700011253357 0.037271998822689056
vt 0.2579210102558136 0.037907999008893967
vt 0.28266200423240662 0.061684001237154007
vt 0.28266200423240662 0.061684001237154007
vt 0.25934401154518127 0.036522001028060913
vt 0.2867099940776825 0.076723001897335052
vt 0.2867099940776825 0.076723001897335052
vt 0.28160199522972107 0.073775999248027802
vt 0.25742301344871521 0.03839699923992157
vt 0.26002299785614014 0.035679001361131668
vt 0.28392300009727478 0.075920999050140381
vt 0.31233701109886169 0.068484999239444733
vt 0.31134799122810364 0.080847002565860748
vt 0.31134799122810364 0.080847002565860748
vt 0.26379299163818359 0.038532998412847519
vt 0.26379299163818359 0.038532998412847519
vt 0.26057299971580505 0.034887000918388367
vt 0.25724899768829346 0.03864699974656105
vt 0.25724899768829346 0.03864699974656105
vt 0.25989401340484619 0.046479001641273499
vt 0.25989401340484619 0.046479001641273499
vt 0.26838400959968567 0.045832999050617218
vt 0.26090198755264282 0.034398000687360764
vt 0.32439100742340088 0.069421999156475067
vt 0.25640198588371277 0.02817000076174736
vt 0.25737199187278748 0.038511998951435089
vt 0.25737199187278748 0.038511998951435089
vt 0.25737199187278748 0.038511998951435089
vt 0.25737199187278748 0.038511998951435089
vt 0.25590398907661438 0.0282639991492033
vt 0.25743600726127625 0.027732999995350838
vt 0.26390299201011658 0.038334999233484268
vt 0.26390299201011658 0.038334999233484268
vt 0.29061600565910339 0.064142003655433655
vt 0.26036599278450012 0.045542001724243164
vt 0.26036599278450012 0.045542001724243164
vt 0.26036599278450012 0.045542001724243164
vt 0.26036599278450012 0.045542001724243164
vt 0.26495000720024109 0.05432099848985672
vt 0.32590401172637939 0.077712997794151306
vt 0.32590401172637939 0.077712997794151306
vt 0.28986600041389465 0.074619002640247345
vt 0.28986600041389465 0.074619002640247345
vt 0.25554800033569336 0.028347000479698181
vt 0.25554800033569336 0.028347000479698181
vt 0.26721999049186707 0.041230000555515289
vt 0.26721999049186707 0.041230000555515289
vt 0.25785699486732483 0.027398999780416489
vt 0.26101198792457581 0.034283000975847244
vt 0.26101198792457581 0.034283000975847244
vt 0.2578049898147583 0.038033001124858856
vt 0.2578049898147583 0.038033001124858856
vt 0.26533800363540649 0.038750998675823212
vt 0.28271400928497314 0.06245499849319458
vt 0.28271400928497314 0.06245499849319458
vt 0.28192499279975891 0.072577998042106628
vt 0.26107001304626465 0.04414600133895874
vt 0.26107001304626465 0.04414600133895874
vt 0.31461301445960999 0.081804998219013214
vt 0.31461301445960999 0.081804998219013214
vt 0.25811499357223511 0.027201000601053238
vt 0.25542500615119934 0.028450999408960342
vt 0.25845101475715637 0.037324000149965286
vt 0.25845101475715637 0.037324000149965286
vt 0.28806799650192261 0.063808999955654144
vt 0.26087000966072083 0.034501999616622925
vt 0.26374098658561707 0.03872000053524971
vt 0.26374098658561707 0.03872000053524971
vt 0.25918200612068176 0.036522001028060913
vt 0.25918200612068176 0.036522001028060913
vt 0.28524899482727051 0.063049003481864929
vt 0.31205898523330688 0.070183001458644867
vt 0.26188498735427856 0.042562998831272125
vt 0.26188498735427856 0.042562998831272125
vt 0.26188498735427856 0.042562998831272125
vt 0.26188498735427856 0.042562998831272125
vt 0.31679201126098633 0.068714000284671783
vt 0.25989401340484619 0.035721000283956528
vt 0.25551599264144897 0.028419999405741692
vt 0.25551599264144897 0.028419999405741692
vt 0.25551599264144897 0.028419999405741692
vt 0.25819298624992371 0.027170000597834587
vt 0.25819298624992371 0.027170000597834587
vt 0.25819298624992371 0.027170000597834587
vt 0.25819298624992371 0.027170000597834587
vt 0.26048800349235535 0.034991998225450516
vt 0.26048800349235535 0.034991998225450516
vt 0.26191100478172302 0.052530001848936081
vt 0.28700798749923706 0.074993997812271118
vt 0.26266101002693176 0.041000999510288239
vt 0.26266101002693176 0.041000999510288239
vt 0.26266101002693176 0.041000999510288239
vt 0.26266101002693176 0.041000999510288239
vt 0.28428500890731812 0.074212998151779175
vt 0.26331400871276855 0.039636000990867615
vt 0.26331400871276855 0.039636000990867615
vt 0.26331400871276855 0.039636000990867615
vt 0.26331400871276855 0.039636000990867615
vt 0.26017799973487854 0.049385000020265579
vt 0.25583899021148682 0.028294999152421951
vt 0.32243800163269043 0.067838996648788452
vt 0.31139299273490906 0.07810799777507782
vt 0.31139299273490906 0.07810799777507782
vt 0.32564499974250793 0.072130002081394196
vt 0.25808900594711304 0.027273999527096748
vt 0.25808900594711304 0.027273999527096748
vt 0.25808900594711304 0.027273999527096748
vt 0.25808900594711304 0.027273999527096748
vt 0.29007300734519958 0.072577998042106628
vt 0.25631099939346313 0.028107000514864922
vt 0.29056400060653687 0.065683998167514801
vt 0.26832601428031921 0.046218998730182648
vt 0.25684800744056702 0.027909999713301659
vt 0.25684800744056702 0.027909999713301659
vt 0.25839999318122864 0.018068000674247742
vt 0.25839999318122864 0.018068000674247742
vt 0.2578049898147583 0.027450999245047569
vt 0.2578049898147583 0.027450999245047569
vt 0.32627201080322266 0.074993997812271118
vt 0.32627201080322266 0.074993997812271118
vt 0.32627201080322266 0.074993997812271118
vt 0.32627201080322266 0.074993997812271118
vt 0.25865799188613892 0.018358999863266945
vt 0.25865799188613892 0.018358999863266945
vt 0.25865799188613892 0.018358999863266945
vt 0.28229400515556335 0.070713996887207031
vt 0.28275299072265625 0.064006999135017395
vt 0.26522800326347351 0.053706999868154526
vt 0.25899499654769897 0.018338000401854515
vt 0.29028001427650452 0.070203997194766998
vt 0.29044800996780396 0.067786999046802521
vt 0.31176799535751343 0.072577998042106628
vt 0.31176799535751343 0.072577998042106628
vt 0.25918900966644287 0.018422000110149384
vt 0.25918900966644287 0.018422000110149384
vt 0.25918900966644287 0.018422000110149384
vt 0.25787600874900818 0.017339000478386879
vt 0.25787600874900818 0.017339000478386879
vt 0.25787600874900818 0.017339000478386879
vt 0.28256499767303467 0.068453997373580933
vt 0.28270700573921204 0.066090002655982971
vt 0.31153500080108643 0.07534799724817276
vt 0.2590009868144989 0.018379999324679375
vt 0.2590009868144989 0.018379999324679375
vt 0.2590009868144989 0.018379999324679375
vt 0.31531798839569092 0.070610001683235168
vt 0.28797098994255066 0.065266996622085571
vt 0.28522899746894836 0.064663000404834747
vt 0.25867798924446106 0.018358999863266945
vt 0.28731799125671387 0.072535999119281769
vt 0.28469300270080566 0.071806997060775757
vt 0.26584899425506592 0.052414998412132263
vt 0.26813799142837524 0.047019999474287033
vt 0.26813799142837524 0.047019999474287033
vt 0.26813799142837524 0.047019999474287033
vt 0.26510599255561829 0.039386998862028122
vt 0.26510599255561829 0.039386998862028122
vt 0.26510599255561829 0.039386998862028122
vt 0.26510599255561829 0.039386998862028122
vt 0.26709699630737305 0.041740000247955322
vt 0.26709699630737305 0.041740000247955322
vt 0.26079198718070984 0.048385001718997955
vt 0.26079198718070984 0.048385001718997955
vt 0.26079198718070984 0.048385001718997955
vt 0.26241499185562134 0.05173800140619278
vt 0.26673498749732971 0.050530001521110535
vt 0.28780901432037354 0.067401997745037079
vt 0.28513899445533752 0.066808000206947327
vt 0.28756999969482422 0.069922000169754028
vt 0.2640259861946106 0.010266999714076519
vt 0.2640259861946106 0.010266999714076519
vt 0.2640259861946106 0.010266999714076519
vt 0.2640259861946106 0.010266999714076519
vt 0.26761499047279358 0.048489000648260117
vt 0.26761499047279358 0.048489000648260117
vt 0.28497698903083801 0.069265998899936676
vt 0.26165199279785156 0.046645998954772949
vt 0.26165199279785156 0.046645998954772949
vt 0.26165199279785156 0.046645998954772949
vt 0.32548999786376953 0.077390000224113464
vt 0.32548999786376953 0.077390000224113464
vt 0.31467100977897644 0.079212002456188202
vt 0.26260900497436523 0.044562999159097672
vt 0.26260900497436523 0.044562999159097672
vt 0.26260900497436523 0.044562999159097672
vt 0.26260900497436523 0.044562999159097672
vt 0.26329499483108521 0.050020001828670502
vt 0.26329499483108521 0.050020001828670502
vt 0.26443898677825928 0.047572001814842224
vt 0.26443898677825928 0.047572001814842224
vt 0.26454898715019226 0.040584001690149307
vt 0.26454898715019226 0.040584001690149307
vt 0.26454898715019226 0.040584001690149307
vt 0.26454898715019226 0.040584001690149307
vt 0.26454898715019226 0.040584001690149307
vt 0.26363798975944519 0.042438000440597534
vt 0.26363798975944519 0.042438000440597534
vt 0.26363798975944519 0.042438000440597534
vt 0.26363798975944519 0.042438000440597534
vt 0.31670200824737549 0.069338999688625336
vt 0.26669600605964661 0.042803000658750534
vt 0.26669600605964661 0.042803000658750534
vt 0.2657260000705719 0.044854000210762024
vt 0.31462600827217102 0.077390000224113464
vt 0.31462600827217102 0.077390000224113464
vt 0.31462600827217102 0.077390000224113464
vt 0.31462600827217102 0.077390000224113464
vt 0.31487798690795898 0.074556998908519745
vt 0.31487798690795898 0.074556998908519745
vt 0.31487798690795898 0.074556998908519745
vt 0.31487798690795898 0.074556998908519745
vt 0.31448400020599365 0.080337002873420715
vt 0.31448400020599365 0.080337002873420715
vt 0.31448400020599365 0.080337002873420715
vt 0.3223859965801239 0.06820400059223175
vt 0.32508200407028198 0.077848002314567566
vt 0.32508200407028198 0.077848002314567566
vt 0.31639799475669861 0.069839000701904297
vt 0.31082999706268311 0.076567001640796661
vt 0.31518900394439697 0.072067998349666595
vt 0.31518900394439697 0.072067998349666595
vt 0.31108200550079346 0.073880001902580261
vt 0.3106749951839447 0.079472996294498444
vt 0.3106749951839447 0.079472996294498444
vt 0.31443199515342712 0.083420000970363617
vt 0.31443199515342712 0.083420000970363617
vt 0.31443199515342712 0.083420000970363617
vt 0.31443199515342712 0.083420000970363617
vt 0.32471999526023865 0.077482998371124268
vt 0.32471999526023865 0.077482998371124268
vt 0.31139901280403137 0.071723997592926025
vt 0.31062999367713928 0.082534000277519226
vt 0.31062999367713928 0.082534000277519226
vt 0.32398301362991333 0.074525997042655945
vt 0.32398301362991333 0.074525997042655945
vt 0.31616500020027161 0.070525996387004852
vt 0.31616500020027161 0.070525996387004852
vt 0.32288399338722229 0.068724997341632843
vt 0.32288399338722229 0.068724997341632843
vt 0.31462600827217102 0.086324997246265411
vt 0.31462600827217102 0.086324997246265411
vt 0.31462600827217102 0.086324997246265411
vt 0.31462600827217102 0.086324997246265411
vt 0.32370498776435852 0.071713998913764954
vt 0.32370498776435852 0.071713998913764954
vt 0.3241640031337738 0.077348001301288605
vt 0.3241640031337738 0.077348001301288605
vt 0.31170299649238586 0.070329003036022186
vt 0.31066900491714478 0.085086002945899963
vt 0.31698000431060791 0.070058003067970276
vt 0.28148499131202698 0.069963999092578888
vt 0.31478101015090942 0.087408997118473053
vt 0.31478101015090942 0.087408997118473053
vt 0.31478101015090942 0.087408997118473053
vt 0.28126499056816101 0.072702996432781219
vt 0.28175699710845947 0.06748499721288681
vt 0.27849799394607544 0.069204002618789673
vt 0.31787198781967163 0.069390997290611267
vt 0.32681500911712646 0.0733179971575737
vt 0.28471198678016663 0.07062000036239624
vt 0.32316198945045471 0.069131001830101013
vt 0.32316198945045471 0.069131001830101013
vt 0.32316198945045471 0.069131001830101013
vt 0.2786790132522583 0.066776998341083527
vt 0.27824500203132629 0.071869999170303345
vt 0.2849000096321106 0.068213999271392822
vt 0.28453698754310608 0.073087997734546661
vt 0.32655000686645508 0.0706930011510849
vt 0.31192299723625183 0.069880999624729156
vt 0.31079798936843872 0.086096003651618958
vt 0.32700300216674805 0.07610899955034256
vt 0.31919100880622864 0.068714000284671783
vt 0.32427400350570679 0.080242998898029327
vt 0.32427400350570679 0.080242998898029327
vt 0.32427400350570679 0.080242998898029327
vt 0.32131901383399963 0.068109996616840363
vt 0.28103899955749512 0.075432002544403076
vt 0.28201499581336975 0.06554800271987915
vt 0.28440201282501221 0.07534799724817276
vt 0.28507399559020996 0.066246002912521362
vt 0.27885299921035767 0.064829997718334198
vt 0.2779029905796051 0.074546001851558685
vt 0.2758139967918396 0.068526998162269592
vt 0.3262459933757782 0.068548001348972321
vt 0.32284501194953918 0.067381002008914948
vt 0.27597600221633911 0.066173002123832703
vt 0.27555501461029053 0.070869997143745422
vt 0.32711300253868103 0.079014003276824951
vt 0.31478101015090942 0.08634600043296814
vt 0.31584200263023376 0.070442996919155121
vt 0.31201401352882385 0.070381000638008118
vt 0.31098499894142151 0.085128001868724823
vt 0.28435000777244568 0.076982997357845306
vt 0.28523600101470947 0.064965002238750458
vt 0.28225499391555786 0.064433999359607697
vt 0.27523899078369141 0.072943001985549927
vt 0.28087699413299561 0.077577002346515656
vt 0.27606600522994995 0.064226001501083374
vt 0.32433199882507324 0.082941003143787384
vt 0.32433199882507324 0.082941003143787384
vt 0.32433199882507324 0.082941003143787384
vt 0.32596200704574585 0.067120999097824097
vt 0.31703799962997437 0.085482001304626465
vt 0.27900201082229614 0.063537999987602234
vt 0.27766299247741699 0.076640002429485321
vt 0.34229001402854919 0.069349996745586395
vt 0.34202501177787781 0.067027002573013306
vt 0.34251001477241516 0.071869999170303345
vt 0.32715800404548645 0.0814099982380867
vt 0.3445659875869751 0.068579003214836121
vt 0.33980000019073486 0.069985002279281616
vt 0.33961299061775208 0.067735001444816589
vt 0.3443790078163147 0.066329002380371094
vt 0.33998799324035645 0.072276003658771515
vt 0.2749989926815033 0.074432000517845154
vt 0.25665399432182312 0.036127001047134399
vt 0.32284501194953918 0.066756002604961395
vt 0.31903600692749023 0.084721997380256653
vt 0.27612400054931641 0.062933996319770813
vt 0.34481799602508545 0.071015998721122742
vt 0.31522101163864136 0.083627998828887939
vt 0.31599700450897217 0.072203002870082855
vt 0.3417850136756897 0.065194003283977509
vt 0.31199398636817932 0.071828000247478485
vt 0.31123098731040955 0.082639001309871674
vt 0.2576499879360199 0.034157998859882355
vt 0.2576499879360199 0.034157998859882355
vt 0.28538501262664795 0.064538002014160156
vt 0.2844269871711731 0.077597998082637787
vt 0.25422200560569763 0.041292000561952591
vt 0.25538000464439392 0.038876000791788101
vt 0.3394320011138916 0.065871000289916992
vt 0.25805100798606873 0.042355000972747803
vt 0.34274300932884216 0.074337996542453766
vt 0.25893598794937134 0.040334001183509827
vt 0.32574200630187988 0.066590003669261932
vt 0.32426100969314575 0.08389899879693985
vt 0.32426100969314575 0.08389899879693985
vt 0.28246200084686279 0.064121000468730927
vt 0.34420999884605408 0.064485996961593628
vt 0.34014299511909485 0.074337996542453766
vt 0.32065901160240173 0.084096997976303101
vt 0.2809160053730011 0.078431002795696259
vt 0.25717100501060486 0.044270999729633331
vt 0.25428101420402527 0.033440001308917999
vt 0.25428101420402527 0.033440001308917999
vt 0.25335600972175598 0.043072998523712158
vt 0.34660300612449646 0.067881003022193909
vt 0.34513500332832336 0.073431998491287231
vt 0.25521200895309448 0.031647998839616776
vt 0.25521200895309448 0.031647998839616776
vt 0.25521200895309448 0.031647998839616776
vt 0.25325900316238403 0.035564001649618149
vt 0.25325900316238403 0.035564001649618149
vt 0.34644100069999695 0.065715000033378601
vt 0.27916398644447327 0.063089996576309204
vt 0.25229498744010925 0.037636999040842056
vt 0.25229498744010925 0.037636999040842056
vt 0.3270609974861145 0.082304999232292175
vt 0.27768900990486145 0.077451996505260468
vt 0.25947999954223633 0.038979999721050262
vt 0.3468489944934845 0.070015996694564819
vt 0.33927598595619202 0.064621001482009888
vt 0.31193000078201294 0.074014998972415924
vt 0.3115290105342865 0.079639002680778503
vt 0.34156599640846252 0.064079999923706055
vt 0.25658300518989563 0.045687001198530197
vt 0.27618899941444397 0.06248600035905838
vt 0.25144198536872864 0.039418000727891922
vt 0.25144198536872864 0.039418000727891922
vt 0.27499300241470337 0.074993997812271118
vt 0.32270300388336182 0.067298002541065216
vt 0.34633100032806396 0.063891999423503876
vt 0.31575798988342285 0.080535002052783966
vt 0.31614598631858826 0.074764996767044067
vt 0.34020799398422241 0.075806997716426849
vt 0.25812199711799622 0.033387999981641769
vt 0.31178098917007446 0.076723001897335052
vt 0.34405499696731567 0.063235998153686523
vt 0.34713301062583923 0.071879997849464417
vt 0.34290400147438049 0.076243996620178223
vt 0.28550699353218079 0.065007001161575317
vt 0.35773798823356628 0.05192599818110466
vt 0.2846280038356781 0.077024996280670166
vt 0.35986599326133728 0.056820999830961227
vt 0.32563900947570801 0.066996000707149506
vt 0.32399600744247437 0.082826003432273865
vt 0.35886400938034058 0.054540000855922699
vt 0.35689800977706909 0.050041001290082932
vt 0.35689800977706909 0.050041001290082932
vt 0.25583899021148682 0.030701000243425369
vt 0.25583899021148682 0.030701000243425369
vt 0.31610700488090515 0.077628999948501587
vt 0.34535500407218933 0.075286000967025757
vt 0.25971201062202454 0.03839699923992157
vt 0.35681399703025818 0.057413998991250992
vt 0.25290998816490173 0.04413599893450737
vt 0.36064800620079041 0.058517999947071075
vt 0.35962000489234924 0.049717999994754791
vt 0.35962000489234924 0.049717999994754791
vt 0.35604399442672729 0.055528998374938965
vt 0.36051899194717407 0.051748998463153839
vt 0.36051899194717407 0.051748998463153839
vt 0.2825779914855957 0.064496003091335297
vt 0.36136001348495483 0.053727999329566956
vt 0.36136001348495483 0.053727999329566956
vt 0.3575960099697113 0.059216000139713287
vt 0.3268280029296875 0.081284999847412109
vt 0.28120699524879456 0.077639997005462646
vt 0.34625399112701416 0.062642000615596771
vt 0.35883098840713501 0.047998998314142227
vt 0.35883098840713501 0.047998998314142227
vt 0.35883098840713501 0.047998998314142227
vt 0.33914101123809814 0.064142003655433655
vt 0.25635600090026855 0.0465410016477108
vt 0.25087299942970276 0.040635999292135239
vt 0.3621160089969635 0.055424999445676804
vt 0.3621160089969635 0.055424999445676804
vt 0.27629300951957703 0.062964998185634613
vt 0.34733998775482178 0.073182001709938049
vt 0.27931201457977295 0.063611000776290894
vt 0.34138500690460205 0.063704997301101685
vt 0.27798700332641602 0.076701998710632324
vt 0.27521300315856934 0.074463002383708954
vt 0.35560399293899536 0.054269000887870789
vt 0.35560399293899536 0.054269000887870789
vt 0.34014299511909485 0.076306998729705811
vt 0.35815200209617615 0.060559999197721481
vt 0.32256099581718445 0.068933002650737762
vt 0.28555899858474731 0.066319003701210022
vt 0.28489300608634949 0.075432002544403076
vt 0.3439059853553772 0.06272599846124649
vt 0.3256320059299469 0.068318001925945282
vt 0.34287801384925842 0.076941996812820435
vt 0.35657399892807007 0.049332998692989349
vt 0.32349199056625366 0.080096997320652008
vt 0.253277987241745 0.032324999570846558
vt 0.253277987241745 0.032324999570846558
vt 0.36111998558044434 0.059539001435041428
vt 0.25394400954246521 0.030991999432444572
vt 0.25394400954246521 0.030991999432444572
vt 0.25248900055885315 0.033877000212669373
vt 0.25248900055885315 0.033877000212669373
vt 0.35836601257324219 0.047093000262975693
vt 0.35836601257324219 0.047093000262975693
vt 0.32649898529052734 0.078805997967720032
vt 0.34617599844932556 0.06216299906373024
vt 0.25167500972747803 0.035459998995065689
vt 0.25167500972747803 0.035459998995065689
vt 0.25982901453971863 0.03830299898982048
vt 0.36267200112342834 0.056602001190185547
vt 0.34533599019050598 0.075942002236843109
vt 0.25834199786186218 0.03329399973154068
vt 0.33903101086616516 0.064507000148296356
vt 0.28551399707794189 0.068318001925945282
vt 0.28515800833702087 0.073202997446060181
vt 0.35546201467514038 0.053748000413179398
vt 0.25097000598907471 0.036866001784801483
vt 0.25439101457595825 0.030148999765515327
vt 0.25439101457595825 0.030148999765515327
vt 0.25439101457595825 0.030148999765515327
vt 0.27633801102638245 0.064277999103069305
vt 0.35842999815940857 0.061360999941825867
vt 0.28260400891304016 0.065673001110553741
vt 0.2755419909954071 0.072984002530574799
vt 0.2564530074596405 0.04682299867272377
vt 0.28163400292396545 0.075545996427536011
vt 0.34733998775482178 0.073629997670650482
vt 0.25616899132728577 0.03046100027859211
vt 0.28537800908088684 0.07073500007390976
vt 0.33994901180267334 0.075701996684074402
vt 0.32568401098251343 0.070400997996330261
vt 0.25051099061965942 0.037875998765230179
vt 0.32245698571205139 0.071391001343727112
vt 0.27938398718833923 0.064955003559589386
vt 0.27845200896263123 0.074651002883911133
vt 0.25002598762512207 0.026492999866604805
vt 0.253013014793396 0.044447999447584152
vt 0.34127500653266907 0.063965000212192535
vt 0.25065299868583679 0.025815999135375023
vt 0.32613000273704529 0.075859002768993378
vt 0.24928200244903564 0.027264000847935677
vt 0.32291600108146667 0.077036000788211823
vt 0.25457799434661865 0.029888000339269638
vt 0.36055099964141846 0.048843000084161758
vt 0.36055099964141846 0.048843000084161758
vt 0.36122998595237732 0.050342999398708344
vt 0.36122998595237732 0.050342999398708344
vt 0.24851199984550476 0.028034999966621399
vt 0.36194199323654175 0.051853001117706299
vt 0.36194199323654175 0.051853001117706299
vt 0.25106000900268555 0.025389000773429871
vt 0.25106000900268555 0.025389000773429871
vt 0.35997599363327026 0.047561999410390854
vt 0.35997599363327026 0.047561999410390854
vt 0.2762799859046936 0.066215001046657562
vt 0.27587199211120605 0.070922002196311951
vt 0.25084701180458069 0.041074000298976898
vt 0.32584598660469055 0.07300499826669693
vt 0.36255601048469543 0.053206998854875565
vt 0.36255601048469543 0.053206998854875565
vt 0.24784600734710693 0.028721999377012253
vt 0.34377101063728333 0.063121996819972992
vt 0.34609198570251465 0.062537997961044312
vt 0.34259998798370361 0.076128996908664703
vt 0.27611801028251648 0.068567998707294464
vt 0.3225409984588623 0.074171997606754303
vt 0.33899199962615967 0.065673001110553741
vt 0.25042000412940979 0.038240998983383179
vt 0.35961401462554932 0.046760000288486481
vt 0.35961401462554932 0.046760000288486481
vt 0.35961401462554932 0.046760000288486481
vt 0.28251999616622925 0.067642003297805786
vt 0.25122800469398499 0.025253999978303909
vt 0.25122800469398499 0.025253999978303909
vt 0.24689599871635437 0.01764100044965744
vt 0.28202798962593079 0.072858996689319611
vt 0.24737399816513062 0.017464000731706619
vt 0.24740000069141388 0.029242999851703644
vt 0.36297601461410522 0.054175000637769699
vt 0.25346601009368896 0
vt 0.25346601009368896 0
vt 0.25346601009368896 0
vt 0.35544300079345703 0.053665000945329666
vt 0.24634000658988953 0.017828000709414482
vt 0.36305400729179382 0.043834000825881958
vt 0.35651001334190369 0.049260001629590988
vt 0.25996500253677368 0.038460001349449158
vt 0.36253601312637329 0.043157000094652176
vt 0.36432799696922302 0.045396000146865845
vt 0.35843700170516968 0.061631999909877777
vt 0.24575799703598022 0.017983999103307724
vt 0.25450700521469116 0.030210999771952629
vt 0.25450700521469116 0.030210999771952629
vt 0.24769100546836853 0.017348999157547951
vt 0.24769100546836853 0.017348999157547951
vt 0.33968400955200195 0.074161000549793243
vt 0.34505799412727356 0.075171001255512238
vt 0.34713301062583923 0.07307799905538559
vt 0.24762000143527985 0.0073719997890293598
vt 0.35819700360298157 0.046875
vt 0.24793699383735657 0.0079030003398656845
vt 0.36489701271057129 0.046094000339508057
vt 0.36115899682044983 0.059850998222827911
vt 0.24525299668312073 0.018140999600291252
vt 0.27934500575065613 0.066922999918460846
vt 0.27890500426292419 0.071994997560977936
vt 0.24829299747943878 0.0079969996586441994
vt 0.24719999730587006 0.0070489998906850815
vt 0.36219999194145203 0.042718999087810516
vt 0.36219999194145203 0.042718999087810516
vt 0.28230598568916321 0.070130996406078339
vt 0.36281499266624451 0.05703900009393692
vt 0.25113800168037415 0.025441000238060951
vt 0.36536198854446411 0.03601200133562088
vt 0.247297003865242 0.029441000893712044
vt 0.247297003865242 0.029441000893712044
vt 0.3594839870929718 0.046509999781847
vt 0.3594839870929718 0.046509999781847
vt 0.36497399210929871 0.035803999751806259
vt 0.36528500914573669 0.046613998711109161
vt 0.24781399965286255 0.0173179991543293
vt 0.24781399965286255 0.0173179991543293
vt 0.36629998683929443 0.036439001560211182
vt 0.25661501288414001 0.046592999249696732
vt 0.24851900339126587 0.0081110000610351563
vt 0.24851900339126587 0.0081110000610351563
vt 0.24491700530052185 0.018276000395417213
vt 0.36671999096870422 0.036637000739574432
vt 0.36309900879859924 0.054529000073671341
vt 0.25064599514007568 0.037907999008893967
vt 0.36472898721694946 0.03566800057888031
vt 0.36472898721694946 0.03566800057888031
vt 0.3390440046787262 0.067506000399589539
vt 0.25417700409889221 0.031159000471234322
vt 0.25417700409889221 0.031159000471234322
vt 0.36451500654220581 0.026419999077916145
vt 0.36208400130271912 0.042594000697135925
vt 0.36208400130271912 0.042594000697135925
vt 0.27920299768447876 0.069349996745586395
vt 0.36427599191665649 0.026889000087976456
vt 0.24702499806880951 0.0067889997735619545
vt 0.24702499806880951 0.0067889997735619545
vt 0.34124898910522461 0.064985997974872589
vt 0.36701101064682007 0.036793000996112823
vt 0.36484500765800476 0.026170000433921814
vt 0.25080201029777527 0.025983000174164772
vt 0.24831199645996094 0.0080279996618628502
vt 0.33941900730133057 0.072057001292705536
vt 0.24774299561977386 0.017401000484824181
vt 0.36399099230766296 0.026940999552607536
vt 0.34605300426483154 0.063684001564979553
vt 0.36539500951766968 0.04682299867272377
vt 0.36539500951766968 0.04682299867272377
vt 0.24749100208282471 0.029273999854922295
vt 0.24483299255371094 0.018358999863266945
vt 0.24483299255371094 0.018358999863266945
vt 0.36464500427246094 0.035627000033855438
vt 0.36464500427246094 0.035627000033855438
vt 0.35958799719810486 0.018952999264001846
vt 0.35958799719810486 0.018952999264001846
vt 0.35958799719810486 0.018952999264001846
vt 0.25360199809074402 0.032586000859737396
vt 0.25360199809074402 0.032586000859737396
vt 0.33919200301170349 0.069744996726512909
vt 0.25024598836898804 0.026784999296069145
vt 0.2479500025510788 0.0080380002036690712
vt 0.36382299661636353 0.027024000883102417
vt 0.36382299661636353 0.027024000883102417
vt 0.25123500823974609 0.036991000175476074
vt 0.25847101211547852 0.033523000776767731
vt 0.36709499359130859 0.036887001246213913
vt 0.35958799719810486 0.04683300107717514
vt 0.35958799719810486 0.04683300107717514
vt 0.36218699812889099 0.042782001197338104
vt 0.36500000953674316 0.025952000170946121
vt 0.24727100133895874 0.0072260000742971897
vt 0.24747799336910248 0.017629999667406082
vt 0.24954099953174591 0.027597000822424889
vt 0.25286400318145752 0.034157998859882355
vt 0.25286400318145752 0.034157998859882355
vt 0.24802699685096741 0.028877999633550644
vt 0.34218600392341614 0.074129998683929443
vt 0.24765899777412415 0.0077260001562535763
vt 0.25202998518943787 0.035679001361131668
vt 0.25202998518943787 0.035679001361131668
vt 0.34371200203895569 0.064287997782230377
vt 0.36293700337409973 0.054216999560594559
vt 0.24875800311565399 0.028304999694228172
vt 0.34682300686836243 0.071671999990940094
vt 0.36472201347351074 0.03570999950170517
vt 0.24498200416564941 0.018317999318242073
vt 0.36525198817253113 0.046656001359224319
vt 0.36399799585342407 0.026983000338077545
vt 0.24704499542713165 0.017943000420928001
vt 0.25620800256729126 0.030866999179124832
vt 0.25620800256729126 0.030866999179124832
vt 0.36699199676513672 0.036844998598098755
vt 0.36248499155044556 0.043313000351190567
vt 0.36430200934410095 0.027024000883102417
vt 0.24650099873542786 0.018182000145316124
vt 0.24537600576877594 0.018307000398635864
vt 0.35541000962257385 0.053831998258829117
vt 0.36483201384544373 0.026336999610066414
vt 0.36494898796081543 0.03596000000834465
vt 0.24591900408267975 0.018285999074578285
vt 0.3648189902305603 0.04623899981379509
vt 0.36453500390052795 0.026763999834656715
vt 0.25993898510932922 0.03908500075340271
vt 0.35837900638580322 0.061445001512765884
vt 0.35990500450134277 0.047729000449180603
vt 0.35990500450134277 0.047729000449180603
vt 0.36296999454498291 0.044103998690843582
vt 0.3666749894618988 0.036804001778364182
vt 0.34461799263954163 0.073224000632762909
vt 0.3653239905834198 0.036292999982833862
vt 0.36356499791145325 0.044927000999450684
vt 0.36421799659729004 0.045646000653505325
vt 0.34611201286315918 0.065444000065326691
vt 0.36576300859451294 0.036575000733137131
vt 0.36245900392532349 0.053332000970840454
vt 0.36245900392532349 0.053332000970840454
vt 0.36624199151992798 0.036731000989675522
vt 0.25329101085662842 0.0441880002617836
vt 0.36042198538780212 0.049093000590801239
vt 0.36042198538780212 0.049093000590801239
vt 0.34651198983192444 0.069756001234054565
vt 0.36178600788116455 0.052071999758481979
vt 0.36178600788116455 0.052071999758481979
vt 0.36106899380683899 0.050602998584508896
vt 0.36106899380683899 0.050602998584508896
vt 0.34132599830627441 0.066766999661922455
vt 0.25703498721122742 0.045770999044179916
vt 0.34627300500869751 0.067579001188278198
vt 0.25126099586486816 0.040720000863075256
vt 0.25126099586486816 0.040720000863075256
vt 0.34180501103401184 0.071598999202251434
vt 0.35652300715446472 0.049499001353979111
vt 0.3437579870223999 0.066058002412319183
vt 0.3582879900932312 0.047281000763177872
vt 0.3582879900932312 0.047281000763177872
vt 0.34152698516845703 0.069058001041412354
vt 0.36103600263595581 0.059633001685142517
vt 0.34419101476669312 0.07073500007390976
vt 0.3625819981098175 0.056717000901699066
vt 0.2595059871673584 0.040438000112771988
vt 0.2577269971370697 0.044353999197483063
vt 0.3439059853553772 0.068287000060081482
vt 0.35551398992538452 0.05442500114440918
vt 0.35806798934936523 0.060694999992847443
vt 0.25863298773765564 0.042438000440597534
vt 0.25826400518417358 0.034334998577833176
vt 0.25826400518417358 0.034334998577833176
vt 0.2558709979057312 0.031961001455783844
vt 0.2558709979057312 0.031961001455783844
vt 0.2558709979057312 0.031961001455783844
vt 0.35594698786735535 0.055695999413728714
vt 0.35749900341033936 0.059383001178503036
vt 0.25398299098014832 0.043166998773813248
vt 0.25212699174880981 0.039625998586416245
vt 0.25212699174880981 0.039625998586416245
vt 0.35671699047088623 0.057581000030040741
vt 0.35866299271583557 0.048342999070882797
vt 0.35866299271583557 0.048342999070882797
vt 0.35866299271583557 0.048342999070882797
vt 0.3619219958782196 0.055674999952316284
vt 0.3619219958782196 0.055674999952316284
vt 0.35680100321769714 0.050291001796722412
vt 0.35680100321769714 0.050291001796722412
vt 0.36052501201629639 0.058685000985860825
vt 0.25509500503540039 0.033856000751256943
vt 0.25509500503540039 0.033856000751256943
vt 0.25737801194190979 0.036292999982833862
vt 0.25608500838279724 0.03901199996471405
vt 0.25411900877952576 0.03598099946975708
vt 0.25411900877952576 0.03598099946975708
vt 0.25312298536300659 0.037969999015331268
vt 0.25312298536300659 0.037969999015331268
vt 0.25494000315666199 0.04140700027346611
vt 0.35937398672103882 0.050154998898506165
vt 0.35937398672103882 0.050154998898506165
vt 0.36109399795532227 0.054092001169919968
vt 0.36109399795532227 0.054092001169919968
vt 0.36023399233818054 0.05219699814915657
vt 0.36023399233818054 0.05219699814915657
vt 0.35760900378227234 0.052165001630783081
vt 0.35873401165008545 0.05475899949669838
vt 0.35972398519515991 0.057029001414775848
vt 0.34345999360084534 0.188618004322052
vt 0.34028500318527222 0.18938900530338287
vt 0.34662199020385742 0.18779599666595459
vt 0.3375760018825531 0.18971200287342072
vt 0.34922200441360474 0.18800400197505951
vt 0.35062500834465027 0.18848299980163574
vt 0.35323798656463623 0.18932700157165527
vt 0.33583000302314758 0.18988899886608124
vt 0.35598599910736084 0.18757699429988861
vt 0.33540898561477661 0.18995100259780884
vt 0.33590701222419739 0.19075299799442291
vt 0.35625800490379333 0.18758699297904968
vt 0.32237300276756287 0.085887998342514038
vt 0.32237300276756287 0.085887998342514038
vt 0.32237300276756287 0.085887998342514038
vt 0.32237300276756287 0.085887998342514038
vt 0.32422900199890137 0.085513003170490265
vt 0.32422900199890137 0.085513003170490265
vt 0.32422900199890137 0.085513003170490265
vt 0.33717501163482666 0.19145099818706512
vt 0.31999298930168152 0.08661700040102005
vt 0.31999298930168152 0.08661700040102005
vt 0.31999298930168152 0.08661700040102005
vt 0.31999298930168152 0.08661700040102005
vt 0.32567098736763 0.085043996572494507
vt 0.32567098736763 0.085043996572494507
vt 0.32562598586082458 0.093543000519275665
vt 0.32562598586082458 0.093543000519275665
vt 0.32562598586082458 0.093543000519275665
vt 0.35344499349594116 0.18917000293731689
vt 0.32781800627708435 0.092615999281406403
vt 0.32404100894927979 0.095458999276161194
vt 0.32404100894927979 0.095458999276161194
vt 0.32404100894927979 0.095458999276161194
vt 0.32727500796318054 0.084076002240180969
vt 0.35153698921203613 0.18923300504684448
vt 0.35153698921203613 0.18923300504684448
vt 0.31813099980354309 0.087586000561714172
vt 0.31813099980354309 0.087586000561714172
vt 0.31813099980354309 0.087586000561714172
vt 0.35026299953460693 0.18903499841690063
vt 0.35026299953460693 0.18903499841690063
vt 0.3295769989490509 0.092313997447490692
vt 0.32783100008964539 0.083722002804279327
vt 0.32352998852729797 0.097969003021717072
vt 0.33941200375556946 0.19188900291919708
vt 0.33941200375556946 0.19188900291919708
vt 0.34825798869132996 0.18885800242424011
vt 0.34825798869132996 0.18885800242424011
vt 0.33093500137329102 0.09213700145483017
vt 0.32937601208686829 0.082941003143787384
vt 0.32937601208686829 0.082941003143787384
vt 0.31678599119186401 0.088554002344608307
vt 0.3457300066947937 0.18971200287342072
vt 0.3457300066947937 0.18971200287342072
vt 0.32350501418113708 0.10003100335597992
vt 0.33215698599815369 0.091470003128051758
vt 0.34245198965072632 0.19098199903964996
vt 0.34245198965072632 0.19098199903964996
vt 0.3329780101776123 0.090887002646923065
vt 0.33369600772857666 0.090563997626304626
vt 0.33007499575614929 0.083139002323150635
vt 0.33418700098991394 0.090397998690605164
vt 0.33435499668121338 0.090251997113227844
vt 0.3234269917011261 0.10069800168275833
vt 0.33417400717735291 0.090158000588417053
vt 0.31592598557472229 0.088638000190258026
vt 0.33375400304794312 0.090334996581077576
vt 0.33375400304794312 0.090334996581077576
vt 0.33237698674201965 0.091397002339363098
vt 0.33237698674201965 0.091397002339363098
vt 0.32945400476455688 0.083627998828887939
vt 0.32945400476455688 0.083627998828887939
vt 0.32317501306533813 0.09958299994468689
vt 0.33114200830459595 0.09209500253200531
vt 0.33114200830459595 0.09209500253200531
vt 0.32329100370407104 0.09746900200843811
vt 0.32329100370407104 0.09746900200843811
vt 0.31670799851417542 0.088283002376556396
vt 0.31670799851417542 0.088283002376556396
vt 0.32790198922157288 0.08416999876499176
vt 0.32986798882484436 0.091876000165939331
vt 0.32402199506759644 0.09467799961566925
vt 0.32708698511123657 0.084774002432823181
vt 0.32822498679161072 0.091637000441551208
vt 0.31816300749778748 0.086805000901222229
vt 0.31816300749778748 0.086805000901222229
vt 0.31816300749778748 0.086805000901222229
vt 0.32596799731254578 0.092418000102043152
vt 0.32559999823570251 0.084701001644134521
vt 0.32041400671005249 0.086148001253604889
vt 0.32041400671005249 0.086148001253604889
vt 0.32453298568725586 0.085075996816158295
vt 0.32453298568725586 0.085075996816158295
vt 0.32453298568725586 0.085075996816158295
vt 0.32295501232147217 0.085628002882003784
vt 0.32295501232147217 0.085628002882003784
vt 0.32295501232147217 0.085628002882003784
vt 0.32295501232147217 0.085628002882003784
vt 0.35839799046516418 0.24764899909496307
vt 0.35839799046516418 0.24764899909496307
vt 0.35750600695610046 0.23927499353885651
vt 0.36848598718643188 0.24289999902248383
vt 0.2987770140171051 0.26860299706459045
vt 0.33921799063682556 0.2396090030670166
vt 0.3441460132598877 0.20993700623512268
vt 0.38937899470329285 0.26631200313568115
vt 0.34247100353240967 0.20523999631404877
vt 0.34593001008033752 0.20688599348068237
vt 0.35151800513267517 0.21032199263572693
vt 0.33736199140548706 0.20537599921226501
vt 0.34585899114608765 0.20013700425624847
vt 0.34258100390434265 0.19906400144100189
vt 0.33890798687934875 0.20309500396251678
vt 0.35039201378822327 0.20752100646495819
vt 0.36741200089454651 0.21522800624370575
vt 0.34866601228713989 0.20082400739192963
vt 0.33908200263977051 0.19814799726009369
vt 0.35045701265335083 0.20141799747943878
vt 0.32759800553321838 0.23868200182914734
vt 0.32759800553321838 0.23868200182914734
vt 0.33617299795150757 0.20124100148677826
vt 0.35225498676300049 0.20069900155067444
vt 0.34384199976921082 0.1918569952249527
vt 0.35630300641059875 0.20609399676322937
vt 0.34651899337768555 0.19191999733448029
vt 0.33619201183319092 0.19744999706745148
vt 0.34080898761749268 0.19183599948883057
vt 0.28270700573921204 0.29024499654769897
vt 0.35519099235534668 0.1996999979019165
vt 0.34893101453781128 0.19235700368881226
vt 0.33791801333427429 0.19170099496841431
vt 0.33321699500083923 0.20207400619983673
vt 0.35069000720977783 0.19306500256061554
vt 0.35969799757003784 0.20468799769878387
vt 0.35179600119590759 0.19380499422550201
vt 0.35788100957870483 0.19829399883747101
vt 0.3537290096282959 0.19402399659156799
vt 0.33367601037025452 0.20003299415111542
vt 0.36231699585914612 0.2077919989824295
vt 0.33405798673629761 0.19656500220298767
vt 0.35603800415992737 0.19354400038719177
vt 0.33576500415802002 0.19147199392318726
vt 0.36241999268531799 0.20435500144958496
vt 0.36066800355911255 0.1980849951505661
vt 0.35841101408004761 0.19275300204753876
vt 0.37279200553894043 0.22058099508285522
vt 0.33196300268173218 0.20251099765300751
vt 0.33364400267601013 0.19655400514602661
vt 0.33520901203155518 0.19160699844360352
vt 0.33329498767852783 0.20008499920368195
vt 0.36454799771308899 0.20810399949550629
vt 0.36369401216506958 0.20326100289821625
vt 0.36175400018692017 0.19671100378036499
vt 0.35938099026679993 0.1918569952249527
vt 0.3324739933013916 0.25204399228096008
vt 0.33586901426315308 0.19230499863624573
vt 0.38070699572563171 0.28350600600242615
vt 0.36336401104927063 0.28618299961090088
vt 0.33473101258277893 0.19769999384880066
vt 0.36254298686981201 0.2038549929857254
vt 0.36092600226402283 0.19755400717258453
vt 0.33493098616600037 0.20200100541114807
vt 0.33429700136184692 0.20392799377441406
vt 0.3586370050907135 0.19278399646282196
vt 0.36896398663520813 0.26923799514770508
vt 0.36203199625015259 0.20808300375938416
vt 0.36203199625015259 0.20808300375938416
vt 0.33731099963188171 0.19344000518321991
vt 0.35632899403572083 0.19363799691200256
vt 0.35822299122810364 0.19775199890136719
vt 0.36001500487327576 0.20372000336647034
vt 0.35422098636627197 0.19408600032329559
vt 0.3369159996509552 0.19908499717712402
vt 0.35613501071929932 0.19900199770927429
vt 0.35215100646018982 0.19338800013065338
vt 0.35747998952865601 0.20615699887275696
vt 0.33800899982452393 0.20488600432872772
vt 0.33984598517417908 0.19422100484371185
vt 0.33984598517417908 0.19422100484371185
vt 0.3387719988822937 0.20857299864292145
vt 0.35427901148796082 0.20027199387550354
vt 0.35286900401115417 0.26331201195716858
vt 0.34920299053192139 0.19359700381755829
vt 0.35468000173568726 0.21426999568939209
vt 0.35468000173568726 0.21426999568939209
vt 0.34046000242233276 0.20098100602626801
vt 0.34664800763130188 0.19396099448204041
vt 0.34664800763130188 0.19396099448204041
vt 0.34316301345825195 0.20856200158596039
vt 0.34821298718452454 0.21409299969673157
vt 0.34345999360084534 0.19442999362945557
vt 0.34345999360084534 0.19442999362945557
vt 0.35324400663375854 0.21065600216388702
vt 0.36516198515892029 0.22371600568294525
vt 0.35107800364494324 0.2025739997625351
vt 0.34805199503898621 0.21031199395656586
vt 0.34489598870277405 0.20238600671291351
vt 0.34825798869132996 0.20209500193595886
vt 0.2153329998254776 0.67799299955368042
vt 0.18629799783229828 0.70446699857711792
vt 0.21528099477291107 0.71400701999664307
vt 0.27626699209213257 0.72937899827957153
vt 0.10378500074148178 0.60741299390792847
vt 0.2372480034828186 0.72737997770309448
vt 0.25114399194717407 0.73954397439956665
vt 0.22219400107860565 0.75525999069213867
vt 0.28411099314689636 0.73311799764633179
vt 0.26096001267433167 0.74854201078414917
vt 0.081960998475551605 0.6003730297088623
vt 0.24734200537204742 0.77278697490692139
vt 0.2661530077457428 0.75817602872848511
vt 0.25419700145721436 0.783191978931427
vt 0.065361000597476959 0.59814399480819702
vt 0.26100599765777588 0.77894300222396851
vt 0.054058000445365906 0.59336400032043457
vt 0.057911999523639679 0.64155197143554688
vt 0.29412698745727539 0.73921102285385132
vt 0.27201798558235168 0.76202899217605591
vt 0.25607201457023621 0.79879301786422729
vt 0.26100599765777588 0.77894300222396851
vt 0.065361000597476959 0.59814399480819702
vt 0.25419700145721436 0.783191978931427
vt 0.2661530077457428 0.75817602872848511
vt 0.24734200537204742 0.77278697490692139
vt 0.081960998475551605 0.6003730297088623
vt 0.23374299705028534 0.76547598838806152
vt 0.096878997981548309 0.64725899696350098
vt 0.26096001267433167 0.74854201078414917
vt 0.28411099314689636 0.73311799764633179
vt 0.22219400107860565 0.75525999069213867
vt 0.21341200172901154 0.73993998765945435
vt 0.25114399194717407 0.73954397439956665
vt 0.11245699971914291 0.65605998039245605
vt 0.2372480034828186 0.72737997770309448
vt 0.10378500074148178 0.60741299390792847
vt 0.27626699209213257 0.72937899827957153
vt 0.21528099477291107 0.71400701999664307
vt 0.18629799783229828 0.70446699857711792
vt 0.14755100011825562 0.62591999769210815
vt 0.26756900548934937 0.71393400430679321
vt 0.15813000500202179 0.67202597856521606
vt 0.18327200412750244 0.63784497976303101
vt 0.2153329998254776 0.67799299955368042
vt 0.24577699601650238 0.6958649754524231
vt 0.2101140022277832 0.64099997282028198
vt 0.24616500735282898 0.65691399574279785
vt 0.35873401165008545 0.05475899949669838
vt 0.35972398519515991 0.057029001414775848
vt 0.35760900378227234 0.052165001630783081
vt 0.36023399233818054 0.05219699814915657
vt 0.36023399233818054 0.05219699814915657
vt 0.36109399795532227 0.054092001169919968
vt 0.36109399795532227 0.054092001169919968
vt 0.35937398672103882 0.050154998898506165
vt 0.35937398672103882 0.050154998898506165
vt 0.25494000315666199 0.04140700027346611
vt 0.25312298536300659 0.037969999015331268
vt 0.25312298536300659 0.037969999015331268
vt 0.25411900877952576 0.03598099946975708
vt 0.25411900877952576 0.03598099946975708
vt 0.25608500838279724 0.03901199996471405
vt 0.25737801194190979 0.036292999982833862
vt 0.25509500503540039 0.033856000751256943
vt 0.25509500503540039 0.033856000751256943
vt 0.36052501201629639 0.058685000985860825
vt 0.35680100321769714 0.050291001796722412
vt 0.35680100321769714 0.050291001796722412
vt 0.3619219958782196 0.055674999952316284
vt 0.3619219958782196 0.055674999952316284
vt 0.35866299271583557 0.048342999070882797
vt 0.35866299271583557 0.048342999070882797
vt 0.35866299271583557 0.048342999070882797
vt 0.35671699047088623 0.057581000030040741
vt 0.25212699174880981 0.039625998586416245
vt 0.25212699174880981 0.039625998586416245
vt 0.25398299098014832 0.043166998773813248
vt 0.35749900341033936 0.059383001178503036
vt 0.35594698786735535 0.055695999413728714
vt 0.2558709979057312 0.031961001455783844
vt 0.2558709979057312 0.031961001455783844
vt 0.2558709979057312 0.031961001455783844
vt 0.25826400518417358 0.034334998577833176
vt 0.25826400518417358 0.034334998577833176
vt 0.25863298773765564 0.042438000440597534
vt 0.35806798934936523 0.060694999992847443
vt 0.35551398992538452 0.05442500114440918
vt 0.2577269971370697 0.044353999197483063
vt 0.3439059853553772 0.068287000060081482
vt 0.2595059871673584 0.040438000112771988
vt 0.3625819981098175 0.056717000901699066
vt 0.34419101476669312 0.07073500007390976
vt 0.36103600263595581 0.059633001685142517
vt 0.34152698516845703 0.069058001041412354
vt 0.3582879900932312 0.047281000763177872
vt 0.3582879900932312 0.047281000763177872
vt 0.3437579870223999 0.066058002412319183
vt 0.35652300715446472 0.049499001353979111
vt 0.34180501103401184 0.071598999202251434
vt 0.25126099586486816 0.040720000863075256
vt 0.25126099586486816 0.040720000863075256
vt 0.34627300500869751 0.067579001188278198
vt 0.25703498721122742 0.045770999044179916
vt 0.34132599830627441 0.066766999661922455
vt 0.36106899380683899 0.050602998584508896
vt 0.36106899380683899 0.050602998584508896
vt 0.36178600788116455 0.052071999758481979
vt 0.36178600788116455 0.052071999758481979
vt 0.34651198983192444 0.069756001234054565
vt 0.36042198538780212 0.049093000590801239
vt 0.36042198538780212 0.049093000590801239
vt 0.25329101085662842 0.0441880002617836
vt 0.36624199151992798 0.036731000989675522
vt 0.36245900392532349 0.053332000970840454
vt 0.36245900392532349 0.053332000970840454
vt 0.34611201286315918 0.065444000065326691
vt 0.36356499791145325 0.044927000999450684
vt 0.36421799659729004 0.045646000653505325
vt 0.3653239905834198 0.036292999982833862
vt 0.3666749894618988 0.036804001778364182
vt 0.34461799263954163 0.073224000632762909
vt 0.36296999454498291 0.044103998690843582
vt 0.35990500450134277 0.047729000449180603
vt 0.35990500450134277 0.047729000449180603
vt 0.25993898510932922 0.03908500075340271
vt 0.35837900638580322 0.061445001512765884
vt 0.36453500390052795 0.026763999834656715
vt 0.3648189902305603 0.04623899981379509
vt 0.24591900408267975 0.018285999074578285
vt 0.36494898796081543 0.03596000000834465
vt 0.36483201384544373 0.026336999610066414
vt 0.35541000962257385 0.053831998258829117
vt 0.24537600576877594 0.018307000398635864
vt 0.24650099873542786 0.018182000145316124
vt 0.36430200934410095 0.027024000883102417
vt 0.36248499155044556 0.043313000351190567
vt 0.36699199676513672 0.036844998598098755
vt 0.25620800256729126 0.030866999179124832
vt 0.25620800256729126 0.030866999179124832
vt 0.24704499542713165 0.017943000420928001
vt 0.36399799585342407 0.026983000338077545
vt 0.24498200416564941 0.018317999318242073
vt 0.36525198817253113 0.046656001359224319
vt 0.36472201347351074 0.03570999950170517
vt 0.24875800311565399 0.028304999694228172
vt 0.34682300686836243 0.071671999990940094
vt 0.36293700337409973 0.054216999560594559
vt 0.24765899777412415 0.0077260001562535763
vt 0.25202998518943787 0.035679001361131668
vt 0.25202998518943787 0.035679001361131668
vt 0.34371200203895569 0.064287997782230377
vt 0.34218600392341614 0.074129998683929443
vt 0.24802699685096741 0.028877999633550644
vt 0.24727100133895874 0.0072260000742971897
vt 0.24747799336910248 0.017629999667406082
vt 0.24954099953174591 0.027597000822424889
vt 0.25286400318145752 0.034157998859882355
vt 0.25286400318145752 0.034157998859882355
vt 0.36500000953674316 0.025952000170946121
vt 0.36218699812889099 0.042782001197338104
vt 0.35958799719810486 0.04683300107717514
vt 0.35958799719810486 0.04683300107717514
vt 0.36709499359130859 0.036887001246213913
vt 0.25847101211547852 0.033523000776767731
vt 0.25123500823974609 0.036991000175476074
vt 0.2479500025510788 0.0080380002036690712
vt 0.36382299661636353 0.027024000883102417
vt 0.36382299661636353 0.027024000883102417
vt 0.25024598836898804 0.026784999296069145
vt 0.25360199809074402 0.032586000859737396
vt 0.25360199809074402 0.032586000859737396
vt 0.33919200301170349 0.069744996726512909
vt 0.35958799719810486 0.018952999264001846
vt 0.35958799719810486 0.018952999264001846
vt 0.35958799719810486 0.018952999264001846
vt 0.36464500427246094 0.035627000033855438
vt 0.36464500427246094 0.035627000033855438
vt 0.24483299255371094 0.018358999863266945
vt 0.24483299255371094 0.018358999863266945
vt 0.24749100208282471 0.029273999854922295
vt 0.36539500951766968 0.04682299867272377
vt 0.36539500951766968 0.04682299867272377
vt 0.24774299561977386 0.017401000484824181
vt 0.36399099230766296 0.026940999552607536
vt 0.34605300426483154 0.063684001564979553
vt 0.33941900730133057 0.072057001292705536
vt 0.24831199645996094 0.0080279996618628502
vt 0.25080201029777527 0.025983000174164772
vt 0.36484500765800476 0.026170000433921814
vt 0.36701101064682007 0.036793000996112823
vt 0.24702499806880951 0.0067889997735619545
vt 0.24702499806880951 0.0067889997735619545
vt 0.34124898910522461 0.064985997974872589
vt 0.36427599191665649 0.026889000087976456
vt 0.27920299768447876 0.069349996745586395
vt 0.36451500654220581 0.026419999077916145
vt 0.36208400130271912 0.042594000697135925
vt 0.36208400130271912 0.042594000697135925
vt 0.25417700409889221 0.031159000471234322
vt 0.25417700409889221 0.031159000471234322
vt 0.3390440046787262 0.067506000399589539
vt 0.36472898721694946 0.03566800057888031
vt 0.36472898721694946 0.03566800057888031
vt 0.25064599514007568 0.037907999008893967
vt 0.36309900879859924 0.054529000073671341
vt 0.36671999096870422 0.036637000739574432
vt 0.24491700530052185 0.018276000395417213
vt 0.24851900339126587 0.0081110000610351563
vt 0.24851900339126587 0.0081110000610351563
vt 0.36629998683929443 0.036439001560211182
vt 0.25661501288414001 0.046592999249696732
vt 0.24781399965286255 0.0173179991543293
vt 0.24781399965286255 0.0173179991543293
vt 0.36497399210929871 0.035803999751806259
vt 0.36528500914573669 0.046613998711109161
vt 0.3594839870929718 0.046509999781847
vt 0.3594839870929718 0.046509999781847
vt 0.247297003865242 0.029441000893712044
vt 0.247297003865242 0.029441000893712044
vt 0.3658280074596405 0.036240998655557632
vt 0.25113800168037415 0.025441000238060951
vt 0.36281499266624451 0.05703900009393692
vt 0.28230598568916321 0.070130996406078339
vt 0.24719999730587006 0.0070489998906850815
vt 0.36219999194145203 0.042718999087810516
vt 0.36219999194145203 0.042718999087810516
vt 0.24829299747943878 0.0079969996586441994
vt 0.27890500426292419 0.071994997560977936
vt 0.27934500575065613 0.066922999918460846
vt 0.24525299668312073 0.018140999600291252
vt 0.36489701271057129 0.046094000339508057
vt 0.36115899682044983 0.059850998222827911
vt 0.24793699383735657 0.0079030003398656845
vt 0.35819700360298157 0.046875
vt 0.34713301062583923 0.07307799905538559
vt 0.34505799412727356 0.075171001255512238
vt 0.33968400955200195 0.074161000549793243
vt 0.24769100546836853 0.017348999157547951
vt 0.24769100546836853 0.017348999157547951
vt 0.24575799703598022 0.017983999103307724
vt 0.25450700521469116 0.030210999771952629
vt 0.25450700521469116 0.030210999771952629
vt 0.36253601312637329 0.043157000094652176
vt 0.36432799696922302 0.045396000146865845
vt 0.35843700170516968 0.061631999909877777
vt 0.25996500253677368 0.038460001349449158
vt 0.35651001334190369 0.049260001629590988
vt 0.36368098855018616 0.044615000486373901
vt 0.24634000658988953 0.017828000709414482
vt 0.25346601009368896 0
vt 0.25346601009368896 0
vt 0.25346601009368896 0
vt 0.35544300079345703 0.053665000945329666
vt 0.24740000069141388 0.029242999851703644
vt 0.36297601461410522 0.054175000637769699
vt 0.24737399816513062 0.017464000731706619
vt 0.28202798962593079 0.072858996689319611
vt 0.24689599871635437 0.01764100044965744
vt 0.25122800469398499 0.025253999978303909
vt 0.25122800469398499 0.025253999978303909
vt 0.28251999616622925 0.067642003297805786
vt 0.25042000412940979 0.038240998983383179
vt 0.35961401462554932 0.046760000288486481
vt 0.35961401462554932 0.046760000288486481
vt 0.35961401462554932 0.046760000288486481
vt 0.33899199962615967 0.065673001110553741
vt 0.3225409984588623 0.074171997606754303
vt 0.27611801028251648 0.068567998707294464
vt 0.34259998798370361 0.076128996908664703
vt 0.34609198570251465 0.062537997961044312
vt 0.34377101063728333 0.063121996819972992
vt 0.24784600734710693 0.028721999377012253
vt 0.36255601048469543 0.053206998854875565
vt 0.36255601048469543 0.053206998854875565
vt 0.32584598660469055 0.07300499826669693
vt 0.25084701180458069 0.041074000298976898
vt 0.27587199211120605 0.070922002196311951
vt 0.2762799859046936 0.066215001046657562
vt 0.35997599363327026 0.047561999410390854
vt 0.35997599363327026 0.047561999410390854
vt 0.25106000900268555 0.025389000773429871
vt 0.25106000900268555 0.025389000773429871
vt 0.24851199984550476 0.028034999966621399
vt 0.36194199323654175 0.051853001117706299
vt 0.36194199323654175 0.051853001117706299
vt 0.36122998595237732 0.050342999398708344
vt 0.36122998595237732 0.050342999398708344
vt 0.36055099964141846 0.048843000084161758
vt 0.36055099964141846 0.048843000084161758
vt 0.25457799434661865 0.029888000339269638
vt 0.32291600108146667 0.077036000788211823
vt 0.24928200244903564 0.027264000847935677
vt 0.32613000273704529 0.075859002768993378
vt 0.25065299868583679 0.025815999135375023
vt 0.34127500653266907 0.063965000212192535
vt 0.25002598762512207 0.026492999866604805
vt 0.253013014793396 0.044447999447584152
vt 0.27845200896263123 0.074651002883911133
vt 0.27938398718833923 0.064955003559589386
vt 0.25051099061965942 0.037875998765230179
vt 0.32245698571205139 0.071391001343727112
vt 0.32568401098251343 0.070400997996330261
vt 0.33994901180267334 0.075701996684074402
vt 0.25616899132728577 0.03046100027859211
vt 0.28537800908088684 0.07073500007390976
vt 0.34733998775482178 0.073629997670650482
vt 0.28163400292396545 0.075545996427536011
vt 0.2564530074596405 0.04682299867272377
vt 0.2755419909954071 0.072984002530574799
vt 0.28260400891304016 0.065673001110553741
vt 0.35842999815940857 0.061360999941825867
vt 0.27633801102638245 0.064277999103069305
vt 0.25439101457595825 0.030148999765515327
vt 0.25439101457595825 0.030148999765515327
vt 0.25439101457595825 0.030148999765515327
vt 0.25097000598907471 0.036866001784801483
vt 0.35546201467514038 0.053748000413179398
vt 0.28551399707794189 0.068318001925945282
vt 0.28515800833702087 0.073202997446060181
vt 0.33903101086616516 0.064507000148296356
vt 0.25834199786186218 0.03329399973154068
vt 0.34533599019050598 0.075942002236843109
vt 0.25982901453971863 0.03830299898982048
vt 0.36267200112342834 0.056602001190185547
vt 0.25167500972747803 0.035459998995065689
vt 0.25167500972747803 0.035459998995065689
vt 0.34617599844932556 0.06216299906373024
vt 0.32649898529052734 0.078805997967720032
vt 0.35836601257324219 0.047093000262975693
vt 0.35836601257324219 0.047093000262975693
vt 0.25394400954246521 0.030991999432444572
vt 0.25394400954246521 0.030991999432444572
vt 0.25248900055885315 0.033877000212669373
vt 0.25248900055885315 0.033877000212669373
vt 0.36111998558044434 0.059539001435041428
vt 0.253277987241745 0.032324999570846558
vt 0.253277987241745 0.032324999570846558
vt 0.32349199056625366 0.080096997320652008
vt 0.35657399892807007 0.049332998692989349
vt 0.34287801384925842 0.076941996812820435
vt 0.3439059853553772 0.06272599846124649
vt 0.3256320059299469 0.068318001925945282
vt 0.28489300608634949 0.075432002544403076
vt 0.28555899858474731 0.066319003701210022
vt 0.32256099581718445 0.068933002650737762
vt 0.35815200209617615 0.060559999197721481
vt 0.34014299511909485 0.076306998729705811
vt 0.35560399293899536 0.054269000887870789
vt 0.35560399293899536 0.054269000887870789
vt 0.27521300315856934 0.074463002383708954
vt 0.27798700332641602 0.076701998710632324
vt 0.34138500690460205 0.063704997301101685
vt 0.27931201457977295 0.063611000776290894
vt 0.34733998775482178 0.073182001709938049
vt 0.27629300951957703 0.062964998185634613
vt 0.3621160089969635 0.055424999445676804
vt 0.3621160089969635 0.055424999445676804
vt 0.25087299942970276 0.040635999292135239
vt 0.25635600090026855 0.0465410016477108
vt 0.35883098840713501 0.047998998314142227
vt 0.35883098840713501 0.047998998314142227
vt 0.35883098840713501 0.047998998314142227
vt 0.33914101123809814 0.064142003655433655
vt 0.34625399112701416 0.062642000615596771
vt 0.28120699524879456 0.077639997005462646
vt 0.3268280029296875 0.081284999847412109
vt 0.3575960099697113 0.059216000139713287
vt 0.36136001348495483 0.053727999329566956
vt 0.36136001348495483 0.053727999329566956
vt 0.36051899194717407 0.051748998463153839
vt 0.36051899194717407 0.051748998463153839
vt 0.2825779914855957 0.064496003091335297
vt 0.35604399442672729 0.055528998374938965
vt 0.35962000489234924 0.049717999994754791
vt 0.35962000489234924 0.049717999994754791
vt 0.36064800620079041 0.058517999947071075
vt 0.25290998816490173 0.04413599893450737
vt 0.35681399703025818 0.057413998991250992
vt 0.25971201062202454 0.03839699923992157
vt 0.34535500407218933 0.075286000967025757
vt 0.31610700488090515 0.077628999948501587
vt 0.25583899021148682 0.030701000243425369
vt 0.25583899021148682 0.030701000243425369
vt 0.35689800977706909 0.050041001290082932
vt 0.35689800977706909 0.050041001290082932
vt 0.35886400938034058 0.054540000855922699
vt 0.32399600744247437 0.082826003432273865
vt 0.32563900947570801 0.066996000707149506
vt 0.35986599326133728 0.056820999830961227
vt 0.2846280038356781 0.077024996280670166
vt 0.35773798823356628 0.05192599818110466
vt 0.28550699353218079 0.065007001161575317
vt 0.34405499696731567 0.063235998153686523
vt 0.34713301062583923 0.071879997849464417
vt 0.34290400147438049 0.076243996620178223
vt 0.31178098917007446 0.076723001897335052
vt 0.25812199711799622 0.033387999981641769
vt 0.34020799398422241 0.075806997716426849
vt 0.31614598631858826 0.074764996767044067
vt 0.31575798988342285 0.080535002052783966
vt 0.34633100032806396 0.063891999423503876
vt 0.32270300388336182 0.067298002541065216
vt 0.27499300241470337 0.074993997812271118
vt 0.25144198536872864 0.039418000727891922
vt 0.25144198536872864 0.039418000727891922
vt 0.25658300518989563 0.045687001198530197
vt 0.27618899941444397 0.06248600035905838
vt 0.34156599640846252 0.064079999923706055
vt 0.3115290105342865 0.079639002680778503
vt 0.31193000078201294 0.074014998972415924
vt 0.33927598595619202 0.064621001482009888
vt 0.3468489944934845 0.070015996694564819
vt 0.25947999954223633 0.038979999721050262
vt 0.27768900990486145 0.077451996505260468
vt 0.3270609974861145 0.082304999232292175
vt 0.25229498744010925 0.037636999040842056
vt 0.25229498744010925 0.037636999040842056
vt 0.27916398644447327 0.063089996576309204
vt 0.34644100069999695 0.065715000033378601
vt 0.25521200895309448 0.031647998839616776
vt 0.25521200895309448 0.031647998839616776
vt 0.25521200895309448 0.031647998839616776
vt 0.25325900316238403 0.035564001649618149
vt 0.25325900316238403 0.035564001649618149
vt 0.34513500332832336 0.073431998491287231
vt 0.34660300612449646 0.067881003022193909
vt 0.25335600972175598 0.043072998523712158
vt 0.25428101420402527 0.033440001308917999
vt 0.25428101420402527 0.033440001308917999
vt 0.25717100501060486 0.044270999729633331
vt 0.2809160053730011 0.078431002795696259
vt 0.32065901160240173 0.084096997976303101
vt 0.34420999884605408 0.064485996961593628
vt 0.34014299511909485 0.074337996542453766
vt 0.28246200084686279 0.064121000468730927
vt 0.32426100969314575 0.08389899879693985
vt 0.32426100969314575 0.08389899879693985
vt 0.32574200630187988 0.066590003669261932
vt 0.25893598794937134 0.040334001183509827
vt 0.34274300932884216 0.074337996542453766
vt 0.25805100798606873 0.042355000972747803
vt 0.3394320011138916 0.065871000289916992
vt 0.25538000464439392 0.038876000791788101
vt 0.25422200560569763 0.041292000561952591
vt 0.2844269871711731 0.077597998082637787
vt 0.28538501262664795 0.064538002014160156
vt 0.2576499879360199 0.034157998859882355
vt 0.2576499879360199 0.034157998859882355
vt 0.31199398636817932 0.071828000247478485
vt 0.31123098731040955 0.082639001309871674
vt 0.3417850136756897 0.065194003283977509
vt 0.31599700450897217 0.072203002870082855
vt 0.31522101163864136 0.083627998828887939
vt 0.34481799602508545 0.071015998721122742
vt 0.27612400054931641 0.062933996319770813
vt 0.31903600692749023 0.084721997380256653
vt 0.25665399432182312 0.036127001047134399
vt 0.32284501194953918 0.066756002604961395
vt 0.2749989926815033 0.074432000517845154
vt 0.33998799324035645 0.072276003658771515
vt 0.3443790078163147 0.066329002380371094
vt 0.33961299061775208 0.067735001444816589
vt 0.33980000019073486 0.069985002279281616
vt 0.3445659875869751 0.068579003214836121
vt 0.34251001477241516 0.071869999170303345
vt 0.32715800404548645 0.0814099982380867
vt 0.34202501177787781 0.067027002573013306
vt 0.34229001402854919 0.069349996745586395
vt 0.27766299247741699 0.076640002429485321
vt 0.27900201082229614 0.063537999987602234
vt 0.31703799962997437 0.085482001304626465
vt 0.32596200704574585 0.067120999097824097
vt 0.32433199882507324 0.082941003143787384
vt 0.32433199882507324 0.082941003143787384
vt 0.32433199882507324 0.082941003143787384
vt 0.27606600522994995 0.064226001501083374
vt 0.28087699413299561 0.077577002346515656
vt 0.27523899078369141 0.072943001985549927
vt 0.28225499391555786 0.064433999359607697
vt 0.28523600101470947 0.064965002238750458
vt 0.28435000777244568 0.076982997357845306
vt 0.31098499894142151 0.085128001868724823
vt 0.31201401352882385 0.070381000638008118
vt 0.31584200263023376 0.070442996919155121
vt 0.31478101015090942 0.08634600043296814
vt 0.32711300253868103 0.079014003276824951
vt 0.27555501461029053 0.070869997143745422
vt 0.27597600221633911 0.066173002123832703
vt 0.32284501194953918 0.067381002008914948
vt 0.3262459933757782 0.068548001348972321
vt 0.2758139967918396 0.068526998162269592
vt 0.27885299921035767 0.064829997718334198
vt 0.2779029905796051 0.074546001851558685
vt 0.28507399559020996 0.066246002912521362
vt 0.28440201282501221 0.07534799724817276
vt 0.28201499581336975 0.06554800271987915
vt 0.28103899955749512 0.075432002544403076
vt 0.32131901383399963 0.068109996616840363
vt 0.32295501232147217 0.085628002882003784
vt 0.32295501232147217 0.085628002882003784
vt 0.32295501232147217 0.085628002882003784
vt 0.32295501232147217 0.085628002882003784
vt 0.32427400350570679 0.080242998898029327
vt 0.32427400350570679 0.080242998898029327
vt 0.32427400350570679 0.080242998898029327
vt 0.32041400671005249 0.086148001253604889
vt 0.32041400671005249 0.086148001253604889
vt 0.31919100880622864 0.068714000284671783
vt 0.32700300216674805 0.07610899955034256
vt 0.31079798936843872 0.086096003651618958
vt 0.31192299723625183 0.069880999624729156
vt 0.32559999823570251 0.084701001644134521
vt 0.32655000686645508 0.0706930011510849
vt 0.2849000096321106 0.068213999271392822
vt 0.28453698754310608 0.073087997734546661
vt 0.27824500203132629 0.071869999170303345
vt 0.2786790132522583 0.066776998341083527
vt 0.32316198945045471 0.069131001830101013
vt 0.32316198945045471 0.069131001830101013
vt 0.32316198945045471 0.069131001830101013
vt 0.28471198678016663 0.07062000036239624
vt 0.32681500911712646 0.0733179971575737
vt 0.31787198781967163 0.069390997290611267
vt 0.27849799394607544 0.069204002618789673
vt 0.31816300749778748 0.086805000901222229
vt 0.31816300749778748 0.086805000901222229
vt 0.28175699710845947 0.06748499721288681
vt 0.28126499056816101 0.072702996432781219
vt 0.31478101015090942 0.087408997118473053
vt 0.31478101015090942 0.087408997118473053
vt 0.28148499131202698 0.069963999092578888
vt 0.31698000431060791 0.070058003067970276
vt 0.31066900491714478 0.085086002945899963
vt 0.31170299649238586 0.070329003036022186
vt 0.3241640031337738 0.077348001301288605
vt 0.3241640031337738 0.077348001301288605
vt 0.32370498776435852 0.071713998913764954
vt 0.32370498776435852 0.071713998913764954
vt 0.32790198922157288 0.08416999876499176
vt 0.31462600827217102 0.086324997246265411
vt 0.31462600827217102 0.086324997246265411
vt 0.32288399338722229 0.068724997341632843
vt 0.32288399338722229 0.068724997341632843
vt 0.31670799851417542 0.088283002376556396
vt 0.31670799851417542 0.088283002376556396
vt 0.31616500020027161 0.070525996387004852
vt 0.31616500020027161 0.070525996387004852
vt 0.32398301362991333 0.074525997042655945
vt 0.32398301362991333 0.074525997042655945
vt 0.31062999367713928 0.082534000277519226
vt 0.31139901280403137 0.071723997592926025
vt 0.32471999526023865 0.077482998371124268
vt 0.31443199515342712 0.083420000970363617
vt 0.31443199515342712 0.083420000970363617
vt 0.3106749951839447 0.079472996294498444
vt 0.31108200550079346 0.073880001902580261
vt 0.31518900394439697 0.072067998349666595
vt 0.31518900394439697 0.072067998349666595
vt 0.32945400476455688 0.083627998828887939
vt 0.31082999706268311 0.076567001640796661
vt 0.31639799475669861 0.069839000701904297
vt 0.31592598557472229 0.088638000190258026
vt 0.32508200407028198 0.077848002314567566
vt 0.3223859965801239 0.06820400059223175
vt 0.31448400020599365 0.080337002873420715
vt 0.31448400020599365 0.080337002873420715
vt 0.31487798690795898 0.074556998908519745
vt 0.31487798690795898 0.074556998908519745
vt 0.31487798690795898 0.074556998908519745
vt 0.31487798690795898 0.074556998908519745
vt 0.31462600827217102 0.077390000224113464
vt 0.31462600827217102 0.077390000224113464
vt 0.31462600827217102 0.077390000224113464
vt 0.33007499575614929 0.083139002323150635
vt 0.2657260000705719 0.044854000210762024
vt 0.26669600605964661 0.042803000658750534
vt 0.26669600605964661 0.042803000658750534
vt 0.31670200824737549 0.069338999688625336
vt 0.26363798975944519 0.042438000440597534
vt 0.26363798975944519 0.042438000440597534
vt 0.26454898715019226 0.040584001690149307
vt 0.26454898715019226 0.040584001690149307
vt 0.26454898715019226 0.040584001690149307
vt 0.26443898677825928 0.047572001814842224
vt 0.26260900497436523 0.044562999159097672
vt 0.26260900497436523 0.044562999159097672
vt 0.26329499483108521 0.050020001828670502
vt 0.31467100977897644 0.079212002456188202
vt 0.32548999786376953 0.077390000224113464
vt 0.26165199279785156 0.046645998954772949
vt 0.26165199279785156 0.046645998954772949
vt 0.28497698903083801 0.069265998899936676
vt 0.26761499047279358 0.048489000648260117
vt 0.2640259861946106 0.010266999714076519
vt 0.2640259861946106 0.010266999714076519
vt 0.2640259861946106 0.010266999714076519
vt 0.28513899445533752 0.066808000206947327
vt 0.28756999969482422 0.069922000169754028
vt 0.28780901432037354 0.067401997745037079
vt 0.26673498749732971 0.050530001521110535
vt 0.26241499185562134 0.05173800140619278
vt 0.26079198718070984 0.048385001718997955
vt 0.26079198718070984 0.048385001718997955
vt 0.26510599255561829 0.039386998862028122
vt 0.26510599255561829 0.039386998862028122
vt 0.26709699630737305 0.041740000247955322
vt 0.26813799142837524 0.047019999474287033
vt 0.26584899425506592 0.052414998412132263
vt 0.28469300270080566 0.071806997060775757
vt 0.28731799125671387 0.072535999119281769
vt 0.25841298699378967 0.017890999093651772
vt 0.28522899746894836 0.064663000404834747
vt 0.28797098994255066 0.065266996622085571
vt 0.31531798839569092 0.070610001683235168
vt 0.2590009868144989 0.018379999324679375
vt 0.31153500080108643 0.07534799724817276
vt 0.28270700573921204 0.066090002655982971
vt 0.28256499767303467 0.068453997373580933
vt 0.25787600874900818 0.017339000478386879
vt 0.25787600874900818 0.017339000478386879
vt 0.25918900966644287 0.018422000110149384
vt 0.25918900966644287 0.018422000110149384
vt 0.31176799535751343 0.072577998042106628
vt 0.31176799535751343 0.072577998042106628
vt 0.29044800996780396 0.067786999046802521
vt 0.29028001427650452 0.070203997194766998
vt 0.25899499654769897 0.018338000401854515
vt 0.26522800326347351 0.053706999868154526
vt 0.28275299072265625 0.064006999135017395
vt 0.25806999206542969 0.01766199991106987
vt 0.28229400515556335 0.070713996887207031
vt 0.25865799188613892 0.018358999863266945
vt 0.32627201080322266 0.074993997812271118
vt 0.32627201080322266 0.074993997812271118
vt 0.32627201080322266 0.074993997812271118
vt 0.25736498832702637 0.02768000029027462
vt 0.25839999318122864 0.018068000674247742
vt 0.25684800744056702 0.027909999713301659
vt 0.26832601428031921 0.046218998730182648
vt 0.29056400060653687 0.065683998167514801
vt 0.25631099939346313 0.028107000514864922
vt 0.29007300734519958 0.072577998042106628
vt 0.25808900594711304 0.027273999527096748
vt 0.25808900594711304 0.027273999527096748
vt 0.32564499974250793 0.072130002081394196
vt 0.31139299273490906 0.07810799777507782
vt 0.25583899021148682 0.028294999152421951
vt 0.32243800163269043 0.067838996648788452
vt 0.26017799973487854 0.049385000020265579
vt 0.26331400871276855 0.039636000990867615
vt 0.26331400871276855 0.039636000990867615
vt 0.28428500890731812 0.074212998151779175
vt 0.26266101002693176 0.041000999510288239
vt 0.26266101002693176 0.041000999510288239
vt 0.28700798749923706 0.074993997812271118
vt 0.26191100478172302 0.052530001848936081
vt 0.25819298624992371 0.027170000597834587
vt 0.25819298624992371 0.027170000597834587
vt 0.26048800349235535 0.034991998225450516
vt 0.25551599264144897 0.028419999405741692
vt 0.25551599264144897 0.028419999405741692
vt 0.25989401340484619 0.035721000283956528
vt 0.31679201126098633 0.068714000284671783
vt 0.26188498735427856 0.042562998831272125
vt 0.26188498735427856 0.042562998831272125
vt 0.25918200612068176 0.036522001028060913
vt 0.28524899482727051 0.063049003481864929
vt 0.31205898523330688 0.070183001458644867
vt 0.26374098658561707 0.03872000053524971
vt 0.26374098658561707 0.03872000053524971
vt 0.26087000966072083 0.034501999616622925
vt 0.28806799650192261 0.063808999955654144
vt 0.25845101475715637 0.037324000149965286
vt 0.25811499357223511 0.027201000601053238
vt 0.25542500615119934 0.028450999408960342
vt 0.31461301445960999 0.081804998219013214
vt 0.31461301445960999 0.081804998219013214
vt 0.26107001304626465 0.04414600133895874
vt 0.26107001304626465 0.04414600133895874
vt 0.28192499279975891 0.072577998042106628
vt 0.28271400928497314 0.06245499849319458
vt 0.26533800363540649 0.038750998675823212
vt 0.2578049898147583 0.038033001124858856
vt 0.26101198792457581 0.034283000975847244
vt 0.26101198792457581 0.034283000975847244
vt 0.25785699486732483 0.027398999780416489
vt 0.25554800033569336 0.028347000479698181
vt 0.26721999049186707 0.041230000555515289
vt 0.28986600041389465 0.074619002640247345
vt 0.32590401172637939 0.077712997794151306
vt 0.32590401172637939 0.077712997794151306
vt 0.26036599278450012 0.045542001724243164
vt 0.26036599278450012 0.045542001724243164
vt 0.26495000720024109 0.05432099848985672
vt 0.29061600565910339 0.064142003655433655
vt 0.26390299201011658 0.038334999233484268
vt 0.26390299201011658 0.038334999233484268
vt 0.25743600726127625 0.027732999995350838
vt 0.25590398907661438 0.0282639991492033
vt 0.25693801045417786 0.028002999722957611
vt 0.25737199187278748 0.038511998951435089
vt 0.25737199187278748 0.038511998951435089
vt 0.25640198588371277 0.02817000076174736
vt 0.32439100742340088 0.069421999156475067
vt 0.26090198755264282 0.034398000687360764
vt 0.26838400959968567 0.045832999050617218
vt 0.25989401340484619 0.046479001641273499
vt 0.25989401340484619 0.046479001641273499
vt 0.25724899768829346 0.03864699974656105
vt 0.25724899768829346 0.03864699974656105
vt 0.26057299971580505 0.034887000918388367
vt 0.26379299163818359 0.038532998412847519
vt 0.26379299163818359 0.038532998412847519
vt 0.31134799122810364 0.080847002565860748
vt 0.31233701109886169 0.068484999239444733
vt 0.28392300009727478 0.075920999050140381
vt 0.26002299785614014 0.035679001361131668
vt 0.25742301344871521 0.03839699923992157
vt 0.28160199522972107 0.073775999248027802
vt 0.2867099940776825 0.076723001897335052
vt 0.25934401154518127 0.036522001028060913
vt 0.32567098736763 0.085043996572494507
vt 0.32567098736763 0.085043996572494507
vt 0.2579210102558136 0.037907999008893967
vt 0.28266200423240662 0.061684001237154007
vt 0.25860700011253357 0.037271998822689056
vt 0.25977098941802979 0.046718001365661621
vt 0.28523600101470947 0.062173999845981598
vt 0.26006200909614563 0.049415998160839081
vt 0.26344400644302368 0.039376001805067062
vt 0.26344400644302368 0.039376001805067062
vt 0.28970399498939514 0.075942002236843109
vt 0.28808799386024475 0.063059002161026001
vt 0.26191100478172302 0.052414998412132263
vt 0.31610700488090515 0.067569002509117126
vt 0.26497000455856323 0.05429999902844429
vt 0.29061600565910339 0.063360996544361115
vt 0.31999298930168152 0.08661700040102005
vt 0.31999298930168152 0.08661700040102005
vt 0.3224639892578125 0.067359998822212219
vt 0.26284900307655334 0.040761001408100128
vt 0.26284900307655334 0.040761001408100128
vt 0.25996500253677368 0.04625999927520752
vt 0.26844200491905212 0.045697998255491257
vt 0.26528000831604004 0.03874099999666214
vt 0.26528000831604004 0.03874099999666214
vt 0.26211199164390564 0.042323000729084015
vt 0.26211199164390564 0.042323000729084015
vt 0.26052099466323853 0.045239999890327454
vt 0.26052099466323853 0.045239999890327454
vt 0.26724600791931152 0.041032001376152039
vt 0.26129001379013062 0.04386499896645546
vt 0.26129001379013062 0.04386499896645546
vt 0.32484298944473267 0.080410003662109375
vt 0.32484298944473267 0.080410003662109375
vt 0.31461998820304871 0.08416999876499176
vt 0.31461998820304871 0.08416999876499176
vt 0.31738099455833435 0.06728699803352356
vt 0.31254398822784424 0.06766200065612793
vt 0.28146600723266602 0.073963001370429993
vt 0.31137299537658691 0.083034001290798187
vt 0.28262299299240112 0.061820000410079956
vt 0.28378099203109741 0.076286002993583679
vt 0.26506701111793518 0.053789999336004257
vt 0.32201099395751953 0.066651999950408936
vt 0.28962698578834534 0.07617100328207016
vt 0.28657400608062744 0.077119000256061554
vt 0.29058399796485901 0.063455000519752502
vt 0.28520300984382629 0.062247000634670258
vt 0.26835200190544128 0.046062000095844269
vt 0.28802898526191711 0.062996998429298401
vt 0.26037201285362244 0.048634998500347137
vt 0.32711899280548096 0.070869997143745422
vt 0.32753300666809082 0.073526002466678619
vt 0.26487898826599121 0.039553001523017883
vt 0.26487898826599121 0.039553001523017883
vt 0.26487898826599121 0.039553001523017883
vt 0.2620919942855835 0.05173800140619278
vt 0.32073000073432922 0.066974997520446777
vt 0.26696100831031799 0.04152199998497963
vt 0.26696100831031799 0.04152199998497963
vt 0.28255200386047363 0.06283000111579895
vt 0.32629799842834473 0.06862100213766098
vt 0.28153699636459351 0.073099002242088318
vt 0.3159320056438446 0.067767001688480377
vt 0.26543501019477844 0.052737999707460403
vt 0.26787298917770386 0.047260001301765442
vt 0.32374399900436401 0.082909002900123596
vt 0.32374399900436401 0.082909002900123596
vt 0.32374399900436401 0.082909002900123596
vt 0.31470400094985962 0.084847003221511841
vt 0.31470400094985962 0.084847003221511841
vt 0.32737201452255249 0.076254002749919891
vt 0.26407098770141602 0.041333999484777451
vt 0.26407098770141602 0.041333999484777451
vt 0.31262800097465515 0.067808002233505249
vt 0.31147700548171997 0.083669997751712799
vt 0.26115500926971436 0.047249998897314072
vt 0.26115500926971436 0.047249998897314072
vt 0.28967198729515076 0.075244002044200897
vt 0.26699399948120117 0.04921799898147583
vt 0.29050600528717041 0.064443998038768768
vt 0.26609501242637634 0.051176000386476517
vt 0.26309400796890259 0.043458998203277588
vt 0.26309400796890259 0.043458998203277588
vt 0.2838909924030304 0.075098000466823578
vt 0.26605001091957092 0.043365001678466797
vt 0.26211199164390564 0.045469000935554504
vt 0.26211199164390564 0.045469000935554504
vt 0.28667101263999939 0.07590000331401825
vt 0.32534098625183105 0.067069001495838165
vt 0.28511899709701538 0.063193999230861664
vt 0.28241598606109619 0.064558997750282288
vt 0.26270601153373718 0.050395000725984573
vt 0.28174999356269836 0.071369998157024384
vt 0.28790000081062317 0.063777998089790344
vt 0.2647629976272583 0.046094000339508057
vt 0.26362499594688416 0.048510000109672546
vt 0.28222200274467468 0.066808000206947327
vt 0.28200298547744751 0.069172002375125885
vt 0.29037699103355408 0.066215001046657562
vt 0.32677000761032104 0.079025000333786011
vt 0.28981399536132813 0.073370002210140228
vt 0.32277399301528931 0.083722002804279327
vt 0.32277399301528931 0.083722002804279327
vt 0.32277399301528931 0.083722002804279327
vt 0.31997400522232056 0.068506002426147461
vt 0.31489801406860352 0.083471998572349548
vt 0.28419500589370728 0.072713002562522888
vt 0.32434499263763428 0.066391997039318085
vt 0.28497698903083801 0.064892001450061798
vt 0.31606799364089966 0.069119997322559357
vt 0.31262099742889404 0.068911999464035034
vt 0.2869429886341095 0.073463000357151031
vt 0.31164500117301941 0.082346998155117035
vt 0.29020199179649353 0.068516001105308533
vt 0.29000198841094971 0.071005001664161682
vt 0.2877190113067627 0.065465003252029419
vt 0.31811198592185974 0.083013996481895447
vt 0.28453698754310608 0.069870002567768097
vt 0.28479000926017761 0.067193999886512756
vt 0.32171300053596497 0.082502998411655426
vt 0.28722700476646423 0.070578001439571381
vt 0.28747299313545227 0.06782899796962738
vt 0.32598799467086792 0.081284999847412109
vt 0.32340800762176514 0.066642001271247864
vt 0.31529200077056885 0.080398999154567719
vt 0.31187799572944641 0.079576998949050903
vt 0.31255701184272766 0.070839002728462219
vt 0.32047799229621887 0.079639002680778503
vt 0.31617799401283264 0.071338996291160583
vt 0.31216898560523987 0.076389998197555542
vt 0.31241500377655029 0.07342199981212616
vt 0.32503700256347656 0.082044996321201324
vt 0.31578999757766724 0.077024996280670166
vt 0.32263800501823425 0.06782899796962738
vt 0.31611999869346619 0.074036002159118652
vt 0.32401499152183533 0.080889001488685608
vt 0.32208800315856934 0.069797001779079437
vt 0.32307100296020508 0.078285001218318939
vt 0.32194000482559204 0.072359003126621246
vt 0.32230201363563538 0.075244002044200897
vt 0.33375400304794312 0.066693998873233795
vt 0.33395498991012573 0.068975001573562622
vt 0.33331400156021118 0.064756996929645538
vt 0.33393499255180359 0.071244999766349792
vt 0.33264800906181335 0.063403002917766571
vt 0.33366400003433228 0.07324499636888504
vt 0.33616599440574646 0.065995998680591583
vt 0.33647599816322327 0.06835000216960907
vt 0.33182099461555481 0.062788002192974091
vt 0.3355650007724762 0.064069002866744995
vt 0.33644399046897888 0.070839002728462219
vt 0.33310100436210632 0.074619002640247345
vt 0.33469799160957336 0.06283000111579895
vt 0.33098000288009644 0.063017003238201141
vt 0.33610799908638 0.073233999311923981
vt 0.33227300643920898 0.074983999133110046
vt 0.33807399868965149 0.06521499902009964
vt 0.33831900358200073 0.067506000399589539
vt 0.33367601037025452 0.062288001179695129
vt 0.33031401038169861 0.064079999923706055
vt 0.33752399682998657 0.063288003206253052
vt 0.33829399943351746 0.069912001490592957
vt 0.33137398958206177 0.074254997074604034
vt 0.32991299033164978 0.065839998424053192
vt 0.33543500304222107 0.075015000998973846
vt 0.33672899007797241 0.061893001198768616
vt 0.33059799671173096 0.0725879967212677
vt 0.32983499765396118 0.068069003522396088
vt 0.33270600438117981 0.062382001429796219
vt 0.33006799221038818 0.070412002503871918
vt 0.33802801370620728 0.072245001792907715
vt 0.33449101448059082 0.075557000935077667
vt 0.33575901389122009 0.061216000467538834
vt 0.33930900692939758 0.064455002546310425
vt 0.33191800117492676 0.063267000019550323
vt 0.33948299288749695 0.066642001271247864
vt 0.33892101049423218 0.06255900114774704
vt 0.33743399381637573 0.073973998427391052
vt 0.33950901031494141 0.068765997886657715
vt 0.33339801430702209 0.074588000774383545
vt 0.33143898844718933 0.064955003559589386
vt 0.33833199739456177 0.061195001006126404
vt 0.33476299047470093 0.061455000191926956
vt 0.33237001299858093 0.072443000972270966
vt 0.33934798836708069 0.070568002760410309
vt 0.33135500550270081 0.067235000431537628
vt 0.3316589891910553 0.069817997515201569
vt 0.33761501312255859 0.060580000281333923
vt 0.33650898933410645 0.074483998119831085
vt 0.33396700024604797 0.06248600035905838
vt 0.33891400694847107 0.071776002645492554
vt 0.33687099814414978 0.060841001570224762
vt 0.33541598916053772 0.073546998202800751
vt 0.33346998691558838 0.064184002578258514
vt 0.33440101146697998 0.071464002132415771
vt 0.33335301280021667 0.066391997039318085
vt 0.3381899893283844 0.072089001536369324
vt 0.33625701069831848 0.061882000416517258
vt 0.3336699903011322 0.068880997598171234
vt 0.33591398596763611 0.063579998910427094
vt 0.3373430073261261 0.071411997079849243
vt 0.33586901426315308 0.065715000033378601
vt 0.33660599589347839 0.069912001490592957
vt 0.33609500527381897 0.067923001945018768
vt 0.34620898962020874 0.053633999079465866
vt 0.34551000595092773 0.052310999482870102
vt 0.34717199206352234 0.048124000430107117
vt 0.34717199206352234 0.048124000430107117
vt 0.34717199206352234 0.048124000430107117
vt 0.34808400273323059 0.050041001290082932
vt 0.34695199131965637 0.055550001561641693
vt 0.34483098983764648 0.05166500061750412
vt 0.34616300463676453 0.047260001301765442
vt 0.34754100441932678 0.05733099952340126
vt 0.34412598609924316 0.051447000354528427
vt 0.34898298978805542 0.052655000239610672
vt 0.34869199991226196 0.045979000627994537
vt 0.34869199991226196 0.045979000627994537
vt 0.34869199991226196 0.045979000627994537
vt 0.34769600629806519 0.044948000460863113
vt 0.34510898590087891 0.046978998929262161
vt 0.34952598810195923 0.047729000449180603
vt 0.34952598810195923 0.047729000449180603
vt 0.34772199392318726 0.058612000197172165
vt 0.34992000460624695 0.054946001619100571
vt 0.34340900182723999 0.051467999815940857
vt 0.35027000308036804 0.049759998917579651
vt 0.35027000308036804 0.049759998917579651
vt 0.34768900275230408 0.016202999278903008
vt 0.34768900275230408 0.016202999278903008
vt 0.34768900275230408 0.016202999278903008
vt 0.34768900275230408 0.016202999278903008
vt 0.34768900275230408 0.016202999278903008
vt 0.34741100668907166 0.059319999068975449
vt 0.34659698605537415 0.044530998915433884
vt 0.35039898753166199 0.056611999869346619
vt 0.34292399883270264 0.051947001367807388
vt 0.34411299228668213 0.047010000795125961
vt 0.35101300477981567 0.051748998463153839
vt 0.35101300477981567 0.051748998463153839
vt 0.3480449914932251 0.044426999986171722
vt 0.3480449914932251 0.044426999986171722
vt 0.34673899412155151 0.059455998241901398
vt 0.34295600652694702 0.053164999932050705
vt 0.34763801097869873 0.04411499947309494
vt 0.34763801097869873 0.04411499947309494
vt 0.34912499785423279 0.04657299816608429
vt 0.34912499785423279 0.04657299816608429
vt 0.35154300928115845 0.053426001220941544
vt 0.35154300928115845 0.053426001220941544
vt 0.3501339852809906 0.05749800056219101
vt 0.34569099545478821 0.044729001820087433
vt 0.34569099545478821 0.044729001820087433
vt 0.3474310040473938 0.044374998658895493
vt 0.3474310040473938 0.044374998658895493
vt 0.34359601140022278 0.047635000199079514
vt 0.34359601140022278 0.047635000199079514
vt 0.34972599148750305 0.048071999102830887
vt 0.34972599148750305 0.048071999102830887
vt 0.34353798627853394 0.055039998143911362
vt 0.34599500894546509 0.059121999889612198
vt 0.34749498963356018 0.045228999108076096
vt 0.34749498963356018 0.045228999108076096
vt 0.34432700276374817 0.056873001158237457
vt 0.34516099095344543 0.058258000761270523
vt 0.35033398866653442 0.0495930016040802
vt 0.35033398866653442 0.0495930016040802
vt 0.35148501396179199 0.054497998207807541
vt 0.34402298927307129 0.049467999488115311
vt 0.35020500421524048 0.040261000394821167
vt 0.35020500421524048 0.040261000394821167
vt 0.34535500407218933 0.045655999332666397
vt 0.34535500407218933 0.045655999332666397
vt 0.34535500407218933 0.045655999332666397
vt 0.34785100817680359 0.04658300057053566
vt 0.34785100817680359 0.04658300057053566
vt 0.35061898827552795 0.040720000863075256
vt 0.34917700290679932 0.057611998170614243
vt 0.34992000460624695 0.040095001459121704
vt 0.34992000460624695 0.040095001459121704
vt 0.35081300139427185 0.050935998558998108
vt 0.35081300139427185 0.050935998558998108
vt 0.35111701488494873 0.04140700027346611
vt 0.34981700778007507 0.040240999311208725
vt 0.3483940064907074 0.048103999346494675
vt 0.3483940064907074 0.048103999346494675
vt 0.35169899463653564 0.024212000891566277
vt 0.35169899463653564 0.024212000891566277
vt 0.34994599223136902 0.0407399982213974
vt 0.34501200914382935 0.052071999758481979
vt 0.35100001096725464 0.051874000579118729
vt 0.35224199295043945 0.023692000657320023
vt 0.35166600346565247 0.042187999933958054
vt 0.3457300066947937 0.047426998615264893
vt 0.3457300066947937 0.047426998615264893
vt 0.35151100158691406 0.024202000349760056
vt 0.35151100158691406 0.024202000349760056
vt 0.3490540087223053 0.049571998417377472
vt 0.3490540087223053 0.049571998417377472
vt 0.35250699520111084 0.023421000689268112
vt 0.35250699520111084 0.023421000689268112
vt 0.35064500570297241 0.05473800003528595
vt 0.35170501470565796 0.024233000352978706
vt 0.35030800104141235 0.04152199998497963
vt 0.34807100892066956 0.057195998728275299
vt 0.35081300139427185 0.052165001630783081
vt 0.35222899913787842 0.042959000915288925
vt 0.35186699032783508 0.023951999843120575
vt 0.35186699032783508 0.023951999843120575
vt 0.35186699032783508 0.023951999843120575
vt 0.35186699032783508 0.023951999843120575
vt 0.35186699032783508 0.023951999843120575
vt 0.35240301489830017 0.033043999224901199
vt 0.35240301489830017 0.033043999224901199
vt 0.35240301489830017 0.033043999224901199
vt 0.34973898530006409 0.050863001495599747
vt 0.34973898530006409 0.050863001495599747
vt 0.35270699858665466 0.03319999948143959
vt 0.35217100381851196 0.023524999618530273
vt 0.35217100381851196 0.023524999618530273
vt 0.35217100381851196 0.023524999618530273
vt 0.35217100381851196 0.023524999618530273
vt 0.352183997631073 0.032981999218463898
vt 0.352183997631073 0.032981999218463898
vt 0.35036700963973999 0.051800999790430069
vt 0.35036700963973999 0.051800999790430069
vt 0.34646099805831909 0.049477998167276382
vt 0.34646099805831909 0.049477998167276382
vt 0.34590500593185425 0.054363001137971878
vt 0.35308200120925903 0.033419001847505569
vt 0.35081899166107178 0.042334001511335373
vt 0.3521060049533844 0.033034000545740128
vt 0.3526880145072937 0.043646000325679779
vt 0.34689998626708984 0.056092001497745514
vt 0.35348999500274658 0.033626999706029892
vt 0.35220900177955627 0.03325200080871582
vt 0.35140800476074219 0.043062999844551086
vt 0.34726300835609436 0.051394999027252197
vt 0.34726300835609436 0.051394999027252197
vt 0.34944799542427063 0.054216999560594559
vt 0.35290798544883728 0.04413599893450737
vt 0.35390400886535645 0.033824998885393143
vt 0.35248801112174988 0.033574998378753662
vt 0.34823301434516907 0.053040001541376114
vt 0.34823301434516907 0.053040001541376114
vt 0.35199600458145142 0.043666999787092209
vt 0.35282400250434875 0.044302001595497131
vt 0.35282400250434875 0.044302001595497131
vt 0.35282400250434875 0.044302001595497131
vt 0.35251298546791077 0.044103998690843582
vt 0.35251298546791077 0.044103998690843582
vt 0.35251298546791077 0.044103998690843582
vt 0.35424000024795532 0.034001998603343964
vt 0.35286900401115417 0.033845998346805573
vt 0.35440200567245483 0.034138001501560211
vt 0.35440200567245483 0.034138001501560211
vt 0.35440200567245483 0.034138001501560211
vt 0.35329601168632507 0.033991999924182892
vt 0.35433700680732727 0.034200001507997513
vt 0.35433700680732727 0.034200001507997513
vt 0.35433700680732727 0.034200001507997513
vt 0.35433700680732727 0.034200001507997513
vt 0.35433700680732727 0.034200001507997513
vt 0.35410401225090027 0.034127000719308853
vt 0.35410401225090027 0.034127000719308853
vt 0.35410401225090027 0.034127000719308853
vt 0.35410401225090027 0.034127000719308853
vt 0.35410401225090027 0.034127000719308853
vt 0.32453298568725586 0.085075996816158295
vt 0.32453298568725586 0.085075996816158295
vt 0.32453298568725586 0.085075996816158295
vt 0.32596799731254578 0.092418000102043152
vt 0.32822498679161072 0.091637000441551208
vt 0.32708698511123657 0.084774002432823181
vt 0.32402199506759644 0.09467799961566925
vt 0.32986798882484436 0.091876000165939331
vt 0.32329100370407104 0.09746900200843811
vt 0.33114200830459595 0.09209500253200531
vt 0.32317501306533813 0.09958299994468689
vt 0.33237698674201965 0.091397002339363098
vt 0.33311998844146729 0.090731002390384674
vt 0.33417400717735291 0.090158000588417053
vt 0.3234269917011261 0.10069800168275833
vt 0.33435499668121338 0.090251997113227844
vt 0.33418700098991394 0.090397998690605164
vt 0.33369600772857666 0.090563997626304626
vt 0.34664800763130188 0.19396099448204041
vt 0.3329780101776123 0.090887002646923065
vt 0.34245198965072632 0.19098199903964996
vt 0.33215698599815369 0.091470003128051758
vt 0.32350501418113708 0.10003100335597992
vt 0.3457300066947937 0.18971200287342072
vt 0.31678599119186401 0.088554002344608307
vt 0.32937601208686829 0.082941003143787384
vt 0.32937601208686829 0.082941003143787384
vt 0.33093500137329102 0.09213700145483017
vt 0.34825798869132996 0.18885800242424011
vt 0.33941200375556946 0.19188900291919708
vt 0.32352998852729797 0.097969003021717072
vt 0.32783100008964539 0.083722002804279327
vt 0.3295769989490509 0.092313997447490692
vt 0.35026299953460693 0.18903499841690063
vt 0.31813099980354309 0.087586000561714172
vt 0.31813099980354309 0.087586000561714172
vt 0.35153698921203613 0.18923300504684448
vt 0.35422098636627197 0.19408600032329559
vt 0.32727500796318054 0.084076002240180969
vt 0.32404100894927979 0.095458999276161194
vt 0.32781800627708435 0.092615999281406403
vt 0.35344499349594116 0.18917000293731689
vt 0.32562598586082458 0.093543000519275665
vt 0.35632899403572083 0.19363799691200256
vt 0.33717501163482666 0.19145099818706512
vt 0.32422900199890137 0.085513003170490265
vt 0.32422900199890137 0.085513003170490265
vt 0.32422900199890137 0.085513003170490265
vt 0.32237300276756287 0.085887998342514038
vt 0.32237300276756287 0.085887998342514038
vt 0.3586370050907135 0.19278399646282196
vt 0.35625800490379333 0.18758699297904968
vt 0.33590701222419739 0.19075299799442291
vt 0.35938099026679993 0.1918569952249527
vt 0.33540898561477661 0.18995100259780884
vt 0.35598599910736084 0.18757699429988861
vt 0.33583000302314758 0.18988899886608124
vt 0.35323798656463623 0.18932700157165527
vt 0.35603800415992737 0.19354400038719177
vt 0.35062500834465027 0.18848299980163574
vt 0.34922200441360474 0.18800400197505951
vt 0.3537290096282959 0.19402399659156799
vt 0.3375760018825531 0.18971200287342072
vt 0.35069000720977783 0.19306500256061554
vt 0.34662199020385742 0.18779599666595459
vt 0.34028500318527222 0.18938900530338287
vt 0.34893101453781128 0.19235700368881226
vt 0.34345999360084534 0.188618004322052
vt 0.34825798869132996 0.20209500193595886
vt 0.34489598870277405 0.20238600671291351
vt 0.34805199503898621 0.21031199395656586
vt 0.35107800364494324 0.2025739997625351
vt 0.36516198515892029 0.22371600568294525
vt 0.35324400663375854 0.21065600216388702
vt 0.34345999360084534 0.19442999362945557
vt 0.34821298718452454 0.21409299969673157
vt 0.34316301345825195 0.20856200158596039
vt 0.34046000242233276 0.20098100602626801
vt 0.35468000173568726 0.21426999568939209
vt 0.35468000173568726 0.21426999568939209
vt 0.34920299053192139 0.19359700381755829
vt 0.35286900401115417 0.26331201195716858
vt 0.35427901148796082 0.20027199387550354
vt 0.3387719988822937 0.20857299864292145
vt 0.33984598517417908 0.19422100484371185
vt 0.33800899982452393 0.20488600432872772
vt 0.35747998952865601 0.20615699887275696
vt 0.35215100646018982 0.19338800013065338
vt 0.35613501071929932 0.19900199770927429
vt 0.3369159996509552 0.19908499717712402
vt 0.36001500487327576 0.20372000336647034
vt 0.35822299122810364 0.19775199890136719
vt 0.33731099963188171 0.19344000518321991
vt 0.36203199625015259 0.20808300375938416
vt 0.36203199625015259 0.20808300375938416
vt 0.36896398663520813 0.26923799514770508
vt 0.33429700136184692 0.20392799377441406
vt 0.33493098616600037 0.20200100541114807
vt 0.36092600226402283 0.19755400717258453
vt 0.36254298686981201 0.2038549929857254
vt 0.33473101258277893 0.19769999384880066
vt 0.36336401104927063 0.28618299961090088
vt 0.33586901426315308 0.19230499863624573
vt 0.3324739933013916 0.25204399228096008
vt 0.36175400018692017 0.19671100378036499
vt 0.36369401216506958 0.20326100289821625
vt 0.36454799771308899 0.20810399949550629
vt 0.33329498767852783 0.20008499920368195
vt 0.33520901203155518 0.19160699844360352
vt 0.33364400267601013 0.19655400514602661
vt 0.33196300268173218 0.20251099765300751
vt 0.37279200553894043 0.22058099508285522
vt 0.30092999339103699 0.29326501488685608
vt 0.35841101408004761 0.19275300204753876
vt 0.36066800355911255 0.1980849951505661
vt 0.36241999268531799 0.20435500144958496
vt 0.33576500415802002 0.19147199392318726
vt 0.33405798673629761 0.19656500220298767
vt 0.36231699585914612 0.2077919989824295
vt 0.33367601037025452 0.20003299415111542
vt 0.35788100957870483 0.19829399883747101
vt 0.35179600119590759 0.19380499422550201
vt 0.35969799757003784 0.20468799769878387
vt 0.33321699500083923 0.20207400619983673
vt 0.33791801333427429 0.19170099496841431
vt 0.35519099235534668 0.1996999979019165
vt 0.28270700573921204 0.29024499654769897
vt 0.34080898761749268 0.19183599948883057
vt 0.33619201183319092 0.19744999706745148
vt 0.34651899337768555 0.19191999733448029
vt 0.35630300641059875 0.20609399676322937
vt 0.34384199976921082 0.1918569952249527
vt 0.35225498676300049 0.20069900155067444
vt 0.33617299795150757 0.20124100148677826
vt 0.32759800553321838 0.23868200182914734
vt 0.32759800553321838 0.23868200182914734
vt 0.35045701265335083 0.20141799747943878
vt 0.33908200263977051 0.19814799726009369
vt 0.34866601228713989 0.20082400739192963
vt 0.36741200089454651 0.21522800624370575
vt 0.35039201378822327 0.20752100646495819
vt 0.33890798687934875 0.20309500396251678
vt 0.34258100390434265 0.19906400144100189
vt 0.34585899114608765 0.20013700425624847
vt 0.33736199140548706 0.20537599921226501
vt 0.35151800513267517 0.21032199263572693
vt 0.34593001008033752 0.20688599348068237
vt 0.34247100353240967 0.20523999631404877
vt 0.38937899470329285 0.26631200313568115
vt 0.3441460132598877 0.20993700623512268
vt 0.33921799063682556 0.2396090030670166
vt 0.2987770140171051 0.26860299706459045
vt 0.36848598718643188 0.24289999902248383
vt 0.35750600695610046 0.23927499353885651
vt 0.35839799046516418 0.24764899909496307
vt 0.35839799046516418 0.24764899909496307
vt 0.94170999526977539 0.32021799683570862
vt 0.94170999526977539 0.32021799683570862
vt 0.94170999526977539 0.32021799683570862
vt 0.94022297859191895 0.31350100040435791
vt 0.94022297859191895 0.31350100040435791
vt 0.94022297859191895 0.31350100040435791
vt 0.9620019793510437 0.33223700523376465
vt 0.9620019793510437 0.33223700523376465
vt 0.9596869945526123 0.32762300968170166
vt 0.94056499004364014 0.32418599724769592
vt 0.94056499004364014 0.32418599724769592
vt 0.94507902860641479 0.34529700875282288
vt 0.87931400537490845 0.34778600931167603
vt 0.87931400537490845 0.34778600931167603
vt 0.87763297557830811 0.34007900953292847
vt 0.87763297557830811 0.34007900953292847
vt 0.87763297557830811 0.34007900953292847
vt 0.88206297159194946 0.35979399085044861
vt 0.94306802749633789 0.33151799440383911
vt 0.97643500566482544 0.34939000010490417
vt 0.97643500566482544 0.34939000010490417
vt 0.87654697895050049 0.33592298626899719
vt 0.9697679877281189 0.34220299124717712
vt 0.77844297885894775 0.38088300824165344
vt 0.77844297885894775 0.38088300824165344
vt 0.77642601728439331 0.37080198526382446
vt 0.77642601728439331 0.37080198526382446
vt 0.87594497203826904 0.33437201380729675
vt 0.88148099184036255 0.3746969997882843
vt 0.9533039927482605 0.37245801091194153
vt 0.59187799692153931 0.40338999032974243
vt 0.78061002492904663 0.39477699995040894
vt 0.60041999816894531 0.42399999499320984
vt 0.67546999454498291 0.4102419912815094
vt 0.67546999454498291 0.4102419912815094
vt 0.67461699247360229 0.39395400881767273
vt 0.67461699247360229 0.39395400881767273
vt 0.58390498161315918 0.38159200549125671
vt 0.56001102924346924 0.44841200113296509
vt 0.94524699449539185 0.34273499250411987
vt 0.62369298934936523 0.39195400476455688
vt 0.64711499214172363 0.410847008228302
vt 0.65055501461029053 0.39322501420974731
vt 0.61962598562240601 0.44114300608634949
vt 0.6761620044708252 0.42765599489212036
vt 0.87349498271942139 0.33395498991012573
vt 0.61600399017333984 0.36714699864387512
vt 0.7734450101852417 0.36129400134086609
vt 0.58691799640655518 0.45415100455284119
vt 0.64147001504898071 0.37769699096679688
vt 0.98341202735900879 0.36014801263809204
vt 0.78159201145172119 0.40481600165367126
vt 0.67320102453231812 0.37071898579597473
vt 0.99152100086212158 0.38168498873710632
vt 0.99152100086212158 0.38168498873710632
vt 0.58949202299118042 0.35424301028251648
vt 0.6761239767074585 0.43549799919128418
vt 0.88097602128982544 0.38992300629615784
vt 0.87359797954559326 0.3331109881401062
vt 0.96423900127410889 0.39294400811195374
vt 0.62955200672149658 0.45122399926185608
vt 0.95213997364044189 0.35705500841140747
vt 0.62553000450134277 0.34979599714279175
vt 0.77070897817611694 0.35151401162147522
vt 0.782368004322052 0.41208600997924805
vt 0.67171299457550049 0.34894201159477234
vt 0.99363601207733154 0.38142499327659607
vt 0.99363601207733154 0.38142499327659607
vt 0.675819993019104 0.44274699687957764
vt 0.87621098756790161 0.33405900001525879
vt 0.99730300903320313 0.39111098647117615
vt 0.99730300903320313 0.39111098647117615
vt 0.59867399930953979 0.33617299795150757
vt 0.95897501707077026 0.36638599634170532
vt 0.88805097341537476 0.40114998817443848
vt 0.97450798749923706 0.39950498938560486
vt 0.60615599155426025 0.46680501103401184
vt 0.77001100778579712 0.35303500294685364
vt 0.59189099073410034 0.47651100158691406
vt 0.78413397073745728 0.42254200577735901
vt 0.67563199996948242 0.4532029926776886
vt 0.63142102956771851 0.46094098687171936
vt 0.59146398305892944 0.32739400863647461
vt 0.87685102224349976 0.33081001043319702
vt 0.67073702812194824 0.34086999297142029
vt 0.76958400011062622 0.35392001271247864
vt 0.96027499437332153 0.36024200916290283
vt 0.99489098787307739 0.37080198526382446
vt 0.99489098787307739 0.37080198526382446
vt 0.99999898672103882 0.3819350004196167
vt 0.99999898672103882 0.3819350004196167
vt 0.9756850004196167 0.39555799961090088
vt 0.8858720064163208 0.40184798836708069
vt 0.78393298387527466 0.42319801449775696
vt 0.67508900165557861 0.4527130126953125
vt 0.63535898923873901 0.45874398946762085
vt 0.63142102956771851 0.46094098687171936
vt 0.67563199996948242 0.4532029926776886
vt 0.78413397073745728 0.42254200577735901
vt 0.59189099073410034 0.47651100158691406
vt 0.77001100778579712 0.35303500294685364
vt 0.60615599155426025 0.46680501103401184
vt 0.97450798749923706 0.39950498938560486
vt 0.88805097341537476 0.40114998817443848
vt 0.95897501707077026 0.36638599634170532
vt 0.99730300903320313 0.39111098647117615
vt 0.99730300903320313 0.39111098647117615
vt 0.87621098756790161 0.33405900001525879
vt 0.675819993019104 0.44274699687957764
vt 0.99363601207733154 0.38142499327659607
vt 0.99363601207733154 0.38142499327659607
vt 0.67171299457550049 0.34894201159477234
vt 0.782368004322052 0.41208600997924805
vt 0.77070897817611694 0.35151401162147522
vt 0.62553000450134277 0.34979599714279175
vt 0.95213997364044189 0.35705500841140747
vt 0.62955200672149658 0.45122399926185608
vt 0.96423900127410889 0.39294400811195374
vt 0.87359797954559326 0.3331109881401062
vt 0.88097602128982544 0.38992300629615784
vt 0.6761239767074585 0.43549799919128418
vt 0.99152100086212158 0.38168498873710632
vt 0.99152100086212158 0.38168498873710632
vt 0.67320102453231812 0.37071898579597473
vt 0.78159201145172119 0.40481600165367126
vt 0.98341202735900879 0.36014801263809204
vt 0.64147001504898071 0.37769699096679688
vt 0.7734450101852417 0.36129400134086609
vt 0.61600399017333984 0.36714699864387512
vt 0.87349498271942139 0.33395498991012573
vt 0.6761620044708252 0.42765599489212036
vt 0.61962598562240601 0.44114300608634949
vt 0.65055501461029053 0.39322501420974731
vt 0.64711499214172363 0.410847008228302
vt 0.62369298934936523 0.39195400476455688
vt 0.94524699449539185 0.34273499250411987
vt 0.67461699247360229 0.39395400881767273
vt 0.67461699247360229 0.39395400881767273
vt 0.67546999454498291 0.4102419912815094
vt 0.67546999454498291 0.4102419912815094
vt 0.60041999816894531 0.42399999499320984
vt 0.78061002492904663 0.39477699995040894
vt 0.59187799692153931 0.40338999032974243
vt 0.9533039927482605 0.37245801091194153
vt 0.88148099184036255 0.3746969997882843
vt 0.87594497203826904 0.33437201380729675
vt 0.77642601728439331 0.37080198526382446
vt 0.77642601728439331 0.37080198526382446
vt 0.77844297885894775 0.38088300824165344
vt 0.77844297885894775 0.38088300824165344
vt 0.9697679877281189 0.34220299124717712
vt 0.87654697895050049 0.33592298626899719
vt 0.97643500566482544 0.34939000010490417
vt 0.97643500566482544 0.34939000010490417
vt 0.94306802749633789 0.33151799440383911
vt 0.88206297159194946 0.35979399085044861
vt 0.87763297557830811 0.34007900953292847
vt 0.87763297557830811 0.34007900953292847
vt 0.87763297557830811 0.34007900953292847
vt 0.87931400537490845 0.34778600931167603
vt 0.87931400537490845 0.34778600931167603
vt 0.94507902860641479 0.34529700875282288
vt 0.94056499004364014 0.32418599724769592
vt 0.94056499004364014 0.32418599724769592
vt 0.9596869945526123 0.32762300968170166
vt 0.9620019793510437 0.33223700523376465
vt 0.9620019793510437 0.33223700523376465
vt 0.94022297859191895 0.31350100040435791
vt 0.94022297859191895 0.31350100040435791
vt 0.94022297859191895 0.31350100040435791
vt 0.94170999526977539 0.32021799683570862
vt 0.94170999526977539 0.32021799683570862
vt 0.94170999526977539 0.32021799683570862
vn -0.98442703485488892 -0.060899991542100906 -0.16490797698497772
vn -0.99766731262207031 -0.0492820143699646 0.047236014157533646
vn -0.9557119607925415 0.16346998512744904 -0.24472896754741669
vn -0.98713493347167969 0.15979300439357758 0.0055479998700320721
vn -0.98694640398025513 -0.16100206971168518 -0.0038910016883164644
vn -0.99888741970062256 -0.04552001878619194 0.012325002811849117
vn -0.99498635530471802 -0.098763033747673035 0.015749005600810051
vn -0.99322223663330078 -0.11332701146602631 0.025819005444645882
vn -0.99442148208618164 -0.10375294834375381 -0.01900499127805233
vn -0.99917823076248169 -0.034130007028579712 0.021864006295800209
vn -0.99518698453903198 -0.091287992894649506 -0.035629000514745712
vn -0.9998171329498291 0.0080340011045336723 0.017355002462863922
vn -0.989815354347229 -0.11945505440235138 0.077434033155441284
vn -0.99194252490997314 -0.12327294796705246 -0.029219985008239746
vn -0.98712968826293945 -0.15150295197963715 -0.051203984767198563
vn -0.9877966046333313 -0.096370965242385864 -0.12235394865274429
vn -0.9878501296043396 0.13144801557064056 0.082907013595104218
vn -0.97073209285736084 -0.23860201239585876 0.027354005724191666
vn -0.9981226921081543 -0.021088995039463043 0.057500980794429779
vn -0.99791038036346436 -0.0092680035158991814 0.063945025205612183
vn -0.99486666917800903 0.094433970749378204 -0.036365989595651627
vn -0.99132454395294189 -0.12678493559360504 -0.034657984972000122
vn -0.96783357858657837 -0.24813789129257202 -0.041541978716850281
vn -0.99756735563278198 -0.012675005011260509 0.068547025322914124
vn -0.99163436889648438 -0.094158053398132324 -0.088292039930820465
vn -0.95767480134963989 -0.2656649649143219 0.1108199879527092
vn -0.84936583042144775 0.42613193392753601 -0.31143093109130859
vn -0.98105436563491821 -0.18807005882263184 -0.04649701714515686
vn -0.97829622030258179 -0.19595308601856232 -0.06737101823091507
vn -0.93250095844268799 -0.35968896746635437 -0.032646995037794113
vn -0.97363585233688354 -0.082283996045589447 0.21274998784065247
vn -0.86042320728302002 0.48284408450126648 -0.16289103031158447
vn -0.95334482192993164 -0.29952993988990784 -0.037622991949319839
vn -0.88042986392974854 -0.46891099214553833 0.070468001067638397
vn -0.97273606061935425 0.10018100589513779 0.20916101336479187
vn -0.93230342864990234 -0.29345610737800598 0.21140909194946289
vn -0.87591183185577393 0.44188189506530762 -0.19369795918464661
vn -0.87106335163116455 -0.47366520762443542 0.12996107339859009
vn -0.87258714437484741 0.47405615448951721 -0.11773901432752609
vn -0.9536283016204834 0.12611101567745209 -0.27329301834106445
vn -0.8675154447555542 -0.49709126353263855 -0.01781000941991806
vn -0.90055710077285767 -0.43000701069831848 -0.063960008323192596
vn -0.96768951416015625 -0.12105094641447067 -0.22118690609931946
vn -0.80352681875228882 -0.59501886367797852 0.017239997163414955
vn -0.9038851261138916 -0.39040005207061768 -0.17487001419067383
vn -0.85244894027709961 -0.52261501550674438 -0.014294000342488289
vn -0.86371207237243652 -0.45785796642303467 0.21063598990440369
vn -0.88475161790847778 0.27501788735389709 -0.37627086043357849
vn -0.56096279621124268 0.72044575214385986 -0.40777283906936646
vn -0.7677232027053833 0.43110007047653198 -0.47408208250999451
vn -0.88512486219406128 -0.21678796410560608 0.41177290678024292
vn -0.58595287799835205 0.72493088245391846 -0.36212494969367981
vn -0.84216701984405518 -0.42025801539421082 0.33784300088882446
vn -0.62044990062713623 -0.77729183435440063 0.10420797765254974
vn -0.76670122146606445 -0.62083619832992554 -0.16349805891513824
vn -0.68457609415054321 -0.71091312170028687 0.16111503541469574
vn -0.49761176109313965 -0.86553555727005005 0.056839965283870697
vn -0.52470976114273071 -0.84976357221603394 0.050808969885110855
vn -0.6074109673500061 0.60313796997070313 -0.51698791980743408
vn -0.59134608507156372 -0.80555099248886108 -0.037382006645202637
vn -0.63233917951583862 -0.76793724298477173 -0.10207603126764297
vn -0.8848235011100769 0.13245905935764313 -0.44670122861862183
vn -0.88180309534072876 -0.28740799427032471 -0.37392506003379822
vn -0.83013910055160522 -0.33810904622077942 0.44334107637405396
vn -0.81257283687591553 -0.53624683618545532 0.22839590907096863
vn -0.71383512020111084 -0.64461010694503784 -0.27371007204055786
vn -0.40175193548202515 -0.91466289758682251 0.044576995074748993
vn -0.43805596232414246 0.83308696746826172 -0.3377470076084137
vn -0.13090294599533081 -0.98954355716705322 0.060563977807760239
vn -0.44883984327316284 0.76127183437347412 -0.46798285841941833
vn -0.58114510774612427 -0.80726414918899536 0.10293202102184296
vn -0.40588095784187317 0.78458791971206665 -0.46870297193527222
vn -0.21142299473285675 -0.97628098726272583 0.046645000576972961
vn -0.76427435874938965 0.47081723809242249 -0.44069921970367432
vn -0.084123037755489349 -0.99404644966125488 0.06924603134393692
vn -0.82580125331878662 0.07692602276802063 -0.55869013071060181
vn -0.61128640174865723 -0.76949852705001831 -0.18493509292602539
vn -0.34274092316627502 0.82823973894119263 -0.44333687424659729
vn -0.3963291347026825 -0.91761124134063721 0.030213011428713799
vn -0.93915432691574097 -0.32333412766456604 0.11594903469085693
vn -0.88547313213348389 -0.35196805000305176 -0.30340704321861267
vn -0.85607415437698364 0.19123505055904388 -0.48017308115959167
vn -0.9020770788192749 -0.43149703741073608 -0.0082029998302459717
vn -0.69656717777252197 0.45802313089370728 -0.55227619409561157
vn -0.97960102558135986 -0.19174300134181976 -0.060136999934911728
vn -0.99478328227996826 -0.094036027789115906 -0.039541006088256836
vn 0.045867018401622772 -0.99624639749526978 0.073412030935287476
vn -0.70313102006912231 -0.6962120532989502 0.14455300569534302
vn -0.98826426267623901 0.14679801464080811 -0.042239006608724594
vn -0.43607005476951599 -0.89986610412597656 -0.00916299968957901
vn -0.91773021221160889 -0.39637511968612671 0.025652008131146431
vn -0.059315010905265808 -0.99773919582366943 0.031595002859830856
vn -0.95143097639083862 -0.30635601282119751 0.030415002256631851
vn -0.98793327808380127 0.14502003788948059 -0.054379016160964966
vn -0.20688100159168243 -0.97811895608901978 -0.021988999098539352
vn -0.72914308309555054 -0.64047306776046753 -0.241131991147995
vn -0.9929390549659729 -0.11539698392152786 -0.027487998828291893
vn -0.18304790556430817 0.86169356107711792 -0.47326278686523438
vn -0.86218684911727905 -0.50380992889404297 0.053003992885351181
vn -0.92682689428329468 0.20359697937965393 -0.3154999315738678
vn -0.96616899967193604 -0.2569890022277832 -0.021772999316453934
vn -0.8443303108215332 -0.52453219890594482 -0.10941803455352783
vn -0.94388949871063232 -0.32469186186790466 -0.060396969318389893
vn -0.9843982458114624 0.059481013566255569 -0.16559603810310364
vn -0.8447384238243103 -0.41549918055534363 0.33730915188789368
vn -0.97237002849578857 -0.050703994929790497 -0.22787198424339294
vn -0.88552385568618774 -0.4499829113483429 -0.11559797078371048
vn -0.62355881929397583 0.5131908655166626 -0.58975380659103394
vn -0.83312994241714478 -0.54058891534805298 0.11686798930168152
vn -0.99394547939300537 0.022422011941671371 0.10756205022335052
vn -0.81478661298751831 -0.55758178234100342 0.15882492065429688
vn -0.99757736921310425 -0.06941300630569458 -0.0046120015904307365
vn -0.98647689819335938 -0.11110697686672211 -0.12049297988414764
vn -0.92312300205230713 -0.36719998717308044 -0.11405300348997116
vn -0.99376374483108521 -0.11146397888660431 0.0030649993568658829
vn -0.36197614669799805 -0.62584221363067627 -0.69086527824401855
vn -0.97138887643814087 -0.077333979308605194 -0.22455097734928131
vn -0.99363291263580322 -0.026549998670816422 -0.10949299484491348
vn -0.06503700464963913 -0.49722599983215332 -0.86518001556396484
vn -0.79853242635726929 -0.22470983862876892 -0.55843657255172729
vn -0.50770294666290283 0.69887793064117432 -0.50379300117492676
vn -0.73777526617050171 0.53382718563079834 -0.41317814588546753
vn -0.73161417245864868 -0.62809216976165771 -0.26503005623817444
vn -0.70591616630554199 0.59629011154174805 -0.38225710391998291
vn -0.72891682386398315 -0.67681783437728882 -0.1029459685087204
vn -0.24287810921669006 0.8563762903213501 -0.45566421747207642
vn -0.16385595500469208 0.86507070064544678 -0.47413486242294312
vn -0.55530482530593872 -0.81529569625854492 0.16410194337368011
vn -0.062163989990949631 -0.70262086391448975 -0.70884382724761963
vn -0.62294888496398926 -0.77492088079452515 -0.10692198574542999
vn -0.33666113018989563 0.79454940557479858 -0.50532221794128418
vn -0.49371916055679321 -0.84786313772201538 0.19331204891204834
vn -0.43270987272262573 0.76947182416915894 -0.46976089477539063
vn -0.42865392565727234 0.72192490100860596 -0.543212890625
vn -0.18356503546237946 0.83721715211868286 -0.51514208316802979
vn -0.21641792356967926 -0.91524767875671387 -0.33983081579208374
vn -0.24036100506782532 0.85175520181655884 -0.46555307507514954
vn -0.088041983544826508 0.92005288600921631 -0.38177391886711121
vn -0.25933298468589783 -0.9542548656463623 0.14880894124507904
vn -0.1707349568605423 0.86884975433349609 -0.46470388770103455
vn -0.13741195201873779 0.90479069948196411 -0.40307784080505371
vn 0.66135090589523315 -0.56671392917633057 -0.49137592315673828
vn 0.055888976901769638 -0.92809152603149414 -0.36813381314277649
vn -0.2424871027469635 -0.96244537830352783 -0.12206104397773743
vn -0.2099679708480835 -0.96162688732147217 0.17659896612167358
vn -0.28857508301734924 0.81518310308456421 -0.50219607353210449
vn -0.23328904807567596 0.8409801721572876 -0.48818913102149963
vn -0.22920107841491699 -0.96770530939102173 -0.10494403541088104
vn -0.26649606227874756 0.8204461932182312 -0.50581413507461548
vn -0.18863408267498016 0.89425742626190186 -0.40585812926292419
vn -0.24936488270759583 0.85238778591156006 -0.4596218466758728
vn -0.32289910316467285 0.83932125568389893 -0.43735113739967346
vn -0.21545591950416565 0.89026856422424316 -0.40124884247779846
vn 0.80035710334777832 -0.56495106220245361 -0.20064602792263031
vn -0.081521987915039063 -0.98980468511581421 0.11679398268461227
vn 0.014250995591282845 -0.96904361248016357 -0.2464778870344162
vn -0.15750801563262939 -0.96057814359664917 -0.22908701002597809
vn -0.18133798241615295 -0.97618794441223145 0.11905299872159958
vn 0 -0.99978345632553101 0.020811010152101517
vn 0 -0.99286824464797974 0.11921702325344086
vn 0 -0.98742455244064331 0.15809106826782227
vn 0 -0.97490644454956055 -0.22261509299278259
vn 0 -0.98618745803833008 -0.16563306748867035
vn 0 -0.99536347389221191 -0.096185043454170227
vn 0 0.923564612865448 -0.38344284892082214
vn 0 0.84979087114334106 -0.52711993455886841
vn 0 0.86048489809036255 -0.5094759464263916
vn 0 0.89487695693969727 -0.44631293416023254
vn 0 0.88275378942489624 -0.46983587741851807
vn 0 0.89142715930938721 -0.45316404104232788
vn 0.18133798241615295 -0.97618794441223145 0.11905299872159958
vn 0.15750801563262939 -0.96057814359664917 -0.22908701002597809
vn -0.014250995591282845 -0.96904361248016357 -0.2464778870344162
vn -0.80035710334777832 -0.56495106220245361 -0.20064602792263031
vn 0.081521987915039063 -0.98980468511581421 0.11679398268461227
vn 0.25794890522956848 -0.96233665943145752 -0.085851959884166718
vn 0.21545591950416565 0.89026856422424316 -0.40124884247779846
vn 0.32289910316467285 0.83932125568389893 -0.43735113739967346
vn 0.24936488270759583 0.85238778591156006 -0.4596218466758728
vn 0.18863408267498016 0.89425742626190186 -0.40585812926292419
vn 0.26649606227874756 0.8204461932182312 -0.50581413507461548
vn 0.22920107841491699 -0.96770530939102173 -0.10494403541088104
vn 0.23328904807567596 0.8409801721572876 -0.48818913102149963
vn 0.28857508301734924 0.81518310308456421 -0.50219607353210449
vn 0.2099679708480835 -0.96162688732147217 0.17659896612167358
vn 0.2424871027469635 -0.96244537830352783 -0.12206104397773743
vn -0.66135090589523315 -0.56671392917633057 -0.49137592315673828
vn -0.055888976901769638 -0.92809152603149414 -0.36813381314277649
vn 0.13741195201873779 0.90479069948196411 -0.40307784080505371
vn 0.1707349568605423 0.86884975433349609 -0.46470388770103455
vn 0.25933298468589783 -0.9542548656463623 0.14880894124507904
vn 0.088041983544826508 0.92005288600921631 -0.38177391886711121
vn 0.24036100506782532 0.85175520181655884 -0.46555307507514954
vn 0.21641792356967926 -0.91524767875671387 -0.33983081579208374
vn 0.18356503546237946 0.83721715211868286 -0.51514208316802979
vn 0.42865392565727234 0.72192490100860596 -0.543212890625
vn 0.48676705360412598 -0.87105607986450195 -0.065720006823539734
vn 0.43270987272262573 0.76947182416915894 -0.46976089477539063
vn 0.49371916055679321 -0.84786313772201538 0.19331204891204834
vn 0.33666113018989563 0.79454940557479858 -0.50532221794128418
vn 0.49889382719993591 0.84558075666427612 -0.18999494612216949
vn 0.63921302556991577 -0.63320094347000122 0.4364209771156311
vn 0.62294888496398926 -0.77492088079452515 -0.10692198574542999
vn 0.062164042145013809 -0.70262032747268677 -0.70884430408477783
vn 0.55530482530593872 -0.81529569625854492 0.16410194337368011
vn 0.16385595500469208 0.86507070064544678 -0.47413486242294312
vn 0.24287810921669006 0.8563762903213501 -0.45566421747207642
vn 0.79584604501724243 0.50803899765014648 -0.32943204045295715
vn 0.72891682386398315 -0.67681783437728882 -0.1029459685087204
vn 0.88656914234161377 -0.45661306381225586 -0.074160009622573853
vn 0.70591568946838379 0.59629076719284058 -0.38225686550140381
vn 0.73161417245864868 -0.62809216976165771 -0.26503005623817444
vn 0.73777526617050171 0.53382718563079834 -0.41317814588546753
vn 0.23694203794002533 0.86903303861618042 -0.43432709574699402
vn 0.91921496391296387 -0.35177597403526306 0.17691098153591156
vn 0.50770294666290283 0.69887793064117432 -0.50379300117492676
vn 0.06503700464963913 -0.49722599983215332 -0.86518001556396484
vn 0.79853242635726929 -0.22470983862876892 -0.55843657255172729
vn 0.99363291263580322 -0.026549998670816422 -0.10949299484491348
vn 0.36197614669799805 -0.62584221363067627 -0.69086527824401855
vn 0.97138887643814087 -0.077333979308605194 -0.22455097734928131
vn 0.99376374483108521 -0.11146397888660431 0.0030649993568658829
vn 0.92312300205230713 -0.36719998717308044 -0.11405300348997116
vn 0.98647689819335938 -0.11110697686672211 -0.12049297988414764
vn 0.99757736921310425 -0.06941300630569458 -0.0046120015904307365
vn 0.81478661298751831 -0.55758178234100342 0.15882492065429688
vn 0.99394547939300537 0.022422011941671371 0.10756205022335052
vn 0.83312994241714478 -0.54058891534805298 0.11686798930168152
vn 0.62355881929397583 0.5131908655166626 -0.58975380659103394
vn 0.88552385568618774 -0.4499829113483429 -0.11559797078371048
vn 0.97237002849578857 -0.050703994929790497 -0.22787198424339294
vn 0.94388949871063232 -0.32469186186790466 -0.060396969318389893
vn 0.8443303108215332 -0.52453219890594482 -0.10941803455352783
vn 0.96616899967193604 -0.2569890022277832 -0.021772999316453934
vn 0.92682689428329468 0.20359697937965393 -0.3154999315738678
vn 0.86218684911727905 -0.50380992889404297 0.053003992885351181
vn 0.18304790556430817 0.86169356107711792 -0.47326278686523438
vn 0.9929390549659729 -0.11539698392152786 -0.027487998828291893
vn 0.72914308309555054 -0.64047306776046753 -0.241131991147995
vn 0.98793327808380127 0.14502003788948059 -0.054379016160964966
vn 0.20688100159168243 -0.97811895608901978 -0.021988999098539352
vn 0.059315010905265808 -0.99773919582366943 0.031595002859830856
vn 0.95143097639083862 -0.30635601282119751 0.030415002256631851
vn 0.91773021221160889 -0.39637511968612671 0.025652008131146431
vn 0.98826426267623901 0.14679801464080811 -0.042239006608724594
vn 0.43607005476951599 -0.89986610412597656 -0.00916299968957901
vn -0.045867018401622772 -0.99624639749526978 0.073412030935287476
vn 0.70313102006912231 -0.6962120532989502 0.14455300569534302
vn 0.99478328227996826 -0.094036027789115906 -0.039541006088256836
vn 0.97960102558135986 -0.19174300134181976 -0.060136999934911728
vn 0.69656717777252197 0.45802313089370728 -0.55227619409561157
vn 0.9020770788192749 -0.43149703741073608 -0.0082029998302459717
vn 0.85607415437698364 0.19123505055904388 -0.48017308115959167
vn 0.88547313213348389 -0.35196805000305176 -0.30340704321861267
vn 0.93915432691574097 -0.32333412766456604 0.11594903469085693
vn 0.3963291347026825 -0.91761124134063721 0.030213011428713799
vn 0.34274092316627502 0.82823973894119263 -0.44333687424659729
vn 0.61128699779510498 -0.76949805021286011 -0.18493501842021942
vn 0.82580125331878662 0.07692602276802063 -0.55869013071060181
vn 0.084123037755489349 -0.99404644966125488 0.06924603134393692
vn 0.76427477598190308 0.47081688046455383 -0.44069889187812805
vn 0.21142299473285675 -0.97628098726272583 0.046645000576972961
vn 0.40588095784187317 0.78458791971206665 -0.46870297193527222
vn 0.58114510774612427 -0.80726414918899536 0.10293202102184296
vn 0.44883984327316284 0.76127183437347412 -0.46798285841941833
vn 0.13090294599533081 -0.98954355716705322 0.060563977807760239
vn 0.43805596232414246 0.83308696746826172 -0.3377470076084137
vn 0.40175193548202515 -0.91466289758682251 0.044576995074748993
vn 0.71383512020111084 -0.64461010694503784 -0.27371007204055786
vn 0.81257283687591553 -0.53624683618545532 0.22839590907096863
vn 0.88180309534072876 -0.28740799427032471 -0.37392506003379822
vn 0.8848235011100769 0.13245905935764313 -0.44670122861862183
vn 0.63233917951583862 -0.76793724298477173 -0.10207603126764297
vn 0.59134608507156372 -0.80555099248886108 -0.037382006645202637
vn 0.6074109673500061 0.60313796997070313 -0.51698791980743408
vn 0.52470976114273071 -0.84976357221603394 0.050808969885110855
vn 0.49761176109313965 -0.86553555727005005 0.056839965283870697
vn 0.68457609415054321 -0.71091312170028687 0.16111503541469574
vn 0.76670122146606445 -0.62083619832992554 -0.16349805891513824
vn 0.62044990062713623 -0.77729183435440063 0.10420797765254974
vn 0.84216701984405518 -0.42025801539421082 0.33784300088882446
vn 0.58595287799835205 0.72493088245391846 -0.36212494969367981
vn 0.7677232027053833 0.43110007047653198 -0.47408208250999451
vn 0.56096279621124268 0.72044575214385986 -0.40777283906936646
vn 0.88475161790847778 0.27501788735389709 -0.37627086043357849
vn 0.86371207237243652 -0.45785796642303467 0.21063598990440369
vn 0.85244894027709961 -0.52261501550674438 -0.014294000342488289
vn 0.9038851261138916 -0.39040005207061768 -0.17487001419067383
vn 0.80352681875228882 -0.59501886367797852 0.017239997163414955
vn 0.96768951416015625 -0.12105094641447067 -0.22118690609931946
vn 0.90055710077285767 -0.43000701069831848 -0.063960008323192596
vn 0.8675154447555542 -0.49709126353263855 -0.01781000941991806
vn 0.9536283016204834 0.12611101567745209 -0.27329301834106445
vn 0.87106335163116455 -0.47366520762443542 0.12996107339859009
vn 0.87591183185577393 0.44188189506530762 -0.19369795918464661
vn 0.93230313062667847 -0.29345706105232239 0.21140904724597931
vn 0.88042986392974854 -0.46891099214553833 0.070468001067638397
vn 0.95334482192993164 -0.29952993988990784 -0.037622991949319839
vn 0.86042320728302002 0.48284408450126648 -0.16289103031158447
vn 0.93250095844268799 -0.35968896746635437 -0.032646995037794113
vn 0.97829622030258179 -0.19595308601856232 -0.06737101823091507
vn 0.98105436563491821 -0.18807005882263184 -0.04649701714515686
vn 0.84936583042144775 0.42613193392753601 -0.31143093109130859
vn 0.95767480134963989 -0.2656649649143219 0.1108199879527092
vn 0.99163436889648438 -0.094158053398132324 -0.088292039930820465
vn 0.99756735563278198 -0.012675005011260509 0.068547025322914124
vn 0.96783357858657837 -0.24813789129257202 -0.041541978716850281
vn 0.99132454395294189 -0.12678493559360504 -0.034657984972000122
vn 0.99486666917800903 0.094433970749378204 -0.036365989595651627
vn 0.99791038036346436 -0.0092680035158991814 0.063945025205612183
vn 0.9981226921081543 -0.021088995039463043 0.057500980794429779
vn 0.97073209285736084 -0.23860201239585876 0.027354005724191666
vn 0.9878501296043396 0.13144801557064056 0.082907013595104218
vn 0.9877966046333313 -0.096370965242385864 -0.12235394865274429
vn 0.98712968826293945 -0.15150295197963715 -0.051203984767198563
vn 0.989815354347229 -0.11945505440235138 0.077434033155441284
vn 0.99194252490997314 -0.12327294796705246 -0.029219985008239746
vn 0.9998171329498291 0.0080340011045336723 0.017355002462863922
vn 0.99518698453903198 -0.091287992894649506 -0.035629000514745712
vn 0.99917823076248169 -0.034130007028579712 0.021864006295800209
vn 0.99442148208618164 -0.10375294834375381 -0.01900499127805233
vn 0.99322223663330078 -0.11332701146602631 0.025819005444645882
vn 0.99498635530471802 -0.098763033747673035 0.015749005600810051
vn 0.99888741970062256 -0.04552001878619194 0.012325002811849117
vn 0.98694640398025513 -0.16100206971168518 -0.0038910016883164644
vn 0.98713493347167969 0.15979300439357758 0.0055479998700320721
vn 0.95571208000183105 0.16346901655197144 -0.24472901225090027
vn 0.99766731262207031 -0.0492820143699646 0.047236014157533646
vn 0.98442703485488892 -0.060899991542100906 -0.16490797698497772
vn -0.97877496480941772 0.160288006067276 0.12770000100135803
vn -0.98063790798187256 0.075586989521980286 0.18065398931503296
vn -0.92268610000610352 0.38395804166793823 -0.035023003816604614
vn -0.89620113372802734 0.42083504796028137 0.14043301343917847
vn -0.91370677947998047 0.22819994390010834 0.336250901222229
vn -0.92659920454025269 0.098079018294811249 0.36303505301475525
vn -0.89884299039840698 0.30005601048469543 0.31944900751113892
vn -0.7209399938583374 0.65878599882125854 -0.21504999697208405
vn -0.91506499052047729 0.23624701797962189 0.32686901092529297
vn -0.57027488946914673 0.78486883640289307 -0.24241998791694641
vn -0.76595050096511841 0.63746064901351929 -0.083448946475982666
vn -0.88641917705535889 -0.065923005342483521 0.45816504955291748
vn -0.91677558422088623 0.19466310739517212 0.34875321388244629
vn -0.92276304960250854 0.24114003777503967 0.30059906840324402
vn -0.69723081588745117 0.68330776691436768 0.216701939702034
vn -0.59400677680969238 0.73397469520568848 -0.32929787039756775
vn -0.88619762659072876 -0.22939988970756531 0.4025287926197052
vn -0.94768440723419189 0.12680606544017792 0.29294112324714661
vn -0.9088013768196106 -0.27655011415481567 0.31241011619567871
vn -0.49552628397941589 0.74449837207794189 -0.4474102258682251
vn -0.92364221811294556 -0.12324801087379456 0.3628980815410614
vn -0.90162992477416992 0.087513990700244904 0.42356196045875549
vn -0.94053369760513306 -0.22566695511341095 0.25391092896461487
vn -0.53927791118621826 0.8406379222869873 -0.050071995705366135
vn -0.89731818437576294 0.1318950355052948 0.42121705412864685
vn -0.44316405057907104 0.79930120706558228 -0.40586107969284058
vn -0.87426173686981201 -0.2393699437379837 0.42233684659004211
vn -0.87408840656280518 -0.12180708348751068 0.47024723887443542
vn -0.87360292673110962 0.047148995101451874 0.48434996604919434
vn -0.87648004293441772 0.10920100659132004 0.46889010071754456
vn -0.33875986933708191 0.76639962196350098 -0.54577773809432983
vn -0.23694203794002533 0.86903303861618042 -0.43432709574699402
vn -0.25561404228210449 0.82761722803115845 -0.49971106648445129
vn -0.75935220718383789 -0.063925012946128845 0.64753210544586182
vn -0.72864300012588501 -0.2602899968624115 0.63350492715835571
vn -0.68541836738586426 -0.4279901385307312 0.58908921480178833
vn -0.74600601196289063 0.051704000681638718 0.66392898559570313
vn -0.63921302556991577 -0.63320094347000122 0.4364209771156311
vn -0.17341798543930054 0.82029491662979126 -0.54501599073410034
vn -0.48857203125953674 -0.37650600075721741 0.78710901737213135
vn -0.49942299723625183 -0.12222700566053391 0.85769295692443848
vn -0.42901992797851563 -0.54289591312408447 0.72194594144821167
vn -0.32297110557556152 -0.81350630521774292 0.48362916707992554
vn -0.17664600908756256 0.85400807857513428 -0.48935303092002869
vn -0.14258798956871033 0.84052091836929321 -0.5226789116859436
vn 0 -0.91506820917129517 0.40329912304878235
vn 0 -0.66763275861740112 0.74449074268341064
vn 0 -0.37665107846260071 0.92635518312454224
vn 0 0.87003058195114136 -0.49299773573875427
vn 0.14258798956871033 0.84052091836929321 -0.5226789116859436
vn 0.17664600908756256 0.85400807857513428 -0.48935303092002869
vn 0.32297110557556152 -0.81350630521774292 0.48362916707992554
vn 0.42901992797851563 -0.54289591312408447 0.72194594144821167
vn 0.49942302703857422 -0.12222601473331451 0.85769307613372803
vn 0.48857203125953674 -0.37650600075721741 0.78710901737213135
vn 0.17341798543930054 0.82029491662979126 -0.54501599073410034
vn 0.74600601196289063 0.051704000681638718 0.66392898559570313
vn 0.68541836738586426 -0.4279901385307312 0.58908921480178833
vn 0.72864300012588501 -0.2602899968624115 0.63350492715835571
vn 0.75935220718383789 -0.063925012946128845 0.64753210544586182
vn 0.25561404228210449 0.82761722803115845 -0.49971106648445129
vn 0.33875986933708191 0.76639962196350098 -0.54577773809432983
vn 0.87648004293441772 0.10920100659132004 0.46889010071754456
vn 0.8447384238243103 -0.41549918055534363 0.33730915188789368
vn 0.87360292673110962 0.047148995101451874 0.48434996604919434
vn 0.87408840656280518 -0.12180708348751068 0.47024723887443542
vn 0.87426173686981201 -0.2393699437379837 0.42233684659004211
vn 0.44316405057907104 0.79930120706558228 -0.40586107969284058
vn 0.94053369760513306 -0.22566695511341095 0.25391092896461487
vn 0.90162992477416992 0.087513990700244904 0.42356196045875549
vn 0.92364221811294556 -0.12324801087379456 0.3628980815410614
vn 0.49552628397941589 0.74449837207794189 -0.4474102258682251
vn 0.9088013768196106 -0.27655011415481567 0.31241011619567871
vn 0.88619762659072876 -0.22939988970756531 0.4025287926197052
vn 0.59400677680969238 0.73397469520568848 -0.32929787039756775
vn 0.91677576303482056 0.1946629136800766 0.34875291585922241
vn 0.88641917705535889 -0.065923005342483521 0.45816504955291748
vn 0.83013910055160522 -0.33810904622077942 0.44334107637405396
vn 0.76595050096511841 0.63746064901351929 -0.083448946475982666
vn 0.57027488946914673 0.78486883640289307 -0.24241998791694641
vn 0.91506499052047729 0.23624701797962189 0.32686901092529297
vn 0.7209399938583374 0.65878599882125854 -0.21504999697208405
vn 0.92659920454025269 0.098079018294811249 0.36303505301475525
vn 0.91370677947998047 0.22819994390010834 0.336250901222229
vn 0.88512486219406128 -0.21678796410560608 0.41177290678024292
vn 0.89620113372802734 0.42083504796028137 0.14043301343917847
vn 0.92268610000610352 0.38395804166793823 -0.035023003816604614
vn 0.87258714437484741 0.47405615448951721 -0.11773901432752609
vn 0.97273606061935425 0.10018100589513779 0.20916101336479187
vn 0.98063790798187256 0.075586989521980286 0.18065398931503296
vn 0.97363585233688354 -0.082283996045589447 0.21274998784065247
vn 0.97877496480941772 0.160288006067276 0.12770000100135803
vn -0.91148984432220459 0.29280292987823486 0.28888189792633057
vn -0.93107062578201294 0.36358886957168579 0.030175991356372833
vn -0.87984579801559448 -0.045042991638183594 0.47311994433403015
vn -0.93431711196899414 0.27609804272651672 -0.2254360169172287
vn -0.93143177032470703 0.32285091280937195 -0.16793495416641235
vn -0.85614192485809326 -0.24967595934867859 0.4524189829826355
vn -0.92291176319122314 0.3592059314250946 -0.13858199119567871
vn -0.80269318819046021 0.10000902414321899 0.58794713020324707
vn -0.83666294813156128 -0.24487698078155518 0.4899289608001709
vn -0.58232200145721436 0.6759369969367981 0.45167496800422668
vn -0.93107789754867554 0.36201593279838562 -0.045148994773626328
vn -0.87516027688980103 0.4826531708240509 -0.033769011497497559
vn -0.77051419019699097 0.29998010396957397 0.56242311000823975
vn -0.9385872483253479 0.27274405956268311 -0.2113400399684906
vn -0.94978100061416626 0.27046799659729004 -0.15736299753189087
vn -0.85138106346130371 0.089689992368221283 0.51682299375534058
vn -0.92521131038665771 0.3792751133441925 0.011592003516852856
vn -0.59531295299530029 0.72027891874313354 0.3560909628868103
vn -0.94408982992172241 0.23587696254253387 -0.23033995926380157
vn -0.74138492345809937 -0.38912796974182129 0.54674291610717773
vn -0.75028032064437866 0.54293221235275269 0.37723210453987122
vn -0.8968578577041626 0.4015749990940094 -0.1854279637336731
vn -0.76756596565246582 0.068816997110843658 0.63726496696472168
vn -0.70206707715988159 0.07310900092124939 0.70834803581237793
vn -0.82049071788787842 0.50903081893920898 -0.26015889644622803
vn -0.9981006383895874 -0.061571978032588959 0.0019989993888884783
vn -0.99854195117950439 0.050826996564865112 -0.018182998523116112
vn -0.98547947406768799 -0.16765707731246948 -0.026857012882828712
vn -0.97932595014572144 0.20027798414230347 0.028450997546315193
vn -0.95257723331451416 -0.3042500913143158 0.0053380015306174755
vn -0.94714480638504028 0.28149193525314331 0.15387997031211853
vn -0.91530930995941162 -0.3839021623134613 0.12177004665136337
vn -0.92859184741973877 -0.041043993085622787 -0.36882594227790833
vn -0.92553555965423584 -0.069916971027851105 0.37214985489845276
vn -0.92393451929092407 0.212541863322258 -0.31807377934455872
vn -0.90086185932159424 -0.28443396091461182 -0.32794094085693359
vn -0.90599250793457031 0.32821181416511536 0.26730987429618835
vn -0.87400490045547485 -0.43018993735313416 0.22594694793224335
vn -0.87859249114990234 0.41310778260231018 -0.23961885273456573
vn -0.84589529037475586 -0.46362113952636719 -0.26366010308265686
vn -0.86035478115081787 0.33323690295219421 0.38567188382148743
vn -0.83389055728912354 -0.43944674730300903 0.33393582701683044
vn -0.84868824481964111 0.52493917942047119 -0.064553022384643555
vn -0.81560015678405762 0.29851207137107849 0.49566811323165894
vn -0.79566502571105957 -0.41432100534439087 0.44187697768211365
vn -0.81327080726623535 -0.57199490070343018 -0.10682898014783859
vn -0.81002461910247803 0.35111084580421448 0.46966078877449036
vn -0.77733099460601807 0.23220899701118469 0.58466702699661255
vn -0.76250308752059937 -0.35560703277587891 0.54049301147460938
vn -0.90914821624755859 0.31771209836006165 -0.26927405595779419
vn -0.78416210412979126 0.60771310329437256 0.12559701502323151
vn -0.74788206815719604 0.13981401920318604 0.6489410400390625
vn -0.73802685737609863 -0.27269196510314941 0.61721587181091309
vn -0.75341296195983887 -0.65421593189239502 0.06610899418592453
vn -0.72880589962005615 0.028644997626543045 0.68412089347839355
vn -0.72437310218811035 -0.16888502240180969 0.66840213537216187
vn -0.82503867149353027 -0.079956971108913422 -0.55939078330993652
vn -0.74440890550613403 -0.072210989892482758 0.66380792856216431
vn -0.85287219285964966 0.21535204350948334 -0.47563907504081726
vn -0.79976189136505127 -0.25065997242927551 -0.54548192024230957
vn -0.80248022079467773 0.43440112471580505 0.40904912352561951
vn -0.74205201864242554 0.59418302774429321 0.31033098697662354
vn -0.85080468654632568 0.40511983633041382 -0.33467787504196167
vn -0.71757501363754272 -0.65369200706481934 0.24035997688770294
vn -0.80294215679168701 -0.46002012491226196 -0.37903210520744324
vn -0.76697587966918945 -0.23163497447967529 0.59840893745422363
vn -0.86749285459518433 0.049994993954896927 -0.4949309229850769
vn -0.65803998708724976 0.58193594217300415 0.47784298658370972
vn -0.7264174222946167 0.662514328956604 -0.1827360987663269
vn -0.64383214712142944 -0.65194708108901978 0.4005560576915741
vn -0.73088634014129639 -0.38171717524528503 0.56577128171920776
vn -0.82790809869766235 0.48434203863143921 -0.28280901908874512
vn -0.75365889072418213 -0.61978793144226074 -0.21877196431159973
vn -0.5983390212059021 0.48086100816726685 0.64090800285339355
vn -0.59046292304992676 -0.57038688659667969 0.57097488641738892
vn -0.63859891891479492 0.76931494474411011 -0.018597997725009918
vn -0.81577414274215698 0.2328280508518219 0.52943706512451172
vn -0.78517097234725952 -0.41930398344993591 -0.45573100447654724
vn -0.88875681161880493 0.36024191975593567 0.28343793749809265
vn -0.53054887056350708 0.32685092091560364 0.78210383653640747
vn -0.72963500022888184 -0.68382292985916138 0.0043569998815655708
vn -0.52696198225021362 -0.43440097570419312 0.7304840087890625
vn -0.92547386884689331 0.37077495455741882 -0.077614985406398773
vn -0.51754486560821533 0.12107495963573456 0.84704673290252686
vn -0.51574373245239258 -0.24509488046169281 0.82093662023544312
vn -0.54898804426193237 -0.066130004823207855 0.8332100510597229
vn -0.57353806495666504 0.77375710010528564 0.2689870297908783
vn -0.76542830467224121 -0.56067824363708496 0.31584712862968445
vn -0.80388909578323364 0.37744510173797607 0.45967108011245728
vn -0.62077099084854126 -0.75317394733428955 0.21765199303627014
vn -0.65552878379821777 -0.74673169851303101 0.11257795244455338
vn -0.80378282070159912 0.3419899046421051 0.48680189251899719
vn -0.45826622843742371 0.74435734748840332 0.48572027683258057
vn -0.70903468132019043 -0.53058278560638428 0.46449080109596252
vn -0.5231737494468689 0.84515058994293213 0.10958895832300186
vn -0.44404801726341248 -0.79316920042037964 0.4167780876159668
vn -0.89051729440689087 0.45479315519332886 0.011922001838684082
vn -0.34369492530822754 0.61497384309768677 0.70970481634140015
vn -0.32237997651100159 -0.69446295499801636 0.64326691627502441
vn -0.78403317928314209 0.33992308378219604 -0.51936912536621094
vn -0.31291210651397705 0.42699518799781799 0.84838736057281494
vn -0.1133110299706459 -0.59897112846374512 0.79271316528320313
vn -0.67886298894882202 -0.15196199715137482 0.71836799383163452
vn -0.27713987231254578 0.215288907289505 0.93639957904815674
vn -0.77083909511566162 -0.5578610897064209 0.30756807327270508
vn -0.30386802554130554 0.77757912874221802 0.55048608779907227
vn -0.16254596412181854 -0.35883495211601257 0.91913890838623047
vn -0.25421008467674255 -0.017735004425048828 0.96698641777038574
vn -0.90776318311691284 0.37102305889129639 -0.19572402536869049
vn -0.94223976135253906 0.20665594935417175 0.26358595490455627
vn -0.10613498836755753 -0.81878185272216797 0.56420886516571045
vn -0.89106571674346924 0.41400787234306335 0.18600894510746002
vn -0.96011590957641602 0.279511958360672 0.0071049989201128483
vn 0.1368570476770401 -0.56105422973632813 0.8163873553276062
vn -0.9631991982460022 0.26877906918525696 0.0022530003916472197
vn -0.9196929931640625 -0.37828600406646729 0.10518799722194672
vn -0.67429572343826294 0.14347894489765167 0.7243887186050415
vn -0.93458902835845947 -0.33406299352645874 0.122250996530056
vn -0.13716398179531097 0.40429991483688354 0.90428292751312256
vn -0.9834246039390564 0.17627193033695221 0.04247598722577095
vn -0.021954009309411049 -0.16265805065631866 0.98643821477890015
vn -0.80271393060684204 -0.089619986712932587 0.58959192037582397
vn -0.60827314853668213 0.040610015392303467 0.79268819093704224
vn -0.89521217346191406 0.16706405580043793 0.41314011812210083
vn -0.83377110958099365 0.45290106534957886 0.31576305627822876
vn -0.43474507331848145 0.4414200484752655 -0.78494906425476074
vn -0.64660501480102539 0.54979997873306274 -0.52879291772842407
vn -0.8448868989944458 0.45273891091346741 0.28494495153427124
vn -0.74254167079925537 0.45100677013397217 0.49520176649093628
vn -0.87984770536422729 0.45960783958435059 -0.12094895541667938
vn -0.47688537836074829 -0.26873716711997986 0.8368755578994751
vn -0.7693641185760498 0.090075016021728516 0.63242810964584351
vn -0.71518123149871826 0.69892120361328125 -0.0049950010143220425
vn -0.58387696743011475 -0.30224096775054932 0.75348395109176636
vn -0.56981092691421509 0.42739289999008179 0.70189088582992554
vn -0.55386734008789063 0.53458929061889648 0.63831436634063721
vn -0.86207139492034912 -0.008640003390610218 0.50671321153640747
vn -0.87404370307922363 0.42064791917800903 0.24311092495918274
vn -0.13122005760669708 0.45945721864700317 -0.87845337390899658
vn -0.71168309450149536 -0.33274209499359131 0.61870014667510986
vn -0.52234423160552979 0.37447914481163025 0.76610827445983887
vn -0.44955196976661682 0.64638692140579224 0.61651194095611572
vn -0.50202614068984985 0.63482111692428589 -0.58734309673309326
vn -0.64039891958236694 0.61240994930267334 0.4635118842124939
vn -0.95424813032150269 -0.018256001174449921 0.2984580397605896
vn -0.27155604958534241 0.61314016580581665 -0.7418331503868103
vn -0.43799310922622681 -0.020593008026480675 0.8987424373626709
vn -0.94028925895690918 -0.13969503343105316 0.31038907170295715
vn -0.93120580911636353 0.25052997469902039 0.26474598050117493
vn -0.74446600675582886 -0.58819699287414551 0.31590297818183899
vn -0.5842970609664917 -0.69358807802200317 0.42134609818458557
vn -0.71560496091842651 0.68877196311950684 0.1162009984254837
vn -0.10503901541233063 -0.0037370005156844854 0.9944610595703125
vn -0.67472928762435913 -0.55482012033462524 0.48673921823501587
vn -0.92050719261169434 -0.24083603918552399 0.3076760470867157
vn -0.775066077709198 0.60357004404067993 0.187018021941185
vn -0.68967819213867188 0.6652371883392334 0.28601306676864624
vn -0.5593448281288147 -0.75705975294113159 0.33762988448143005
vn -0.81969213485717773 0.52951008081436157 0.21845802664756775
vn -0.41660606861114502 -0.3181910514831543 0.85158312320709229
vn -0.24648807942867279 -0.082985028624534607 0.96558642387390137
vn -0.8836938738822937 -0.24699994921684265 0.39758795499801636
vn -0.55591815710067749 -0.81004923582077026 0.1864810585975647
vn -0.86600863933563232 -0.30215787887573242 0.39840885996818542
vn -0.92464315891265869 -0.14350603520870209 0.35276207327842712
vn -0.58816695213317871 0.80067092180252075 0.11395499855279922
vn -0.91475832462310791 0.21707506477832794 0.34072813391685486
vn -0.57138204574584961 -0.77350008487701416 0.27426302433013916
vn -0.67695319652557373 -0.64628517627716064 0.35220709443092346
vn -0.53997111320495605 -0.76351726055145264 0.35422107577323914
vn -0.97018676996231079 0.0063639981672167778 0.2422749400138855
vn -0.96519792079925537 0.0011599998688325286 0.2615179717540741
vn -0.77898359298706055 0.56354773044586182 0.27495184540748596
vn -0.41666802763938904 0.59101414680480957 0.69071704149246216
vn -0.51941031217575073 -0.80929040908813477 0.27433913946151733
vn -0.8924822211265564 -0.17011605203151703 0.41777512431144714
vn -0.96681678295135498 -0.071729987859725952 0.24519392848014832
vn -0.56233596801757813 -0.7855079174041748 0.25837096571922302
vn -0.4875551164150238 0.77236628532409668 0.40711218118667603
vn -0.46801409125328064 -0.77746015787124634 0.42014113068580627
vn -0.97527718544006348 -0.069926023483276367 0.20963004231452942
vn -0.47537198662757874 -0.84262597560882568 0.25298801064491272
vn -0.975483238697052 -0.12396803498268127 0.18183603882789612
vn -0.33494099974632263 0.50764399766921997 0.79379600286483765
vn -0.88724219799041748 -0.095037013292312622 0.45140808820724487
vn -0.84087097644805908 -0.2780190110206604 0.46437206864356995
vn -0.40427315235137939 -0.8800463080406189 0.24916207790374756
vn -0.97856789827346802 -0.12925498187541962 0.16030599176883698
vn -0.85627990961074829 0.20087696611881256 0.47584989666938782
vn -0.50992000102996826 0.85280704498291016 0.11270199716091156
vn -0.52920800447463989 0.81730294227600098 0.22793601453304291
vn -0.73254525661468506 0.58044719696044922 0.35561010241508484
vn -0.85737204551696777 -0.040312003344297409 0.51311606168746948
vn -0.95677721500396729 -0.034393008798360825 0.28878104686737061
vn -0.47202080488204956 -0.79732269048690796 0.37612885236740112
vn -0.72591084241867065 0.51671189069747925 0.45394080877304077
vn -0.95128059387207031 -0.12991009652614594 0.27962216734886169
vn -0.71664518117904663 0.40193608403205872 0.56997114419937134
vn -0.50348097085952759 -0.84025013446807861 0.20121303200721741
vn -0.47598883509635925 -0.86436665058135986 0.16218793392181396
vn -0.30943897366523743 -0.17039698362350464 0.93552786111831665
vn -0.81969928741455078 -0.45571818947792053 0.347007155418396
vn -0.89018732309341431 -0.027163010090589523 0.45478418469429016
vn -0.30410107970237732 0.59261518716812134 0.74587517976760864
vn -0.55653285980224609 0.69513887166976929 0.45503091812133789
vn -0.73296523094177246 -0.093057036399841309 0.67387115955352783
vn -0.87840837240219116 0.11996804922819138 0.46260824799537659
vn -0.37887516617774963 -0.83052235841751099 0.40827217698097229
vn -0.7022780179977417 0.10796098411083221 0.70366901159286499
vn -0.66997802257537842 -0.53192400932312012 0.51786702871322632
vn -0.90852004289627075 0.021063001826405525 0.41731005907058716
vn -0.46608704328536987 -0.86678010225296021 0.17735601961612701
vn -0.61151003837585449 0.21390601992607117 0.76177406311035156
vn -0.39140987396240234 0.90913474559783936 0.14238095283508301
vn -0.91245383024215698 0.087053984403610229 0.39981195330619812
vn -0.91692370176315308 0.081809967756271362 0.39058685302734375
vn -0.41597488522529602 -0.88674771785736084 0.20160193741321564
vn -0.48020005226135254 0.53096306324005127 0.69820207357406616
vn -0.88823914527893066 -0.17116101086139679 0.42630407214164734
vn -0.52574414014816284 -0.82326114177703857 0.21408906579017639
vn -0.32040697336196899 0.74112993478775024 0.58997100591659546
vn -0.52687191963195801 -0.16413496434688568 0.8339458703994751
vn -0.43376389145851135 -0.85836279392242432 0.27397492527961731
vn -0.28047794103622437 0.85073089599609375 0.44450992345809937
vn -0.90755224227905273 0.093814022839069366 0.40932610630989075
vn -0.91420704126358032 -0.0047960006631910801 0.40521901845932007
vn -0.44283300638198853 -0.88371700048446655 0.15147002041339874
vn -0.41617316007614136 0.17776107788085938 0.89174038171768188
vn -0.25473496317863464 0.94208294153213501 0.21815098822116852
vn -0.44192823767662048 -0.083084046840667725 0.89319455623626709
vn -0.53532522916793823 -0.70184731483459473 0.46993321180343628
vn -0.62961524724960327 -0.5519411563873291 0.54675918817520142
vn -0.50739508867263794 -0.78019905090332031 0.36584103107452393
vn -0.92497414350509644 0.043847005814313889 0.37749207019805908
vn -0.42606103420257568 -0.3935820460319519 0.81459510326385498
vn -0.45269098877906799 -0.72826993465423584 0.5144839882850647
vn -0.23969802260398865 0.91537320613861084 0.32347604632377625
vn -0.29892587661743164 0.94091278314590454 0.15914295613765717
vn -0.92110192775726318 -0.0083959987387061119 0.38923096656799316
vn -0.40915194153785706 -0.89302980899810791 0.18732994794845581
vn -0.82425081729888916 -0.16703099012374878 0.54102796316146851
vn -0.4900970458984375 -0.82676607370376587 0.27615702152252197
vn -0.45276498794555664 -0.78032797574996948 0.43138396739959717
vn -0.30630797147750854 0.53984993696212769 0.78405195474624634
vn -0.32793095707893372 0.15634898841381073 0.93167394399642944
vn -0.4233609139919281 -0.493213951587677 0.75993788242340088
vn -0.86757528781890869 -0.012836006470024586 0.49714016914367676
vn -0.38054782152175903 -0.873848557472229 0.30260884761810303
vn -0.85607767105102539 -0.05016697570681572 0.51440674066543579
vn -0.20441806316375732 0.37548816204071045 0.90400326251983643
vn -0.76016968488693237 -0.18001891672611237 0.62428778409957886
vn 0 -0.27515798807144165 0.96139901876449585
vn 0 -0.3474961519241333 0.93768137693405151
vn 0 -0.35804593563079834 0.9337039589881897
vn -0.44399014115333557 -0.8795812726020813 0.17090806365013123
vn 0.44399014115333557 -0.8795812726020813 0.17090806365013123
vn 0 -0.97623962163925171 0.21669390797615051
vn 0 -0.91277617216110229 0.40846008062362671
vn -0.36241298913955688 -0.79194194078445435 0.49141103029251099
vn 0.36241298913955688 -0.79194194078445435 0.49141103029251099
vn -0.44901594519615173 -0.67511695623397827 0.58532196283340454
vn 0.44901594519615173 -0.67511695623397827 0.58532196283340454
vn -0.58890718221664429 -0.45690017938613892 0.6666562557220459
vn 0.58890718221664429 -0.45690017938613892 0.6666562557220459
vn -0.71076709032058716 -0.20747503638267517 0.67213410139083862
vn -0.43804997205734253 -0.72460401058197021 0.53203499317169189
vn 0.71076709032058716 -0.20747503638267517 0.67213410139083862
vn 0.43804997205734253 -0.72460401058197021 0.53203499317169189
vn -0.42370110750198364 -0.4547361433506012 0.78338521718978882
vn 0.42370110750198364 -0.4547361433506012 0.78338521718978882
vn 0 -0.17866595089435577 0.98390978574752808
vn 0 0.2101949006319046 0.97765952348709106
vn 0 0.69828492403030396 0.71581995487213135
vn 0 0.89414584636688232 0.44777587056159973
vn 0 0.97179019451141357 0.23584704101085663
vn -0.34814804792404175 0.92163711786270142 0.17140001058578491
vn 0.34814804792404175 0.92163711786270142 0.17140001058578491
vn 0 0.85213005542755127 0.52333003282546997
vn 0 0.53407198190689087 0.84543901681900024
vn 0 0.62676292657852173 0.77921003103256226
vn 0 0.64213800430297852 0.76658904552459717
vn 0 0.57608193159103394 -0.81739193201065063
vn 0 0.67758989334106445 0.7354399561882019
vn 0 0.68271595239639282 -0.73068392276763916
vn 0 0.75810009241104126 0.65213823318481445
vn 0.76016968488693237 -0.18001891672611237 0.62428778409957886
vn 0.20441806316375732 0.37548816204071045 0.90400326251983643
vn 0.38054782152175903 -0.873848557472229 0.30260884761810303
vn 0.85607767105102539 -0.05016697570681572 0.51440674066543579
vn 0.86757528781890869 -0.012836006470024586 0.49714016914367676
vn 0.4233609139919281 -0.493213951587677 0.75993788242340088
vn 0.32793095707893372 0.15634898841381073 0.93167394399642944
vn 0.30630797147750854 0.53984993696212769 0.78405195474624634
vn 0.4900970458984375 -0.82676607370376587 0.27615702152252197
vn 0.45276498794555664 -0.78032797574996948 0.43138396739959717
vn 0.82425081729888916 -0.16703099012374878 0.54102796316146851
vn 0.92110192775726318 -0.0083959987387061119 0.38923096656799316
vn 0.40915194153785706 -0.89302980899810791 0.18732994794845581
vn 0.45269098877906799 -0.72826993465423584 0.5144839882850647
vn 0.23969802260398865 0.91537320613861084 0.32347604632377625
vn 0.29892587661743164 0.94091278314590454 0.15914295613765717
vn 0.42606103420257568 -0.3935820460319519 0.81459510326385498
vn 0.92497414350509644 0.043847005814313889 0.37749207019805908
vn 0.50739508867263794 -0.78019905090332031 0.36584103107452393
vn 0.62961524724960327 -0.5519411563873291 0.54675918817520142
vn 0.53532594442367554 -0.70184695720672607 0.46993294358253479
vn 0.44192826747894287 -0.083085052669048309 0.89319443702697754
vn 0.25473496317863464 0.94208294153213501 0.21815098822116852
vn 0.91420704126358032 -0.0047960006631910801 0.40521901845932007
vn 0.44283300638198853 -0.88371700048446655 0.15147002041339874
vn 0.41617316007614136 0.17776107788085938 0.89174038171768188
vn 0.90755224227905273 0.093814022839069366 0.40932610630989075
vn 0.28047794103622437 0.85073089599609375 0.44450992345809937
vn 0.43376389145851135 -0.85836279392242432 0.27397492527961731
vn 0.52687191963195801 -0.16413496434688568 0.8339458703994751
vn 0.32040697336196899 0.74112993478775024 0.58997100591659546
vn 0.52574414014816284 -0.82326114177703857 0.21408906579017639
vn 0.88823914527893066 -0.17116101086139679 0.42630407214164734
vn 0.48020005226135254 0.53096306324005127 0.69820207357406616
vn 0.91692370176315308 0.081809967756271362 0.39058685302734375
vn 0.41597488522529602 -0.88674771785736084 0.20160193741321564
vn 0.91245383024215698 0.087053984403610229 0.39981195330619812
vn 0.391410231590271 0.90913456678390503 0.14238108694553375
vn 0.61151003837585449 0.21390601992607117 0.76177406311035156
vn 0.46608704328536987 -0.86678010225296021 0.17735601961612701
vn 0.90852004289627075 0.021063001826405525 0.41731005907058716
vn 0.66997802257537842 -0.53192400932312012 0.51786702871322632
vn 0.87840837240219116 0.11996804922819138 0.46260824799537659
vn 0.37887516617774963 -0.83052235841751099 0.40827217698097229
vn 0.7022780179977417 0.10796098411083221 0.70366901159286499
vn 0.73296523094177246 -0.093057036399841309 0.67387115955352783
vn 0.55653285980224609 0.69513887166976929 0.45503091812133789
vn 0.30410107970237732 0.59261518716812134 0.74587517976760864
vn 0.89018732309341431 -0.027163010090589523 0.45478418469429016
vn 0.47598883509635925 -0.86436665058135986 0.16218793392181396
vn 0.30943897366523743 -0.17039698362350464 0.93552786111831665
vn 0.81969928741455078 -0.45571818947792053 0.347007155418396
vn 0.50348097085952759 -0.84025013446807861 0.20121303200721741
vn 0.71664518117904663 0.40193608403205872 0.56997114419937134
vn 0.95128071308135986 -0.12990997731685638 0.27962189912796021
vn 0.72591084241867065 0.51671189069747925 0.45394080877304077
vn 0.95677721500396729 -0.034393008798360825 0.28878104686737061
vn 0.47202080488204956 -0.79732269048690796 0.37612885236740112
vn 0.85737204551696777 -0.040312003344297409 0.51311606168746948
vn 0.73254525661468506 0.58044719696044922 0.35561010241508484
vn 0.52920800447463989 0.81730294227600098 0.22793601453304291
vn 0.50992000102996826 0.85280704498291016 0.11270199716091156
vn 0.85627990961074829 0.20087696611881256 0.47584989666938782
vn 0.97856789827346802 -0.12925498187541962 0.16030599176883698
vn 0.84087097644805908 -0.2780190110206604 0.46437206864356995
vn 0.40427315235137939 -0.8800463080406189 0.24916207790374756
vn 0.88724219799041748 -0.095037013292312622 0.45140808820724487
vn 0.33494099974632263 0.50764399766921997 0.79379600286483765
vn 0.47537198662757874 -0.84262597560882568 0.25298801064491272
vn 0.975483238697052 -0.12396803498268127 0.18183603882789612
vn 0.97527718544006348 -0.069926023483276367 0.20963004231452942
vn 0.46801409125328064 -0.77746015787124634 0.42014113068580627
vn 0.4875551164150238 0.77236628532409668 0.40711218118667603
vn 0.96681678295135498 -0.071729987859725952 0.24519392848014832
vn 0.56233596801757813 -0.7855079174041748 0.25837096571922302
vn 0.8924822211265564 -0.17011605203151703 0.41777512431144714
vn 0.51941031217575073 -0.80929040908813477 0.27433913946151733
vn 0.41666802763938904 0.59101414680480957 0.69071704149246216
vn 0.77898359298706055 0.56354773044586182 0.27495184540748596
vn 0.96519792079925537 0.0011599998688325286 0.2615179717540741
vn 0.53997111320495605 -0.76351726055145264 0.35422107577323914
vn 0.97018676996231079 0.0063639981672167778 0.2422749400138855
vn 0.67695319652557373 -0.64628517627716064 0.35220709443092346
vn 0.57138204574584961 -0.77350008487701416 0.27426302433013916
vn 0.91475832462310791 0.21707506477832794 0.34072813391685486
vn 0.58816695213317871 0.80067092180252075 0.11395499855279922
vn 0.92464315891265869 -0.14350603520870209 0.35276207327842712
vn 0.86600840091705322 -0.30215814709663391 0.39840921759605408
vn 0.24648807942867279 -0.082985028624534607 0.96558642387390137
vn 0.8836938738822937 -0.24699994921684265 0.39758795499801636
vn 0.55591815710067749 -0.81004923582077026 0.1864810585975647
vn 0.41660606861114502 -0.3181910514831543 0.85158312320709229
vn 0.81969213485717773 0.52951008081436157 0.21845802664756775
vn 0.5593448281288147 -0.75705975294113159 0.33762988448143005
vn 0.68967819213867188 0.6652371883392334 0.28601306676864624
vn 0.775066077709198 0.60357004404067993 0.187018021941185
vn 0.92050689458847046 -0.24083594977855682 0.3076770007610321
vn 0.10503901541233063 -0.0037370005156844854 0.9944610595703125
vn 0.67472928762435913 -0.55482012033462524 0.48673921823501587
vn 0.71560496091842651 0.68877196311950684 0.1162009984254837
vn 0.5842970609664917 -0.69358807802200317 0.42134609818458557
vn 0.74446600675582886 -0.58819699287414551 0.31590297818183899
vn 0.93120580911636353 0.25052997469902039 0.26474598050117493
vn 0.94028925895690918 -0.13969503343105316 0.31038907170295715
vn 0.43799310922622681 -0.020593008026480675 0.8987424373626709
vn 0.27155604958534241 0.61314016580581665 -0.7418331503868103
vn 0.95424813032150269 -0.018256001174449921 0.2984580397605896
vn 0.50202614068984985 0.63482111692428589 -0.58734309673309326
vn 0.64039891958236694 0.61240994930267334 0.4635118842124939
vn 0.44955196976661682 0.64638692140579224 0.61651194095611572
vn 0.52234423160552979 0.37447914481163025 0.76610827445983887
vn 0.71168309450149536 -0.33274209499359131 0.61870014667510986
vn 0.13122005760669708 0.45945721864700317 -0.87845337390899658
vn 0.87404370307922363 0.42064791917800903 0.24311092495918274
vn 0.86207139492034912 -0.008640003390610218 0.50671321153640747
vn 0.55386734008789063 0.53458929061889648 0.63831436634063721
vn 0.56981092691421509 0.42739289999008179 0.70189088582992554
vn 0.58387696743011475 -0.30224096775054932 0.75348395109176636
vn 0.7693641185760498 0.090075016021728516 0.63242810964584351
vn 0.71518123149871826 0.69892120361328125 -0.0049950010143220425
vn 0.47688537836074829 -0.26873716711997986 0.8368755578994751
vn 0.87984770536422729 0.45960783958435059 -0.12094895541667938
vn 0.74254167079925537 0.45100677013397217 0.49520176649093628
vn 0.8448868989944458 0.45273891091346741 0.28494495153427124
vn 0.64660501480102539 0.54979997873306274 -0.52879291772842407
vn 0.43474507331848145 0.4414200484752655 -0.78494906425476074
vn 0.83377110958099365 0.45290106534957886 0.31576305627822876
vn 0.89521217346191406 0.16706405580043793 0.41314011812210083
vn 0.60827314853668213 0.040610015392303467 0.79268819093704224
vn 0.80271393060684204 -0.089619986712932587 0.58959192037582397
vn 0.9834246039390564 0.17627193033695221 0.04247598722577095
vn 0.021954009309411049 -0.16265805065631866 0.98643821477890015
vn 0.93458902835845947 -0.33406299352645874 0.122250996530056
vn 0.13716398179531097 0.40429991483688354 0.90428292751312256
vn 0.9196929931640625 -0.37828600406646729 0.10518799722194672
vn 0.67429572343826294 0.14347894489765167 0.7243887186050415
vn 0.9631991982460022 0.26877906918525696 0.0022530003916472197
vn 0.96011590957641602 0.279511958360672 0.0071049989201128483
vn -0.1368570476770401 -0.56105422973632813 0.8163873553276062
vn 0.10613498836755753 -0.81878185272216797 0.56420886516571045
vn 0.89106571674346924 0.41400787234306335 0.18600894510746002
vn 0.94223976135253906 0.20665594935417175 0.26358595490455627
vn 0.90776318311691284 0.37102305889129639 -0.19572402536869049
vn 0.25421008467674255 -0.017735004425048828 0.96698641777038574
vn 0.16254596412181854 -0.35883495211601257 0.91913890838623047
vn 0.77083909511566162 -0.5578610897064209 0.30756807327270508
vn 0.30386802554130554 0.77757912874221802 0.55048608779907227
vn 0.27713987231254578 0.215288907289505 0.93639957904815674
vn 0.67886298894882202 -0.15196199715137482 0.71836799383163452
vn 0.1133110299706459 -0.59897112846374512 0.79271316528320313
vn 0.31291210651397705 0.42699518799781799 0.84838736057281494
vn 0.78403317928314209 0.33992308378219604 -0.51936912536621094
vn 0.32237997651100159 -0.69446295499801636 0.64326691627502441
vn 0.34369492530822754 0.61497384309768677 0.70970481634140015
vn 0.89051729440689087 0.45479315519332886 0.011922001838684082
vn 0.44404801726341248 -0.79316920042037964 0.4167780876159668
vn 0.70903468132019043 -0.53058278560638428 0.46449080109596252
vn 0.5231737494468689 0.84515058994293213 0.10958895832300186
vn 0.45826622843742371 0.74435734748840332 0.48572027683258057
vn 0.65552878379821777 -0.74673169851303101 0.11257795244455338
vn 0.80378282070159912 0.3419899046421051 0.48680189251899719
vn 0.62077099084854126 -0.75317394733428955 0.21765199303627014
vn 0.76542830467224121 -0.56067824363708496 0.31584712862968445
vn 0.80388909578323364 0.37744510173797607 0.45967108011245728
vn 0.57353806495666504 0.77375710010528564 0.2689870297908783
vn 0.54898804426193237 -0.066130004823207855 0.8332100510597229
vn 0.51574373245239258 -0.24509488046169281 0.82093662023544312
vn 0.51754486560821533 0.12107495963573456 0.84704673290252686
vn 0.92547386884689331 0.37077495455741882 -0.077614985406398773
vn 0.52696198225021362 -0.43440097570419312 0.7304840087890625
vn 0.72963500022888184 -0.68382292985916138 0.0043569998815655708
vn 0.53054887056350708 0.32685092091560364 0.78210383653640747
vn 0.88875681161880493 0.36024191975593567 0.28343793749809265
vn 0.81577414274215698 0.2328280508518219 0.52943706512451172
vn 0.78517097234725952 -0.41930398344993591 -0.45573100447654724
vn 0.63859891891479492 0.76931494474411011 -0.018597997725009918
vn 0.59046292304992676 -0.57038688659667969 0.57097488641738892
vn 0.5983390212059021 0.48086100816726685 0.64090800285339355
vn 0.75365889072418213 -0.61978793144226074 -0.21877196431159973
vn 0.73088634014129639 -0.38171717524528503 0.56577128171920776
vn 0.82790809869766235 0.48434203863143921 -0.28280901908874512
vn 0.64383214712142944 -0.65194708108901978 0.4005560576915741
vn 0.7264174222946167 0.662514328956604 -0.1827360987663269
vn 0.65803998708724976 0.58193594217300415 0.47784298658370972
vn 0.76697587966918945 -0.23163497447967529 0.59840893745422363
vn 0.86749285459518433 0.049994993954896927 -0.4949309229850769
vn 0.80294215679168701 -0.46002012491226196 -0.37903210520744324
vn 0.71757501363754272 -0.65369200706481934 0.24035997688770294
vn 0.85080468654632568 0.40511983633041382 -0.33467787504196167
vn 0.74205201864242554 0.59418302774429321 0.31033098697662354
vn 0.80248022079467773 0.43440112471580505 0.40904912352561951
vn 0.79976189136505127 -0.25065997242927551 -0.54548192024230957
vn 0.85287219285964966 0.21535204350948334 -0.47563907504081726
vn 0.74440890550613403 -0.072210989892482758 0.66380792856216431
vn 0.82503867149353027 -0.079956971108913422 -0.55939078330993652
vn 0.72437310218811035 -0.16888502240180969 0.66840213537216187
vn 0.72880589962005615 0.028644997626543045 0.68412089347839355
vn 0.75341296195983887 -0.65421593189239502 0.06610899418592453
vn 0.73802685737609863 -0.27269196510314941 0.61721587181091309
vn 0.74788206815719604 0.13981401920318604 0.6489410400390625
vn 0.78416210412979126 0.60771310329437256 0.12559701502323151
vn 0.90914821624755859 0.31771209836006165 -0.26927405595779419
vn 0.76250308752059937 -0.35560703277587891 0.54049301147460938
vn 0.77733099460601807 0.23220899701118469 0.58466702699661255
vn 0.81002461910247803 0.35111084580421448 0.46966078877449036
vn 0.81327080726623535 -0.57199490070343018 -0.10682898014783859
vn 0.79566502571105957 -0.41432100534439087 0.44187697768211365
vn 0.81559991836547852 0.29851299524307251 0.49566799402236938
vn 0.84868824481964111 0.52493917942047119 -0.064553022384643555
vn 0.83389055728912354 -0.43944674730300903 0.33393582701683044
vn 0.86035478115081787 0.33323690295219421 0.38567188382148743
vn 0.84589529037475586 -0.46362113952636719 -0.26366010308265686
vn 0.878592848777771 0.41310691833496094 -0.23961897194385529
vn 0.87400490045547485 -0.43018993735313416 0.22594694793224335
vn 0.90599250793457031 0.32821181416511536 0.26730987429618835
vn 0.90086185932159424 -0.28443396091461182 -0.32794094085693359
vn 0.92393451929092407 0.212541863322258 -0.31807377934455872
vn 0.92553555965423584 -0.069916971027851105 0.37214985489845276
vn 0.92859184741973877 -0.041043993085622787 -0.36882594227790833
vn 0.91530930995941162 -0.3839021623134613 0.12177004665136337
vn 0.94714480638504028 0.28149193525314331 0.15387997031211853
vn 0.95257723331451416 -0.3042500913143158 0.0053380015306174755
vn 0.97932595014572144 0.20027798414230347 0.028450997546315193
vn 0.98547947406768799 -0.16765707731246948 -0.026857012882828712
vn 0.99854195117950439 0.050826996564865112 -0.018182998523116112
vn 0.9981006383895874 -0.061571978032588959 0.0019989993888884783
vn 0.76756596565246582 0.068816997110843658 0.63726496696472168
vn 0.8968578577041626 0.4015749990940094 -0.1854279637336731
vn 0.74138492345809937 -0.38912796974182129 0.54674291610717773
vn 0.75028032064437866 0.54293221235275269 0.37723210453987122
vn 0.94408982992172241 0.23587696254253387 -0.23033995926380157
vn 0.92521131038665771 0.3792751133441925 0.011592003516852856
vn 0.59531295299530029 0.72027891874313354 0.3560909628868103
vn 0.85138106346130371 0.089689992368221283 0.51682299375534058
vn 0.94978100061416626 0.27046799659729004 -0.15736299753189087
vn 0.9385872483253479 0.27274405956268311 -0.2113400399684906
vn 0.77051419019699097 0.29998010396957397 0.56242311000823975
vn 0.83666294813156128 -0.24487698078155518 0.4899289608001709
vn 0.58232200145721436 0.6759369969367981 0.45167496800422668
vn 0.93107789754867554 0.36201593279838562 -0.045148994773626328
vn 0.92291176319122314 0.3592059314250946 -0.13858199119567871
vn 0.93143177032470703 0.32285091280937195 -0.16793495416641235
vn 0.85614192485809326 -0.24967595934867859 0.4524189829826355
vn 0.87984579801559448 -0.045042991638183594 0.47311994433403015
vn 0.93431711196899414 0.27609804272651672 -0.2254360169172287
vn 0.93107062578201294 0.36358886957168579 0.030175991356372833
vn -0.95534992218017578 0.11281299591064453 0.27309295535087585
vn 0.98530399799346924 -0.16425900161266327 0.046851005405187607
vn 0.95882660150527954 0.28023189306259155 -0.04606097936630249
vn -0.94203251600265503 -0.24164013564586639 0.23277615010738373
vn -0.96417474746704102 -0.065464988350868225 0.25706294178962708
vn 0.9038124680519104 0.06885596364736557 0.42235273122787476
vn 0.91954159736633301 0.042692989110946655 -0.39066684246063232
vn 0.8128807544708252 0.067221991717815399 -0.57853794097900391
vn -0.25129306316375732 -0.027291005477309227 0.96752619743347168
vn 0.9038124680519104 0.06885596364736557 0.42235273122787476
vn 0.74684220552444458 0.069475017488002777 -0.6613621711730957
vn -0.56788188219070435 -0.01722799614071846 0.8229297399520874
vn 0.97461307048797607 -0.22101703286170959 -0.035788003355264664
vn 0.11654698848724365 -0.33069396018981934 0.93651390075683594
vn 0.89288902282714844 -0.31646397709846497 0.32031199336051941
vn -0.95534992218017578 0.11281299591064453 0.27309295535087585
vn 0.89461112022399902 -0.19903898239135742 0.40006798505783081
vn 0.87603592872619629 -0.015980998054146767 -0.48198100924491882
vn 0.93060505390167236 -0.32329303026199341 -0.17162704467773438
vn 0.87552171945571899 0.38032487034797668 0.29801791906356812
vn 0.65352272987365723 0.078629963099956512 -0.75281167030334473
vn -0.68588918447494507 -0.0082530016079545021 0.72765916585922241
vn -0.17111997306346893 -0.27375394105911255 0.94645482301712036
vn 0.80920696258544922 -0.35118496417999268 0.47101297974586487
vn 0.79462927579879761 0.059061020612716675 -0.60421526432037354
vn 0.84544914960861206 0.036104008555412292 -0.53283411264419556
vn 0.80583173036575317 0.55783778429031372 0.19862592220306396
vn 0.47383889555931091 0.14546597003936768 -0.86851388216018677
vn -0.74486899375915527 -0.022209001705050468 0.66684097051620483
vn 0.80882823467254639 -0.51912212371826172 -0.27624106407165527
vn -0.56244879961013794 -0.094276972115039825 0.82143974304199219
vn 0.14398600161075592 0.12977801263332367 -0.98103296756744385
vn 0.7601478099822998 0.097929961979389191 -0.64232784509658813
vn -0.76937121152877808 -0.008126002736389637 0.63875025510787964
vn 0.79562437534332275 -0.20247606933116913 -0.57095122337341309
vn 0.78906244039535522 0.095708936452865601 -0.60681158304214478
vn 0.77355241775512695 0.6031302809715271 0.19455210864543915
vn 0.90158510208129883 0.064236007630825043 0.42780604958534241
vn 0.94375830888748169 -0.14973403513431549 -0.29478809237480164
vn -0.88901180028915405 0.18904995918273926 -0.41703492403030396
vn -0.20474205911159515 0.295646071434021 -0.93309921026229858
vn 0.89778459072113037 0.28496986627578735 -0.33581984043121338
vn -0.8895912766456604 0.032536011189222336 0.45559710264205933
vn 0.91489893198013306 -0.08444899320602417 -0.39475095272064209
vn 0.82833939790725708 0.51260226964950562 0.22603711485862732
vn -0.95533329248428345 0.10889103263616562 0.27473810315132141
vn -0.84898686408996582 0.19365596771240234 -0.49164897203445435
vn 0.87009018659591675 0.49288409948348999 0.0028830007649958134
vn -0.94203251600265503 -0.24164013564586639 0.23277615010738373
vn -0.15419404208660126 0.43916910886764526 0.88507324457168579
vn 0.84762388467788696 0.33176895976066589 0.41408100724220276
vn 0.72340631484985352 0.059808023273944855 -0.68782722949981689
vn -0.69057160615921021 -0.025239983573555946 0.72282350063323975
vn 0.5960850715637207 -0.30793604254722595 0.7415241003036499
vn 0.64495211839675903 -0.75974613428115845 0.082599014043807983
vn 0.71039801836013794 0.14092400670051575 -0.68954700231552124
vn 0.50379300117492676 -0.073181003332138062 -0.86071896553039551
vn 0.47185885906219482 -0.4595848023891449 0.75241678953170776
vn -0.47517785429954529 0.20677395164966583 0.85524880886077881
vn 0.82487666606903076 0.039689980447292328 -0.56391769647598267
vn 0.77789574861526489 0.59955686330795288 0.18817494809627533
vn -0.85555785894393921 -0.44108793139457703 -0.27103903889656067
vn -0.28277000784873962 -0.14980100095272064 -0.9474179744720459
vn 0.46506315469741821 -0.16298305988311768 -0.87014526128768921
vn 0.7415584921836853 0.19819508492946625 -0.64094442129135132
vn 0.75398880243301392 0.63168388605117798 0.18021196126937866
vn -0.74728125333786011 0.0022290006745606661 0.66450411081314087
vn -0.71686279773712158 0.0007369998493231833 0.69721388816833496
vn 0.12142696231603622 -0.056469984352588654 0.99099272489547729
vn 0.56595081090927124 0.26651191711425781 -0.78017377853393555
vn 0.71887391805648804 0.0040169991552829742 -0.6951289176940918
vn -0.84898900985717773 -0.05554499477148056 0.52548301219940186
vn -0.8631051778793335 -0.34352508187294006 -0.37018910050392151
vn 0.77789771556854248 0.099709957838058472 -0.62042975425720215
vn 0.76640492677688599 0.61071491241455078 0.19912499189376831
vn 0.16816000640392303 0.46581301093101501 -0.86875802278518677
vn -0.75887763500213623 0.034949984401464462 0.6502947211265564
vn -0.51861119270324707 -0.13556104898452759 0.84419524669647217
vn 0.0064080017618834972 0.43146210908889771 0.90210831165313721
vn -0.81516718864440918 0.56065309047698975 -0.14550101757049561
vn -0.072521023452281952 0.63264220952987671 -0.77104121446609497
vn 0.34409090876579285 -0.86601758003234863 0.36278784275054932
vn -0.84462070465087891 0.16539894044399261 0.50917482376098633
vn 0.73766076564788818 0.15090295672416687 -0.65809184312820435
vn 0.76088494062423706 0.61725592613220215 0.20012298226356506
vn 0.065321989357471466 0.75650888681411743 -0.65071296691894531
vn 0.63374131917953491 0.35550814867019653 -0.68701231479644775
vn 0.56917792558670044 0.82026290893554688 0.056614987552165985
vn -0.7755889892578125 0.54258698225021362 -0.32258498668670654
vn -0.87855583429336548 0.26148891448974609 0.39970391988754272
vn 0.56889498233795166 0.17025099694728851 -0.80459499359130859
vn 0.18941199779510498 -0.29982700943946838 0.93500101566314697
vn -0.66134160757064819 -0.025669986382126808 0.74964547157287598
vn -0.032970994710922241 0.50180888175964355 0.86434990167617798
vn 0.70831894874572754 -0.63577091693878174 -0.30672398209571838
vn 0.75376325845718384 -0.26719009876251221 -0.60037517547607422
vn 0.61859804391860962 0.28070402145385742 -0.73385405540466309
vn 0.64828783273696899 0.76024878025054932 0.04176899790763855
vn 0.68910706043243408 0.010104001499712467 -0.72458910942077637
vn 0.49706494808197021 -0.85826194286346436 0.12772196531295776
vn -0.69576191902160645 0.015042999759316444 0.71811491250991821
vn -0.038273993879556656 0.52371889352798462 0.85103094577789307
vn 0.17884302139282227 0.74980604648590088 -0.63702911138534546
vn 0.66288483142852783 0.73509883880615234 -0.14217396080493927
vn 0.51128792762756348 0.19455097615718842 -0.83709889650344849
vn -0.11665402352809906 0.61913317441940308 -0.77657324075698853
vn -0.11841603368520737 0.86020725965499878 -0.49600514769554138
vn 0.5385061502456665 0.83938121795654297 -0.073826022446155548
vn 0.015139002352952957 -0.76038503646850586 0.64929604530334473
vn 0.060520999133586884 0.33274200558662415 0.94107383489608765
vn -0.34982213377952576 -0.30216208100318909 0.88674831390380859
vn -0.72707980871200562 0.061986986547708511 0.68374890089035034
vn -0.025110993534326553 0.53196382522583008 0.84639465808868408
vn 0.035140007734298706 0.8307221531867981 -0.55557709932327271
vn -0.70761913061141968 0.64610105752944946 0.28605702519416809
vn 0.49872285127639771 0.20653195679187775 -0.84179574251174927
vn 0.29758796095848083 -0.88877296447753906 0.34860298037528992
vn -0.38670411705970764 0.80899721384048462 0.44270014762878418
vn -0.80422383546829224 0.21345794200897217 0.55467087030410767
vn -0.025647992268204689 0.47549080848693848 0.87934672832489014
vn -0.64537590742111206 0.02685699425637722 0.7633928656578064
vn -0.26635399460792542 0.58236598968505859 -0.76805299520492554
vn 0.064021013677120209 0.45172509551048279 -0.88985717296600342
vn -0.41377010941505432 -0.51884806156158447 0.74805814027786255
vn -0.16233998537063599 0.91062682867050171 -0.38000595569610596
vn -0.28443491458892822 0.89847171306610107 0.33443287014961243
vn 0.080849990248680115 -0.86574095487594604 0.49391892552375793
vn -0.62667989730834961 0.2322569340467453 0.74386090040206909
vn 0.73649954795837402 0.1196909174323082 -0.66576457023620605
vn -0.69111591577529907 -0.6928139328956604 -0.20583398640155792
vn -0.030018005520105362 0.5129590630531311 0.85788804292678833
vn -0.66849327087402344 0.021150009706616402 0.74341738224029541
vn -0.30945909023284912 0.6752701997756958 -0.66951119899749756
vn -0.68033403158187866 -0.21034799516201019 0.70206791162490845
vn -0.36966115236282349 -0.66303521394729614 0.65094923973083496
vn -0.031456999480724335 0.55459296703338623 0.83152693510055542
vn -0.67109823226928711 0.065793022513389587 0.73844325542449951
vn -0.4598870575428009 0.65194118022918701 -0.60289019346237183
vn -0.060633998364210129 0.92816400527954102 0.36719900369644165
vn -0.56527727842330933 0.78672242164611816 -0.24805115163326263
vn -0.090486042201519012 0.74154037237167358 0.66477829217910767
vn -0.71902114152908325 0.20296703279018402 0.66469013690948486
vn -0.6710360050201416 0.74113094806671143 0.020871998742222786
vn -0.74512600898742676 -0.066049002110958099 0.66364502906799316
vn -0.47361117601394653 0.602256178855896 -0.64263516664505005
vn -0.64651983976364136 -0.31755492091178894 0.69366484880447388
vn -0.69745105504989624 0.60631400346755981 -0.3820280134677887
vn -0.60090088844299316 0.63063287734985352 -0.49114188551902771
vn -0.73841780424118042 -0.086234979331493378 0.66880691051483154
vn -0.83915817737579346 0.034168008714914322 0.54281312227249146
vn -0.8664509654045105 0.028448998928070068 0.49845096468925476
vn -0.81615078449249268 0.33526086807250977 -0.47063583135604858
vn -0.58466494083404541 0.81057596206665039 -0.033667996525764465
vn -0.91093599796295166 0.40942102670669556 -0.050696004182100296
vn -0.87518632411956787 0.12284205108880997 0.46793022751808167
vn 0.83042478561401367 -0.13042294979095459 -0.54164981842041016
vn 0.83711695671081543 -0.40819892287254333 -0.36415493488311768
vn 0.81440669298171997 0.092226959764957428 -0.57291877269744873
vn 0.70038896799087524 -0.71299296617507935 -0.033109996467828751
vn 0.68874412775039673 0.34261608123779297 -0.63894110918045044
vn 0.8213660717010498 -0.20868799090385437 -0.53085505962371826
vn 0.39941203594207764 0.69419205188751221 -0.5988050103187561
vn 0.3913482129573822 -0.83370339870452881 0.38959619402885437
vn 0.78920984268188477 0.11661096662282944 -0.60295087099075317
vn 0.74164885282516479 -0.5342058539390564 -0.40568593144416809
vn 0.64426690340042114 0.47795489430427551 -0.59705889225006104
vn 0.57181501388549805 -0.80252200365066528 -0.17025299370288849
vn 0.0053070015273988247 0.89050519466400146 -0.45494207739830017
vn 0.035692013800144196 -0.76018530130386353 0.64872521162033081
vn 0.35653814673423767 0.79422026872634888 -0.49203118681907654
vn 0.33111697435379028 -0.90567094087600708 0.26480495929718018
vn -0.30414092540740967 0.90909856557846069 -0.28467190265655518
vn 0.62321573495864868 -0.25475892424583435 -0.73939168453216553
vn 0.57333773374557495 0.098317980766296387 -0.81339865922927856
vn -0.29549285769462585 -0.51006978750228882 0.80778264999389648
vn 0.5743941068649292 -0.54449212551116943 -0.61122804880142212
vn 0.10626501590013504 0.94667220115661621 -0.30417007207870483
vn -0.51114213466644287 0.85695016384124756 0.066107012331485748
vn 0.45868211984634399 0.503071129322052 -0.7324821949005127
vn 0.46088781952857971 -0.79075562953948975 -0.40284976363182068
vn -0.48370474576950073 -0.24127686023712158 0.84131753444671631
vn -0.081160962581634521 -0.81689357757568359 0.57104969024658203
vn -0.67150431871414185 0.59304124116897583 0.44427919387817383
vn -0.54210090637207031 -0.01049799844622612 0.84024780988693237
vn 0.27515697479248047 0.78537291288375854 -0.55450695753097534
vn -0.65480273962020874 0.25468289852142334 0.7115967869758606
vn -0.16442908346652985 0.98471051454544067 -0.057518027722835541
vn 0.13493204116821289 -0.99047732353210449 -0.027349010109901428
vn -0.33191394805908203 -0.60746890306472778 0.72167491912841797
vn 0.67688286304473877 -0.18546497821807861 -0.71234285831451416
vn 0.094593994319438934 0.92948287725448608 -0.35652995109558105
vn 0.6566888689994812 0.12605097889900208 -0.74355286359786987
vn 0.65014791488647461 -0.48824891448020935 -0.58216893672943115
vn -0.38480105996131897 0.89106911420822144 0.24067403376102448
vn -0.29639804363250732 -0.88806205987930298 0.35141703486442566
vn 0.51856780052185059 0.41307088732719421 -0.74863868951797485
vn 0.49423393607139587 -0.80834192037582397 -0.31986901164054871
vn -0.44743794202804565 -0.36226099729537964 0.81765902042388916
vn -0.51430279016494751 0.66467088460922241 0.54194587469100952
vn 0.30685284733772278 0.75121665000915527 -0.5843927264213562
vn -0.16981709003448486 0.98350834846496582 -0.062237028032541275
vn -0.55585503578186035 -0.056584004312753677 0.82935124635696411
vn -0.56757599115371704 0.32185500860214233 0.75780397653579712
vn 0.080329984426498413 -0.9868507981300354 0.14025896787643433
vn -0.50420081615447998 -0.62690979242324829 0.59394079446792603
vn 0.053680002689361572 0.95295208692550659 -0.29833000898361206
vn -0.44011011719703674 0.87122118473052979 0.21743205189704895
vn -0.23533999919891357 -0.85937392711639404 0.45397299528121948
vn -0.66172385215759277 -0.39049094915390015 0.64002996683120728
vn -0.66229987144470215 0.60194486379623413 0.44611793756484985
vn -0.17390395700931549 0.98290872573852539 -0.060396984219551086
vn -0.77341878414154053 -0.12347296625375748 0.62175381183624268
vn -0.77370613813400269 0.2156660258769989 0.59570711851119995
vn -0.52009695768356323 -0.64143890142440796 0.56396389007568359
vn -0.40727296471595764 0.89902091026306152 0.16090399026870728
vn -0.67794495820999146 -0.33696696162223816 0.65333294868469238
vn -0.64696627855300903 0.65258932113647461 0.39441323280334473
vn -0.76768100261688232 -0.023504000157117844 0.64040100574493408
vn -0.76986706256866455 0.31490704417228699 0.55510205030441284
vn 0.83873409032821655 -0.32193005084991455 -0.43918806314468384
vn 0.8883674144744873 0.12110205739736557 -0.44287422299385071
vn 0.74782407283782959 -0.50057905912399292 -0.43609604239463806
vn 0.64576995372772217 0.54680097103118896 -0.53290700912475586
vn 0.62524896860122681 -0.73232489824295044 -0.26974797248840332
vn 0.96935516595840454 0.15152102708816528 -0.1933700293302536
vn 0.39307203888893127 0.75998306274414063 -0.51761001348495483
vn 0.95013666152954102 -0.27805888652801514 -0.14115093648433685
vn 0.3351140022277832 -0.92454606294631958 0.18141999840736389
vn 0.022407988086342812 0.89862555265426636 -0.43814378976821899
vn 0.98921465873718262 0.1257779449224472 -0.075061969459056854
vn 0.95928925275802612 -0.26537206768989563 -0.09665302187204361
vn 0.79828888177871704 0.5826379656791687 -0.1525379866361618
vn 0.80788576602935791 -0.53740984201431274 -0.24189093708992004
vn 0.84510993957519531 0.53458797931671143 -0.0022109998390078545
vn 0.8678581714630127 -0.48397919535636902 -0.11218904703855515
vn 0.86713874340057373 -0.49589183926582336 -0.046493977308273315
vn 0.15316806733608246 0.92483729124069214 -0.34816011786460876
vn -0.10274698585271835 -0.8268858790397644 0.55290395021438599
vn 0.98058497905731201 0.15012900531291962 0.12615199387073517
vn -0.93465596437454224 0.33554697036743164 0.11758599430322647
vn 0.97958707809448242 -0.18586800992488861 0.076565004885196686
vn 0.68825924396514893 -0.70359724760055542 -0.17677706480026245
vn 0.98094338178634644 0.15049706399440765 -0.12288504838943481
vn -0.90895885229110718 -0.15046897530555725 0.38878393173217773
vn -0.93425482511520386 0.1842009425163269 0.30534890294075012
vn 0.99566167593002319 -0.054131980985403061 -0.07568097859621048
vn 0.67870098352432251 -0.73416000604629517 -0.01934099942445755
vn -0.5057942271232605 0.86246240139007568 0.018187008798122406
vn 0.81465506553649902 0.56231898069381714 0.14189599454402924
vn 0.98707127571105957 -0.15088106691837311 0.054085023701190948
vn 0.98271429538726807 0.16968606412410736 0.074022024869918823
vn -0.85189193487167358 0.52332091331481934 0.020379997789859772
vn 0.91598516702651978 -0.37129807472229004 0.15201602876186371
vn 0.71374106407165527 -0.6902809739112854 -0.11868400871753693
vn -0.49242806434631348 0.84748506546020508 0.1982010155916214
vn 0.5935482382774353 0.80347621440887451 0.046113014221191406
vn 0.59508287906646729 0.80365484952926636 -0.0039059990085661411
vn 0.86081987619400024 0.50089693069458008 -0.089951992034912109
vn -0.76105839014053345 -0.59619027376174927 0.25563117861747742
vn -0.13769903779029846 0.98805928230285645 -0.06912202388048172
vn -0.84610074758529663 0.47141391038894653 0.24876192212104797
vn 0.74420696496963501 -0.50933092832565308 -0.43213194608688354
vn 0.67114144563674927 -0.73905044794082642 -0.058083038777112961
vn 0.45882195234298706 0.8561440110206604 -0.23769697546958923
vn 0.022407988086342812 0.89862555265426636 -0.43814378976821899
vn 0.52254712581634521 -0.84728121757507324 -0.095179006457328796
vn -0.47947117686271667 0.86565327644348145 -0.14405503869056702
vn -0.49067908525466919 0.32670307159423828 -0.80777418613433838
vn 0.91114020347595215 -0.41179102659225464 -0.015863999724388123
vn -0.74761617183685303 0.65105718374252319 -0.13112802803516388
vn 0.87295317649841309 0.46688902378082275 0.14130601286888123
vn 0.21630409359931946 0.71509122848510742 -0.66472327709197998
vn -0.3438011109828949 -0.62369918823242188 0.70199722051620483
vn -0.97314709424972534 0.091693006455898285 0.21113301813602448
vn -0.97029078006744385 -0.1212419793009758 0.20937095582485199
vn 0.98787146806716919 -0.14327006042003632 -0.059864025563001633
vn 0.99579620361328125 0.06148301437497139 0.067895017564296722
vn -0.95583105087280273 -0.080165006220340729 -0.28277301788330078
vn 0.52922302484512329 0.83563315868377686 0.14710605144500732
vn -0.8760870099067688 0.31820398569107056 0.36223998665809631
vn 0.84358507394790649 -0.4282340407371521 -0.32400593161582947
vn 0.8416365385055542 -0.45033776760101318 -0.29806682467460632
vn -0.91936767101287842 -0.39333584904670715 -0.0070699965581297874
vn 0.87864893674850464 0.35229396820068359 -0.32228097319602966
vn 0.5460820198059082 0.83720099925994873 0.029813999310135841
vn -0.42056825757026672 0.87241750955581665 0.24901813268661499
vn 0.98718434572219849 0.091603033244609833 -0.1306750476360321
vn 0.49520507454872131 0.53774803876876831 -0.68234813213348389
vn -0.65872699022293091 0.75153201818466187 0.035753998905420303
vn -0.70168501138687134 -0.30680200457572937 -0.6430479884147644
vn 0.95184177160263062 0.21592894196510315 0.21765094995498657
vn -0.62557524442672729 0.76270931959152222 0.16410404443740845
vn 0.54095298051834106 -0.74883997440338135 -0.38289499282836914
vn 0.98770523071289063 0.15354903042316437 -0.029345005750656128
vn 0.47106191515922546 0.58372890949249268 -0.66133290529251099
vn -0.98328715562820435 0.13874003291130066 0.11788801848888397
vn 0.97059458494186401 -0.23980589210987091 0.020958989858627319
vn -0.98905807733535767 -0.10396000742912292 -0.10467299818992615
vn 0.98613697290420532 -0.11208198964595795 0.12235798686742783
vn 0.57394003868103027 0.80542504787445068 0.14793001115322113
vn -0.54978322982788086 0.83466839790344238 -0.03266601637005806
vn 0.79926609992980957 -0.58027410507202148 -0.15638302266597748
vn 0.85055595636367798 -0.2532069981098175 -0.46091297268867493
vn 0.50338327884674072 0.3671412467956543 -0.78218448162078857
vn -0.047688022255897522 0.9730604887008667 0.22556409239768982
vn 0.49241584539413452 -0.85738277435302734 -0.14973795413970947
vn 0.28520303964614868 0.95611405372619629 0.0671200230717659
vn 0.96504360437393188 0.26043185591697693 0.029429983347654343
vn 0.46140795946121216 0.61660391092300415 -0.63788896799087524
vn -0.4298652708530426 -0.40332719683647156 0.80780136585235596
vn 0.20861800014972687 0.49929293990135193 -0.84094297885894775
vn 0.022407988086342812 0.89862555265426636 -0.43814378976821899
vn 0.21630409359931946 0.71509122848510742 -0.66472327709197998
vn -0.17764496803283691 -0.80577182769775391 0.56495487689971924
vn -0.55961006879806519 -0.045736003667116165 -0.82749307155609131
vn -0.57669579982757568 0.46786889433860779 -0.66971683502197266
vn 0.49419578909873962 -0.8671296238899231 -0.062102973461151123
vn 0.22311894595623016 0.94619077444076538 0.23439493775367737
vn -0.21716409921646118 -0.93281835317611694 -0.28755810856819153
vn -0.86261093616485596 -0.34074497222900391 -0.37389197945594788
vn 0.96562802791595459 -0.053206991404294968 0.25442397594451904
vn 0.78840512037277222 -0.57203513383865356 -0.22625903785228729
vn 0.25065606832504272 0.96729022264480591 -0.039002012461423874
vn 0.54707592725753784 -0.67848390340805054 -0.49027290940284729
vn -0.74081927537918091 0.51661217212677002 0.4293002188205719
vn -0.55589503049850464 0.67572307586669922 0.48412707448005676
vn -0.6869652271270752 -0.69317430257797241 -0.21814708411693573
vn 0.5454668402671814 0.83311754465103149 -0.091547958552837372
vn 0.26757407188415527 0.64529114961624146 0.71554416418075562
vn 0.89405190944671631 0.25929597020149231 0.36528995633125305
vn 0.34896710515022278 0.79547023773193359 0.49542814493179321
vn 0.89565885066986084 0.42196887731552124 0.14048996567726135
vn 0.37304285168647766 0.81986171007156372 -0.43435677886009216
vn 0.53292566537857056 -0.69787067174911499 -0.47850468754768372
vn 0.075621992349624634 0.97705096006393433 -0.19912998378276825
vn -0.49923202395439148 0.018110999837517738 0.86627906560897827
vn -0.57245916128158569 0.40156105160713196 0.71487009525299072
vn 0.41299495100975037 -0.30967095494270325 -0.85646897554397583
vn 0.24453100562095642 0.95921307802200317 0.14182700216770172
vn -0.48430806398391724 -0.58635503053665161 -0.64933305978775024
vn 0.24714510142803192 0.38045415282249451 0.89116436243057251
vn 0.8315015435218811 0.073089048266410828 0.5506933331489563
vn -0.49156093597412109 -0.87082493305206299 -0.0056419996544718742
vn 0.16248190402984619 0.98026156425476074 0.11263595521450043
vn 0.1732669323682785 0.9789586067199707 0.10778994113206863
vn -0.28852888941764832 0.95344960689544678 -0.087663948535919189
vn 0.045055996626615524 -0.98227888345718384 -0.18192897737026215
vn -0.067646019160747528 0.99646538496017456 0.049807019531726837
vn -0.088220007717609406 -0.98186612129211426 0.16779804229736328
vn -0.22755391895771027 0.97368162870407104 -0.012776995077729225
vn 0.38944476842880249 -0.81295347213745117 -0.4329427182674408
vn 0.13399706780910492 -0.89821034669876099 -0.41864418983459473
vn -0.27055904269218445 -0.88639205694198608 -0.37564203143119812
vn 0.028992991894483566 0.9948347806930542 0.097278974950313568
vn 0.37617591023445129 0.90458887815475464 0.20052596926689148
vn 0.12302093207836151 -0.8118366003036499 -0.57077771425247192
vn -0.11376600712537766 0.99191200733184814 0.056283999234437943
vn -0.12810604274272919 0.99092936515808105 -0.040593013167381287
vn 0.41738900542259216 0.84245210886001587 0.34067702293395996
vn -0.21716409921646118 -0.93281835317611694 -0.28755810856819153
vn 0.51677507162094116 -0.83695703744888306 -0.18012902140617371
vn 0.99099969863891602 0.096415966749191284 -0.092862971127033234
vn 0.47806206345558167 0.57961905002593994 -0.65992307662963867
vn 0.21630409359931946 0.71509122848510742 -0.66472327709197998
vn 0.14339090883731842 0.63575965166091919 -0.75845152139663696
vn -0.35043713450431824 -0.50824117660522461 0.78669226169586182
vn -0.7217247486114502 -0.048574984073638916 -0.69047367572784424
vn -0.015119994059205055 -0.37663683295249939 -0.92623758316040039
vn 0.23113606870174408 0.72707420587539673 0.64648216962814331
vn 0.95924794673919678 -0.027565997093915939 -0.28121793270111084
vn 0.49980801343917847 0.49420204758644104 -0.71130603551864624
vn 0.10225199162960052 0.87150704860687256 0.47960403561592102
vn 0.4240860641002655 0.84900307655334473 -0.31519007682800293
vn 0.98756712675094604 0.1565060168504715 -0.014733001589775085
vn 0.46251070499420166 0.59171158075332642 -0.66027361154556274
vn -0.059339988976716995 -0.6677587628364563 -0.7420087456703186
vn 0.5879746675491333 0.0386049784719944 -0.80795758962631226
vn 0.97586381435394287 0.21337895095348358 0.046467985957860947
vn 0.45653712749481201 0.60121816396713257 -0.65582817792892456
vn -0.2928241491317749 0.94696545600891113 0.13232707977294922
vn -0.15290500223636627 0.98291110992431641 0.10249800235033035
vn 0.13220006227493286 -0.86832940578460693 -0.47804516553878784
vn 0.15957596898078918 -0.83950185775756836 -0.51939594745635986
vn -0.19054996967315674 0.98032683134078979 -0.051477991044521332
vn -0.15008801221847534 0.97890204191207886 0.1386520117521286
vn -0.4162810742855072 -0.90593510866165161 0.07740599662065506
vn 0.39389985799789429 0.9038766622543335 0.16688293218612671
vn 0.91635262966156006 0.34922584891319275 0.1958039253950119
vn 0.44931173324584961 0.75964051485061646 -0.47017574310302734
vn 0.030112013220787048 -0.44055917859077454 -0.89721840620040894
vn -0.19307999312877655 0.97106397151947021 0.14055199921131134
vn -0.069296970963478088 -0.99085360765457153 -0.11578895151615143
vn 0.10387998074293137 -0.29549494385719299 -0.94967979192733765
vn 0.99201184511184692 0.11625197529792786 -0.048968996852636337
vn 0.98158961534500122 0.040236983448266983 -0.18671593070030212
vn -0.35956299304962158 0.92592191696166992 0.11568500101566315
vn 0.082300998270511627 -0.8685259222984314 -0.48876297473907471
vn 0.98732990026473999 0.15789198875427246 0.015804998576641083
vn 0.12432093173265457 0.97420251369476318 -0.18834489583969116
vn -0.43349593877792358 -0.90092283487319946 0.020475996658205986
vn -0.33387297391891479 -0.78869295120239258 -0.51622891426086426
vn 0.79698997735977173 -0.16462999582290649 -0.5811229944229126
vn 0.9755408763885498 0.2020629346370697 0.086547993123531342
vn -0.38665312528610229 -0.86605221033096313 -0.31694307923316956
vn -0.51046514511108398 0.85989838838577271 -0.00038400012999773026
vn -0.57318776845932007 -0.80886465311050415 -0.13112494349479675
vn 0.66844481229782104 0.71079480648040771 0.21897995471954346
vn 0.44631510972976685 0.79697912931442261 0.40697306394577026
vn 0.5707128643989563 0.74774080514907837 -0.33936789631843567
vn 0.90003287792205811 0.33753490447998047 0.27570092678070068
vn -0.3509710431098938 -0.33953702449798584 -0.87265914678573608
vn 0.52109289169311523 -0.24835295975208282 -0.81656783819198608
vn -0.31034103035926819 -0.053476002067327499 -0.94911998510360718
vn -0.84507197141647339 -0.26019200682640076 -0.46706900000572205
vn 0.098132006824016571 -0.57416701316833496 -0.81283599138259888
vn 0.58838099241256714 0.52429598569869995 0.61556601524353027
vn -0.24554404616355896 0.77154916524887085 0.58687311410903931
vn 0.99333161115646362 0.11409095674753189 0.016599992290139198
vn -0.3444620668888092 -0.39026013016700745 -0.85384011268615723
vn -0.84507197141647339 -0.26019200682640076 -0.46706900000572205
vn 0.88730770349502563 0.21622192859649658 0.4073488712310791
vn -0.88560140132904053 -0.1920480877161026 -0.42288020253181458
vn 0.95048153400421143 0.110770083963871 -0.29037019610404968
vn 0.97475415468215942 0.14005303382873535 0.17389503121376038
vn 0.26056492328643799 0.86410164833068848 0.43062081933021545
vn -0.48130026459693909 0.80384242534637451 0.34955313801765442
vn -0.46088215708732605 0.87867826223373413 0.12454801052808762
vn 0.93576741218566895 0.16363489627838135 0.31235077977180481
vn -0.84507197141647339 -0.26019200682640076 -0.46706900000572205
vn 0.52025014162063599 -0.41998410224914551 0.74360817670822144
vn -0.46519401669502258 0.3181990385055542 -0.82604110240936279
vn -0.1440550684928894 -0.87756747007369995 -0.45730021595954895
vn 0.20861800014972687 0.49929293990135193 -0.84094297885894775
vn -0.64068806171417236 -0.25701701641082764 -0.72350609302520752
vn -0.70150691270828247 -0.7042999267578125 0.10885599255561829
vn 0.76915651559829712 0.63205766677856445 0.094346947968006134
vn 0.66755896806716919 0.051380999386310577 -0.74278193712234497
vn -0.94820845127105713 -0.22450511157512665 0.2247181236743927
vn 0.11507508903741837 -0.49056729674339294 -0.86377161741256714
vn -0.098482005298137665 0.78142404556274414 0.61618000268936157
vn 0.87882965803146362 0.21365989744663239 0.42662382125854492
vn 0.31086885929107666 0.66395163536071777 0.68009465932846069
vn -0.50344985723495483 0.58533185720443726 0.635550856590271
vn 0.94501066207885742 0.14919194579124451 0.29102686047554016
vn -0.88560140132904053 -0.1920480877161026 -0.42288020253181458
vn -0.11806999891996384 0.94654393196105957 0.30019000172615051
vn -0.52706402540206909 0.83005505800247192 0.1822420060634613
vn 0.37423288822174072 -0.75508183240890503 -0.53833186626434326
vn -0.72828984260559082 -0.56420785188674927 -0.38892590999603271
vn 0.52322381734848022 -0.46288982033729553 0.71552067995071411
vn 0.9790535569190979 0.08719094842672348 0.18398889899253845
vn 0.51984506845474243 0.64943599700927734 0.55497205257415771
vn -0.534199059009552 0.5912240743637085 0.60422301292419434
vn 0.65475660562515259 0.18421089649200439 0.73304849863052368
vn 0.060062021017074585 0.04172101616859436 -0.99732238054275513
vn -0.99239003658294678 -0.063129007816314697 -0.10572000592947006
vn 0.9829217791557312 0.096827976405620575 0.15648996829986572
vn -0.51986575126647949 0.8392035961151123 0.1596149206161499
vn -0.76176232099533081 0.40411314368247986 0.50637012720108032
vn -0.6128767728805542 0.64353978633880615 -0.45851781964302063
vn -0.56664079427719116 0.75461077690124512 0.3308788537979126
vn -0.99349594116210938 -0.049715995788574219 -0.10244099050760269
vn 0.99859291315078735 0.052803996950387955 0.0048929993063211441
vn -0.49672535061836243 0.86197459697723389 0.10131005942821503
vn -0.76465898752212524 0.64228898286819458 -0.052549999207258224
vn -0.52250206470489502 0.48702606558799744 -0.69985514879226685
vn 0.52197796106338501 -0.48513594269752502 0.70155692100524902
vn -0.99156874418258667 -0.03791099414229393 -0.12391196191310883
vn 0.98740601539611816 0.06158500537276268 0.14572800695896149
vn -0.34137889742851257 0.928932785987854 -0.14333295822143555
vn -0.99851197004318237 -0.019682997837662697 -0.050856996327638626
vn -0.33078885078430176 -0.099141955375671387 -0.93848258256912231
vn 0.89957481622695923 0.0053509990684688091 0.4367339015007019
vn -0.88560140132904053 -0.1920480877161026 -0.42288020253181458
vn -0.46900480985641479 0.44922083616256714 0.76041775941848755
vn 0.41840696334838867 0.2347479909658432 0.87739896774291992
vn -0.73073774576187134 -0.19733093678951263 0.65351575613021851
vn 0.3322790265083313 0.18276502192020416 -0.92530405521392822
vn -0.99119263887405396 0.095392964780330658 0.091854967176914215
vn 0.90606194734573364 -0.18058697879314423 -0.38267496228218079
vn -0.28246709704399109 -0.78341513872146606 -0.55360007286071777
vn -0.73262530565261841 -0.68030828237533569 0.020996009930968285
vn -0.52250206470489502 0.48702606558799744 -0.69985514879226685
vn 0.49898618459701538 -0.46655416488647461 0.73030132055282593
vn -0.50334811210632324 0.52984517812728882 -0.68257218599319458
vn -0.99686849117279053 0.0063010021112859249 -0.078826040029525757
vn -0.70044207572937012 -0.67502206563949585 -0.2317890077829361
vn -0.50334811210632324 0.52984517812728882 -0.68257218599319458
vn 0.51761400699615479 -0.55415499210357666 0.65191102027893066
vn -0.52350896596908569 0.74754387140274048 -0.4087989330291748
vn -0.96989208459854126 0.20538601279258728 0.13086602091789246
vn -0.31393507122993469 -0.32216712832450867 -0.89311426877975464
vn 0.94700449705123901 0.060067035257816315 0.31555414199829102
vn -0.10430596768856049 0.98588168621063232 0.13098694384098053
vn -0.8727763295173645 -0.39277416467666626 -0.28981015086174011
vn 0.65600699186325073 0.67518001794815063 0.33732298016548157
vn -0.29897701740264893 0.41222402453422546 0.86063003540039063
vn -0.43487212061882019 0.45787912607192993 0.77539211511611938
vn 0.92078095674514771 0.032389994710683823 -0.38873296976089478
vn -0.93835932016372681 0.14556802809238434 0.31351509690284729
vn 0.3322790265083313 0.18276502192020416 -0.92530405521392822
vn -0.9137871265411377 -0.39057007431983948 0.11157102882862091
vn 0.98726201057434082 0.066155016422271729 0.14469702541828156
vn -0.7693290114402771 0.61805301904678345 0.16168899834156036
vn 0.25924199819564819 -0.5860450267791748 -0.76768797636032104
vn 0.99661165475845337 0.067918978631496429 0.046391986310482025
vn -0.99213671684265137 -0.088828980922698975 -0.08817097544670105
vn 0.97107923030853271 -0.046493005007505417 0.23418702185153961
vn 0.97282040119171143 0.080782949924468994 0.21701286733150482
vn 0.97414922714233398 0.025116002187132835 -0.22450503706932068
vn -0.99829703569412231 -0.05146300420165062 -0.027469003573060036
vn -0.2947680652141571 0.083529010415077209 0.95191109180450439
vn 0.26765298843383789 0.34800601005554199 -0.89847296476364136
vn -0.6933479905128479 -0.22652900218963623 -0.68407100439071655
vn 0.73225706815719604 -0.49668008089065552 -0.46594899892807007
vn 0.97107923030853271 -0.046493005007505417 0.23418702185153961
vn 0.96882683038711548 0.070232987403869629 0.23757494986057281
vn -0.9433930516242981 -0.28010702133178711 0.17762202024459839
vn -0.91409033536911011 -0.29328680038452148 -0.28003880381584167
vn -0.82499492168426514 0.54580193758010864 0.14657299220561981
vn -0.63860791921615601 -0.71512001752853394 -0.2842240035533905
vn 0.73589169979095459 -0.17848293483257294 0.6531517505645752
vn -0.98509788513183594 -0.068872995674610138 0.15760298073291779
vn -0.94508326053619385 0.27372506260871887 0.17858403921127319
vn -0.8937232494354248 0.43732112646102905 -0.10004501044750214
vn -0.6741449236869812 0.19279097020626068 -0.71299386024475098
vn 0.6354377269744873 0.57777076959609985 -0.51224976778030396
vn 0.70371198654174805 -0.26326701045036316 0.65990900993347168
vn -0.73073774576187134 -0.19733093678951263 0.65351575613021851
vn 0.030618010088801384 0.33775416016578674 -0.94073623418807983
vn 0.95906203985214233 -0.093196004629135132 0.26742199063301086
vn -0.9433930516242981 -0.28010702133178711 0.17762202024459839
vn -0.97326254844665527 -0.051367972046136856 -0.22387787699699402
vn -0.97634851932525635 0.207346111536026 -0.061247032135725021
vn -0.90712821483612061 -0.13699203729629517 -0.39793410897254944
vn 0.85800701379776001 0.3653390109539032 -0.36104199290275574
vn -0.73073774576187134 -0.19733093678951263 0.65351575613021851
vn 0.3322790265083313 0.18276502192020416 -0.92530405521392822
vn -0.35081496834754944 0.74957996606826782 -0.56130093336105347
vn -0.80875289440155029 0.55726903676986694 0.18806898593902588
vn -0.77942687273025513 0.62646389007568359 -0.0060609988868236542
vn 0.99796116352081299 0.049491006880998611 0.040301006287336349
vn -0.89226245880126953 -0.43953424692153931 0.1033310666680336
vn -0.87608093023300171 -0.42765799164772034 -0.22269001603126526
vn -0.91853517293930054 -0.37575805187225342 -0.12287802994251251
vn 0.88637185096740723 0.032012000679969788 -0.46186596155166626
vn 0.41474685072898865 -0.45274186134338379 -0.78930974006652832
vn -0.78877967596054077 0.48778581619262695 0.37402084469795227
vn -0.2497899979352951 0.90212512016296387 0.35181701183319092
vn -0.67722100019454956 0.60251498222351074 0.42231196165084839
vn 0.17428700625896454 -0.79632097482681274 -0.57922101020812988
vn -0.52350896596908569 0.74754387140274048 -0.4087989330291748
vn 0.32917508482933044 -0.53284019231796265 -0.77956724166870117
vn -0.67722100019454956 0.60251498222351074 0.42231196165084839
vn -0.77316528558731079 -0.35986316204071045 -0.5222201943397522
vn -0.4387238621711731 0.23249994218349457 -0.86802369356155396
vn 0.52035784721374512 -0.39647385478019714 0.75633072853088379
vn -0.73719090223312378 -0.57674890756607056 -0.35200893878936768
vn -0.98964273929595947 -0.14161096513271332 -0.023527994751930237
vn -0.96663618087768555 0.17061702907085419 0.19106103479862213
vn -0.95408421754837036 0.27871406078338623 -0.10973502695560455
vn -0.96706002950668335 -0.166578009724617 0.19247503578662872
vn 0.78717970848083496 0.47506186366081238 -0.39327386021614075
vn 0.87182050943374634 -0.2567061185836792 0.41717022657394409
vn -0.9335472583770752 -0.33421409130096436 0.12957802414894104
vn 0.963062584400177 -0.15289793908596039 0.22165893018245697
vn 0.94472503662109375 0.083832010626792908 -0.3169650137424469
vn -0.97843432426452637 0.12806102633476257 0.16207002103328705
vn -0.98158532381057739 -0.111254021525383 -0.15528304874897003
vn 0.98939144611358643 -0.0084350034594535828 0.14502905309200287
vn -0.93979817628860474 -0.11574602127075195 -0.32153105735778809
vn 0.52283823490142822 -0.43345719575881958 0.73399937152862549
vn 0.47538319230079651 -0.64994817972183228 -0.59294027090072632
vn -0.2265038937330246 0.012141994200646877 0.9739345908164978
vn 0.25107690691947937 0.46707478165626526 0.84782165288925171
vn 0.98492723703384399 0.036146998405456543 0.16915003955364227
vn -0.52250206470489502 0.48702606558799744 -0.69985514879226685
vn 0.49898618459701538 -0.46655416488647461 0.73030132055282593
vn 0.52482962608337402 -0.47263067960739136 0.70793652534484863
vn -0.93610185384750366 -0.32985594868659973 -0.12209998816251755
vn 0.98959881067276001 -0.033954992890357971 0.13978995382785797
vn -0.97748255729675293 -0.19313989579677582 0.084998957812786102
vn 0.98861414194107056 0.079657010734081268 0.12765900790691376
vn 0.9870150089263916 -0.1439250111579895 0.071323007345199585
vn 0.51387602090835571 -0.75638306140899658 -0.40474206209182739
vn -0.67722100019454956 0.60251498222351074 0.42231196165084839
vn 0.51761400699615479 -0.55415499210357666 0.65191102027893066
vn -0.42300283908843994 0.8356437087059021 -0.35038292407989502
vn 0.98588025569915771 -0.0061160014010965824 0.16734004020690918
vn 0.49898618459701538 -0.46655416488647461 0.73030132055282593
vn -0.50334811210632324 0.52984517812728882 -0.68257218599319458
vn 0.51761400699615479 -0.55415499210357666 0.65191102027893066
vn -0.083991996943950653 0.94875186681747437 -0.30465599894523621
vn 0.98552602529525757 0.023274004459381104 -0.16791899502277374
vn 0.49296793341636658 -0.55362093448638916 -0.67118293046951294
vn 0.99388861656188965 0.022965990006923676 -0.10797196626663208
vn 0.8441733717918396 -0.060210026800632477 -0.53267824649810791
vn -0.70056581497192383 -0.23114696145057678 -0.67511379718780518
vn -0.065251030027866364 -0.041764020919799805 0.9969944953918457
vn 0.54748785495758057 0.70317381620407104 0.45365586876869202
vn 0.75998985767364502 0.52188485860824585 -0.3873649537563324
vn -0.525543212890625 0.79579931497573853 -0.30084511637687683
vn -0.70303797721862793 -0.021572999656200409 -0.71082502603530884
vn -0.0077800010330975056 0.18721503019332886 -0.98228812217712402
vn -0.59345895051956177 0.6864619255065918 0.42021000385284424
vn 0.78354400396347046 -0.39173600077629089 -0.48228797316551208
vn -0.19271695613861084 0.2240479439496994 0.95533382892608643
vn -0.081459999084472656 0.96732181310653687 0.24010995030403137
vn 0.068350978195667267 -0.79558283090591431 -0.60197687149047852
vn -0.14604002237319946 0.25764605402946472 0.95513916015625
vn -0.084381997585296631 0.87530994415283203 -0.4761430025100708
vn 0.93663012981414795 0.059916004538536072 -0.34515804052352905
vn 0.57462036609649658 0.79916244745254517 -0.17649610340595245
vn -0.050990022718906403 0.53247523307800293 -0.84490835666656494
vn 0.8460233211517334 0.4924771785736084 -0.20423206686973572
vn -0.59345895051956177 0.6864619255065918 0.42021000385284424
vn 0.84767121076583862 -0.41332310438156128 -0.33259209990501404
vn -0.58995616436004639 0.75409930944442749 0.28859308362007141
vn -0.59345895051956177 0.6864619255065918 0.42021000385284424
vn 0.7806357741355896 -0.53944480419158936 -0.31560590863227844
vn -0.2318871021270752 0.31470614671707153 0.92042839527130127
vn -0.23988796770572662 0.47589987516403198 0.84615188837051392
vn 0.024245994165539742 -0.77681183815002441 -0.62926584482192993
vn 0.64423519372940063 0.76153320074081421 -0.0709100142121315
vn -0.58995616436004639 0.75409930944442749 0.28859308362007141
vn 0.72687071561813354 -0.64539378881454468 -0.23478890955448151
vn 0.80061197280883789 -0.061360999941825867 0.59603297710418701
vn -0.21261195838451385 0.16315196454524994 0.96341973543167114
vn 0.1654699444770813 0.98014861345291138 -0.10921696573495865
vn -0.043548990041017532 0.67056679725646973 -0.7405698299407959
vn 0.13495995104312897 0.98668062686920166 -0.090813964605331421
vn 0.078240014612674713 0.38672709465026855 0.91886919736862183
vn 0.47339698672294617 -0.84888595342636108 -0.23513399064540863
vn -0.58995616436004639 0.75409930944442749 0.28859308362007141
vn -0.083277001976966858 0.85923999547958374 0.50474900007247925
vn -0.19202402234077454 0.33456301689147949 0.92260193824768066
vn 0.78333932161331177 0.4451892077922821 0.43380418419837952
vn -0.073680035769939423 0.46578824520111084 0.88182342052459717
vn 0.67546099424362183 -0.47897300124168396 0.56065797805786133
vn -0.29591801762580872 0.49588203430175781 0.81641507148742676
vn 0.36027815937995911 0.93275940418243408 0.012631005607545376
vn 0.46442717313766479 -0.85699629783630371 -0.22330407798290253
vn 0.084475025534629822 0.99155932664871216 -0.098357029259204865
vn 0.99947869777679443 -0.025278991088271141 0.02008199505507946
vn 0.37816902995109558 -0.89087903499603271 -0.25164002180099487
vn -0.34834089875221252 -0.93727177381515503 0.013425996527075768
vn -0.31839194893836975 0.81346988677978516 0.48671689629554749
vn 0.93412864208221436 -0.35491988062858582 -0.037887986749410629
vn 0.93460577726364136 0.33995094895362854 0.10461997985839844
vn 0.96217495203018188 -0.03515198826789856 -0.27015495300292969
vn 0.17301203310489655 0.94789117574691772 -0.26752406358718872
vn 0.9145958423614502 0.018167996779084206 0.40396091341972351
vn 0.99907219409942627 0.040972009301185608 0.013268003240227699
vn 0.69021975994110107 0.70176774263381958 0.17640493810176849
vn -0.068090975284576416 0.93811583518981934 0.33956190943717957
vn 0.075578004121780396 0.38738003373146057 0.91881698369979858
vn 0.90838617086410522 0.36810615658760071 -0.19832403957843781
vn 0.89485609531402588 -0.30254209041595459 -0.3281780481338501
vn 0.92782533168792725 0.37170913815498352 0.031184013932943344
vn 0.95168471336364746 -0.30534589290618896 -0.032558988779783249
vn 0.87838339805603027 0.40652516484260559 0.25135612487792969
vn 0.00076299969805404544 0.99594473838806152 0.089963965117931366
vn 0.0018110001692548394 -0.98000413179397583 -0.19896902143955231
vn 0.8018348217010498 -0.41910085082054138 0.42592886090278625
vn 0.15014694631099701 0.9627266526222229 -0.22497393190860748
vn 0.658538818359375 -0.59792882204055786 0.45695486664772034
vn -0.77046710252761841 0.35268604755401611 0.53103011846542358
vn -0.046540997922420502 0.088300995528697968 0.99500596523284912
vn 0.26285487413406372 0.96467649936676025 -0.017507992684841156
vn 0.79227453470230103 -0.60219264030456543 -0.098310947418212891
vn 0.68666595220565796 0.72344392538070679 0.071545980870723724
vn 0.78214198350906372 -0.62141299247741699 -0.045823998749256134
vn 0.69397109746932983 0.71388214826583862 0.093682020902633667
vn 0.66490632295608521 0.74275529384613037 -0.078830026090145111
vn 0.73097997903823853 -0.57839703559875488 -0.36211201548576355
vn 0.94338828325271606 0.010019002482295036 -0.3315390944480896
vn 0.74149662256240845 0.65925371646881104 0.1247689500451088
vn 0.47433918714523315 0.87917935848236084 0.045233011245727539
vn 0.94030600786209106 0.32134401798248291 -0.11208301037549973
vn 0.89296036958694458 -0.25459107756614685 -0.3712211549282074
vn 0.71335011720657349 -0.62001317739486694 0.32667306065559387
vn -0.46960219740867615 -0.88166844844818115 -0.046201020479202271
vn -0.22619006037712097 0.95058131217956543 -0.21268102526664734
vn -0.34199994802474976 0.93410784006118774 0.10236497968435287
vn -0.54327082633972168 -0.83224779367446899 -0.11054596304893494
vn 0.47509616613388062 -0.87764137983322144 -0.063476033508777618
vn 0.31351494789123535 0.94575107097625732 0.08522498607635498
vn 0.38035392761230469 0.91777390241622925 0.11411397159099579
vn 0.73772519826889038 -0.47941914200782776 -0.47530919313430786
vn 0.54043781757354736 -0.83840572834014893 -0.070730969309806824
vn 0.74217599630355835 0.65354198217391968 0.14851799607276917
vn 0.4454217255115509 -0.75511860847473145 0.4810357391834259
vn -0.60244888067245483 -0.77788281440734863 0.17875595390796661
vn -0.046540997922420502 0.088300995528697968 0.99500596523284912
vn 0.43237805366516113 0.90141111612319946 0.0225210040807724
vn -0.50032311677932739 -0.86580830812454224 0.0072670024819672108
vn 0.34927892684936523 0.93480187654495239 0.064417995512485504
vn 0.42118296027183533 -0.84511995315551758 -0.32920697331428528
vn 0.99385499954223633 -0.10895399749279022 -0.019525999203324318
vn 0.97546261548995972 0.21642692387104034 -0.040398985147476196
vn 0.92832428216934204 -0.36470910906791687 0.072120010852813721
vn 0.46849104762077332 -0.82497912645339966 0.3161100447177887
vn 0.94775980710983276 -0.047236993908882141 0.3154679536819458
vn 0.99955987930297852 -0.015190998092293739 0.025480996817350388
vn 0.94723212718963623 0.31995305418968201 -0.019527003169059753
vn 0.91084957122802734 0.32602819800376892 0.25309816002845764
vn 0.94605588912963867 -0.31625893712043762 0.070416994392871857
vn 0.41302007436752319 -0.7172202467918396 -0.56125712394714355
vn 0.99685943126678467 0.059576019644737244 0.052173011004924774
vn 0.067249022424221039 0.98575437068939209 -0.15416204929351807
vn -0.51075488328933716 -0.85960578918457031 0.014397997409105301
vn 0.35799705982208252 0.86427909135818481 0.3533550500869751
vn 0.86156123876571655 -0.3405630886554718 0.37646913528442383
vn -0.76896607875823975 -0.6304669976234436 -0.10584200173616409
vn -0.64291912317276001 0.72584623098373413 -0.24454505741596222
vn 0.79202479124069214 0.60380679368972778 -0.090077988803386688
vn -0.65985703468322754 0.74358803033828735 0.10800700634717941
vn -0.78924316167831421 -0.61231410503387451 -0.046548005193471909
vn 0.99144381284713745 0.064343981444835663 0.11357397586107254
vn 0.43187403678894043 0.62293404340744019 0.6522560715675354
vn 0.0043910006061196327 0.9943961501121521 0.10562701523303986
vn -0.0018350011669099331 -0.99685043096542358 -0.079283036291599274
vn 0.95966851711273193 -0.20505091547966003 -0.19232891499996185
vn 0.99273210763931274 -0.053002003580331802 -0.10804500430822372
vn 0.74397927522659302 0.66625922918319702 -0.050926018506288528
vn 0.99428081512451172 -0.059241984039545059 -0.088859982788562775
vn 0.79240226745605469 -0.5933411717414856 0.14158004522323608
vn 0.97024518251419067 0.1470780223608017 0.19233402609825134
vn 0.0036369999870657921 0.99651497602462769 -0.083334982395172119
vn 0.26125505566596985 -0.7313271164894104 0.6300051212310791
vn -0.41888591647148132 -0.89790576696395874 0.13527697324752808
vn 0.0038859986234456301 0.98996961116790771 0.14122694730758667
vn 0.72738701105117798 0.67794507741928101 0.10629499703645706
vn 0.78740984201431274 -0.61072486639022827 0.08367098867893219
vn -0.51932483911514282 -0.85451972484588623 -0.0098879961296916008
vn 0.005952000617980957 -0.99973016977310181 -0.022453004494309425
vn 0.93021136522293091 -0.2971591055393219 -0.21541410684585571
vn 0.43483299016952515 0.56240600347518921 -0.70329207181930542
vn 0.97376471757888794 0.070985980331897736 -0.21620193123817444
vn 0.74995815753936768 -0.52348309755325317 -0.40438616275787354
vn 0.9374772310256958 0.0010280002607032657 0.34804508090019226
vn 0.72562199831008911 -0.57711601257324219 0.37471300363540649
vn 0.38527089357376099 0.77593570947647095 -0.49948984384536743
vn 0.96880096197128296 0.22167502343654633 -0.11083701252937317
vn 0.51087594032287598 0.750995934009552 0.41834297776222229
vn 0.97534775733947754 0.025189993903040886 -0.21923094987869263
vn 0.45089012384414673 0.51413512229919434 -0.72963219881057739
vn 0.94700503349304199 0.26568502187728882 0.18053501844406128
vn 0.00198600091971457 0.9900243878364563 0.14088205993175507
vn 0.96672976016998291 0.029076993465423584 -0.25414192676544189
vn 0.45948001742362976 0.46767702698707581 -0.75508695840835571
vn -0.044822990894317627 -0.95447593927383423 0.29490098357200623
vn -0.027880994603037834 -0.92097580432891846 -0.38862091302871704
vn 0.66729211807250977 0.41026613116264343 0.62161314487457275
vn 0.90004199743270874 -0.22081401944160461 0.37572005391120911
vn 0.3856128454208374 0.91936862468719482 -0.07787197083234787
vn -0.8843759298324585 0.46066388487815857 0.07528599351644516
vn -0.92094093561172485 -0.3886529803276062 -0.02857799269258976
vn 0.45658203959465027 0.88038301467895508 -0.12829099595546722
vn 0.67071723937988281 -0.63666719198226929 -0.38051712512969971
vn 0.03120899386703968 0.85613983869552612 0.51580089330673218
vn 0.76578211784362793 -0.32619205117225647 -0.55423504114151001
vn 0.39577594399452209 0.31116592884063721 -0.86402380466461182
vn -0.026430005207657814 -0.79161512851715088 -0.61044812202453613
vn -0.38107800483703613 0.89272588491439819 -0.24045799672603607
vn 0.79252803325653076 0.60843706130981445 -0.041276004165410995
vn -0.91346657276153564 -0.37307283282279968 -0.16246692836284637
vn -0.86974406242370605 0.43119806051254272 -0.2400280237197876
vn 0.51919209957122803 -0.84194815158843994 0.14684303104877472
vn 0.34225115180015564 0.61809724569320679 0.70768630504608154
vn -0.99969303607940674 0.024286001920700073 -0.00490200100466609
vn 0.41884002089500427 0.90570807456970215 -0.065313994884490967
vn 0.7375558614730835 -0.48740491271018982 0.46738395094871521
vn 0.50661206245422363 -0.8582150936126709 0.082529015839099884
vn -0.29176485538482666 0.94485163688659668 0.14875692129135132
vn 0.99153232574462891 0.049036014825105667 -0.1202460378408432
vn -0.47089096903800964 -0.881122887134552 0.043406996876001358
vn 0.97506064176559448 -0.18813993036746979 0.11772895604372025
vn -0.39666604995727539 0.90729814767837524 -0.13952101767063141
vn -0.66146928071975708 -0.74965733289718628 0.021732009947299957
vn 0.99806469678878784 -0.049032986164093018 0.038244988769292831
vn 0.40707510709762573 0.5871351957321167 -0.69968718290328979
vn 0.98332059383392334 0.04810798168182373 -0.1754029244184494
vn 0.42946413159370422 0.81654125452041626 -0.38577312231063843
vn 0.25049105286598206 0.85497325658798218 0.45417508482933044
vn -0.96782785654067993 -0.00045099988346919417 -0.25161290168762207
vn 0.44482603669166565 -0.78672891855239868 0.42800399661064148
vn 0.1976701021194458 0.58339029550552368 0.78777045011520386
vn 0.99602293968200684 -0.062940001487731934 0.063061997294425964
vn 0.36784198880195618 -0.75366908311843872 -0.54467898607254028
vn 0.80089038610458374 -0.49139830470085144 0.34220218658447266
vn 0.46402996778488159 0.53152191638946533 0.7086329460144043
vn 0.98530250787734985 0.07194894552230835 0.15492689609527588
vn 0.97309154272079468 0.14508391916751862 -0.17900693416595459
vn 0.98641210794448853 0.029222005978226662 0.1616700142621994
vn 0.47772020101547241 0.48828420042991638 0.73031634092330933
vn -0.35379096865653992 0.91641891002655029 0.18710498511791229
vn 0.97968012094497681 0.03240000456571579 0.19793200492858887
vn 0.48567885160446167 0.44600185751914978 0.75179678201675415
vn 0.94748562574386597 -0.29211989045143127 0.1301419585943222
vn -0.6585690975189209 -0.73781114816665649 0.14805902540683746
vn -0.54019391536712646 -0.84004884958267212 0.050083987414836884
vn 0.41947898268699646 0.87349796295166016 -0.24706001579761505
vn 0.41235694289207458 0.73682796955108643 0.53576701879501343
vn 0.51642197370529175 0.72588497400283813 -0.45431199669837952
vn 0.97718793153762817 0.20379899442195892 0.059746995568275452
vn 0.044699985533952713 0.99289864301681519 -0.1102459654211998
vn 0.2146579921245575 -0.8168410062789917 -0.53543698787689209
vn 0.30096089839935303 -0.30773690342903137 -0.90261870622634888
vn 0.81297934055328369 -0.28676712512969971 0.50678324699401855
vn 0.44718188047409058 0.30174693465232849 0.84200781583786011
vn -0.3071010410785675 0.85330307483673096 0.42138203978538513
vn 0.3883998692035675 -0.73922175168991089 0.55017882585525513
vn -0.33798208832740784 0.9297061562538147 0.14633703231811523
vn 0.044779021292924881 0.98370152711868286 -0.17414408922195435
vn -0.51015907526016235 -0.82333803176879883 -0.24870102107524872
vn -0.42583277821540833 -0.73840665817260742 -0.52289777994155884
vn 0.30444711446762085 0.31531715393066406 -0.89882534742355347
vn 0.79255717992782593 0.43917912244796753 -0.42305412888526917
vn 0.083505980670452118 -0.99344062805175781 0.078117974102497101
vn 0.71905392408370972 -0.63763195276260376 0.2763819694519043
vn -0.65724903345108032 0.70800405740737915 -0.25836798548698425
vn -0.61792105436325073 0.75863206386566162 0.20652100443840027
vn -0.7821124792098999 -0.61055558919906616 0.12458691745996475
vn 0.043371990323066711 0.98506462574005127 -0.16663295030593872
vn -0.67693382501602173 0.72105592489242554 -0.14777995645999908
vn -0.074804000556468964 -0.9948238730430603 0.068773992359638214
vn 0.30791193246841431 0.57659685611724854 -0.75678682327270508
vn -0.85517734289169312 -0.51791918277740479 -0.02077200822532177
vn 0.98921847343444824 0.087526023387908936 -0.11741402745246887
vn 0.43898382782936096 0.5369037389755249 -0.72043567895889282
vn 0.40150600671768188 -0.72946900129318237 0.55377602577209473
vn 0.95239090919494629 0.29058000445365906 0.092275984585285187
vn 0.44017079472541809 0.71539771556854248 -0.54263776540756226
vn 0.98370498418807983 0.025329001247882843 -0.17799700796604156
vn 0.45452198386192322 0.52781695127487183 -0.71750891208648682
vn 0.45436587929725647 0.77959275245666504 0.43102988600730896
vn 0.23449710011482239 0.84692025184631348 -0.47721821069717407
vn -0.85990583896636963 -0.50834184885025024 0.046373989433050156
vn 0.032400999218225479 0.92084598541259766 -0.38857799768447876
vn 0.97185319662094116 -0.024354005232453346 -0.23432508111000061
vn 0.45763212442398071 0.50034010410308838 -0.73500519990921021
vn 0.064730018377304077 0.595173180103302 0.80098623037338257
vn 0.37266707420349121 -0.28981101512908936 0.88154911994934082
vn -0.072450019419193268 -0.88199722766876221 0.46565210819244385
vn 0.056648988276720047 0.63138586282730103 0.77339690923690796
vn -0.28645694255828857 0.94315379858016968 -0.16853296756744385
vn -0.85773986577987671 0.45407593250274658 0.24103398621082306
vn -0.94679391384124756 -0.26841700077056885 0.17757698893547058
vn 0.17808100581169128 0.63875502347946167 -0.74851799011230469
vn 0.68959987163543701 0.13890697062015533 -0.71074390411376953
vn 0.32259812951087952 0.87366229295730591 0.36420413851737976
vn 0.90667575597763062 0.37728887796401978 0.1886589527130127
vn 0.54024410247802734 0.70803022384643555 -0.45478513836860657
vn -0.68305492401123047 0.66109991073608398 0.31045597791671753
vn 0.27175292372703552 -0.85306268930435181 0.44545978307723999
vn -0.64365887641906738 0.72341287136077881 0.24975395202636719
vn -0.81824386119842529 -0.4813869297504425 -0.31423497200012207
vn -0.088961027562618256 -0.81763029098510742 -0.56882917881011963
vn -0.80058777332305908 -0.59424084424972534 0.077051974833011627
vn -0.049966000020503998 -0.82830506563186646 0.55804497003555298
vn 0.0094050001353025436 0.94025903940200806 0.34032997488975525
vn -0.96895909309387207 0.091668017208576202 0.2295980304479599
vn -0.55952578783035278 -0.82806569337844849 -0.035186983644962311
vn -0.88481944799423218 0.45252525806427002 -0.11097505688667297
vn 0.40819603204727173 -0.17683199048042297 -0.89560395479202271
vn -0.83974474668502808 0.47510084509849548 -0.26288390159606934
vn -0.66538715362548828 0.74082016944885254 0.091899022459983826
vn -0.78771591186523438 -0.59924101829528809 -0.142876997590065
vn 0.99414956569671631 0.045502983033657074 -0.097959958016872406
vn -0.044795986264944077 -0.82777178287506104 -0.55927383899688721
vn -0.34740093350410461 0.9077608585357666 -0.23512297868728638
vn 0.97548800706863403 0.19643199443817139 0.099184997379779816
vn -0.95745807886123657 -0.28814801573753357 0.015643002465367317
vn 0.98950415849685669 0.0036960006691515446 -0.14445702731609344
vn -0.95873993635177612 -0.27049800753593445 -0.087455995380878448
vn 0.023527991026639938 0.8948204517364502 0.44580575823783875
vn 0.99488776922225952 0.082191981375217438 0.058674987405538559
vn 0.46689409017562866 0.50712811946868896 0.72445219755172729
vn 0.992328941822052 0.024972997605800629 0.12107698619365692
vn 0.47963866591453552 0.49995774030685425 0.72110259532928467
vn 0.9826735258102417 -0.015461006201803684 -0.18469905853271484
vn 0.98403310775756836 -0.018807001411914825 0.17698903381824493
vn 0.48375210165977478 0.47581908106803894 0.73456114530563354
vn 0.92200624942779541 0.32606810331344604 0.20876803994178772
vn 0.42855510115623474 0.59087210893630981 0.68352812528610229
vn 0.46622118353843689 0.67759823799133301 0.56876921653747559
vn 0.95439088344573975 0.26231297850608826 -0.14258298277854919
vn -0.92316740751266479 0.36703112721443176 0.11423705518245697
vn -0.97104376554489136 -0.19026494026184082 -0.14447593688964844
vn -0.091268979012966156 -0.39867886900901794 -0.91253775358200073
vn -0.99673587083816528 0.077004991471767426 -0.024245996028184891
vn 0.92655932903289795 -0.12701202929019928 0.35405614972114563
vn 0.47018301486968994 0.39905202388763428 0.78720098733901978
vn 0.93181562423706055 -0.10409095138311386 -0.34768486022949219
vn -0.32899689674377441 0.92647373676300049 -0.18277695775032043
vn -0.32977414131164551 0.88078343868255615 -0.33980810642242432
vn -0.59658914804458618 -0.80223220586776733 -0.022470002993941307
vn -0.99218368530273438 0.065490975975990295 -0.10621897131204605
vn -0.96484929323196411 0.12326003611087799 -0.2321050763130188
vn -0.64180070161819458 0.7202417254447937 -0.26333189010620117
vn -0.099880032241344452 -0.41253113746643066 -0.90545129776000977
vn 0.56293195486068726 0.67216396331787109 0.48093995451927185
vn 0.32504799962043762 0.86828505992889404 -0.37473300099372864
vn 0.9073721170425415 0.34425905346870422 -0.24116702377796173
vn -0.86731082201004028 0.42442190647125244 0.26007294654846191
vn -0.32632890343666077 0.64998781681060791 0.68631279468536377
vn 0.43255284428596497 0.65192484855651855 0.62280982732772827
vn 0.99763405323028564 0.0048949997872114182 -0.068573996424674988
vn -0.92956417798995972 -0.33245205879211426 0.15933002531528473
vn 0.98604357242584229 0.063059970736503601 0.15408292412757874
vn 0.63204807043075562 -0.31909802556037903 -0.70618104934692383
vn 0.44944211840629578 -0.065156012773513794 0.89093011617660522
vn 0.5797991156578064 0.64612811803817749 -0.49633806943893433
vn -0.97044879198074341 -0.020094996318221092 0.24046896398067474
vn 0.97372794151306152 -0.1974019855260849 0.11351798474788666
vn -0.0064120031893253326 0.60131627321243286 -0.79898536205291748
vn 0.99464046955108643 -0.013830006122589111 -0.10246504843235016
vn 0.99847495555877686 0.04237399622797966 0.035386994481086731
vn -0.0008400005754083395 0.61572140455245972 -0.78796344995498657
vn -0.068952001631259918 0.58655500411987305 0.80696892738342285
vn 0.97215181589126587 0.17255197465419769 -0.15857696533203125
vn 0.9917377233505249 -0.014611996710300446 0.12744696438312531
vn 0.0089379986748099327 -0.88285589218139648 0.4695589542388916
vn 0.97936224937438965 -0.01496600080281496 -0.20155800879001617
vn -0.40234595537185669 0.7972569465637207 0.44999897480010986
vn -0.67446738481521606 0.69802236557006836 -0.2405381053686142
vn 0.94255703687667847 0.10314501821994781 0.31772205233573914
vn 0.41510474681854248 0.22650386393070221 0.88112658262252808
vn -0.85639172792434692 -0.49929386377334595 -0.1315249502658844
vn -0.54275786876678467 -0.79713988304138184 0.26454094052314758
vn -0.56284695863723755 -0.70333290100097656 0.43419596552848816
vn 0.99524050951004028 0.0070980042219161987 -0.097190052270889282
vn -0.023446999490261078 0.94642102718353271 -0.3220829963684082
vn 0.99111229181289673 -0.073769025504589081 0.11070003360509872
vn 0.94753307104110718 -0.088349014520645142 0.30720603466033936
vn -0.02299400232732296 -0.83990508317947388 0.54224604368209839
vn 0.91687619686126709 -0.021034004166722298 -0.39861708879470825
vn -0.92260611057281494 0.385652095079422 -0.0083910012617707253
vn -0.94698011875152588 -0.28827202320098877 -0.14187301695346832
vn 0.83644974231719971 -0.22651493549346924 0.49904194474220276
vn 0.86887890100479126 0.21058997511863708 -0.44799694418907166
vn 0.92099767923355103 0.28992891311645508 -0.26020091772079468
vn 0.40095779299736023 0.53966069221496582 -0.74026966094970703
vn -0.97302877902984619 0.032785996794700623 0.2283419668674469
vn 0.057268999516963959 -0.43309107422828674 0.89952898025512695
vn -0.59930950403213501 0.51598262786865234 0.61203759908676147
vn 0.99983507394790649 -0.0053369998931884766 -0.017359001561999321
vn 0.33658695220947266 -0.36412093043327332 -0.86840379238128662
vn -0.51135015487670898 -0.3430781364440918 -0.78792029619216919
vn -0.39601308107376099 0.80612224340438843 -0.43970513343811035
vn 0.37714493274688721 0.8425898551940918 -0.3844529390335083
vn 0.97279167175292969 0.047705978155136108 -0.22671689093112946
vn 0.6938280463218689 -0.26454204320907593 0.66979110240936279
vn -0.40639281272888184 0.24777789413928986 0.87946063280105591
vn 0.55333465337753296 0.22643284499645233 0.80159151554107666
vn 0.99138754606246948 -0.0013229994801804423 0.13095393776893616
vn -0.29587200284004211 -0.83729398250579834 -0.45978096127510071
vn 0.79646682739257813 -0.31683892011642456 0.51502788066864014
vn -0.69207519292831421 -0.27703705430030823 0.66654515266418457
vn 0.61103880405426025 -0.054070986807346344 -0.78975182771682739
vn 0.95129507780075073 -0.015095001086592674 0.30791202187538147
vn -0.042360987514257431 -0.29574990272521973 0.95432567596435547
vn -0.59683793783187866 -0.1794859915971756 -0.7820289134979248
vn 0.919048011302948 0.076197996735572815 -0.38670998811721802
vn 0.35953414440155029 0.17748506367206573 -0.91609728336334229
vn -0.87960898876190186 0.38067600131034851 -0.28526100516319275
vn -0.90154194831848145 0.32182097434997559 0.28922897577285767
vn -0.57917004823684692 0.74377703666687012 -0.33370304107666016
vn 0.99970591068267822 0.0051890001632273197 0.023688003420829773
vn 0.41252714395523071 0.60930716991424561 -0.67717510461807251
vn -0.40966305136680603 0.60222214460372925 -0.68520408868789673
vn -0.99877429008483887 0.019807001575827599 -0.045361008495092392
vn 0.96803963184356689 -0.090335972607135773 -0.23396292328834534
vn -0.74734044075012207 0.44080823659896851 -0.49716228246688843
vn 0.4691368043422699 0.40090283751487732 -0.78688472509384155
vn -0.59876888990402222 0.75250285863876343 -0.2742539644241333
vn 0.65622502565383911 -0.019624000415205956 0.7543100118637085
vn 0.88712054491043091 0.20553989708423615 0.41324383020401001
vn -0.8863646388053894 0.28592288494110107 0.36415085196495056
vn -0.70583957433700562 -0.19791589677333832 0.68016159534454346
vn -0.95907604694366455 -0.19596101343631744 -0.20438301563262939
vn -0.67629098892211914 0.19863499701023102 0.70934802293777466
vn 0.79380178451538086 -0.22401195764541626 -0.5654178261756897
vn -0.71999901533126831 0.66344302892684937 -0.20357999205589294
vn 0.41153904795646667 -0.29844307899475098 0.86114305257797241
vn -0.45307806134223938 -0.2820410430431366 0.84567910432815552
vn -0.79698085784912109 -0.26648697257041931 -0.54203891754150391
vn 0.27647796273231506 -0.025195995345711708 -0.96068990230560303
vn -0.56938892602920532 0.09095599502325058 -0.8170209527015686
vn -0.45938614010810852 0.19662906229496002 -0.86619937419891357
vn 0.50084900856018066 0.18061999976634979 -0.84647899866104126
vn 0.96341431140899658 -0.18507705628871918 -0.19385406374931335
vn -0.98273801803588867 -0.022929999977350235 -0.18357600271701813
vn 0.60134917497634888 0.60402816534042358 0.52300018072128296
vn -0.97924405336380005 0.15996900200843811 0.12446300685405731
vn -0.58901017904281616 0.58665615320205688 -0.55578917264938354
vn -0.96803677082061768 0.10578297078609467 -0.22740893065929413
vn -0.97555714845657349 0.14708401262760162 0.1632620245218277
vn -0.90058314800262451 -0.057679008692502975 0.43084004521369934
vn 0.75793594121932983 -0.30017799139022827 -0.57915997505187988
vn -0.68727391958236694 -0.28339797258377075 -0.66883492469787598
vn -0.86643350124359131 0.14255993068218231 -0.47850769758224487
vn -0.20618005096912384 0.62513017654418945 0.75279617309570313
vn -0.026283007115125656 0.020881010219454765 0.99943643808364868
vn -0.55957484245300293 0.72270482778549194 -0.40567687153816223
vn -0.66686642169952393 0.66157639026641846 0.34293720126152039
vn -0.65847110748291016 0.44512003660202026 -0.60686403512954712
vn -0.060165993869304657 0.46254897117614746 0.88454991579055786
vn -0.86910039186477661 0.29654714465141296 -0.3958841860294342
vn -0.89740943908691406 0.13749206066131592 0.41922816634178162
vn -0.99347466230392456 0.078630968928337097 0.082614973187446594
vn -0.99342125654220581 0.098291024565696716 0.058763016015291214
vn -0.58565902709960938 0.55022293329238892 -0.59519600868225098
vn -0.9880138635635376 -0.053082991391420364 -0.1449509859085083
vn -0.82607108354568481 -0.5503610372543335 -0.12128200381994247
vn -0.99154669046401978 0.064692981541156769 0.11247196048498154
vn -0.9989476203918457 0.045856986194849014 0.00088499969569966197
vn -0.59918498992919922 0.53660202026367188 -0.59416800737380981
vn -0.63113886117935181 0.7586178183555603 -0.1617489755153656
vn -0.57284212112426758 -0.01394200325012207 0.81954717636108398
vn -0.99956363439559937 0.028463989496231079 0.0078979972749948502
vn -0.87792676687240601 -0.40932995080947876 0.24838195741176605
vn -0.67690783739089966 0.13466794788837433 -0.72364377975463867
vn -0.71439427137374878 -0.049825012683868408 -0.6979672908782959
vn -0.76487994194030762 -0.21955898404121399 0.60560095310211182
vn -0.73004007339477539 -0.20249900221824646 -0.6527140736579895
vn -0.97100073099136353 0.073201976716518402 0.22759394347667694
vn -0.54107069969177246 0.81289267539978027 -0.21551789343357086
vn -0.17936497926712036 0.84667485952377319 0.50096893310546875
vn -0.6568107008934021 0.030269986018538475 0.75344771146774292
vn -0.93271720409393311 0.24869704246520996 -0.26112905144691467
vn -0.92412394285202026 -0.062653996050357819 -0.37692096829414368
vn -0.99335294961929321 0.060151997953653336 0.098140984773635864
vn -0.97945564985275269 0.022885991260409355 -0.20035693049430847
vn -0.16564598679542542 0.68399196863174438 -0.7104339599609375
vn -0.91708749532699585 0.23854711651802063 0.3194461464881897
vn -0.90037083625793457 0.14093798398971558 -0.41166597604751587
vn -0.99914038181304932 0.04129297286272049 -0.0036639976315200329
vn -0.97935742139816284 -0.030493013560771942 0.19982308149337769
vn -0.99566709995269775 0.049467016011476517 -0.078740015625953674
vn -0.50465798377990723 0.44726493954658508 0.73842698335647583
vn -0.28651010990142822 -0.86069130897521973 0.42085915803909302
vn -0.94652289152145386 0.26292496919631958 -0.18698896467685699
vn -0.55094271898269653 0.68462264537811279 0.47723573446273804
vn -0.98812484741210938 0.12685500085353851 -0.086700983345508575
vn -0.9546472430229187 0.020897001028060913 0.2970050573348999
vn -0.83254134654998779 -0.52354025840759277 0.18105404078960419
vn -0.98205798864364624 0.070210002362728119 -0.17502200603485107
vn -0.99677187204360962 0.079967983067035675 -0.0071349991485476494
vn -0.99800878763198853 0.043312989175319672 0.045851990580558777
vn -0.94794809818267822 0.31369903683662415 -0.054656006395816803
vn -0.99778008460998535 0.05649300292134285 -0.035262998193502426
vn -0.94865471124649048 -0.0986589714884758 0.30053392052650452
vn -0.54951506853103638 0.42495405673980713 0.719338059425354
vn -0.99583518505096436 0.050832007080316544 0.075686015188694
vn -0.44388300180435181 -0.75778692960739136 -0.47825393080711365
vn -0.99038922786712646 0.13293902575969696 -0.03816300630569458
vn -0.52804827690124512 0.52703231573104858 0.66588437557220459
vn -0.98451048135757446 -0.14448808133602142 0.099309049546718597
vn -0.99463891983032227 0.02432599849998951 0.10050699859857559
vn -0.54371887445449829 0.50845789909362793 0.66771280765533447
vn -0.99649941921234131 0.080248028039932251 0.023435009643435478
vn -0.5315239429473877 0.51946496963500977 0.66905790567398071
vn -0.83090066909790039 0.4711398184299469 -0.29602587223052979
vn -0.72175073623657227 -0.64295476675033569 -0.25629091262817383
vn -0.99408185482025146 0.076508991420269012 0.077120989561080933
vn -0.61501002311706543 0.22356601059436798 -0.75616198778152466
vn -0.34003093838691711 -0.55804288387298584 -0.7569459080696106
vn -0.9464104175567627 -0.25783815979957581 -0.19449111819267273
vn -0.24346604943275452 0.55421501398086548 -0.7959710955619812
vn -0.89628976583480835 0.44090792536735535 -0.047590985894203186
vn -0.54310619831085205 0.7762412428855896 0.32013309001922607
vn -0.24263891577720642 0.834128737449646 -0.49533385038375854
vn -0.95342117547988892 0.08538200706243515 -0.28930604457855225
vn -0.4340929388999939 -0.74250686168670654 0.5101439356803894
vn -0.96971875429153442 -0.20778393745422363 0.12834097445011139
vn -0.3481789231300354 -0.33980992436408997 0.87367081642150879
vn -0.87675684690475464 0.21018394827842712 0.43257388472557068
vn -0.95791208744049072 -0.28686198592185974 -0.01070799957960844
vn -0.99395734071731567 0.10059503465890884 0.043925017118453979
vn -0.58822232484817505 0.44961020350456238 -0.67219430208206177
vn -0.73329275846481323 -0.64756178855895996 0.20723292231559753
vn -0.98640096187591553 -0.0095859989523887634 0.16407698392868042
vn -0.88203144073486328 0.21598908305168152 0.41877114772796631
vn -0.29533612728118896 0.63404721021652222 0.71467524766921997
vn -0.53984910249710083 0.72441112995147705 -0.42870908975601196
vn -0.39551487565040588 0.75569278001785278 0.52201181650161743
vn -0.90687650442123413 0.36352884769439697 0.21312390267848969
vn -0.91228973865509033 0.1973719447851181 -0.35884788632392883
vn -0.95890063047409058 -0.28367489576339722 -0.0061739976517856121
vn -0.78960496187210083 -0.54539495706558228 -0.28119096159934998
vn -0.57728713750839233 0.30875104665756226 -0.75591820478439331
vn -0.83264511823654175 -0.35390904545783997 -0.42597001791000366
vn -0.98913669586181641 -0.0072439978830516338 -0.14681994915008545
vn -0.48883569240570068 0.75285452604293823 0.44073772430419922
vn -0.4744899570941925 0.72473800182342529 -0.49961394071578979
vn -0.93300896883010864 0.33276596665382385 -0.13697098195552826
vn -0.53131997585296631 0.30292999744415283 0.79115897417068481
vn -0.81443911790847778 -0.31577003002166748 0.48680406808853149
vn -0.3764011561870575 0.59211122989654541 -0.71254926919937134
vn -0.9159056544303894 0.18515191972255707 -0.35613983869552612
vn -0.79236096143722534 -0.51823395490646362 0.32186597585678101
vn -0.57837289571762085 0.57866287231445313 -0.5750078558921814
vn -0.97678273916244507 0.19075699150562286 0.097504988312721252
vn -0.91837430000305176 0.18457606434822083 0.35002908110618591
vn -0.98873311281204224 -0.0043140002526342869 0.14962701499462128
vn -0.59311193227767944 0.54021692276000977 -0.59697896242141724
vn -0.99630534648895264 0.079171031713485718 0.033280011266469955
vn -0.61282110214233398 0.49142113327980042 -0.61883407831192017
vn -0.99755245447158813 0.013009005226194859 -0.068701036274433136
vn -0.97303676605224609 -0.22987695038318634 -0.018868995830416679
vn -0.53589588403701782 0.54297089576721191 0.64652782678604126
vn -0.98383039236068726 0.17753607034683228 -0.023638010025024414
vn -0.55307298898696899 0.46824297308921814 0.68909996747970581
vn -0.98994076251983643 0.016465995460748672 0.14052097499370575
vn -0.53785407543182373 0.51209402084350586 0.66968107223510742
vn -0.99628692865371704 0.076552003622055054 0.039396997541189194
vn -0.9443436861038208 0.15972895920276642 -0.28757894039154053
vn -0.99611145257949829 -0.0080649955198168755 -0.08773195743560791
vn -0.97419089078903198 -0.2143709659576416 0.07069098949432373
vn -0.92867583036422729 -0.36603394150733948 0.059835989028215408
vn -0.82432574033737183 -0.26429492235183716 0.50063484907150269
vn -0.79499977827072144 -0.4839838445186615 -0.36569792032241821
vn -0.54970800876617432 -0.17174200713634491 0.81751197576522827
vn -0.69886070489883423 -0.45616984367370605 -0.55091089010238647
vn -0.74333220720291138 -0.45953312516212463 -0.48609313368797302
vn -0.73843377828598022 -0.47537177801132202 -0.47826480865478516
vn -0.22120709717273712 -0.073853030800819397 0.97242641448974609
vn -0.39094904065132141 -0.58343797922134399 -0.71187001466751099
vn 0.04204200953245163 0.0083020022138953209 0.99908137321472168
vn 0.19997894763946533 0.12230595946311951 0.97213667631149292
vn 0.40720793604850769 -0.47061792016029358 -0.78275185823440552
vn 0.44658395648002625 -0.89194488525390625 -0.070689991116523743
vn -0.47947117686271667 0.86565327644348145 -0.14405503869056702
vn -0.78270977735519409 0.53401082754135132 0.31968390941619873
vn -0.906394362449646 0.081372037529945374 -0.41452115774154663
vn -0.57669579982757568 0.46786889433860779 -0.66971683502197266
vn -0.44018891453742981 0.84544992446899414 -0.30240395665168762
vn -0.92850863933563232 0.039122983813285828 -0.36924389004707336
vn 0.45602217316627502 0.1644100546836853 0.87465029954910278
vn 0.46469122171401978 -0.88518631458282471 -0.022523008286952972
vn -0.21716409921646118 -0.93281835317611694 -0.28755810856819153
vn 0.75909185409545898 -0.58899188041687012 -0.2772509753704071
vn -0.78270977735519409 0.53401082754135132 0.31968390941619873
vn -0.83283877372741699 -0.0337819904088974 -0.55248379707336426
vn -0.63596200942993164 0.58733201026916504 -0.50059300661087036
vn -0.99782013893127441 -0.032954011112451553 -0.057175006717443466
vn -0.78270977735519409 0.53401082754135132 0.31968390941619873
vn 0.93118691444396973 -0.33260595798492432 -0.14921200275421143
vn 0.81841486692428589 -0.24180695414543152 -0.5212739109992981
vn -0.92224377393722534 -0.17715194821357727 -0.34363290667533875
vn -0.93935388326644897 -0.15816597640514374 0.30429893732070923
vn -0.62555396556854248 0.33222493529319763 0.70590990781784058
vn 0.84528535604476929 -0.43294021487236023 -0.31313812732696533
vn -0.74423116445541382 -0.15090800821781158 -0.65065103769302368
vn 0.93679779767990112 -0.19871395826339722 -0.28796294331550598
vn -0.80662620067596436 0.12003402411937714 0.57874518632888794
vn 0.4189961850643158 0.63600027561187744 0.64803230762481689
vn 0.63766187429428101 -0.6954958438873291 -0.33116894960403442
vn -0.60368186235427856 0.56857782602310181 0.55882686376571655
vn -0.69337278604507446 0.1568419486284256 0.70330280065536499
vn 0.90147203207015991 -0.22271803021430969 -0.3711400032043457
vn -0.80246281623840332 -0.24032993614673615 -0.54616385698318481
vn -0.67270886898040771 -0.23739494383335114 -0.70078986883163452
vn -0.56528323888778687 0.35922113060951233 0.74257326126098633
vn 0.60109984874725342 0.16280195116996765 0.78241580724716187
vn -0.82430797815322876 -0.12687000632286072 -0.55174297094345093
vn -0.81301498413085938 0.22256401181221008 0.53802591562271118
vn 0.81075477600097656 -0.37931790947914124 -0.44586387276649475
vn -0.70313137769699097 -0.29389914870262146 -0.6474793553352356
vn -0.81490963697433472 -0.14432993531227112 -0.56132978200912476
vn 0.13902397453784943 -0.73631680011749268 -0.66220080852508545
vn -0.28368097543716431 0.52644294500350952 0.80148792266845703
vn -0.92848336696624756 0.18345408141613007 0.32289811968803406
vn 0.93228667974472046 -0.35819089412689209 -0.050406981259584427
vn -0.26457697153091431 0.4406469464302063 0.85780489444732666
vn -0.80301564931869507 -0.23932193219661713 -0.54579383134841919
vn -0.9863741397857666 -0.005018000490963459 -0.16444101929664612
vn 0.85032814741134644 -0.089571014046669006 0.518574059009552
vn -0.88102465867996216 -0.22844089567661285 -0.41425880789756775
vn -0.76900219917297363 -0.36097109317779541 -0.52757513523101807
vn -0.14336000382900238 -0.7177729606628418 -0.68135887384414673
vn -0.61815083026885986 -0.43371191620826721 -0.65557879209518433
vn -0.069914989173412323 -0.49566388130187988 -0.8656957745552063
vn -0.025946997106075287 0.38753697276115417 0.92148894071578979
vn 0.47886183857917786 -0.4486638605594635 -0.75458073616027832
vn -0.078432001173496246 0.5990939736366272 0.79682797193527222
vn -0.71547740697860718 0.28643018007278442 0.63722038269042969
vn 0.77993118762969971 -0.24741306900978088 -0.57488614320755005
vn -0.75387090444564819 0.16257497668266296 0.63659095764160156
vn 0.97710353136062622 0.0086679952219128609 -0.2125878781080246
vn -0.43192186951637268 0.63795185089111328 0.63754284381866455
vn 0.286344975233078 -0.71216088533401489 -0.64096289873123169
vn 0.23449601233005524 0.48717907071113586 0.84123015403747559
vn -0.63290435075759888 0.25665116310119629 0.73045343160629272
vn 0.85141825675964355 -0.082770012319087982 -0.51791512966156006
vn -0.79407960176467896 -0.35870182514190674 -0.49068376421928406
vn 0.53317409753799438 0.44878509640693665 0.7171592116355896
vn 0.26669499278068542 0.76502197980880737 0.58618694543838501
vn -0.41850709915161133 -0.90437221527099609 0.083443023264408112
vn -0.53962975740432739 0.47826880216598511 0.69286268949508667
vn -0.76464599370956421 0.17826700210571289 0.61930394172668457
vn -0.8917618989944458 -0.29316097497940063 -0.34469893574714661
vn -0.71012061834335327 0.30453485250473022 0.63481271266937256
vn -0.94925832748413086 0.034430012106895447 0.31260707974433899
vn -0.34190773963928223 -0.93571639060974121 0.086797945201396942
vn -0.87209022045135498 -0.40347108244895935 -0.2768930196762085
vn 0.69769179821014404 0.53837889432907104 0.47262486815452576
vn -0.99103772640228271 -0.13291694223880768 -0.013314994983375072
vn -0.90714490413665771 0.1373869776725769 0.39775991439819336
vn -0.33595293760299683 -0.93759983777999878 0.089677982032299042
vn -0.95815825462341309 -0.25749504566192627 -0.12501603364944458
vn -0.98938864469528198 -0.017619991675019264 0.14422093331813812
vn -0.60244888067245483 -0.77788281440734863 0.17875595390796661
vn -0.046540997922420502 0.088300995528697968 0.99500596523284912
vn -0.32911711931228638 -0.94076234102249146 0.081536032259464264
vn -0.60244888067245483 -0.77788281440734863 0.17875595390796661
vn 0.16649305820465088 -0.51833117008209229 0.83881634473800659
vn -0.99399304389953613 -0.10876201838254929 0.012191003188490868
vn -0.70659399032592773 -0.70332497358322144 -0.077839002013206482
vn 0.090049974620342255 -0.9755597710609436 0.20043493807315826
vn -0.76645475625991821 -0.63783687353134155 -0.075572974979877472
vn -0.6913459300994873 -0.62884992361068726 -0.35579296946525574
vn -0.022065009921789169 -0.94281649589538574 0.33258113265037537
vn -0.76853525638580322 -0.56644117832183838 0.29748609662055969
vn -0.9545322060585022 -0.29020404815673828 -0.068190008401870728
vn -0.34215891361236572 -0.53894084692001343 -0.76972073316574097
vn -0.93584573268890381 -0.33284690976142883 0.1157829612493515
vn -0.90040546655654907 -0.23669382929801941 -0.36502879858016968
vn -0.75672978162765503 -0.58392983675003052 -0.29391491413116455
vn -0.77520406246185303 -0.36903402209281921 0.51271098852157593
vn -0.82411915063858032 -0.50115609169006348 -0.26395106315612793
vn -0.81854861974716187 -0.5636177659034729 0.11096494644880295
vn -0.76455634832382202 -0.49072617292404175 0.41790118813514709
vn -0.82835626602172852 -0.3553730845451355 -0.433054119348526
vn -0.38810908794403076 -0.69346719980239868 -0.60702109336853027
vn -0.73898816108703613 -0.44561910629272461 -0.50529211759567261
vn -0.72160917520523071 -0.54249113798141479 0.43009716272354126
vn -0.74852228164672852 -0.44656914472579956 -0.49019423127174377
vn 0.084722012281417847 -0.85687315464019775 0.5085180401802063
vn -0.29877206683158875 -0.2167060524225235 0.92939430475234985
vn -0.58121418952941895 -0.49089416861534119 0.64900922775268555
vn -0.75176101922988892 -0.53210502862930298 -0.38951203227043152
vn -0.78879261016845703 -0.61402565240859985 0.027905985713005066
vn -0.78278714418411255 -0.34338808059692383 -0.51896905899047852
vn -0.75122004747390747 -0.61129200458526611 -0.24897904694080353
vn -0.58201509714126587 -0.45132309198379517 0.67643618583679199
vn -0.77797162532806396 -0.53477376699447632 0.32981383800506592
vn 0.59492182731628418 -0.72516274452209473 0.34670889377593994
vn -0.74581003189086914 -0.51152908802032471 -0.42673808336257935
vn -0.68315911293029785 -0.55410605669021606 -0.4756680428981781
vn -0.62612015008926392 -0.45967110991477966 0.62982219457626343
vn -0.37722381949424744 -0.4681277871131897 0.79909861087799072
vn -0.65702223777770996 -0.53553420305252075 -0.53058916330337524
vn -0.68270093202590942 -0.34925097227096558 -0.64182800054550171
vn -0.70274972915649414 -0.57952976226806641 -0.41265982389450073
vn -0.67590630054473877 -0.52195924520492554 -0.52029722929000854
vn -0.69332218170166016 -0.61240220069885254 -0.3798261284828186
vn -0.27356898784637451 -0.45716595649719238 0.84626197814941406
vn -0.49440225958824158 -0.54326027631759644 -0.67855334281921387
vn -0.27299395203590393 -0.37580090761184692 0.88557779788970947
vn -0.6358036994934082 -0.64521771669387817 -0.42361277341842651
vn -0.2907659113407135 -0.40300989151000977 0.86777776479721069
vn -0.41913017630577087 -0.34822714328765869 -0.83849132061004639
vn -0.45248302817344666 -0.48375600576400757 -0.74915903806686401
vn -0.43593207001686096 -0.65096604824066162 -0.62145507335662842
vn 0.11505904048681259 -0.64667320251464844 -0.7540392279624939
vn 0.12286796420812607 -0.35968491435050964 0.92494875192642212
vn 0.090920977294445038 -0.29657194018363953 0.95067262649536133
vn 0.04687899723649025 -0.30285501480102539 0.95188295841217041
vn 0.14753498136997223 -0.38979697227478027 0.90900593996047974
vn 0.010734997689723969 -0.40097799897193909 -0.91602480411529541
vn -0.029374992474913597 -0.36994591355323792 -0.92858880758285522
vn -0.030137021094560623 -0.56039136648178101 -0.82767945528030396
vn -0.015042003244161606 -0.66378718614578247 -0.74777024984359741
vn 0.77295321226119995 -0.1408020406961441 0.61864215135574341
vn 0.29108506441116333 -0.20489202439785004 0.93449920415878296
vn 0.9843982458114624 0.059481013566255569 -0.16559603810310364
vn 0.97989577054977417 0.19662095606327057 -0.033829990774393082
vn 0.36035105586051941 -0.19439604878425598 0.91233617067337036
vn 0.43935996294021606 -0.24146197736263275 -0.86525082588195801
vn 0.46209484338760376 -0.41570180654525757 -0.78336477279663086
vn 0.47045385837554932 -0.21601293981075287 0.85557675361633301
vn 0.49845388531684875 -0.31908094882965088 0.80605894327163696
vn 0.48223289847373962 -0.52414596080780029 -0.70194190740585327
vn 0.98291480541229248 0.16666896641254425 -0.078101985156536102
vn 0.50661581754684448 -0.65215277671813965 -0.56394779682159424
vn 0.67235672473907471 -0.090811960399150848 -0.73463571071624756
vn 0.52764409780502319 -0.13613501191139221 0.83848613500595093
vn 0.76046019792556763 -0.40611812472343445 -0.50672316551208496
vn 0.75381726026535034 -0.36498507857322693 -0.54639315605163574
vn 0.72570979595184326 -0.24755892157554626 -0.64191889762878418
vn 0.82754385471343994 -0.38073897361755371 -0.41256394982337952
vn 0.56378394365310669 -0.18586598336696625 0.8047369122505188
vn 0.77804213762283325 -0.36478805541992188 -0.51144903898239136
vn 0.80547803640365601 -0.43536007404327393 -0.4020780622959137
vn 0.80609130859375 -0.15953406691551208 -0.56988215446472168
vn 0.68749165534973145 0.007190996315330267 0.72615665197372437
vn 0.72356891632080078 -0.098935991525650024 0.68312495946884155
vn -0.84843885898590088 0.093881011009216309 -0.52090096473693848
vn 0.84316414594650269 -0.027723001316189766 0.5369410514831543
vn 0.78348207473754883 -0.36676302552223206 -0.50163805484771729
vn 0.9853898286819458 0.14865496754646301 0.083117984235286713
vn 0.81175404787063599 -0.45502704381942749 -0.366068035364151
vn 0.7447364330291748 -0.62878328561782837 -0.22360512614250183
vn 0.95236814022064209 0.15731002390384674 -0.2612440288066864
vn 0.8199877142906189 -0.092941977083683014 0.56478482484817505
vn 0.91783452033996582 -0.37545877695083618 -0.12888193130493164
vn -0.84141367673873901 0.42403388023376465 0.33498990535736084
vn 0.90566617250442505 0.19355803728103638 0.37723207473754883
vn 0.97067636251449585 0.2395671010017395 0.019874008372426033
vn 0.93096214532852173 -0.25925701856613159 0.25709003210067749
vn -0.92646533250808716 0.37556314468383789 0.024785010144114494
vn 0.92664891481399536 0.073075994849205017 -0.3687569797039032
vn 0.8911101222038269 -0.23952902853488922 -0.3854200541973114
vn 0.92411118745803833 -0.19887202978134155 -0.32629504799842834
vn 0.98202240467071533 0.18749406933784485 0.021862009540200233
vn 0.98365914821624756 -0.063009008765220642 0.16865502297878265
vn 0.96703362464904785 -0.21059592068195343 -0.14316195249557495
vn -0.79122209548950195 0.55559909343719482 0.25549405813217163
vn -0.81881105899810791 0.57394105195999146 -0.011837001889944077
vn -0.73428565263748169 0.66336369514465332 0.14412893354892731
vn -0.37694311141967773 0.89003318548202515 -0.25642704963684082
vn -0.78458917140960693 0.17053104937076569 0.59610313177108765
vn -0.66896164417266846 0.73138463497161865 0.13253992795944214
vn -0.60093808174133301 0.79772907495498657 -0.050018005073070526
vn -0.87280464172363281 0.47841480374336243 -0.096598953008651733
vn -0.20178203284740448 0.8661271333694458 -0.45728307962417603
vn -0.44959884881973267 0.83243370056152344 -0.32390588521957397
vn -0.64267987012863159 0.14228296279907227 0.75280684232711792
vn -0.70047366619110107 0.4721297025680542 -0.53519171476364136
vn -0.2857440710067749 0.72629117965698242 -0.62518113851547241
vn -0.44469171762466431 0.38238275051116943 -0.80995845794677734
vn -0.45851778984069824 0.12245094031095505 0.88020861148834229
vn -0.16636799275875092 0.5065159797668457 -0.8460279107093811
vn 0 0.016174003481864929 0.99986916780471802
vn 0 -0.079596012830734253 0.99682718515396118
vn 0 0.84972202777862549 -0.52723097801208496
vn 0 0.71782773733139038 -0.6962207555770874
vn 0 0.50683885812759399 -0.86204081773757935
vn 0.16636799275875092 0.5065159797668457 -0.8460279107093811
vn 0.45851778984069824 0.12245094031095505 0.88020861148834229
vn 0.44469171762466431 0.38238275051116943 -0.80995845794677734
vn 0.2857440710067749 0.72629117965698242 -0.62518113851547241
vn 0.70047366619110107 0.4721297025680542 -0.53519171476364136
vn 0.64267987012863159 0.14228296279907227 0.75280684232711792
vn 0.82049071788787842 0.50903081893920898 -0.26015889644622803
vn 0.70206755399703979 0.073109053075313568 0.70834755897521973
vn 0.44959884881973267 0.83243370056152344 -0.32390588521957397
vn 0.20178203284740448 0.8661271333694458 -0.45728307962417603
vn 0.87280464172363281 0.47841480374336243 -0.096598953008651733
vn 0.87516027688980103 0.4826531708240509 -0.033769011497497559
vn 0.60093808174133301 0.79772907495498657 -0.050018005073070526
vn 0.80269318819046021 0.10000902414321899 0.58794713020324707
vn 0.66896164417266846 0.73138463497161865 0.13253992795944214
vn 0.78458917140960693 0.17053104937076569 0.59610313177108765
vn 0.37694311141967773 0.89003318548202515 -0.25642704963684082
vn 0.73428565263748169 0.66336369514465332 0.14412893354892731
vn 0.81881105899810791 0.57394105195999146 -0.011837001889944077
vn 0.89731818437576294 0.1318950355052948 0.42121705412864685
vn 0.53927791118621826 0.8406379222869873 -0.050071995705366135
vn 0.91148984432220459 0.29280292987823486 0.28888189792633057
vn 0.94768440723419189 0.12680606544017792 0.29294112324714661
vn 0.79122209548950195 0.55559909343719482 0.25549405813217163
vn 0.69723081588745117 0.68330776691436768 0.216701939702034
vn 0.92276304960250854 0.24114003777503967 0.30059906840324402
vn 0.89884299039840698 0.30005601048469543 0.31944900751113892
vn -0.99611145257949829 0.0080649955198168755 0.08773195743560791
vn -0.97419089078903198 0.2143709659576416 -0.07069098949432373
vn -0.9443436861038208 -0.15972895920276642 0.28757894039154053
vn -0.53785407543182373 -0.51209402084350586 -0.66968107223510742
vn -0.99628692865371704 -0.076552003622055054 -0.039396997541189194
vn -0.55307298898696899 -0.46824297308921814 -0.68909996747970581
vn -0.98994076251983643 -0.016465995460748672 -0.14052097499370575
vn -0.53589588403701782 -0.54297089576721191 -0.64652782678604126
vn -0.98383039236068726 -0.17753607034683228 0.023638010025024414
vn -0.97303676605224609 0.22987695038318634 0.018868995830416679
vn -0.61282110214233398 -0.49142113327980042 0.61883407831192017
vn -0.99755245447158813 -0.013009005226194859 0.068701036274433136
vn -0.59311193227767944 -0.54021692276000977 0.59697896242141724
vn -0.99630534648895264 -0.079171031713485718 -0.033280011266469955
vn -0.98873311281204224 0.0043140002526342869 -0.14962701499462128
vn -0.91837430000305176 -0.18457606434822083 -0.35002908110618591
vn -0.57837289571762085 -0.57866287231445313 0.5750078558921814
vn -0.97678273916244507 -0.19075699150562286 -0.097504988312721252
vn -0.79236096143722534 0.51823395490646362 -0.32186597585678101
vn -0.3764011561870575 -0.59211122989654541 0.71254926919937134
vn -0.9159056544303894 -0.18515191972255707 0.35613983869552612
vn -0.53131997585296631 -0.30292999744415283 -0.79115897417068481
vn -0.81443911790847778 0.31577003002166748 -0.48680406808853149
vn -0.48883569240570068 -0.75285452604293823 -0.44073772430419922
vn -0.93300896883010864 -0.33276596665382385 0.13697098195552826
vn -0.4744899570941925 -0.72473800182342529 0.49961394071578979
vn -0.98913669586181641 0.0072439978830516338 0.14681994915008545
vn -0.57728713750839233 -0.30875104665756226 0.75591820478439331
vn -0.83264511823654175 0.35390904545783997 0.42597001791000366
vn -0.78960496187210083 0.54539495706558228 0.28119096159934998
vn -0.95890063047409058 0.28367489576339722 0.0061739976517856121
vn -0.91228973865509033 -0.1973719447851181 0.35884788632392883
vn -0.53984910249710083 -0.72441112995147705 0.42870908975601196
vn -0.39551487565040588 -0.75569278001785278 -0.52201181650161743
vn -0.90687650442123413 -0.36352884769439697 -0.21312390267848969
vn -0.88203144073486328 -0.21598908305168152 -0.41877114772796631
vn -0.29533612728118896 -0.63404721021652222 -0.71467524766921997
vn -0.98640096187591553 0.0095859989523887634 -0.16407698392868042
vn -0.73329275846481323 0.64756178855895996 -0.20723292231559753
vn -0.58822232484817505 -0.44961020350456238 0.67219430208206177
vn -0.95791208744049072 0.28686198592185974 0.01070799957960844
vn -0.99395734071731567 -0.10059503465890884 -0.043925017118453979
vn -0.87675684690475464 -0.21018394827842712 -0.43257388472557068
vn -0.3481789231300354 0.33980992436408997 -0.87367081642150879
vn -0.96971875429153442 0.20778393745422363 -0.12834097445011139
vn -0.4340929388999939 0.74250686168670654 -0.5101439356803894
vn -0.95342117547988892 -0.08538200706243515 0.28930604457855225
vn -0.54310619831085205 -0.7762412428855896 -0.32013309001922607
vn -0.24263891577720642 -0.834128737449646 0.49533385038375854
vn -0.89628976583480835 -0.44090792536735535 0.047590985894203186
vn -0.24346604943275452 -0.55421501398086548 0.7959710955619812
vn -0.9464104175567627 0.25783815979957581 0.19449111819267273
vn -0.61501002311706543 -0.22356601059436798 0.75616198778152466
vn -0.34003093838691711 0.55804288387298584 0.7569459080696106
vn -0.99408185482025146 -0.076508991420269012 -0.077120989561080933
vn -0.72175073623657227 0.64295476675033569 0.25629091262817383
vn -0.83090066909790039 -0.4711398184299469 0.29602587223052979
vn -0.99649941921234131 -0.080248028039932251 -0.023435009643435478
vn -0.5315239429473877 -0.51946496963500977 -0.66905790567398071
vn -0.99463891983032227 -0.02432599849998951 -0.10050699859857559
vn -0.54371887445449829 -0.50845789909362793 -0.66771280765533447
vn -0.98451048135757446 0.14448808133602142 -0.099309049546718597
vn -0.99038922786712646 -0.13293902575969696 0.03816300630569458
vn -0.52804827690124512 -0.52703231573104858 -0.66588437557220459
vn -0.44388300180435181 0.75778692960739136 0.47825393080711365
vn -0.99774998426437378 -0.052863001823425293 -0.041237000375986099
vn -0.94865471124649048 0.0986589714884758 -0.30053392052650452
vn -0.54951506853103638 -0.42495405673980713 -0.719338059425354
vn -0.94794809818267822 -0.31369903683662415 0.054656006395816803
vn -0.99672490358352661 -0.080598987638950348 0.0065819984301924706
vn -0.99752259254455566 -0.043019987642765045 -0.055658988654613495
vn -0.98438388109207153 -0.068560995161533356 0.16213499009609222
vn -0.9546472430229187 -0.020897001028060913 -0.2970050573348999
vn -0.83254134654998779 0.52354025840759277 -0.18105404078960419
vn -0.98892056941986084 -0.1247069463133812 0.080524973571300507
vn -0.94652289152145386 -0.26292496919631958 0.18698896467685699
vn -0.55094271898269653 -0.68462264537811279 -0.47723573446273804
vn -0.50465798377990723 -0.44726493954658508 -0.73842698335647583
vn -0.28651010990142822 0.86069130897521973 -0.42085915803909302
vn -0.99515616893768311 -0.047989007085561752 0.085798017680644989
vn -0.97935742139816284 0.030493013560771942 -0.19982308149337769
vn -0.99914038181304932 -0.04129297286272049 0.0036639976315200329
vn -0.90037083625793457 -0.14093798398971558 0.41166597604751587
vn -0.91708749532699585 -0.23854711651802063 -0.3194461464881897
vn -0.16564598679542542 -0.68399196863174438 0.7104339599609375
vn -0.97945564985275269 -0.022885991260409355 0.20035693049430847
vn -0.99335294961929321 -0.060151997953653336 -0.098140984773635864
vn -0.92412394285202026 0.062653996050357819 0.37692096829414368
vn -0.93271720409393311 -0.24869704246520996 0.26112905144691467
vn -0.6568107008934021 -0.030269986018538475 -0.75344771146774292
vn -0.17936497926712036 -0.84667485952377319 -0.50096893310546875
vn -0.54107069969177246 -0.81289267539978027 0.21551789343357086
vn -0.97100073099136353 -0.073201976716518402 -0.22759394347667694
vn -0.73004007339477539 0.20249900221824646 0.6527140736579895
vn -0.71439427137374878 0.049825012683868408 0.6979672908782959
vn -0.76487994194030762 0.21955898404121399 -0.60560095310211182
vn -0.67690783739089966 -0.13466794788837433 0.72364377975463867
vn -0.99956363439559937 -0.028463989496231079 -0.0078979972749948502
vn -0.87792676687240601 0.40932995080947876 -0.24838195741176605
vn -0.57284212112426758 0.01394200325012207 -0.81954717636108398
vn -0.99154669046401978 -0.064692981541156769 -0.11247196048498154
vn -0.9989476203918457 -0.045856986194849014 -0.00088499969569966197
vn -0.59918498992919922 -0.53660202026367188 0.59416800737380981
vn -0.63113886117935181 -0.7586178183555603 0.1617489755153656
vn -0.82607108354568481 0.5503610372543335 0.12128200381994247
vn -0.9880138635635376 0.053082991391420364 0.1449509859085083
vn -0.86910039186477661 -0.29654714465141296 0.3958841860294342
vn -0.89740943908691406 -0.13749206066131592 -0.41922816634178162
vn -0.99347466230392456 -0.078630968928337097 -0.082614973187446594
vn -0.99342125654220581 -0.098291024565696716 -0.058763016015291214
vn -0.58565902709960938 -0.55022293329238892 0.59519600868225098
vn -0.060165993869304657 -0.46254897117614746 -0.88454991579055786
vn -0.65847110748291016 -0.44512003660202026 0.60686403512954712
vn -0.55957484245300293 -0.72270482778549194 0.40567687153816223
vn -0.66686642169952393 -0.66157639026641846 -0.34293720126152039
vn -0.026283007115125656 -0.020881010219454765 -0.99943643808364868
vn -0.20618005096912384 -0.62513017654418945 -0.75279617309570313
vn -0.86643326282501221 -0.14256006479263306 0.4785081148147583
vn -0.90058314800262451 0.057679008692502975 -0.43084004521369934
vn -0.68727391958236694 0.28339797258377075 0.66883492469787598
vn 0.75793594121932983 0.30017799139022827 0.57915997505187988
vn -0.97555714845657349 -0.14708401262760162 -0.1632620245218277
vn -0.97924405336380005 -0.15996900200843811 -0.12446300685405731
vn -0.58901017904281616 -0.58665615320205688 0.55578917264938354
vn -0.96803677082061768 -0.10578297078609467 0.22740893065929413
vn 0.96341431140899658 0.18507705628871918 0.19385406374931335
vn -0.98273801803588867 0.022929999977350235 0.18357600271701813
vn 0.60134917497634888 -0.60402816534042358 -0.52300018072128296
vn -0.45938614010810852 -0.19662906229496002 0.86619937419891357
vn 0.50084900856018066 -0.18061999976634979 0.84647899866104126
vn 0.27647796273231506 0.025195995345711708 0.96068990230560303
vn -0.56938892602920532 -0.09095599502325058 0.8170209527015686
vn -0.79698085784912109 0.26648697257041931 0.54203891754150391
vn -0.45307806134223938 0.2820410430431366 -0.84567910432815552
vn 0.41153904795646667 0.29844307899475098 -0.86114305257797241
vn -0.67629098892211914 -0.19863499701023102 -0.70934802293777466
vn 0.79380178451538086 0.22401195764541626 0.5654178261756897
vn -0.71999901533126831 -0.66344302892684937 0.20357999205589294
vn -0.95907604694366455 0.19596101343631744 0.20438301563262939
vn -0.70583957433700562 0.19791589677333832 -0.68016159534454346
vn -0.8863646388053894 -0.28592288494110107 -0.36415085196495056
vn 0.88712054491043091 -0.20553989708423615 -0.41324383020401001
vn 0.65622502565383911 0.019624000415205956 -0.7543100118637085
vn -0.74734044075012207 -0.44080823659896851 0.49716228246688843
vn 0.4691368043422699 -0.40090283751487732 0.78688472509384155
vn -0.59876888990402222 -0.75250285863876343 0.2742539644241333
vn 0.97152853012084961 0.090883053839206696 0.21879811584949493
vn -0.99877429008483887 -0.019807001575827599 0.045361008495092392
vn 0.99956244230270386 -0.0036320015788078308 -0.029355013743042946
vn -0.40966305136680603 -0.60222214460372925 0.68520408868789673
vn 0.41252714395523071 -0.60930716991424561 0.67717510461807251
vn -0.90154194831848145 -0.32182097434997559 -0.28922897577285767
vn -0.57917004823684692 -0.74377703666687012 0.33370304107666016
vn -0.87960898876190186 -0.38067600131034851 0.28526100516319275
vn 0.919048011302948 -0.076197996735572815 0.38670998811721802
vn 0.35953414440155029 -0.17748506367206573 0.91609728336334229
vn -0.59683793783187866 0.1794859915971756 0.7820289134979248
vn -0.042360987514257431 0.29574990272521973 -0.95432567596435547
vn 0.95129507780075073 0.015095001086592674 -0.30791202187538147
vn 0.61103880405426025 0.054070986807346344 0.78975182771682739
vn 0.79646682739257813 0.31683892011642456 -0.51502788066864014
vn -0.69207519292831421 0.27703705430030823 -0.66654515266418457
vn 0.99068355560302734 0.0013760006986558437 -0.13617707788944244
vn -0.29587200284004211 0.83729398250579834 0.45978096127510071
vn -0.40639281272888184 -0.24777789413928986 -0.87946063280105591
vn 0.55333465337753296 -0.22643284499645233 -0.80159151554107666
vn 0.98161607980728149 -0.036621004343032837 0.18731999397277832
vn 0.6938280463218689 0.26454204320907593 -0.66979110240936279
vn -0.39601308107376099 -0.80612224340438843 0.43970513343811035
vn 0.37714493274688721 -0.8425898551940918 0.3844529390335083
vn 0.33658695220947266 0.36412093043327332 0.86840379238128662
vn -0.51135015487670898 0.3430781364440918 0.78792029619216919
vn 0.99982428550720215 0.01214500330388546 -0.014278004877269268
vn -0.59930950403213501 -0.51598262786865234 -0.61203759908676147
vn 0.057268999516963959 0.43309107422828674 -0.89952898025512695
vn -0.97302877902984619 -0.032785996794700623 -0.2283419668674469
vn 0.88809537887573242 -0.18845207989215851 0.41925221681594849
vn 0.92099767923355103 -0.28992891311645508 0.26020091772079468
vn 0.40095779299736023 -0.53966069221496582 0.74026966094970703
vn 0.83644974231719971 0.22651493549346924 -0.49904194474220276
vn -0.94698011875152588 0.28827202320098877 0.14187301695346832
vn -0.92260611057281494 -0.385652095079422 0.0083910012617707253
vn 0.91687619686126709 0.021034004166722298 0.39861708879470825
vn 0.94753307104110718 0.088349014520645142 -0.30720603466033936
vn -0.022993983700871468 0.83990538120269775 -0.54224556684494019
vn 0.99766010046005249 0.046883001923561096 -0.04976300522685051
vn -0.023446999490261078 -0.94642102718353271 0.3220829963684082
vn -0.56284695863723755 0.70333290100097656 -0.43419596552848816
vn -0.54275786876678467 0.79713988304138184 -0.26454094052314758
vn -0.85639172792434692 0.49929386377334595 0.1315249502658844
vn 0.41510474681854248 -0.22650386393070221 -0.88112658262252808
vn 0.94255703687667847 -0.10314501821994781 -0.31772205233573914
vn 0.98303318023681641 0.017132002860307693 0.18262602388858795
vn -0.40234595537185669 -0.7972569465637207 -0.44999897480010986
vn -0.67446738481521606 -0.69802236557006836 0.2405381053686142
vn 0.97655874490737915 -0.16304194927215576 0.14053595066070557
vn 0.99128186702728271 0.016374997794628143 -0.13073699176311493
vn 0.0089379986748099327 0.88285589218139648 -0.4695589542388916
vn -0.068952001631259918 -0.58655500411987305 -0.80696892738342285
vn -0.0008400005754083395 -0.61572140455245972 0.78796344995498657
vn 0.99755406379699707 -0.024606006219983101 -0.065425008535385132
vn 0.99123853445053101 0.0070449966005980968 0.13189594447612762
vn -0.97044879198074341 0.020094996318221092 -0.24046896398067474
vn 0.5797991156578064 -0.64612811803817749 0.49633806943893433
vn 0.94525980949401855 0.27296492457389832 -0.17881295084953308
vn -0.0064120031893253326 -0.60131627321243286 0.79898536205291748
vn 0.63204807043075562 0.31909802556037903 0.70618104934692383
vn 0.44944211840629578 0.065156012773513794 -0.89093011617660522
vn 0.98604357242584229 -0.063059970736503601 -0.15408292412757874
vn -0.92956417798995972 0.33245205879211426 -0.15933002531528473
vn 0.99763405323028564 -0.0048949997872114182 0.068573996424674988
vn -0.32632890343666077 -0.64998781681060791 -0.68631279468536377
vn 0.43255284428596497 -0.65192484855651855 -0.62280982732772827
vn -0.86731082201004028 -0.42442190647125244 -0.26007294654846191
vn -0.099880032241344452 0.41253113746643066 0.90545129776000977
vn 0.56293195486068726 -0.67216396331787109 -0.48093995451927185
vn 0.32504799962043762 -0.86828505992889404 0.37473300099372864
vn 0.9073721170425415 -0.34425905346870422 0.24116702377796173
vn -0.64180070161819458 -0.7202417254447937 0.26333189010620117
vn -0.96484929323196411 -0.12326003611087799 0.2321050763130188
vn -0.99218368530273438 -0.065490975975990295 0.10621897131204605
vn -0.59658914804458618 0.80223220586776733 0.022470002993941307
vn -0.32977414131164551 -0.88078343868255615 0.33980810642242432
vn -0.32899689674377441 -0.92647373676300049 0.18277695775032043
vn 0.93181562423706055 0.10409095138311386 0.34768486022949219
vn 0.92655932903289795 0.12701202929019928 -0.35405614972114563
vn 0.47018301486968994 -0.39905202388763428 -0.78720098733901978
vn -0.99673587083816528 -0.077004991471767426 0.024245996028184891
vn -0.091268979012966156 0.39867886900901794 0.91253775358200073
vn -0.97104376554489136 0.19026494026184082 0.14447593688964844
vn -0.92316740751266479 -0.36703112721443176 -0.11423705518245697
vn 0.46622118353843689 -0.67759823799133301 -0.56876921653747559
vn 0.95439088344573975 -0.26231297850608826 0.14258298277854919
vn 0.92200624942779541 -0.32606810331344604 -0.20876803994178772
vn 0.42855510115623474 -0.59087210893630981 -0.68352812528610229
vn 0.9826735258102417 0.015461006201803684 0.18469905853271484
vn 0.98403310775756836 0.018807001411914825 -0.17698903381824493
vn 0.48375210165977478 -0.47581908106803894 -0.73456114530563354
vn 0.99234968423843384 -0.022484993562102318 -0.12139396369457245
vn 0.47963866591453552 -0.49995774030685425 -0.72110259532928467
vn 0.99461567401885986 -0.071187980473041534 -0.075311988592147827
vn 0.46689409017562866 -0.50712811946868896 -0.72445219755172729
vn 0.023527991026639938 -0.8948204517364502 -0.44580575823783875
vn -0.95873993635177612 0.27049800753593445 0.087455995380878448
vn 0.98950415849685669 -0.0036960006691515446 0.14445702731609344
vn -0.95745807886123657 0.28814801573753357 -0.015643002465367317
vn 0.97548800706863403 -0.19643199443817139 -0.099184997379779816
vn -0.34740093350410461 -0.9077608585357666 0.23512297868728638
vn 0.99414956569671631 -0.045502983033657074 0.097959958016872406
vn -0.044795986264944077 0.82777178287506104 0.55927383899688721
vn -0.78771591186523438 0.59924101829528809 0.142876997590065
vn -0.66538715362548828 -0.74082016944885254 -0.091899022459983826
vn 0.40819603204727173 0.17683199048042297 0.89560395479202271
vn -0.83974474668502808 -0.47510084509849548 0.26288390159606934
vn -0.88481944799423218 -0.45252525806427002 0.11097505688667297
vn -0.55952578783035278 0.82806569337844849 0.035186983644962311
vn 0.0094050001353025436 -0.94025903940200806 -0.34032997488975525
vn -0.96895909309387207 -0.091668017208576202 -0.2295980304479599
vn -0.049966000020503998 0.82830506563186646 -0.55804497003555298
vn -0.80058741569519043 0.59424132108688354 -0.077052026987075806
vn -0.088961027562618256 0.81763029098510742 0.56882917881011963
vn -0.81824386119842529 0.4813869297504425 0.31423497200012207
vn -0.64365887641906738 -0.72341287136077881 -0.24975395202636719
vn 0.27175292372703552 0.85306268930435181 -0.44545978307723999
vn -0.68305492401123047 -0.66109991073608398 -0.31045597791671753
vn 0.32259812951087952 -0.87366229295730591 -0.36420413851737976
vn 0.90667575597763062 -0.37728887796401978 -0.1886589527130127
vn 0.54024410247802734 -0.70803022384643555 0.45478513836860657
vn 0.68959987163543701 -0.13890697062015533 0.71074390411376953
vn 0.17808100581169128 -0.63875502347946167 0.74851799011230469
vn -0.85773986577987671 -0.45407593250274658 -0.24103398621082306
vn -0.94679391384124756 0.26841700077056885 -0.17757698893547058
vn -0.28645694255828857 -0.94315379858016968 0.16853296756744385
vn 0.056648988276720047 -0.63138586282730103 -0.77339690923690796
vn -0.072450019419193268 0.88199722766876221 -0.46565210819244385
vn 0.064730018377304077 -0.595173180103302 -0.80098623037338257
vn 0.37266707420349121 0.28981101512908936 -0.88154911994934082
vn 0.97185319662094116 0.024354005232453346 0.23432508111000061
vn 0.45763212442398071 -0.50034010410308838 0.73500519990921021
vn 0.032400999218225479 -0.92084598541259766 0.38857799768447876
vn -0.85990583896636963 0.50834184885025024 -0.046373989433050156
vn 0.45436587929725647 -0.77959275245666504 -0.43102988600730896
vn 0.23449710011482239 -0.84692025184631348 0.47721821069717407
vn 0.95239090919494629 -0.29058000445365906 -0.092275984585285187
vn 0.44017079472541809 -0.71539771556854248 0.54263776540756226
vn 0.98370498418807983 -0.025329001247882843 0.17799700796604156
vn 0.45452198386192322 -0.52781695127487183 0.71750891208648682
vn 0.40150600671768188 0.72946900129318237 -0.55377602577209473
vn 0.98921847343444824 -0.087526023387908936 0.11741402745246887
vn 0.43898382782936096 -0.5369037389755249 0.72043567895889282
vn -0.85517734289169312 0.51791918277740479 0.02077200822532177
vn 0.30791193246841431 -0.57659685611724854 0.75678682327270508
vn -0.074804000556468964 0.9948238730430603 -0.068773992359638214
vn 0.043371990323066711 -0.98506462574005127 0.16663295030593872
vn -0.67693382501602173 -0.72105592489242554 0.14777995645999908
vn -0.78211295604705811 0.61055499315261841 -0.12458698451519012
vn -0.61792105436325073 -0.75863206386566162 -0.20652100443840027
vn -0.65724903345108032 -0.70800405740737915 0.25836798548698425
vn 0.71905392408370972 0.63763195276260376 -0.2763819694519043
vn 0.083505980670452118 0.99344062805175781 -0.078117974102497101
vn 0.79255717992782593 -0.43917912244796753 0.42305412888526917
vn 0.30444711446762085 -0.31531715393066406 0.89882534742355347
vn -0.42583277821540833 0.73840665817260742 0.52289777994155884
vn -0.51015907526016235 0.82333803176879883 0.24870102107524872
vn 0.044779021292924881 -0.98370152711868286 0.17414408922195435
vn -0.33798208832740784 -0.9297061562538147 -0.14633703231811523
vn 0.3883998692035675 0.73922175168991089 -0.55017882585525513
vn -0.3071010410785675 -0.85330307483673096 -0.42138203978538513
vn 0.81297934055328369 0.28676712512969971 -0.50678324699401855
vn 0.44718188047409058 -0.30174693465232849 -0.84200781583786011
vn 0.30096089839935303 0.30773690342903137 0.90261870622634888
vn 0.2146579921245575 0.8168410062789917 0.53543698787689209
vn 0.41235694289207458 -0.73682796955108643 -0.53576701879501343
vn 0.97718793153762817 -0.20379899442195892 -0.059746995568275452
vn 0.51642197370529175 -0.72588497400283813 0.45431199669837952
vn 0.044699985533952713 -0.99289864301681519 0.1102459654211998
vn 0.41947898268699646 -0.87349796295166016 0.24706001579761505
vn -0.54019391536712646 0.84004884958267212 -0.050083987414836884
vn -0.6585690975189209 0.73781114816665649 -0.14805902540683746
vn 0.94748562574386597 0.29211989045143127 -0.1301419585943222
vn 0.97968012094497681 -0.03240000456571579 -0.19793200492858887
vn 0.48567885160446167 -0.44600185751914978 -0.75179678201675415
vn 0.98641210794448853 -0.029222005978226662 -0.1616700142621994
vn 0.47772020101547241 -0.48828420042991638 -0.73031634092330933
vn -0.35379096865653992 -0.91641891002655029 -0.18710498511791229
vn 0.97309154272079468 -0.14508391916751862 0.17900693416595459
vn 0.46402996778488159 -0.53152191638946533 -0.7086329460144043
vn 0.98530250787734985 -0.07194894552230835 -0.15492689609527588
vn 0.80089038610458374 0.49139830470085144 -0.34220218658447266
vn 0.36784198880195618 0.75366908311843872 0.54467898607254028
vn 0.99602293968200684 0.062940001487731934 -0.063061997294425964
vn 0.1976701021194458 -0.58339029550552368 -0.78777045011520386
vn 0.44482603669166565 0.78672891855239868 -0.42800399661064148
vn -0.96782785654067993 0.00045099988346919417 0.25161290168762207
vn 0.25049105286598206 -0.85497325658798218 -0.45417508482933044
vn 0.42946413159370422 -0.81654125452041626 0.38577312231063843
vn 0.98332059383392334 -0.04810798168182373 0.1754029244184494
vn 0.40707510709762573 -0.5871351957321167 0.69968718290328979
vn 0.99806469678878784 0.049032986164093018 -0.038244988769292831
vn -0.66146928071975708 0.74965733289718628 -0.021732009947299957
vn -0.39666604995727539 -0.90729814767837524 0.13952101767063141
vn 0.97506064176559448 0.18813993036746979 -0.11772895604372025
vn -0.47089096903800964 0.881122887134552 -0.043406996876001358
vn 0.99153232574462891 -0.049036014825105667 0.1202460378408432
vn -0.29176485538482666 -0.94485163688659668 -0.14875692129135132
vn 0.41884002089500427 -0.90570807456970215 0.065313994884490967
vn 0.7375558614730835 0.48740491271018982 -0.46738395094871521
vn 0.50661206245422363 0.8582150936126709 -0.082529015839099884
vn -0.99969303607940674 -0.024286001920700073 0.00490200100466609
vn 0.34225115180015564 -0.61809724569320679 -0.70768630504608154
vn 0.51919209957122803 0.84194815158843994 -0.14684303104877472
vn -0.86974406242370605 -0.43119806051254272 0.2400280237197876
vn -0.91346657276153564 0.37307283282279968 0.16246692836284637
vn 0.79252803325653076 -0.60843706130981445 0.041276004165410995
vn -0.38107800483703613 -0.89272588491439819 0.24045799672603607
vn -0.026430005207657814 0.79161512851715088 0.61044812202453613
vn 0.76578211784362793 0.32619205117225647 0.55423504114151001
vn 0.39577594399452209 -0.31116592884063721 0.86402380466461182
vn 0.67071723937988281 0.63666719198226929 0.38051712512969971
vn 0.03120899386703968 -0.85613983869552612 -0.51580089330673218
vn 0.45658203959465027 -0.88038301467895508 0.12829099595546722
vn -0.92094093561172485 0.3886529803276062 0.02857799269258976
vn -0.8843759298324585 -0.46066388487815857 -0.07528599351644516
vn 0.3856128454208374 -0.91936862468719482 0.07787197083234787
vn 0.90004199743270874 0.22081401944160461 -0.37572005391120911
vn 0.66729211807250977 -0.41026613116264343 -0.62161314487457275
vn -0.027880994603037834 0.92097580432891846 0.38862091302871704
vn -0.044822990894317627 0.95447593927383423 -0.29490098357200623
vn 0.96672976016998291 -0.029076993465423584 0.25414192676544189
vn 0.45948001742362976 -0.46767702698707581 0.75508695840835571
vn 0.00198600091971457 -0.9900243878364563 -0.14088205993175507
vn 0.94700503349304199 -0.26568502187728882 -0.18053501844406128
vn 0.38527089357376099 -0.77593570947647095 0.49948984384536743
vn 0.96880096197128296 -0.22167502343654633 0.11083701252937317
vn 0.51087594032287598 -0.750995934009552 -0.41834297776222229
vn 0.97534775733947754 -0.025189993903040886 0.21923094987869263
vn 0.45089012384414673 -0.51413512229919434 0.72963219881057739
vn 0.72562199831008911 0.57711601257324219 -0.37471300363540649
vn 0.9374772310256958 -0.0010280002607032657 -0.34804508090019226
vn 0.74995815753936768 0.52348309755325317 0.40438616275787354
vn 0.43483299016952515 -0.56240600347518921 0.70329207181930542
vn 0.97376471757888794 -0.070985980331897736 0.21620193123817444
vn 0.93021136522293091 0.2971591055393219 0.21541410684585571
vn 0.005952000617980957 0.99973016977310181 0.022453004494309425
vn -0.51932483911514282 0.85451972484588623 0.0098879961296916008
vn 0.72738701105117798 -0.67794507741928101 -0.10629499703645706
vn 0.78740984201431274 0.61072486639022827 -0.08367098867893219
vn 0.0038859986234456301 -0.98996961116790771 -0.14122694730758667
vn 0.26125505566596985 0.7313271164894104 -0.6300051212310791
vn -0.41888591647148132 0.89790576696395874 -0.13527697324752808
vn 0.0036369999870657921 -0.99651497602462769 0.083334982395172119
vn 0.97024518251419067 -0.1470780223608017 -0.19233402609825134
vn 0.79240226745605469 0.5933411717414856 -0.14158004522323608
vn 0.99428081512451172 0.059241984039545059 0.088859982788562775
vn 0.74397927522659302 -0.66625922918319702 0.050926018506288528
vn 0.99273210763931274 0.053002003580331802 0.10804500430822372
vn 0.95966851711273193 0.20505091547966003 0.19232891499996185
vn -0.0018350011669099331 0.99685043096542358 0.079283036291599274
vn 0.0043910006061196327 -0.9943961501121521 -0.10562701523303986
vn 0.99144381284713745 -0.064343981444835663 -0.11357397586107254
vn 0.43187403678894043 -0.62293404340744019 -0.6522560715675354
vn -0.65985703468322754 -0.74358803033828735 -0.10800700634717941
vn -0.78924316167831421 0.61231410503387451 0.046548005193471909
vn 0.79202479124069214 -0.60380679368972778 0.090077988803386688
vn -0.64291864633560181 -0.72584670782089233 0.24454489350318909
vn -0.76896607875823975 0.6304669976234436 0.10584200173616409
vn 0.86156123876571655 0.3405630886554718 -0.37646913528442383
vn 0.35799705982208252 -0.86427909135818481 -0.3533550500869751
vn -0.51075488328933716 0.85960578918457031 -0.014397997409105301
vn 0.99685943126678467 -0.059576019644737244 -0.052173011004924774
vn 0.067249022424221039 -0.98575437068939209 0.15416204929351807
vn 0.41302007436752319 0.7172202467918396 0.56125712394714355
vn 0.94605588912963867 0.31625893712043762 -0.070416994392871857
vn 0.91084957122802734 -0.32602819800376892 -0.25309816002845764
vn 0.94723212718963623 -0.31995305418968201 0.019527003169059753
vn 0.99955987930297852 0.015190998092293739 -0.025480996817350388
vn 0.94775980710983276 0.047236993908882141 -0.3154679536819458
vn 0.92832428216934204 0.36470910906791687 -0.072120010852813721
vn 0.46849104762077332 0.82497912645339966 -0.3161100447177887
vn 0.97546261548995972 -0.21642692387104034 0.040398985147476196
vn 0.99385499954223633 0.10895399749279022 0.019525999203324318
vn 0.42118209600448608 0.84512031078338623 0.32920709252357483
vn 0.34927892684936523 -0.93480187654495239 -0.064417995512485504
vn -0.50032311677932739 0.86580830812454224 -0.0072670024819672108
vn 0.43237805366516113 -0.90141111612319946 -0.0225210040807724
vn 0.4454217255115509 0.75511860847473145 -0.4810357391834259
vn -0.046540997922420502 -0.088300995528697968 -0.99500596523284912
vn -0.60244888067245483 0.77788281440734863 -0.17875595390796661
vn 0.74217599630355835 -0.65354198217391968 -0.14851799607276917
vn 0.54043781757354736 0.83840572834014893 0.070730969309806824
vn 0.73772519826889038 0.47941914200782776 0.47530919313430786
vn 0.38035392761230469 -0.91777390241622925 -0.11411397159099579
vn 0.31351494789123535 -0.94575107097625732 -0.08522498607635498
vn 0.47509616613388062 0.87764137983322144 0.063476033508777618
vn -0.54327082633972168 0.83224779367446899 0.11054596304893494
vn -0.34199994802474976 -0.93410784006118774 -0.10236497968435287
vn -0.22619006037712097 -0.95058131217956543 0.21268102526664734
vn -0.469603031873703 0.88166803121566772 0.046201001852750778
vn 0.71335011720657349 0.62001317739486694 -0.32667306065559387
vn 0.89296036958694458 0.25459107756614685 0.3712211549282074
vn 0.94030600786209106 -0.32134401798248291 0.11208301037549973
vn 0.47433918714523315 -0.87917935848236084 -0.045233011245727539
vn 0.74149662256240845 -0.65925371646881104 -0.1247689500451088
vn 0.94338828325271606 -0.010019002482295036 0.3315390944480896
vn 0.66490632295608521 -0.74275529384613037 0.078830026090145111
vn 0.73097997903823853 0.57839703559875488 0.36211201548576355
vn 0.69397109746932983 -0.71388214826583862 -0.093682020902633667
vn 0.78214198350906372 0.62141299247741699 0.045823998749256134
vn 0.68666595220565796 -0.72344392538070679 -0.071545980870723724
vn 0.79227453470230103 0.60219264030456543 0.098310947418212891
vn 0.26285487413406372 -0.96467649936676025 0.017507992684841156
vn 0.16649305820465088 0.51833117008209229 -0.83881634473800659
vn -0.32911711931228638 0.94076234102249146 -0.081536032259464264
vn -0.60244888067245483 0.77788281440734863 -0.17875595390796661
vn -0.99399304389953613 0.10876201838254929 -0.012191003188490868
vn 0.658538818359375 0.59792882204055786 -0.45695486664772034
vn -0.77046710252761841 -0.35268604755401611 -0.53103011846542358
vn -0.046540997922420502 -0.088300995528697968 -0.99500596523284912
vn -0.33595293760299683 0.93759983777999878 -0.089677982032299042
vn -0.95815825462341309 0.25749504566192627 0.12501603364944458
vn 0.15014694631099701 -0.9627266526222229 0.22497393190860748
vn 0.8018348217010498 0.41910085082054138 -0.42592886090278625
vn 0.0018110001692548394 0.98000413179397583 0.19896902143955231
vn 0.00076299969805404544 -0.99594473838806152 -0.089963965117931366
vn -0.90714490413665771 -0.1373869776725769 -0.39775991439819336
vn 0.87838339805603027 -0.40652516484260559 -0.25135612487792969
vn 0.92782533168792725 -0.37170913815498352 -0.031184013932943344
vn 0.95168471336364746 0.30534589290618896 0.032558988779783249
vn 0.89485609531402588 0.30254209041595459 0.3281780481338501
vn 0.90838617086410522 -0.36810615658760071 0.19832403957843781
vn 0.69021975994110107 -0.70176774263381958 -0.17640493810176849
vn -0.068090975284576416 -0.93811583518981934 -0.33956190943717957
vn 0.075578004121780396 -0.38738003373146057 -0.91881698369979858
vn 0.99907219409942627 -0.040972009301185608 -0.013268003240227699
vn 0.9145958423614502 -0.018167996779084206 -0.40396091341972351
vn 0.17301203310489655 -0.94789117574691772 0.26752406358718872
vn 0.96217495203018188 0.03515198826789856 0.27015495300292969
vn -0.34190773963928223 0.93571639060974121 -0.086797945201396942
vn -0.82181531190872192 0.45294001698493958 0.34563705325126648
vn 0.93460577726364136 -0.33995094895362854 -0.10461997985839844
vn 0.93412864208221436 0.35491988062858582 0.037887986749410629
vn 0.35113704204559326 0.85916513204574585 0.37220701575279236
vn -0.34834089875221252 0.93727177381515503 -0.013425996527075768
vn 0.99947869777679443 0.025278991088271141 -0.02008199505507946
vn 0.084475025534629822 -0.99155932664871216 0.098357029259204865
vn 0.46442717313766479 0.85699629783630371 0.22330407798290253
vn 0.36027815937995911 -0.93275940418243408 -0.012631005607545376
vn 0.67546099424362183 0.47897300124168396 -0.56065797805786133
vn -0.29591801762580872 -0.49588203430175781 -0.81641507148742676
vn 0.78333932161331177 -0.4451892077922821 -0.43380418419837952
vn -0.073680035769939423 -0.46578824520111084 -0.88182342052459717
vn -0.54278308153152466 -0.46982008218765259 -0.69617211818695068
vn 0.3752770721912384 0.86106622219085693 0.34312108159065247
vn 0.19202402234077454 0.33456301689147949 0.92260193824768066
vn 0.13495995104312897 -0.98668062686920166 0.090813964605331421
vn 0.078240014612674713 -0.38672709465026855 -0.91886919736862183
vn -0.26669499278068542 0.76502197980880737 0.58618694543838501
vn -0.41850709915161133 0.90437221527099609 -0.083443023264408112
vn 0.1654699444770813 -0.98014861345291138 0.10921696573495865
vn -0.043548990041017532 -0.67056679725646973 0.7405698299407959
vn 0.80061197280883789 0.061360999941825867 -0.59603297710418701
vn -0.21261195838451385 -0.16315196454524994 -0.96341973543167114
vn 0.70558911561965942 0.66515213251113892 0.2443699985742569
vn 0.64423519372940063 -0.76153320074081421 0.0709100142121315
vn -0.19834299385547638 -0.54638904333114624 -0.81370699405670166
vn 0.66105514764785767 0.66642618179321289 0.34479308128356934
vn 0.2318871021270752 0.31470614671707153 0.92042839527130127
vn 0.81821668148040771 0.45722189545631409 0.34852486848831177
vn 0.8460233211517334 -0.4924771785736084 0.20423206686973572
vn 0.57462036609649658 -0.79916244745254517 0.17649610340595245
vn -0.050990022718906403 -0.53247523307800293 0.84490835666656494
vn -0.35979709029197693 -0.67262023687362671 -0.64662826061248779
vn 0.93663012981414795 -0.059916004538536072 0.34515804052352905
vn -0.084381997585296631 -0.87530994415283203 0.4761430025100708
vn 0.078432001173496246 0.5990939736366272 0.79682797193527222
vn -0.099217027425765991 -0.64586019515991211 -0.7569812536239624
vn -0.081459999084472656 -0.96732181310653687 -0.24010995030403137
vn 0.69968503713607788 0.5478559136390686 0.45857900381088257
vn 0.19271695613861084 0.2240479439496994 0.95533382892608643
vn 0.75998985767364502 -0.52188485860824585 0.3873649537563324
vn -0.525543212890625 -0.79579931497573853 0.30084511637687683
vn -0.70303797721862793 0.021572999656200409 0.71082502603530884
vn -0.0077800010330975056 -0.18721503019332886 0.98228812217712402
vn 0.8441733717918396 0.060210026800632477 0.53267824649810791
vn -0.67195993661880493 0.4019000232219696 0.62204998731613159
vn 0.065251030027866364 -0.041764020919799805 0.9969944953918457
vn 0.14336000382900238 -0.7177729606628418 -0.68135887384414673
vn -0.99388861656188965 0.022965990006923676 -0.10797196626663208
vn -0.98552602529525757 0.023274004459381104 -0.16791899502277374
vn -0.49296793341636658 -0.55362093448638916 -0.67118293046951294
vn -0.083991996943950653 -0.94875186681747437 0.30465599894523621
vn -0.98588025569915771 -0.0061160014010965824 0.16734004020690918
vn -0.50727593898773193 -0.5174899697303772 0.68911194801330566
vn -0.9870150089263916 -0.1439250111579895 0.071323007345199585
vn -0.59935593605041504 -0.68379396200180054 -0.41617098450660706
vn -0.48120507597923279 -0.71099907159805298 0.51275914907455444
vn -0.99121958017349243 0.12325794249773026 0.047866970300674438
vn -0.98492723703384399 0.036146998405456543 0.16915003955364227
vn -0.5178648829460144 -0.47478291392326355 0.71161586046218872
vn -0.95461189746856689 0.2697109580039978 0.12638098001480103
vn -0.25107690691947937 0.46707478165626526 0.84782165288925171
vn -0.37958720326423645 -0.35508820414543152 -0.85429847240447998
vn -0.97820109128952026 0.033149003982543945 0.20499703288078308
vn -0.52283823490142822 -0.43345719575881958 0.73399937152862549
vn -0.98158532381057739 0.111254021525383 0.15528304874897003
vn -0.97492271661758423 -0.058935973793268204 -0.2145979106426239
vn -0.83901959657669067 0.42593979835510254 -0.33855780959129333
vn 0.98184770345687866 -0.042661983519792557 -0.18481093645095825
vn -0.87577635049819946 -0.33859515190124512 0.3440481424331665
vn -0.95408421754837036 -0.27871406078338623 0.10973502695560455
vn -0.96706002950668335 0.166578009724617 -0.19247503578662872
vn -0.96663618087768555 -0.17061702907085419 -0.19106103479862213
vn -0.98964273929595947 0.14161096513271332 0.023527994751930237
vn -0.73719090223312378 0.57674890756607056 0.35200893878936768
vn -0.77316528558731079 0.35986316204071045 0.5222201943397522
vn -0.46842998266220093 -0.28881996870040894 0.83495891094207764
vn -0.35130384564399719 -0.82511669397354126 -0.44245681166648865
vn -0.52350896596908569 -0.74754387140274048 0.4087989330291748
vn -0.39754804968833923 -0.55533212423324585 -0.73045313358306885
vn -0.7061501145362854 -0.34602305293083191 -0.61775404214859009
vn -0.91853517293930054 0.37575805187225342 0.12287802994251251
vn -0.87608093023300171 0.42765799164772034 0.22269001603126526
vn -0.89226245880126953 0.43953424692153931 -0.1033310666680336
vn -0.99119699001312256 0.0087209995836019516 0.13210797309875488
vn -0.77942687273025513 -0.62646389007568359 0.0060609988868236542
vn -0.80875289440155029 -0.55726903676986694 -0.18806898593902588
vn -0.35081496834754944 -0.74957996606826782 0.56130093336105347
vn -0.79739969968795776 0.28770387172698975 -0.53045284748077393
vn -0.90712821483612061 0.13699203729629517 0.39793410897254944
vn -0.97634851932525635 -0.207346111536026 0.061247032135725021
vn -0.97326254844665527 0.051367972046136856 0.22387787699699402
vn 0.37298515439033508 -0.45781418681144714 0.80702430009841919
vn -0.8795163631439209 -0.22175706923007965 0.42104008793830872
vn -0.69842696189880371 0.39625397324562073 -0.59597194194793701
vn 0.70371198654174805 0.26326701045036316 -0.65990900993347168
vn -0.8937232494354248 -0.43732112646102905 0.10004501044750214
vn -0.6741449236869812 -0.19279097020626068 0.71299386024475098
vn -0.94508326053619385 -0.27372506260871887 -0.17858403921127319
vn -0.98509788513183594 0.068872995674610138 -0.15760298073291779
vn 0.73589169979095459 0.17848293483257294 -0.6531517505645752
vn -0.63860791921615601 0.71512001752853394 0.2842240035533905
vn -0.82499492168426514 -0.54580193758010864 -0.14657299220561981
vn 0.88935345411300659 -0.32944416999816895 0.31704416871070862
vn -0.91409033536911011 0.29328680038452148 0.28003880381584167
vn 0.92263340950012207 0.01284500677138567 -0.38546419143676758
vn -0.29376983642578125 0.0058079971931874752 -0.95585852861404419
vn -0.73225706815719604 -0.49668008089065552 -0.46594899892807007
vn 0.6933479905128479 -0.22652900218963623 -0.68407100439071655
vn -0.99756002426147461 0.050262998789548874 -0.048452001065015793
vn 0.98908144235610962 -0.12307004630565643 -0.081066012382507324
vn -0.99412298202514648 0.076839998364448547 0.076256997883319855
vn -0.25924199819564819 -0.5860450267791748 -0.76768797636032104
vn -0.7693290114402771 -0.61805301904678345 -0.16168899834156036
vn -0.98698717355728149 0.073905013501644135 0.14280901849269867
vn -0.9137871265411377 0.39057007431983948 -0.11157102882862091
vn -0.40678495168685913 -0.14587998390197754 -0.90180099010467529
vn -0.97061681747436523 0.0032869994174689054 -0.24060794711112976
vn -0.29897689819335938 -0.41222488880157471 -0.86062967777252197
vn -0.75899487733840942 0.56562089920043945 0.32248994708061218
vn -0.94700020551681519 0.071739017963409424 0.31312006711959839
vn -0.10430596768856049 -0.98588168621063232 -0.13098694384098053
vn -0.31393507122993469 0.32216712832450867 0.89311426877975464
vn -0.52422380447387695 -0.6532738208770752 0.54628080129623413
vn -0.96989208459854126 -0.20538601279258728 -0.13086602091789246
vn -0.70044189691543579 0.67502188682556152 0.2317899763584137
vn -0.50858110189437866 -0.49476912617683411 0.70466220378875732
vn -0.99686849117279053 -0.0063010021112859249 0.078826040029525757
vn -0.73262530565261841 0.68030828237533569 -0.020996009930968285
vn -0.28246709704399109 0.78341513872146606 0.55360007286071777
vn -0.53710633516311646 -0.13900308310985565 -0.83198255300521851
vn 0.41840696334838867 -0.2347479909658432 -0.87739896774291992
vn -0.98970937728881836 -0.092933036386966705 -0.10880604386329651
vn -0.33078885078430176 0.099141955375671387 0.93848258256912231
vn -0.87748801708221436 0.045272998511791229 0.47745698690414429
vn -0.99855351448059082 0.022558990865945816 0.048804983496665955
vn -0.34137889742851257 -0.928932785987854 0.14333295822143555
vn -0.5222400426864624 -0.48608106374740601 0.70070713758468628
vn -0.99029713869094849 0.045808006078004837 0.13119901716709137
vn -0.99407011270523071 0.055372003465890884 0.093587011098861694
vn -0.49672609567642212 -0.86197417974472046 -0.10131002962589264
vn -0.76465898752212524 -0.64228898286819458 0.052549999207258224
vn -0.6128767728805542 -0.64353978633880615 0.45851781964302063
vn -0.56664079427719116 -0.75461077690124512 -0.3308788537979126
vn -0.76176232099533081 -0.40411314368247986 -0.50637012720108032
vn -0.51986575126647949 -0.8392035961151123 -0.1596149206161499
vn -0.98601078987121582 0.087229974567890167 0.14203396439552307
vn 0.65475606918334961 -0.18421101570129395 -0.73304897546768188
vn 0.060062021017074585 -0.04172101616859436 0.99732238054275513
vn -0.51984506845474243 0.64943599700927734 0.55497205257415771
vn 0.534199059009552 0.5912240743637085 0.60422301292419434
vn -0.52322381734848022 -0.46288982033729553 0.71552067995071411
vn -0.9790535569190979 0.08719094842672348 0.18398889899253845
vn -0.72828984260559082 0.56420785188674927 0.38892590999603271
vn -0.48344674706459045 -0.8189355731010437 -0.30923086404800415
vn -0.11806999891996384 -0.94654393196105957 -0.30019000172615051
vn -0.9365202784538269 0.15664105117321014 0.3136771023273468
vn 0.31086885929107666 -0.66395163536071777 -0.68009465932846069
vn -0.50344985723495483 -0.58533185720443726 -0.635550856590271
vn 0.87882965803146362 -0.21365989744663239 -0.42662382125854492
vn 0.66747015714645386 -0.092690020799636841 0.73884516954421997
vn -0.10985897481441498 -0.62828588485717773 -0.7701869010925293
vn -0.71371400356292725 0.69593298435211182 -0.079306997358798981
vn -0.20861800014972687 0.49929293990135193 -0.84094297885894775
vn 0.64068806171417236 -0.25701701641082764 -0.72350609302520752
vn -0.90960502624511719 0.19688500463962555 0.36586201190948486
vn -0.50302302837371826 -0.38691696524620056 0.77282798290252686
vn -0.1440550684928894 0.87756747007369995 0.45730021595954895
vn -0.46088215708732605 -0.87867826223373413 -0.12454801052808762
vn 0.26056492328643799 -0.86410164833068848 -0.43062081933021545
vn -0.48130026459693909 -0.80384242534637451 -0.34955313801765442
vn 0.97189432382583618 -0.14170801639556885 -0.18799005448818207
vn 0.9525342583656311 -0.094784006476402283 0.28930005431175232
vn 0.99069011211395264 -0.130156010389328 -0.039905998855829239
vn -0.3444620668888092 0.39026013016700745 0.85384011268615723
vn -0.87345421314239502 0.22302305698394775 0.43282613158226013
vn 0.98955404758453369 -0.1253960132598877 0.071124009788036346
vn -0.24554404616355896 -0.77154916524887085 -0.58687311410903931
vn 0.58838099241256714 -0.52429598569869995 -0.61556601524353027
vn -0.098132006824016571 -0.57416701316833496 -0.81283599138259888
vn -0.31034103035926819 0.053476002067327499 0.94911998510360718
vn -0.84507197141647339 0.26019200682640076 0.46706900000572205
vn -0.3509710431098938 0.33953702449798584 0.87265914678573608
vn 0.52109289169311523 0.24835295975208282 0.81656783819198608
vn 0.90003287792205811 -0.33753490447998047 -0.27570092678070068
vn 0.44631510972976685 -0.79697912931442261 -0.40697306394577026
vn 0.5707128643989563 -0.74774080514907837 0.33936789631843567
vn -0.65363103151321411 0.72863811254501343 0.20458002388477325
vn -0.51046514511108398 -0.85989838838577271 0.00038400012999773026
vn -0.38665312528610229 0.86605221033096313 0.31694307923316956
vn 0.97440767288208008 -0.20444396138191223 -0.093446969985961914
vn 0.79698997735977173 0.16462999582290649 0.5811229944229126
vn -0.33387297391891479 0.78869295120239258 0.51622891426086426
vn -0.39097896218299866 0.91926592588424683 -0.045667994767427444
vn 0.98748713731765747 -0.15682001411914825 -0.016633002087473869
vn 0.83283877372741699 -0.0337819904088974 -0.55248379707336426
vn 0.63596200942993164 0.58733201026916504 -0.50059300661087036
vn 0.98158961534500122 -0.040236983448266983 0.18671593070030212
vn -0.13171793520450592 -0.89229857921600342 -0.43180277943611145
vn 0.99242514371871948 -0.11599399894475937 0.040469001978635788
vn 0.10387998074293137 0.29549494385719299 0.94967979192733765
vn -0.14943502843379974 -0.9792291522026062 -0.13703803718090057
vn 0.030112013220787048 0.44055917859077454 0.89721840620040894
vn 0.91635262966156006 -0.34922584891319275 -0.1958039253950119
vn 0.44931173324584961 -0.75964051485061646 0.47017574310302734
vn -0.41032788157463074 0.91171562671661377 0.020139992237091064
vn -0.15008801221847534 -0.97890204191207886 -0.1386520117521286
vn 0.15957596898078918 0.83950185775756836 0.51939594745635986
vn -0.19054996967315674 -0.98032683134078979 0.051477991044521332
vn 0.13220006227493286 0.86832940578460693 0.47804516553878784
vn -0.15290500223636627 -0.98291110992431641 -0.10249800235033035
vn -0.21716409921646118 0.93281835317611694 0.28755810856819153
vn 0.68299216032028198 0.7014581561088562 0.20366200804710388
vn -0.2928241491317749 -0.94696545600891113 -0.13232707977294922
vn 0.97586381435394287 -0.21337895095348358 -0.046467985957860947
vn 0.45653712749481201 -0.60121816396713257 0.65582817792892456
vn 0.5879746675491333 -0.0386049784719944 0.80795758962631226
vn 0.059339988976716995 -0.6677587628364563 -0.7420087456703186
vn 0.10225199162960052 -0.87150704860687256 -0.47960403561592102
vn 0.4240860641002655 -0.84900307655334473 0.31519007682800293
vn 0.98756712675094604 -0.1565060168504715 0.014733001589775085
vn 0.46251070499420166 -0.59171158075332642 0.66027361154556274
vn 0.95924794673919678 0.027565997093915939 0.28121793270111084
vn 0.49980801343917847 -0.49420204758644104 0.71130603551864624
vn 0.14057604968547821 -0.5914231538772583 -0.79401326179504395
vn 0.99099969863891602 -0.096415966749191284 0.092862971127033234
vn 0.47806206345558167 -0.57961905002593994 0.65992307662963867
vn -0.23878896236419678 0.62513786554336548 -0.74308985471725464
vn 0.7217247486114502 -0.048574984073638916 -0.69047367572784424
vn -0.38442376255989075 0.86109346151351929 0.33277082443237305
vn 0.51677507162094116 0.83695703744888306 0.18012902140617371
vn -0.12810604274272919 -0.99092936515808105 0.040593013167381287
vn -0.11376600712537766 -0.99191200733184814 -0.056283999234437943
vn 0.12302093207836151 0.8118366003036499 0.57077771425247192
vn -0.37617591023445129 0.90458887815475464 0.20052596926689148
vn 0.23096603155136108 -0.91503417491912842 -0.33070707321166992
vn 0.13399706780910492 0.89821034669876099 0.41864418983459473
vn 0.38944476842880249 0.81295347213745117 0.4329427182674408
vn -0.22755391895771027 -0.97368162870407104 0.012776995077729225
vn 0.040645003318786621 0.99910306930541992 0.011877001263201237
vn 0.18715508282184601 0.98191827535629272 0.028451008722186089
vn 0.1732669323682785 -0.9789586067199707 -0.10778994113206863
vn 0.22029507160186768 -0.97075736522674561 -0.095395036041736603
vn 0.51941895484924316 -0.49614197015762329 -0.69573491811752319
vn 0.2445310652256012 -0.95921319723129272 -0.14182603359222412
vn 0.41299495100975037 0.30967095494270325 0.85646897554397583
vn -0.57245916128158569 -0.40156105160713196 -0.71487009525299072
vn -0.49923202395439148 -0.018110999837517738 -0.86627906560897827
vn 0.34896710515022278 -0.79547023773193359 -0.49542814493179321
vn 0.89565885066986084 -0.42196887731552124 -0.14048996567726135
vn 0.37304285168647766 -0.81986171007156372 0.43435677886009216
vn 0.53292566537857056 0.69787067174911499 0.47850468754768372
vn 0.075621992349624634 -0.97705096006393433 0.19912998378276825
vn 0.26757407188415527 -0.64529114961624146 -0.71554416418075562
vn 0.89405190944671631 -0.25929597020149231 -0.36528995633125305
vn 0.65455693006515503 -0.74497389793395996 -0.12872098386287689
vn -0.55589503049850464 -0.67572307586669922 -0.48412707448005676
vn 0.57772809267044067 0.65767115354537964 0.48342412710189819
vn 0.25065606832504272 -0.96729022264480591 0.039002012461423874
vn 0.78840512037277222 0.57203513383865356 0.22625903785228729
vn 0.89183181524276733 -0.27657595276832581 -0.35796892642974854
vn -0.1493309885263443 0.81303101778030396 -0.56274402141571045
vn 0.55961006879806519 -0.045736003667116165 -0.82749307155609131
vn 0.57669579982757568 0.46786889433860779 -0.66971683502197266
vn 0.49419578909873962 0.8671296238899231 0.062102973461151123
vn -0.22022497653961182 0.93986183404922485 0.26107597351074219
vn -0.36871299147605896 0.43345698714256287 -0.8222929835319519
vn 0.96504360437393188 -0.26043185591697693 -0.029429983347654343
vn 0.46140795946121216 -0.61660391092300415 0.63788896799087524
vn 0.28520303964614868 -0.95611405372619629 -0.0671200230717659
vn 0.12739302217960358 0.96811008453369141 0.21571703255176544
vn 0.85055619478225708 0.25320607423782349 0.46091309189796448
vn 0.50338327884674072 -0.3671412467956543 0.78218448162078857
vn 0.6234549880027771 0.78169494867324829 0.016028000041842461
vn 0.99183535575866699 -0.067802011966705322 -0.10800702124834061
vn 0.57394003868103027 -0.80542504787445068 -0.14793001115322113
vn 0.9781186580657959 0.20642592012882233 0.025926988571882248
vn 0.98770523071289063 -0.15354903042316437 0.029345005750656128
vn 0.47106191515922546 -0.58372890949249268 0.66133290529251099
vn 0.57883894443511963 0.75947588682174683 0.29688698053359985
vn 0.92550778388977051 -0.23586097359657288 -0.29631900787353516
vn 0.98718434572219849 -0.091603033244609833 0.1306750476360321
vn 0.49520507454872131 -0.53774803876876831 0.68234813213348389
vn 0.65872699022293091 0.75153201818466187 0.035753998905420303
vn -0.42056825757026672 -0.87241750955581665 -0.24901813268661499
vn 0.5460820198059082 -0.83720099925994873 -0.029813999310135841
vn 0.91969722509384155 -0.38931509852409363 0.050900012254714966
vn 0.8416365385055542 0.45033776760101318 0.29806682467460632
vn 0.86665189266204834 0.35549697279930115 0.35005196928977966
vn 0.52922302484512329 -0.83563315868377686 -0.14710605144500732
vn 0.99338018894195557 -0.064021006226539612 -0.095379017293453217
vn 0.98787146806716919 0.14327006042003632 0.059864025563001633
vn 0.97029078006744385 -0.1212419793009758 0.20937095582485199
vn 0.97314709424972534 0.091693006455898285 0.21113301813602448
vn 0.87295317649841309 -0.46688902378082275 -0.14130601286888123
vn -0.323027104139328 0.64017218351364136 -0.69701725244522095
vn 0.89008289575576782 0.45570790767669678 -0.0090969977900385857
vn -0.022407988086342812 0.89862555265426636 -0.43814378976821899
vn 0.50905072689056396 0.86073654890060425 2.8999984351685271E-05
vn 0.49067908525466919 0.32670307159423828 -0.80777418613433838
vn 0.45882195234298706 -0.8561440110206604 0.23769697546958923
vn 0.67114144563674927 0.73905044794082642 0.058083038777112961
vn 0.83145713806152344 0.47939512133598328 0.28081905841827393
vn -0.13769903779029846 -0.98805928230285645 0.06912202388048172
vn 0.84654545783996582 -0.51891523599624634 0.1186920702457428
vn 0.59508287906646729 -0.80365484952926636 0.0039059990085661411
vn 0.5935482382774353 -0.80347621440887451 -0.046113014221191406
vn 0.86627036333084106 0.4994952380657196 -0.0089540034532546997
vn 0.67991077899932861 0.72113674879074097 0.13297796249389648
vn 0.98271429538726807 -0.16968606412410736 -0.074022024869918823
vn 0.98707127571105957 0.15088106691837311 -0.054085023701190948
vn 0.81465506553649902 -0.56231898069381714 -0.14189599454402924
vn 0.65813767910003662 0.75265169143676758 0.019241988658905029
vn 0.94751822948455811 0.16604503989219666 0.27320003509521484
vn 0.9648892879486084 -0.15178000926971436 0.21436303853988647
vn 0.68825924396514893 0.70359724760055542 0.17677706480026245
vn 0.97625201940536499 0.2121490091085434 -0.043873000890016556
vn 0.98058497905731201 -0.15012900531291962 -0.12615199387073517
vn -0.10274698585271835 0.8268858790397644 -0.55290395021438599
vn 0.15316806733608246 -0.92483729124069214 0.34816011786460876
vn 0.86713874340057373 0.49589183926582336 0.046493977308273315
vn 0.8678581714630127 0.48397919535636902 0.11218904703855515
vn 0.84510993957519531 -0.53458797931671143 0.0022109998390078545
vn 0.80788576602935791 0.53740984201431274 0.24189093708992004
vn 0.79828888177871704 -0.5826379656791687 0.1525379866361618
vn 0.95928925275802612 0.26537206768989563 0.09665302187204361
vn 0.98921465873718262 -0.1257779449224472 0.075061969459056854
vn 0.27613496780395508 0.93323087692260742 -0.22984696924686432
vn 0.95013666152954102 0.27805888652801514 0.14115093648433685
vn 0.39307203888893127 -0.75998306274414063 0.51761001348495483
vn 0.96935516595840454 -0.15152102708816528 0.1933700293302536
vn 0.62524896860122681 0.73232489824295044 0.26974797248840332
vn 0.64576995372772217 -0.54680097103118896 0.53290700912475586
vn 0.74782407283782959 0.50057905912399292 0.43609604239463806
vn 0.8883674144744873 -0.12110205739736557 0.44287422299385071
vn 0.83873409032821655 0.32193005084991455 0.43918806314468384
vn -0.76986706256866455 -0.31490704417228699 -0.55510205030441284
vn -0.76768100261688232 0.023504000157117844 -0.64040100574493408
vn -0.64696627855300903 -0.65258932113647461 -0.39441323280334473
vn -0.67794495820999146 0.33696696162223816 -0.65333294868469238
vn -0.40727296471595764 -0.89902091026306152 -0.16090399026870728
vn -0.52009695768356323 0.64143890142440796 -0.56396389007568359
vn -0.77370613813400269 -0.2156660258769989 -0.59570711851119995
vn -0.77341878414154053 0.12347296625375748 -0.62175381183624268
vn -0.17390395700931549 -0.98290872573852539 0.060396984219551086
vn -0.66229987144470215 -0.60194486379623413 -0.44611793756484985
vn -0.66172385215759277 0.39049094915390015 -0.64002996683120728
vn -0.23533999919891357 0.85937392711639404 -0.45397299528121948
vn -0.44011011719703674 -0.87122118473052979 -0.21743205189704895
vn 0.053680002689361572 -0.95295208692550659 0.29833000898361206
vn -0.50420081615447998 0.62690979242324829 -0.59394079446792603
vn 0.080329984426498413 0.9868507981300354 -0.14025896787643433
vn -0.56757599115371704 -0.32185500860214233 -0.75780397653579712
vn -0.55585503578186035 0.056584004312753677 -0.82935124635696411
vn -0.16981709003448486 -0.98350834846496582 0.062237028032541275
vn 0.30685284733772278 -0.75121665000915527 0.5843927264213562
vn -0.51430279016494751 -0.66467088460922241 -0.54194587469100952
vn -0.44743794202804565 0.36226099729537964 -0.81765902042388916
vn 0.49423393607139587 0.80834192037582397 0.31986901164054871
vn 0.51856780052185059 -0.41307088732719421 0.74863868951797485
vn -0.29639804363250732 0.88806205987930298 -0.35141703486442566
vn -0.38480105996131897 -0.89106911420822144 -0.24067403376102448
vn 0.65014791488647461 0.48824891448020935 0.58216893672943115
vn 0.6566888689994812 -0.12605097889900208 0.74355286359786987
vn 0.094593994319438934 -0.92948287725448608 0.35652995109558105
vn 0.67688286304473877 0.18546497821807861 0.71234285831451416
vn -0.33191394805908203 0.60746890306472778 -0.72167491912841797
vn 0.13493204116821289 0.99047732353210449 0.027349010109901428
vn -0.16442908346652985 -0.98471051454544067 0.057518027722835541
vn -0.65480273962020874 -0.25468289852142334 -0.7115967869758606
vn 0.27515697479248047 -0.78537291288375854 0.55450695753097534
vn -0.54210090637207031 0.01049799844622612 -0.84024780988693237
vn -0.67150431871414185 -0.59304124116897583 -0.44427919387817383
vn -0.081160962581634521 0.81689357757568359 -0.57104969024658203
vn -0.48370474576950073 0.24127686023712158 -0.84131753444671631
vn 0.46088781952857971 0.79075562953948975 0.40284976363182068
vn 0.45868211984634399 -0.503071129322052 0.7324821949005127
vn -0.51114213466644287 -0.85695016384124756 -0.066107012331485748
vn 0.10626501590013504 -0.94667220115661621 0.30417007207870483
vn 0.5743941068649292 0.54449212551116943 0.61122804880142212
vn -0.29549285769462585 0.51006978750228882 -0.80778264999389648
vn 0.57333773374557495 -0.098317980766296387 0.81339865922927856
vn 0.62321573495864868 0.25475892424583435 0.73939168453216553
vn -0.30414092540740967 -0.90909856557846069 0.28467190265655518
vn 0.33111697435379028 0.90567094087600708 -0.26480495929718018
vn 0.35653814673423767 -0.79422026872634888 0.49203118681907654
vn 0.035692013800144196 0.76018530130386353 -0.64872521162033081
vn 0.0053070015273988247 -0.89050519466400146 0.45494207739830017
vn 0.57181501388549805 0.80252200365066528 0.17025299370288849
vn 0.64426690340042114 -0.47795489430427551 0.59705889225006104
vn 0.74164885282516479 0.5342058539390564 0.40568593144416809
vn 0.78920984268188477 -0.11661096662282944 0.60295087099075317
vn 0.3913482129573822 0.83370339870452881 -0.38959619402885437
vn 0.39941203594207764 -0.69419205188751221 0.5988050103187561
vn 0.8213660717010498 0.20868799090385437 0.53085505962371826
vn 0.68874412775039673 -0.34261608123779297 0.63894110918045044
vn 0.70038896799087524 0.71299296617507935 0.033109996467828751
vn 0.81440669298171997 -0.092226959764957428 0.57291877269744873
vn 0.83711695671081543 0.40819892287254333 0.36415493488311768
vn 0.83042478561401367 0.13042294979095459 0.54164981842041016
vn -0.87518632411956787 -0.12284205108880997 -0.46793022751808167
vn -0.91093599796295166 -0.40942102670669556 0.050696004182100296
vn -0.8664509654045105 -0.028448998928070068 -0.49845096468925476
vn -0.81615078449249268 -0.33526086807250977 0.47063583135604858
vn -0.58466494083404541 -0.81057596206665039 0.033667996525764465
vn -0.83915817737579346 -0.034168008714914322 -0.54281312227249146
vn -0.73841780424118042 0.086234979331493378 -0.66880691051483154
vn -0.60090088844299316 -0.63063287734985352 0.49114188551902771
vn -0.69745105504989624 -0.60631400346755981 0.3820280134677887
vn -0.64651983976364136 0.31755492091178894 -0.69366484880447388
vn -0.47361117601394653 -0.602256178855896 0.64263516664505005
vn -0.74512600898742676 0.066049002110958099 -0.66364502906799316
vn -0.12029198557138443 -0.75389987230300903 -0.64588296413421631
vn -0.71902114152908325 -0.20296703279018402 -0.66469013690948486
vn -0.6710360050201416 -0.74113094806671143 -0.020871998742222786
vn -0.43605276942253113 -0.898731529712677 0.046255972236394882
vn -0.4598870575428009 -0.65194118022918701 0.60289019346237183
vn -0.027615008875727654 -0.57623523473739624 -0.81681722402572632
vn -0.67109823226928711 -0.065793022513389587 -0.73844325542449951
vn -0.36966115236282349 0.66303521394729614 -0.65094923973083496
vn -0.68033403158187866 0.21034799516201019 -0.70206791162490845
vn -0.30945909023284912 -0.6752701997756958 0.66951119899749756
vn -0.030018005520105362 -0.5129590630531311 -0.85788804292678833
vn -0.66849327087402344 -0.021150009706616402 -0.74341738224029541
vn -0.77993679046630859 0.027705991640686989 -0.62524473667144775
vn 0.7311587929725647 -0.68212884664535522 -0.010346997529268265
vn 0.53594487905502319 0.20793893933296204 0.81824475526809692
vn -0.35525110363960266 0.72693425416946411 0.58767616748809814
vn -0.77954614162445068 0.20329400897026062 -0.59243512153625488
vn 0.080849990248680115 0.86574095487594604 -0.49391892552375793
vn -0.20084591209888458 -0.95436561107635498 0.22101390361785889
vn -0.41377010941505432 0.51884806156158447 -0.74805814027786255
vn 0.064021013677120209 -0.45172509551048279 0.88985717296600342
vn -0.26635399460792542 -0.58236598968505859 0.76805299520492554
vn -0.025647992268204689 -0.47549080848693848 -0.87934672832489014
vn -0.64537590742111206 -0.02685699425637722 -0.7633928656578064
vn -0.3527679443359375 -0.88445878028869629 -0.30542993545532227
vn -0.83346068859100342 -0.24999693036079407 -0.49279284477233887
vn 0.29758796095848083 0.88877296447753906 -0.34860298037528992
vn 0.49872285127639771 -0.20653195679187775 0.84179574251174927
vn 0.035140007734298706 -0.8307221531867981 0.55557709932327271
vn -0.53276121616363525 -0.84602034091949463 0.020374009385704994
vn -0.74792492389678955 -0.082424990832805634 -0.65864592790603638
vn -0.032337993383407593 -0.5505058765411377 -0.83420473337173462
vn 0.060520999133586884 -0.33274200558662415 -0.94107383489608765
vn -0.34982213377952576 0.30216208100318909 -0.88674831390380859
vn 0.015139002352952957 0.76038503646850586 -0.64929604530334473
vn -0.11841603368520737 -0.86020725965499878 0.49600514769554138
vn 0.5385061502456665 -0.83938121795654297 0.073826022446155548
vn 0.17884302139282227 -0.74980604648590088 0.63702911138534546
vn 0.66288483142852783 -0.73509883880615234 0.14217396080493927
vn 0.51128792762756348 -0.19455097615718842 0.83709889650344849
vn -0.11665402352809906 -0.61913317441940308 0.77657324075698853
vn -0.69576191902160645 -0.015042999759316444 -0.71811491250991821
vn -0.038273993879556656 -0.52371889352798462 -0.85103094577789307
vn 0.68910706043243408 -0.010104001499712467 0.72458910942077637
vn 0.49706494808197021 0.85826194286346436 -0.12772196531295776
vn 0.61859804391860962 -0.28070402145385742 0.73385405540466309
vn 0.64828783273696899 -0.76024878025054932 -0.04176899790763855
vn 0.75376325845718384 0.26719009876251221 0.60037517547607422
vn 0.70831894874572754 0.63577091693878174 0.30672398209571838
vn -0.66134160757064819 0.025669986382126808 -0.74964547157287598
vn -0.032970994710922241 -0.50180888175964355 -0.86434990167617798
vn 0.18941199779510498 0.29982700943946838 -0.93500101566314697
vn 0.56889498233795166 -0.17025099694728851 0.80459499359130859
vn -0.76108020544052124 -0.57400113344192505 0.30212509632110596
vn -0.87953227758407593 -0.25970208644866943 -0.39872017502784729
vn 0.065321989357471466 -0.75650888681411743 0.65071296691894531
vn 0.63374131917953491 -0.35550814867019653 0.68701231479644775
vn 0.56917792558670044 -0.82026290893554688 -0.056614987552165985
vn 0.73766076564788818 -0.15090295672416687 0.65809184312820435
vn 0.76088494062423706 -0.61725592613220215 -0.20012298226356506
vn -0.85428690910339355 -0.17786496877670288 -0.4884239137172699
vn 0.34409090876579285 0.86601758003234863 -0.36278784275054932
vn -0.72796618938446045 -0.64317911863327026 0.23745705187320709
vn -0.072521023452281952 -0.63264220952987671 0.77104121446609497
vn -0.51861119270324707 0.13556104898452759 -0.84419524669647217
vn 0.0064080017618834972 -0.43146210908889771 -0.90210831165313721
vn -0.75887763500213623 -0.034949984401464462 -0.6502947211265564
vn 0.16816000640392303 -0.46581301093101501 0.86875802278518677
vn 0.77789771556854248 -0.099709957838058472 0.62042975425720215
vn 0.76640492677688599 -0.61071491241455078 -0.19912499189376831
vn -0.86548370122909546 0.076327979564666748 -0.49508792161941528
vn -0.60409611463546753 0.38379806280136108 0.69840312004089355
vn 0.56595081090927124 -0.26651191711425781 0.78017377853393555
vn 0.71887391805648804 -0.0040169991552829742 0.6951289176940918
vn 0.12142696231603622 0.056469984352588654 -0.99099272489547729
vn -0.76955717802047729 0.02256300300359726 -0.63817918300628662
vn -0.71686279773712158 -0.0007369998493231833 -0.69721388816833496
vn 0.7415584921836853 -0.19819508492946625 0.64094442129135132
vn 0.75398880243301392 -0.63168388605117798 -0.18021196126937866
vn -0.40948304533958435 0.36674508452415466 0.8353571891784668
vn 0.46506315469741821 0.16298305988311768 0.87014526128768921
vn 0.82487666606903076 -0.039689980447292328 0.56391769647598267
vn 0.77789574861526489 -0.59955686330795288 -0.18817494809627533
vn 0.83524739742279053 -0.53195929527282715 -0.13921608030796051
vn -0.60642319917678833 -0.079942025244235992 -0.79111325740814209
vn 0.47185885906219482 0.4595848023891449 -0.75241678953170776
vn 0.50379300117492676 0.073181003332138062 0.86071896553039551
vn 0.71039801836013794 -0.14092400670051575 0.68954700231552124
vn 0.64495211839675903 0.75974613428115845 -0.082599014043807983
vn 0.5960850715637207 0.30793604254722595 -0.7415241003036499
vn -0.69057160615921021 0.025239983573555946 -0.72282350063323975
vn -0.83931577205657959 0.10020796954631805 -0.5343288779258728
vn 0.52335381507873535 -0.4491787850856781 -0.72411268949508667
vn 0.83524739742279053 -0.53195929527282715 -0.13921608030796051
vn 0.70914381742477417 -0.030501978471875191 0.70440381765365601
vn -0.77954614162445068 0.20329400897026062 -0.59243512153625488
vn -0.95621007680892944 -0.10424803197383881 -0.27348601818084717
vn -0.81969213485717773 0.18841302394866943 0.54093003273010254
vn -0.77109754085540771 -0.50440269708633423 0.38856977224349976
vn 0.91489893198013306 0.08444899320602417 0.39475095272064209
vn 0.82833939790725708 -0.51260226964950562 -0.22603711485862732
vn -0.88958287239074707 -0.032375995069742203 -0.45562496781349182
vn -0.83931577205657959 0.10020796954631805 -0.5343288779258728
vn 0.910075843334198 -0.16208997368812561 0.38142994046211243
vn -0.76318144798278809 0.38602223992347717 0.51820933818817139
vn -0.77954614162445068 0.20329400897026062 -0.59243512153625488
vn -0.42847219109535217 -0.10881803929805756 0.89697837829589844
vn -0.78812718391418457 -0.49927005171775818 0.35997909307479858
vn 0.90158510208129883 -0.064236007630825043 -0.42780604958534241
vn 0.94375830888748169 0.14973403513431549 0.29478809237480164
vn 0.78906244039535522 -0.095708936452865601 0.60681158304214478
vn 0.77355241775512695 -0.6031302809715271 -0.19455210864543915
vn 0.79562437534332275 0.20247606933116913 0.57095122337341309
vn -0.76825404167175293 0.0011280000908300281 -0.64014405012130737
vn 0.7601478099822998 -0.097929961979389191 0.64232784509658813
vn 0.14398600161075592 -0.12977801263332367 0.98103296756744385
vn -0.56244879961013794 0.094276972115039825 -0.82143974304199219
vn 0.80882823467254639 0.51912212371826172 0.27624106407165527
vn -0.75491118431091309 0.023155005648732185 -0.65541815757751465
vn 0.47383889555931091 -0.14546597003936768 0.86851388216018677
vn 0.79462927579879761 -0.059061020612716675 0.60421526432037354
vn 0.84544914960861206 -0.036104008555412292 0.53283411264419556
vn 0.80583173036575317 -0.55783778429031372 -0.19862592220306396
vn 0.80920696258544922 0.35118496417999268 -0.47101297974586487
vn -0.17111997306346893 0.27375394105911255 -0.94645482301712036
vn -0.68588918447494507 0.0082530016079545021 -0.72765916585922241
vn 0.65352272987365723 -0.078629963099956512 0.75281167030334473
vn 0.93060505390167236 0.32329303026199341 0.17162704467773438
vn 0.87552171945571899 -0.38032487034797668 -0.29801791906356812
vn 0.90257692337036133 0.024604998528957367 0.42982497811317444
vn 0.13943898677825928 0.30660197138786316 -0.94156891107559204
vn 0.89288902282714844 0.31646397709846497 -0.32031199336051941
vn -0.85868668556213379 -0.24262593686580658 0.45143085718154907
vn 0.87420183420181274 0.34974291920661926 -0.3368249237537384
vn 0.94270271062850952 0.098176971077919006 0.31886187195777893
vn -0.85791844129562378 -0.24808184802532196 0.44992369413375854
vn -0.56788188219070435 0.01722799614071846 -0.8229297399520874
vn 0.74684220552444458 -0.069475017488002777 0.6613621711730957
vn -0.20024910569190979 0.13581007719039917 -0.97028648853302002
vn 0.8975798487663269 -0.35519593954086304 -0.26112493872642517
vn 0.26069000363349915 -0.42099198698997498 -0.86879599094390869
vn 0.87327271699905396 -0.069600977003574371 0.48223486542701721
vn -0.85830605030059814 -0.2453550398349762 0.45067903399467468
vn 0.1845979243516922 0.25754791498184204 -0.94846862554550171
vn 0.96593916416168213 -0.035265006124973297 0.25635504722595215
vn 0.52335381507873535 -0.4491787850856781 -0.72411268949508667
vn -0.76318144798278809 0.38602223992347717 0.51820933818817139
vn -0.85830605030059814 -0.2453550398349762 0.45067903399467468
vn 0.90394902229309082 0.23192000389099121 -0.35929000377655029
vn -0.83931577205657959 0.10020796954631805 -0.5343288779258728
vn 0.73853898048400879 -0.43661597371101379 -0.51373797655105591
vn -0.76318144798278809 0.38602223992347717 0.51820933818817139
vn -0.046540997922420502 -0.088300995528697968 -0.99500596523284912
vn -0.98938864469528198 0.017619991675019264 -0.14422093331813812
vn -0.60244888067245483 0.77788281440734863 -0.17875595390796661
vn -0.99103772640228271 0.13291694223880768 0.013314994983375072
vn -0.94925832748413086 -0.034430012106895447 -0.31260707974433899
vn -0.71012061834335327 -0.30453485250473022 -0.63481271266937256
vn -0.8917618989944458 0.29316097497940063 0.34469893574714661
vn -0.76464599370956421 -0.17826700210571289 -0.61930394172668457
vn -0.63074517250061035 0.42433708906173706 0.64969116449356079
vn -0.67530608177185059 -0.2295210212469101 -0.70091497898101807
vn -0.23449601233005524 0.48717907071113586 0.84123015403747559
vn -0.82023072242736816 -0.12640096247196198 -0.55789279937744141
vn -0.77885913848876953 -0.23177103698253632 -0.58280408382415771
vn -0.51458209753036499 -0.43222206830978394 -0.74053317308425903
vn 0.025946997106075287 0.38753697276115417 0.92148894071578979
vn 0.069914989173412323 -0.49566388130187988 -0.8656957745552063
vn 0.61815083026885986 -0.43371191620826721 -0.65557879209518433
vn 0.76900219917297363 -0.36097109317779541 -0.52757513523101807
vn -0.90821194648742676 -0.38499096035957336 -0.16411298513412476
vn 0.88102465867996216 -0.22844089567661285 -0.41425880789756775
vn -0.9754822850227356 -0.0093050040304660797 0.2198810875415802
vn 0.80301564931869507 -0.23932193219661713 -0.54579383134841919
vn 0.26457697153091431 0.4406469464302063 0.85780489444732666
vn -0.93618130683898926 -0.21528011560440063 -0.27788308262825012
vn 0.28368097543716431 0.52644294500350952 0.80148792266845703
vn -0.13902397453784943 -0.73631680011749268 -0.66220080852508545
vn 0.81490963697433472 -0.14432993531227112 -0.56132978200912476
vn 0.70313137769699097 -0.29389914870262146 -0.6474793553352356
vn -0.81501108407974243 -0.31412503123283386 -0.48691105842590332
vn -0.74384629726409912 0.14314205944538116 0.65284228324890137
vn 0.56528323888778687 0.35922113060951233 0.74257326126098633
vn 0.67270886898040771 -0.23739494383335114 -0.70078986883163452
vn 0.80246281623840332 -0.24032993614673615 -0.54616385698318481
vn -0.87005871534347534 -0.21195091307163239 -0.44505581259727478
vn 0.62225496768951416 0.62385696172714233 0.47286492586135864
vn -0.4189961850643158 0.63600027561187744 0.64803230762481689
vn -0.92326450347900391 -0.1849789172410965 -0.33669781684875488
vn -0.82754385471343994 -0.38073897361755371 -0.41256394982337952
vn 0.74423116445541382 -0.15090800821781158 -0.65065103769302368
vn 0.85831683874130249 0.21313495934009552 0.46676087379455566
vn 0.92224377393722534 -0.17715194821357727 -0.34363290667533875
vn -0.8289179801940918 -0.23558899760246277 -0.5073390007019043
vn 0.98970866203308105 0.13533195853233337 0.046497974544763565
vn -0.76046019792556763 -0.40611812472343445 -0.50672316551208496
vn -0.45602217316627502 0.1644100546836853 0.87465029954910278
vn 0.57669579982757568 0.46786889433860779 -0.66971683502197266
vn 0.44018891453742981 0.84544992446899414 -0.30240395665168762
vn 0.92850863933563232 0.039122983813285828 -0.36924389004707336
vn 0.56999504566192627 0.82117712497711182 0.027817005291581154
vn 0.906394362449646 0.081372037529945374 -0.41452115774154663
vn -0.48223289847373962 -0.52414596080780029 -0.70194190740585327
vn -0.40720793604850769 -0.47061792016029358 -0.78275185823440552
vn -0.19997894763946533 0.12230595946311951 0.97213667631149292
vn 0.015042003244161606 -0.66378718614578247 -0.74777024984359741
vn -0.04204200953245163 0.0083020022138953209 0.99908137321472168
vn 0.39094904065132141 -0.58343797922134399 -0.71187001466751099
vn 0.22120709717273712 -0.073853030800819397 0.97242641448974609
vn 0.73843377828598022 -0.47537177801132202 -0.47826480865478516
vn 0.6358036994934082 -0.64521771669387817 -0.42361277341842651
vn 0.74333220720291138 -0.45953312516212463 -0.48609313368797302
vn 0.69886112213134766 -0.45617008209228516 -0.55091011524200439
vn 0.69332218170166016 -0.61240220069885254 -0.3798261284828186
vn 0.54970800876617432 -0.17174200713634491 0.81751197576522827
vn 0.65702223777770996 -0.53553420305252075 -0.53058916330337524
vn 0.79500019550323486 -0.48398309946060181 -0.36569806933403015
vn 0.82432574033737183 -0.26429492235183716 0.50063484907150269
vn 0.68315911293029785 -0.55410605669021606 -0.4756680428981781
vn 0.92867583036422729 -0.36603394150733948 0.059835989028215408
vn -0.96703362464904785 -0.21059592068195343 -0.14316195249557495
vn -0.98365914821624756 -0.063009008765220642 0.16865502297878265
vn -0.98202240467071533 0.18749406933784485 0.021862009540200233
vn -0.92411136627197266 -0.19887107610702515 -0.32629510760307312
vn -0.8911101222038269 -0.23952902853488922 -0.3854200541973114
vn -0.92664891481399536 0.073075994849205017 -0.3687569797039032
vn -0.9364171028137207 -0.2811640202999115 0.20992803573608398
vn -0.97067636251449585 0.2395671010017395 0.019874008372426033
vn -0.90566617250442505 0.19355803728103638 0.37723207473754883
vn -0.8199877142906189 -0.092941977083683014 0.56478482484817505
vn -0.7447364330291748 -0.62878328561782837 -0.22360512614250183
vn -0.95236814022064209 0.15731002390384674 -0.2612440288066864
vn -0.81175404787063599 -0.45502704381942749 -0.366068035364151
vn -0.9853898286819458 0.14865496754646301 0.083117984235286713
vn -0.78348207473754883 -0.36676302552223206 -0.50163805484771729
vn -0.84316414594650269 -0.027723001316189766 0.5369410514831543
vn -0.74701893329620361 -0.098367989063262939 0.65748494863510132
vn -0.68749165534973145 0.007190996315330267 0.72615665197372437
vn -0.80609130859375 -0.15953406691551208 -0.56988215446472168
vn -0.80547803640365601 -0.43536007404327393 -0.4020780622959137
vn -0.77804213762283325 -0.36478805541992188 -0.51144903898239136
vn -0.56378394365310669 -0.18586598336696625 0.8047369122505188
vn -0.72570979595184326 -0.24755892157554626 -0.64191889762878418
vn -0.75381726026535034 -0.36498507857322693 -0.54639315605163574
vn -0.52764409780502319 -0.13613501191139221 0.83848613500595093
vn -0.50661581754684448 -0.65215277671813965 -0.56394779682159424
vn -0.67235672473907471 -0.090811960399150848 -0.73463571071624756
vn -0.98291480541229248 0.16666896641254425 -0.078101985156536102
vn -0.49845388531684875 -0.31908094882965088 0.80605894327163696
vn -0.47045385837554932 -0.21601293981075287 0.85557675361633301
vn -0.46209484338760376 -0.41570180654525757 -0.78336477279663086
vn -0.43935996294021606 -0.24146197736263275 -0.86525082588195801
vn -0.36035105586051941 -0.19439604878425598 0.91233617067337036
vn -0.97989577054977417 0.19662095606327057 -0.033829990774393082
vn -0.29108506441116333 -0.20489202439785004 0.93449920415878296
vn -0.77295321226119995 -0.1408020406961441 0.61864215135574341
vn 0.030137021094560623 -0.56039136648178101 -0.82767945528030396
vn 0.029374992474913597 -0.36994591355323792 -0.92858880758285522
vn -0.010734997689723969 -0.40097799897193909 -0.91602480411529541
vn -0.14753498136997223 -0.38979697227478027 0.90900593996047974
vn -0.04687899723649025 -0.30285501480102539 0.95188295841217041
vn -0.090920977294445038 -0.29657194018363953 0.95067262649536133
vn -0.12286796420812607 -0.35968491435050964 0.92494875192642212
vn -0.11505904048681259 -0.64667320251464844 -0.7540392279624939
vn -0.91921496391296387 -0.35177597403526306 0.17691098153591156
vn 0.43593207001686096 -0.65096604824066162 -0.62145507335662842
vn 0.45248302817344666 -0.48375600576400757 -0.74915903806686401
vn 0.41913017630577087 -0.34822714328765869 -0.83849132061004639
vn 0.2907659113407135 -0.40300989151000977 0.86777776479721069
vn 0.27299395203590393 -0.37580090761184692 0.88557779788970947
vn 0.49440225958824158 -0.54326027631759644 -0.67855334281921387
vn 0.27356898784637451 -0.45716595649719238 0.84626197814941406
vn 0.67590630054473877 -0.52195924520492554 -0.52029722929000854
vn 0.70274972915649414 -0.57952976226806641 -0.41265982389450073
vn 0.68270093202590942 -0.34925097227096558 -0.64182800054550171
vn 0.37722381949424744 -0.4681277871131897 0.79909861087799072
vn 0.62612015008926392 -0.45967110991477966 0.62982219457626343
vn 0.74581038951873779 -0.51152932643890381 -0.42673718929290771
vn -0.59492182731628418 -0.72516274452209473 0.34670889377593994
vn 0.77797162532806396 -0.53477376699447632 0.32981383800506592
vn 0.58201509714126587 -0.45132309198379517 0.67643618583679199
vn 0.75122004747390747 -0.61129200458526611 -0.24897904694080353
vn 0.78278714418411255 -0.34338808059692383 -0.51896905899047852
vn 0.78879261016845703 -0.61402565240859985 0.027905985713005066
vn 0.75176101922988892 -0.53210502862930298 -0.38951203227043152
vn 0.58121418952941895 -0.49089416861534119 0.64900922775268555
vn -0.084722012281417847 -0.85687315464019775 0.5085180401802063
vn 0.29877206683158875 -0.2167060524225235 0.92939430475234985
vn 0.74852228164672852 -0.44656914472579956 -0.49019423127174377
vn 0.72160917520523071 -0.54249113798141479 0.43009716272354126
vn 0.73898816108703613 -0.44561910629272461 -0.50529211759567261
vn 0.38810908794403076 -0.69346719980239868 -0.60702109336853027
vn 0.82835626602172852 -0.3553730845451355 -0.433054119348526
vn 0.76455634832382202 -0.49072617292404175 0.41790118813514709
vn 0.81854861974716187 -0.5636177659034729 0.11096494644880295
vn 0.82411915063858032 -0.50115609169006348 -0.26395106315612793
vn 0.77520406246185303 -0.36903402209281921 0.51271098852157593
vn 0.75672978162765503 -0.58392983675003052 -0.29391491413116455
vn 0.90040546655654907 -0.23669382929801941 -0.36502879858016968
vn 0.93584573268890381 -0.33284690976142883 0.1157829612493515
vn 0.34215891361236572 -0.53894084692001343 -0.76972073316574097
vn 0.9545322060585022 -0.29020404815673828 -0.068190008401870728
vn 0.76853525638580322 -0.56644117832183838 0.29748609662055969
vn 0.022065009921789169 -0.94281649589538574 0.33258113265037537
vn 0.6913459300994873 -0.62884992361068726 -0.35579296946525574
vn 0.76645475625991821 -0.63783687353134155 -0.075572974979877472
vn 0.70659399032592773 -0.70332497358322144 -0.077839002013206482
vn -0.090049974620342255 -0.9755597710609436 0.20043493807315826
vn -0.75782489776611328 0.65227794647216797 -0.015325997956097126
vn -0.69596320390701294 -0.46321216225624084 -0.54869818687438965
vn -0.91207438707351685 -0.22944711148738861 0.33981513977050781
vn -0.52495706081390381 -0.63518708944320679 -0.56653106212615967
vn 0.46671000123023987 -0.8843579888343811 -0.0096270004287362099
vn -0.89850997924804688 -0.2664010226726532 0.34887000918388367
vn -0.67139071226119995 0.72259169816970825 -0.16460792720317841
vn -0.40310990810394287 -0.67177289724349976 -0.62146890163421631
vn 0.15575391054153442 -0.90628147125244141 -0.3929307758808136
vn 0.4264681339263916 -0.90398722887039185 -0.030529007315635681
vn -0.29534700512886047 -0.93820303678512573 0.18040299415588379
vn -0.64376574754714966 0.75840073823928833 -0.10195096582174301
vn -0.90482711791992188 -0.30211502313613892 0.30002403259277344
vn -0.82883793115615845 0.55831992626190186 0.036145996302366257
vn -0.29629918932914734 -0.93463057279586792 0.19665312767028809
vn -0.93037354946136475 -0.27862513065338135 0.23827113211154938
vn 0.46705210208892822 -0.88010019063949585 0.085358023643493652
vn -0.71084111928939819 0.7033151388168335 -0.0072600012645125389
vn 0.29393088817596436 -0.95367860794067383 -0.064044967293739319
vn -0.028050005435943604 -0.7210431694984436 -0.69232213497161865
vn -0.63073611259460449 0.75036120414733887 -0.19781304895877838
vn -0.097194947302341461 -0.98563653230667114 0.13810792565345764
vn 0.25946000218391418 -0.90713411569595337 -0.33134302496910095
vn -0.96027028560638428 -0.2343190610408783 0.15157704055309296
vn -0.8227163553237915 0.56745332479476929 -0.033683013170957565
vn -0.37604185938835144 -0.910347580909729 0.17279992997646332
vn -0.98332870006561279 -0.14301295578479767 0.11230296641588211
vn -0.061141017824411392 -0.99427038431167603 0.087682031095027924
vn -0.46486404538154602 0.88274914026260376 -0.068230010569095612
vn -0.52729195356369019 0.84498286247253418 -0.089258968830108643
vn -0.98387676477432251 -0.1462329775094986 -0.10296797752380371
vn -0.60273498296737671 0.7935829758644104 -0.083286002278327942
vn -0.97342061996459961 0.2068469375371933 -0.098318964242935181
vn -0.98258525133132935 -0.14089903235435486 0.12113501876592636
vn -0.85754179954528809 0.51312780380249023 0.036357991397380829
vn -0.68829983472824097 -0.71385282278060913 0.12906396389007568
vn -0.98705178499221802 -0.095845974981784821 0.12861697375774384
vn -0.88656914234161377 -0.45661306381225586 -0.074160009622573853
vn -0.79584646224975586 0.50803828239440918 -0.32943218946456909
vn 0.23267005383968353 -0.96433526277542114 -0.12618303298950195
vn -0.95018774271011353 -0.29194888472557068 -0.10912895947694778
vn -0.99988120794296265 0.014953005127608776 -0.0037330014165490866
vn -0.91582590341567993 -0.40003198385238647 0.03517499566078186
vn -0.6052929162979126 0.78708696365356445 -0.11880497634410858
vn -0.78923887014389038 0.60974389314651489 -0.072899982333183289
vn -0.033724013715982437 -0.9983144998550415 0.047232020646333694
vn -0.72743076086044312 -0.67744976282119751 -0.10911597311496735
vn -0.21488706767559052 -0.96705329418182373 0.13649705052375793
vn -0.49889382719993591 0.84558075666427612 -0.18999494612216949
vn -0.76917684078216553 -0.62843990325927734 -0.11588897556066513
vn 0.15855903923511505 -0.83607524633407593 -0.52520209550857544
vn -0.28878390789031982 0.94817674160003662 -0.13253197073936462
vn -0.57485997676849365 -0.81767797470092773 0.030638998374342918
vn -0.089830011129379272 -0.48034003376960754 -0.87247008085250854
vn -0.44633001089096069 0.87875401973724365 -0.16905896365642548
vn -0.48676705360412598 -0.87105607986450195 -0.065720006823539734
vn -0.29400897026062012 0.94243794679641724 -0.15927799046039581
vn -0.29371798038482666 0.95400184392929077 -0.0600849948823452
vn 0.0065829991362988949 -0.99997389316558838 -0.0029819996561855078
vn -0.2764800488948822 0.95814222097396851 -0.074312023818492889
vn -0.24936798214912415 0.95438981056213379 -0.16418197751045227
vn 0.20727300643920898 -0.95440304279327393 -0.21483199298381805
vn -0.43277809023857117 -0.89790916442871094 -0.080388016998767853
vn -0.14178802073001862 -0.98747307062149048 0.06923200935125351
vn -0.24671107530593872 0.95948231220245361 -0.13611507415771484
vn -0.24422986805438995 -0.96888148784637451 -0.040253978222608566
vn -0.08867201954126358 -0.45991003513336182 -0.88352704048156738
vn 0.099311023950576782 -0.96490222215652466 -0.24310705065727234
vn -0.23862907290458679 0.95576131343841553 -0.17197805643081665
vn -0.00806400366127491 -0.99691641330718994 -0.078055039048194885
vn -0.12681297957897186 -0.49025899171829224 -0.86230194568634033
vn -0.077896006405353546 0.97429215908050537 -0.21139301359653473
vn -0.25794890522956848 -0.96233665943145752 -0.085851959884166718
vn -0.040872998535633087 -0.97168999910354614 -0.23269699513912201
vn -0.082245014607906342 0.99545419216156006 -0.04802800714969635
vn 0.0099590038880705833 0.98709332942962646 -0.1598360538482666
vn -0.17641711235046387 0.95647740364074707 -0.23243910074234009
vn -0.0095770005136728287 -0.9993470311164856 0.034839004278182983
vn -0.23172898590564728 0.90684789419174194 -0.35203492641448975
vn -0.13763701915740967 0.98143631219863892 -0.13356202840805054
vn -0.10875602066516876 0.98325914144515991 -0.14619702100753784
vn -0.037567988038063049 0.99051368236541748 -0.13217896223068237
vn 0 -0.99654704332351685 -0.083030007779598236
vn 0 -0.99993491172790527 0.011410997249186039
vn 0 -0.99719959497451782 -0.074785970151424408
vn 0 -0.9996722936630249 0.025600003078579903
vn 0 -0.97684460878372192 -0.21394990384578705
vn 0 -0.51314884424209595 -0.8582996129989624
vn 0 -0.98039686679840088 -0.19703297317028046
vn 0 0.95401591062545776 -0.29975596070289612
vn 0 -0.59432500600814819 -0.80422496795654297
vn 0 0.99164444208145142 -0.12900106608867645
vn 0 0.99501824378967285 -0.099693037569522858
vn 0 0.98779869079589844 -0.15573596954345703
vn 0 0.99151229858398438 -0.13001303374767303
vn 0 0.9799950122833252 -0.19902202486991882
vn 0.037567988038063049 0.99051368236541748 -0.13217896223068237
vn 0.10875602066516876 0.98325914144515991 -0.14619702100753784
vn 0.13763701915740967 0.98143631219863892 -0.13356202840805054
vn 0.23172898590564728 0.90684789419174194 -0.35203492641448975
vn 0.0095770005136728287 -0.9993470311164856 0.034839004278182983
vn 0.17641711235046387 0.95647740364074707 -0.23243910074234009
vn -0.0099590038880705833 0.98709332942962646 -0.1598360538482666
vn 0.082245014607906342 0.99545419216156006 -0.04802800714969635
vn 0.040872998535633087 -0.97168999910354614 -0.23269699513912201
vn 0.12681297957897186 -0.49025899171829224 -0.86230194568634033
vn 0.077896006405353546 0.97429215908050537 -0.21139301359653473
vn 0.00806400366127491 -0.99691641330718994 -0.078055039048194885
vn 0.23862907290458679 0.95576131343841553 -0.17197805643081665
vn 0.08867201954126358 -0.45991003513336182 -0.88352704048156738
vn -0.099311023950576782 -0.96490222215652466 -0.24310705065727234
vn 0.24422986805438995 -0.96888148784637451 -0.040253978222608566
vn 0.24671107530593872 0.95948231220245361 -0.13611507415771484
vn 0.14178802073001862 -0.98747307062149048 0.06923200935125351
vn 0.43277809023857117 -0.89790916442871094 -0.080388016998767853
vn -0.20727300643920898 -0.95440304279327393 -0.21483199298381805
vn 0.24936798214912415 0.95438981056213379 -0.16418197751045227
vn 0.2764800488948822 0.95814222097396851 -0.074312023818492889
vn -0.0065829991362988949 -0.99997389316558838 -0.0029819996561855078
vn 0.29371798038482666 0.95400184392929077 -0.0600849948823452
vn 0.29400897026062012 0.94243794679641724 -0.15927799046039581
vn 0.089830011129379272 -0.48034003376960754 -0.87247008085250854
vn 0.44633001089096069 0.87875401973724365 -0.16905896365642548
vn 0.5748593807220459 -0.81767839193344116 0.030639020726084709
vn 0.28878390789031982 0.94817674160003662 -0.13253197073936462
vn -0.15855903923511505 -0.83607524633407593 -0.52520209550857544
vn 0.76917684078216553 -0.62843990325927734 -0.11588897556066513
vn 0.21488703787326813 -0.96705317497253418 0.13649803400039673
vn 0.72743076086044312 -0.67744976282119751 -0.10911597311496735
vn 0.033724013715982437 -0.9983144998550415 0.047232020646333694
vn 0.78923887014389038 0.60974389314651489 -0.072899982333183289
vn 0.6052929162979126 0.78708696365356445 -0.11880497634410858
vn 0.91582590341567993 -0.40003198385238647 0.03517499566078186
vn 0.99988120794296265 0.014953005127608776 -0.0037330014165490866
vn 0.95018774271011353 -0.29194888472557068 -0.10912895947694778
vn -0.23267005383968353 -0.96433526277542114 -0.12618303298950195
vn 0.68829983472824097 -0.71385282278060913 0.12906396389007568
vn 0.98705178499221802 -0.095845974981784821 0.12861697375774384
vn 0.98258525133132935 -0.14089903235435486 0.12113501876592636
vn 0.85754179954528809 0.51312780380249023 0.036357991397380829
vn 0.97342061996459961 0.2068469375371933 -0.098318964242935181
vn 0.60273498296737671 0.7935829758644104 -0.083286002278327942
vn 0.98387676477432251 -0.1462329775094986 -0.10296797752380371
vn 0.52729195356369019 0.84498286247253418 -0.089258968830108643
vn 0.46486404538154602 0.88274914026260376 -0.068230010569095612
vn 0.061141017824411392 -0.99427038431167603 0.087682031095027924
vn 0.37604185938835144 -0.910347580909729 0.17279992997646332
vn 0.98332870006561279 -0.14301295578479767 0.11230296641588211
vn 0.96027028560638428 -0.2343190610408783 0.15157704055309296
vn 0.8227163553237915 0.56745332479476929 -0.033683013170957565
vn -0.25946000218391418 -0.90713411569595337 -0.33134302496910095
vn 0.097194947302341461 -0.98563653230667114 0.13810792565345764
vn 0.028050005435943604 -0.7210431694984436 -0.69232213497161865
vn 0.63073611259460449 0.75036120414733887 -0.19781304895877838
vn -0.29393088817596436 -0.95367860794067383 -0.064044967293739319
vn 0.71084111928939819 0.7033151388168335 -0.0072600012645125389
vn 0.29629918932914734 -0.93463057279586792 0.19665312767028809
vn 0.93037354946136475 -0.27862513065338135 0.23827113211154938
vn -0.46705210208892822 -0.88010019063949585 0.085358023643493652
vn 0.90482711791992188 -0.30211502313613892 0.30002403259277344
vn 0.82883793115615845 0.55831992626190186 0.036145996302366257
vn 0.64376574754714966 0.75840073823928833 -0.10195096582174301
vn -0.4264681339263916 -0.90398722887039185 -0.030529007315635681
vn 0.29534700512886047 -0.93820303678512573 0.18040299415588379
vn -0.15575391054153442 -0.90628147125244141 -0.3929307758808136
vn 0.67139071226119995 0.72259169816970825 -0.16460792720317841
vn 0.40310990810394287 -0.67177289724349976 -0.62146890163421631
vn 0.52495706081390381 -0.63518708944320679 -0.56653106212615967
vn -0.46671000123023987 -0.8843579888343811 -0.0096270004287362099
vn 0.89850997924804688 -0.2664010226726532 0.34887000918388367
vn 0.75782489776611328 0.65227794647216797 -0.015325997956097126
vn 0.69596320390701294 -0.46321216225624084 -0.54869818687438965
vn 0.91207438707351685 -0.22944711148738861 0.33981513977050781
f 89/89/89 86/86/86 85/85/85
f 86/86/86 94/94/94 97/97/97
f 116/116/116 123/123/123 129/129/129
f 15/15/15 11/11/11 28/28/28
f 123/123/123 117/117/117 113/113/113
f 113/113/113 112/112/112 102/102/102
f 112/112/112 113/113/113 104/104/104
f 113/113/113 102/102/102 123/123/123
f 113/113/113 117/117/117 104/104/104
f 102/102/102 112/112/112 99/99/99
f 115/115/115 112/112/112 3465/3465/3465
f 112/112/112 104/104/104 3465/3465/3465
f 112/112/112 97/97/97 99/99/99
f 80/80/80 83/83/83 85/85/85
f 86/86/86 89/89/89 94/94/94
f 53/53/53 36/36/36 47/47/47
f 9/9/9 23/23/23 18/18/18
f 9/9/9 18/18/18 8/8/8
f 97/97/97 112/112/112 115/115/115
f 15/15/15 23/23/23 9/9/9
f 34/34/34 44/44/44 54/54/54
f 46/46/46 60/60/60 58/58/58
f 46/46/46 33/33/33 42/42/42
f 60/60/60 42/42/42 61/61/61
f 57/57/57 41/41/41 58/58/58
f 41/41/41 46/46/46 58/58/58
f 43/43/43 29/29/29 25/25/25
f 29/29/29 45/45/45 42/42/42
f 28/28/28 29/29/29 42/42/42
f 46/46/46 42/42/42 60/60/60
f 25/25/25 40/40/40 43/43/43
f 33/33/33 23/23/23 15/15/15
f 77/77/77 79/79/79 61/61/61
f 33/33/33 28/28/28 42/42/42
f 23/23/23 33/33/33 41/41/41
f 33/33/33 15/15/15 28/28/28
f 46/46/46 41/41/41 33/33/33
f 44/44/44 41/41/41 57/57/57
f 44/44/44 57/57/57 54/54/54
f 64/64/64 53/53/53 65/65/65
f 53/53/53 64/64/64 51/51/51
f 30/30/30 23/23/23 41/41/41
f 34/34/34 30/30/30 44/44/44
f 95/95/95 73/73/73 92/92/92
f 73/73/73 67/67/67 54/54/54
f 73/73/73 95/95/95 67/67/67
f 60/60/60 69/69/69 58/58/58
f 79/79/79 60/60/60 61/61/61
f 18/18/18 30/30/30 34/34/34
f 44/44/44 30/30/30 41/41/41
f 30/30/30 18/18/18 23/23/23
f 47/47/47 56/56/56 65/65/65
f 38/38/38 34/34/34 54/54/54
f 47/47/47 36/36/36 26/26/26
f 56/56/56 47/47/47 38/38/38
f 36/36/36 53/53/53 51/51/51
f 75/75/75 87/87/87 92/92/92
f 67/67/67 95/95/95 90/90/90
f 56/56/56 38/38/38 54/54/54
f 38/38/38 18/18/18 34/34/34
f 38/38/38 47/47/47 26/26/26
f 69/69/69 75/75/75 58/58/58
f 81/81/81 107/107/107 96/96/96
f 3518/3518/3518 142/142/142 154/154/154
f 102/102/102 107/107/107 123/123/123
f 348/348/348 64/64/64 65/65/65
f 103/103/103 85/85/85 86/86/86
f 83/83/83 89/89/89 85/85/85
f 111/111/111 80/80/80 91/91/91
f 83/83/83 80/80/80 65/65/65
f 107/107/107 102/102/102 96/96/96
f 85/85/85 91/91/91 80/80/80
f 57/57/57 73/73/73 54/54/54
f 57/57/57 75/75/75 73/73/73
f 73/73/73 75/75/75 92/92/92
f 69/69/69 60/60/60 79/79/79
f 69/69/69 79/79/79 87/87/87
f 115/115/115 103/103/103 86/86/86
f 115/115/115 86/86/86 97/97/97
f 352/352/352 348/348/348 80/80/80
f 75/75/75 57/57/57 58/58/58
f 80/80/80 348/348/348 65/65/65
f 29/29/29 28/28/28 22/22/22
f 145/145/145 139/139/139 158/158/158
f 90/90/90 83/83/83 71/71/71
f 159/159/159 158/158/158 155/155/155
f 145/145/145 158/158/158 161/161/161
f 158/158/158 139/139/139 155/155/155
f 99/99/99 93/93/93 88/88/88
f 97/97/97 94/94/94 93/93/93
f 96/96/96 102/102/102 77/77/77
f 77/77/77 102/102/102 79/79/79
f 83/83/83 65/65/65 71/71/71
f 62/62/62 43/43/43 40/40/40
f 62/62/62 40/40/40 74/74/74
f 3558/3558/3558 134/134/134 152/152/152
f 100/100/100 3558/3558/3558 106/106/106
f 122/122/122 124/124/124 100/100/100
f 99/99/99 97/97/97 93/93/93
f 158/158/158 160/160/160 161/161/161
f 160/160/160 158/158/158 159/159/159
f 152/152/152 3568/3568/3568 3558/3558/3558
f 43/43/43 62/62/62 63/63/63
f 99/99/99 79/79/79 102/102/102
f 139/139/139 145/145/145 132/132/132
f 3515/3515/3515 139/139/139 128/128/128
f 128/128/128 3490/3490/3490 3515/3515/3515
f 101/101/101 115/115/115 110/110/110
f 128/128/128 139/139/139 132/132/132
f 3490/3490/3490 128/128/128 109/109/109
f 3490/3490/3490 109/109/109 3476/3476/3476
f 101/101/101 3476/3476/3476 109/109/109
f 128/128/128 132/132/132 111/111/111
f 109/109/109 128/128/128 111/111/111
f 91/91/91 101/101/101 111/111/111
f 3476/3476/3476 101/101/101 110/110/110
f 101/101/101 91/91/91 85/85/85
f 88/88/88 79/79/79 99/99/99
f 139/139/139 3515/3515/3515 155/155/155
f 84/84/84 74/74/74 121/121/121
f 103/103/103 101/101/101 85/85/85
f 3596/3596/3596 3568/3568/3568 3598/3598/3598
f 101/101/101 109/109/109 111/111/111
f 103/103/103 115/115/115 101/101/101
f 76/76/76 62/62/62 84/84/84
f 76/76/76 82/82/82 81/81/81
f 77/77/77 66/66/66 96/96/96
f 29/29/29 43/43/43 45/45/45
f 55/55/55 66/66/66 77/77/77
f 82/82/82 100/100/100 81/81/81
f 108/108/108 122/122/122 82/82/82
f 76/76/76 84/84/84 108/108/108
f 81/81/81 63/63/63 76/76/76
f 74/74/74 84/84/84 62/62/62
f 66/66/66 63/63/63 81/81/81
f 42/42/42 45/45/45 55/55/55
f 63/63/63 45/45/45 43/43/43
f 63/63/63 66/66/66 45/45/45
f 96/96/96 66/66/66 81/81/81
f 55/55/55 45/45/45 66/66/66
f 55/55/55 77/77/77 61/61/61
f 11/11/11 22/22/22 28/28/28
f 42/42/42 55/55/55 61/61/61
f 29/29/29 22/22/22 25/25/25
f 82/82/82 76/76/76 108/108/108
f 74/74/74 40/40/40 48/48/48
f 121/121/121 74/74/74 48/48/48
f 121/121/121 50/50/50 131/131/131
f 100/100/100 82/82/82 122/122/122
f 121/121/121 48/48/48 50/50/50
f 3558/3558/3558 100/100/100 124/124/124
f 3558/3558/3558 124/124/124 134/134/134
f 126/126/126 59/59/59 72/72/72
f 50/50/50 59/59/59 131/131/131
f 131/131/131 59/59/59 126/126/126
f 84/84/84 121/121/121 108/108/108
f 133/133/133 108/108/108 121/121/121
f 124/124/124 122/122/122 133/133/133
f 100/100/100 106/106/106 81/81/81
f 122/122/122 108/108/108 133/133/133
f 149/149/149 134/134/134 133/133/133
f 152/152/152 134/134/134 149/149/149
f 62/62/62 76/76/76 63/63/63
f 134/134/134 124/124/124 133/133/133
f 152/152/152 3598/3598/3598 3568/3568/3568
f 125/125/125 114/114/114 130/130/130
f 3557/3557/3557 130/130/130 114/114/114
f 118/118/118 114/114/114 106/106/106
f 159/159/159 155/155/155 156/156/156
f 3557/3557/3557 114/114/114 118/118/118
f 125/125/125 144/144/144 136/136/136
f 125/125/125 136/136/136 123/123/123
f 107/107/107 114/114/114 125/125/125
f 118/118/118 106/106/106 3558/3558/3558
f 125/125/125 123/123/123 107/107/107
f 156/156/156 155/155/155 143/143/143
f 136/136/136 143/143/143 129/129/129
f 162/162/162 156/156/156 157/157/157
f 157/157/157 156/156/156 136/136/136
f 156/156/156 143/143/143 136/136/136
f 3512/3512/3512 119/119/119 129/129/129
f 162/162/162 159/159/159 156/156/156
f 142/142/142 3512/3512/3512 129/129/129
f 120/120/120 104/104/104 117/117/117
f 116/116/116 129/129/129 119/119/119
f 3602/3602/3602 164/164/164 148/148/148
f 133/133/133 151/151/151 149/149/149
f 32/32/32 4/4/4 17/17/17
f 151/151/151 168/168/168 167/167/167
f 81/81/81 106/106/106 114/114/114
f 167/167/167 149/149/149 151/151/151
f 17/17/17 37/37/37 32/32/32
f 2/2/2 5/5/5 7/7/7
f 4/4/4 2/2/2 17/17/17
f 12/12/12 17/17/17 2/2/2
f 2/2/2 7/7/7 12/12/12
f 148/148/148 3575/3575/3575 3592/3592/3592
f 125/125/125 130/130/130 144/144/144
f 144/144/144 148/148/148 164/164/164
f 148/148/148 3592/3592/3592 3602/3602/3602
f 164/164/164 163/163/163 144/144/144
f 114/114/114 107/107/107 81/81/81
f 110/110/110 115/115/115 3465/3465/3465
f 3575/3575/3575 148/148/148 130/130/130
f 3575/3575/3575 130/130/130 3557/3557/3557
f 144/144/144 130/130/130 148/148/148
f 13/13/13 20/20/20 6/6/6
f 15/15/15 9/9/9 11/11/11
f 9/9/9 6/6/6 11/11/11
f 136/136/136 129/129/129 123/123/123
f 161/161/161 375/375/375 145/145/145
f 36/36/36 31/31/31 13/13/13
f 165/165/165 3598/3598/3598 152/152/152
f 31/31/31 36/36/36 51/51/51
f 6/6/6 9/9/9 8/8/8
f 13/13/13 6/6/6 8/8/8
f 111/111/111 132/132/132 367/367/367
f 105/105/105 352/352/352 80/80/80
f 372/372/372 367/367/367 132/132/132
f 367/367/367 105/105/105 111/111/111
f 80/80/80 111/111/111 105/105/105
f 375/375/375 372/372/372 145/145/145
f 132/132/132 145/145/145 372/372/372
f 144/144/144 157/157/157 136/136/136
f 163/163/163 162/162/162 157/157/157
f 157/157/157 144/144/144 163/163/163
f 149/149/149 167/167/167 166/166/166
f 16/16/16 1/1/1 48/48/48
f 16/16/16 40/40/40 25/25/25
f 14/14/14 7/7/7 5/5/5
f 31/31/31 35/35/35 20/20/20
f 13/13/13 31/31/31 20/20/20
f 3515/3515/3515 3514/3514/3514 3518/3518/3518
f 142/142/142 3518/3518/3518 3516/3516/3516
f 3512/3512/3512 142/142/142 3516/3516/3516
f 16/16/16 5/5/5 1/1/1
f 5/5/5 16/16/16 14/14/14
f 25/25/25 22/22/22 14/14/14
f 40/40/40 16/16/16 48/48/48
f 1/1/1 50/50/50 48/48/48
f 152/152/152 166/166/166 165/165/165
f 166/166/166 152/152/152 149/149/149
f 14/14/14 11/11/11 7/7/7
f 6/6/6 12/12/12 7/7/7
f 6/6/6 7/7/7 11/11/11
f 25/25/25 14/14/14 16/16/16
f 14/14/14 22/22/22 11/11/11
f 3/3/3 1/1/1 2/2/2
f 72/72/72 59/59/59 49/49/49
f 24/24/24 19/19/19 10/10/10
f 27/27/27 49/49/49 59/59/59
f 10/10/10 19/19/19 21/21/21
f 19/19/19 24/24/24 331/331/331
f 12/12/12 10/10/10 21/21/21
f 126/126/126 127/127/127 138/138/138
f 19/19/19 331/331/331 330/330/330
f 330/330/330 332/332/332 21/21/21
f 19/19/19 330/330/330 21/21/21
f 6/6/6 24/24/24 10/10/10
f 35/35/35 24/24/24 20/20/20
f 131/131/131 137/137/137 121/121/121
f 98/98/98 361/361/361 135/135/135
f 361/361/361 98/98/98 68/68/68
f 98/98/98 127/127/127 70/70/70
f 98/98/98 70/70/70 68/68/68
f 24/24/24 35/35/35 331/331/331
f 12/12/12 6/6/6 10/10/10
f 24/24/24 6/6/6 20/20/20
f 141/141/141 137/137/137 131/131/131
f 18/18/18 26/26/26 8/8/8
f 71/71/71 56/56/56 67/67/67
f 38/38/38 26/26/26 18/18/18
f 13/13/13 26/26/26 36/36/36
f 26/26/26 13/13/13 8/8/8
f 67/67/67 56/56/56 54/54/54
f 53/53/53 47/47/47 65/65/65
f 56/56/56 71/71/71 65/65/65
f 71/71/71 67/67/67 90/90/90
f 69/69/69 87/87/87 75/75/75
f 72/72/72 78/78/78 126/126/126
f 78/78/78 70/70/70 127/127/127
f 78/78/78 127/127/127 126/126/126
f 126/126/126 141/141/141 131/131/131
f 141/141/141 126/126/126 138/138/138
f 78/78/78 72/72/72 49/49/49
f 155/155/155 3515/3515/3515 3519/3519/3519
f 70/70/70 78/78/78 52/52/52
f 78/78/78 49/49/49 52/52/52
f 140/140/140 138/138/138 127/127/127
f 339/339/339 68/68/68 37/37/37
f 37/37/37 39/39/39 339/339/339
f 68/68/68 70/70/70 37/37/37
f 17/17/17 12/12/12 37/37/37
f 12/12/12 21/21/21 37/37/37
f 135/135/135 147/147/147 146/146/146
f 140/140/140 146/146/146 153/153/153
f 140/140/140 135/135/135 146/146/146
f 70/70/70 52/52/52 37/37/37
f 52/52/52 32/32/32 37/37/37
f 3/3/3 4/4/4 27/27/27
f 3/3/3 27/27/27 59/59/59
f 50/50/50 1/1/1 3/3/3
f 50/50/50 3/3/3 59/59/59
f 1/1/1 5/5/5 2/2/2
f 21/21/21 332/332/332 39/39/39
f 39/39/39 37/37/37 21/21/21
f 27/27/27 4/4/4 32/32/32
f 27/27/27 32/32/32 49/49/49
f 4/4/4 3/3/3 2/2/2
f 169/169/169 153/153/153 146/146/146
f 153/153/153 169/169/169 168/168/168
f 373/373/373 378/378/378 170/170/170
f 168/168/168 150/150/150 153/153/153
f 153/153/153 141/141/141 138/138/138
f 138/138/138 140/140/140 153/153/153
f 135/135/135 140/140/140 127/127/127
f 339/339/339 361/361/361 68/68/68
f 98/98/98 135/135/135 127/127/127
f 121/121/121 137/137/137 133/133/133
f 32/32/32 52/52/52 49/49/49
f 147/147/147 170/170/170 169/169/169
f 135/135/135 361/361/361 147/147/147
f 170/170/170 147/147/147 373/373/373
f 169/169/169 146/146/146 147/147/147
f 361/361/361 373/373/373 147/147/147
f 137/137/137 150/150/150 151/151/151
f 141/141/141 153/153/153 150/150/150
f 151/151/151 133/133/133 137/137/137
f 168/168/168 151/151/151 150/150/150
f 137/137/137 141/141/141 150/150/150
f 249/249/249 245/245/245 250/250/250
f 240/240/240 249/249/249 238/238/238
f 212/212/212 220/220/220 204/204/204
f 319/319/319 315/315/315 302/302/302
f 221/221/221 212/212/212 224/224/224
f 225/225/225 224/224/224 233/233/233
f 224/224/224 225/225/225 2231/2231/2231
f 233/233/233 224/224/224 212/212/212
f 221/221/221 224/224/224 2231/2231/2231
f 225/225/225 233/233/233 236/236/236
f 225/225/225 222/222/222 2232/2232/2232
f 2231/2231/2231 225/225/225 2232/2232/2232
f 238/238/238 225/225/225 236/236/236
f 252/252/252 255/255/255 250/250/250
f 245/245/245 249/249/249 240/240/240
f 296/296/296 281/281/281 286/286/286
f 307/307/307 321/321/321 312/312/312
f 312/312/312 321/321/321 322/322/322
f 225/225/225 238/238/238 222/222/222
f 307/307/307 315/315/315 321/321/321
f 289/289/289 297/297/297 280/280/280
f 274/274/274 287/287/287 276/276/276
f 298/298/298 287/287/287 291/291/291
f 291/291/291 274/274/274 273/273/273
f 292/292/292 277/277/277 276/276/276
f 287/287/287 292/292/292 276/276/276
f 301/301/301 290/290/290 305/305/305
f 288/288/288 301/301/301 291/291/291
f 301/301/301 302/302/302 291/291/291
f 291/291/291 287/287/287 274/274/274
f 293/293/293 305/305/305 290/290/290
f 307/307/307 298/298/298 315/315/315
f 256/256/256 258/258/258 273/273/273
f 302/302/302 298/298/298 291/291/291
f 298/298/298 307/307/307 292/292/292
f 315/315/315 298/298/298 302/302/302
f 292/292/292 287/287/287 298/298/298
f 292/292/292 289/289/289 277/277/277
f 277/277/277 289/289/289 280/280/280
f 281/281/281 407/407/407 270/270/270
f 407/407/407 281/281/281 414/414/414
f 307/307/307 300/300/300 292/292/292
f 300/300/300 297/297/297 289/289/289
f 262/262/262 241/241/241 242/242/242
f 268/268/268 262/262/262 280/280/280
f 241/241/241 262/262/262 268/268/268
f 266/266/266 274/274/274 276/276/276
f 274/274/274 256/256/256 273/273/273
f 300/300/300 312/312/312 297/297/297
f 300/300/300 289/289/289 292/292/292
f 312/312/312 300/300/300 307/307/307
f 278/278/278 286/286/286 270/270/270
f 297/297/297 294/294/294 280/280/280
f 296/296/296 286/286/286 304/304/304
f 286/286/286 278/278/278 294/294/294
f 281/281/281 296/296/296 414/414/414
f 247/247/247 260/260/260 242/242/242
f 241/241/241 268/268/268 246/246/246
f 294/294/294 278/278/278 280/280/280
f 312/312/312 294/294/294 297/297/297
f 286/286/286 294/294/294 304/304/304
f 260/260/260 266/266/266 276/276/276
f 230/230/230 254/254/254 239/239/239
f 187/187/187 2173/2173/2173 174/174/174
f 230/230/230 233/233/233 212/212/212
f 407/407/407 402/402/402 270/270/270
f 250/250/250 232/232/232 249/249/249
f 245/245/245 252/252/252 250/250/250
f 255/255/255 226/226/226 244/244/244
f 255/255/255 252/252/252 270/270/270
f 233/233/233 230/230/230 239/239/239
f 244/244/244 250/250/250 255/255/255
f 262/262/262 277/277/277 280/280/280
f 260/260/260 277/277/277 262/262/262
f 260/260/260 262/262/262 242/242/242
f 274/274/274 266/266/266 256/256/256
f 256/256/256 266/266/266 247/247/247
f 232/232/232 222/222/222 249/249/249
f 249/249/249 222/222/222 238/238/238
f 402/402/402 398/398/398 255/255/255
f 277/277/277 260/260/260 276/276/276
f 402/402/402 255/255/255 270/270/270
f 302/302/302 301/301/301 308/308/308
f 191/191/191 185/185/185 171/171/171
f 252/252/252 246/246/246 264/264/264
f 171/171/171 159/159/159 175/175/175
f 171/171/171 185/185/185 161/161/161
f 191/191/191 171/171/171 175/175/175
f 243/243/243 236/236/236 248/248/248
f 240/240/240 238/238/238 243/243/243
f 233/233/233 239/239/239 258/258/258
f 233/233/233 258/258/258 256/256/256
f 270/270/270 252/252/252 264/264/264
f 290/290/290 272/272/272 293/293/293
f 293/293/293 272/272/272 261/261/261
f 196/196/196 208/208/208 178/178/178
f 208/208/208 235/235/235 231/231/231
f 211/211/211 213/213/213 235/235/235
f 238/238/238 236/236/236 243/243/243
f 160/160/160 171/171/171 161/161/161
f 171/171/171 160/160/160 159/159/159
f 201/201/201 178/178/178 208/208/208
f 272/272/272 290/290/290 271/271/271
f 256/256/256 236/236/236 233/233/233
f 185/185/185 191/191/191 199/199/199
f 191/191/191 2177/2177/2177 205/205/205
f 2202/2202/2202 205/205/205 2177/2177/2177
f 222/222/222 234/234/234 227/227/227
f 191/191/191 205/205/205 199/199/199
f 205/205/205 2202/2202/2202 228/228/228
f 228/228/228 2202/2202/2202 215/215/215
f 215/215/215 234/234/234 228/228/228
f 199/199/199 205/205/205 226/226/226
f 205/205/205 228/228/228 226/226/226
f 234/234/234 244/244/244 226/226/226
f 234/234/234 215/215/215 227/227/227
f 244/244/244 234/234/234 250/250/250
f 256/256/256 248/248/248 236/236/236
f 2177/2177/2177 191/191/191 175/175/175
f 261/261/261 251/251/251 216/216/216
f 234/234/234 232/232/232 250/250/250
f 201/201/201 3621/3621/3621 3619/3619/3619
f 228/228/228 234/234/234 226/226/226
f 222/222/222 232/232/232 234/234/234
f 272/272/272 259/259/259 251/251/251
f 253/253/253 259/259/259 254/254/254
f 269/269/269 258/258/258 239/239/239
f 290/290/290 301/301/301 288/288/288
f 269/269/269 279/279/279 258/258/258
f 235/235/235 253/253/253 254/254/254
f 213/213/213 229/229/229 253/253/253
f 251/251/251 259/259/259 229/229/229
f 271/271/271 254/254/254 259/259/259
f 251/251/251 261/261/261 272/272/272
f 271/271/271 269/269/269 254/254/254
f 288/288/288 291/291/291 279/279/279
f 288/288/288 271/271/271 290/290/290
f 269/269/269 271/271/271 288/288/288
f 269/269/269 239/239/239 254/254/254
f 288/288/288 279/279/279 269/269/269
f 258/258/258 279/279/279 273/273/273
f 308/308/308 319/319/319 302/302/302
f 279/279/279 291/291/291 273/273/273
f 308/308/308 301/301/301 305/305/305
f 259/259/259 253/253/253 229/229/229
f 293/293/293 261/261/261 285/285/285
f 261/261/261 216/216/216 285/285/285
f 283/283/283 216/216/216 200/200/200
f 253/253/253 235/235/235 213/213/213
f 285/285/285 216/216/216 283/283/283
f 235/235/235 208/208/208 211/211/211
f 211/211/211 208/208/208 196/196/196
f 275/275/275 207/207/207 263/263/263
f 275/275/275 283/283/283 200/200/200
f 275/275/275 200/200/200 207/207/207
f 216/216/216 251/251/251 229/229/229
f 229/229/229 198/198/198 216/216/216
f 213/213/213 211/211/211 198/198/198
f 231/231/231 235/235/235 254/254/254
f 229/229/229 213/213/213 198/198/198
f 196/196/196 181/181/181 198/198/198
f 196/196/196 178/178/178 181/181/181
f 259/259/259 272/272/272 271/271/271
f 211/211/211 196/196/196 198/198/198
f 3619/3619/3619 178/178/178 201/201/201
f 223/223/223 209/209/209 203/203/203
f 203/203/203 210/210/210 223/223/223
f 223/223/223 219/219/219 231/231/231
f 175/175/175 159/159/159 173/173/173
f 223/223/223 210/210/210 219/219/219
f 186/186/186 209/209/209 194/194/194
f 194/194/194 209/209/209 212/212/212
f 223/223/223 230/230/230 209/209/209
f 231/231/231 219/219/219 208/208/208
f 212/212/212 209/209/209 230/230/230
f 175/175/175 173/173/173 188/188/188
f 188/188/188 194/194/194 204/204/204
f 173/173/173 162/162/162 172/172/172
f 173/173/173 172/172/172 194/194/194
f 188/188/188 173/173/173 194/194/194
f 217/217/217 2180/2180/2180 204/204/204
f 159/159/159 162/162/162 173/173/173
f 2180/2180/2180 187/187/187 204/204/204
f 2231/2231/2231 218/218/218 221/221/221
f 204/204/204 220/220/220 217/217/217
f 164/164/164 3602/3602/3602 182/182/182
f 179/179/179 198/198/198 181/181/181
f 326/326/326 299/299/299 313/313/313
f 168/168/168 179/179/179 167/167/167
f 231/231/231 254/254/254 223/223/223
f 181/181/181 167/167/167 179/179/179
f 295/295/295 313/313/313 299/299/299
f 325/325/325 328/328/328 323/323/323
f 328/328/328 326/326/326 313/313/313
f 313/313/313 318/318/318 328/328/328
f 323/323/323 328/328/328 318/318/318
f 197/197/197 182/182/182 176/176/176
f 203/203/203 209/209/209 186/186/186
f 182/182/182 186/186/186 164/164/164
f 176/176/176 182/182/182 3602/3602/3602
f 163/163/163 164/164/164 186/186/186
f 230/230/230 223/223/223 254/254/254
f 222/222/222 227/227/227 2232/2232/2232
f 182/182/182 197/197/197 203/203/203
f 203/203/203 197/197/197 210/210/210
f 203/203/203 186/186/186 182/182/182
f 310/310/310 316/316/316 324/324/324
f 321/321/321 315/315/315 319/319/319
f 324/324/324 321/321/321 319/319/319
f 204/204/204 194/194/194 212/212/212
f 375/375/375 161/161/161 185/185/185
f 420/420/420 296/296/296 316/316/316
f 3619/3619/3619 165/165/165 178/178/178
f 296/296/296 420/420/420 414/414/414
f 321/321/321 324/324/324 322/322/322
f 324/324/324 316/316/316 322/322/322
f 199/199/199 226/226/226 202/202/202
f 398/398/398 393/393/393 255/255/255
f 202/202/202 381/381/381 199/199/199
f 393/393/393 202/202/202 226/226/226
f 226/226/226 255/255/255 393/393/393
f 381/381/381 375/375/375 185/185/185
f 185/185/185 199/199/199 381/381/381
f 172/172/172 186/186/186 194/194/194
f 162/162/162 163/163/163 172/172/172
f 186/186/186 172/172/172 163/163/163
f 167/167/167 181/181/181 166/166/166
f 329/329/329 314/314/314 285/285/285
f 293/293/293 314/314/314 305/305/305
f 323/323/323 317/317/317 325/325/325
f 418/418/418 420/420/420 310/310/310
f 420/420/420 316/316/316 310/310/310
f 2178/2178/2178 2177/2177/2177 2173/2173/2173
f 2173/2173/2173 187/187/187 2176/2176/2176
f 187/187/187 2180/2180/2180 2176/2176/2176
f 325/325/325 314/314/314 329/329/329
f 314/314/314 325/325/325 317/317/317
f 308/308/308 305/305/305 317/317/317
f 314/314/314 293/293/293 285/285/285
f 283/283/283 329/329/329 285/285/285
f 166/166/166 178/178/178 165/165/165
f 178/178/178 166/166/166 181/181/181
f 319/319/319 317/317/317 323/323/323
f 318/318/318 324/324/324 323/323/323
f 323/323/323 324/324/324 319/319/319
f 317/317/317 305/305/305 314/314/314
f 308/308/308 317/317/317 319/319/319
f 329/329/329 327/327/327 328/328/328
f 275/275/275 263/263/263 284/284/284
f 311/311/311 306/306/306 320/320/320
f 284/284/284 303/303/303 275/275/275
f 311/311/311 320/320/320 309/309/309
f 306/306/306 311/311/311 419/419/419
f 320/320/320 318/318/318 309/309/309
f 206/206/206 207/207/207 192/192/192
f 419/419/419 311/311/311 421/421/421
f 416/416/416 421/421/421 309/309/309
f 421/421/421 311/311/311 309/309/309
f 306/306/306 324/324/324 320/320/320
f 306/306/306 418/418/418 310/310/310
f 193/193/193 200/200/200 216/216/216
f 214/214/214 237/237/237 195/195/195
f 237/237/237 214/214/214 267/267/267
f 206/206/206 237/237/237 265/265/265
f 265/265/265 237/237/237 267/267/267
f 418/418/418 306/306/306 419/419/419
f 324/324/324 318/318/318 320/320/320
f 324/324/324 306/306/306 310/310/310
f 193/193/193 189/189/189 200/200/200
f 304/304/304 312/312/312 322/322/322
f 278/278/278 264/264/264 268/268/268
f 304/304/304 294/294/294 312/312/312
f 304/304/304 316/316/316 296/296/296
f 316/316/316 304/304/304 322/322/322
f 278/278/278 268/268/268 280/280/280
f 286/286/286 281/281/281 270/270/270
f 264/264/264 278/278/278 270/270/270
f 268/268/268 264/264/264 246/246/246
f 247/247/247 266/266/266 260/260/260
f 257/257/257 263/263/263 207/207/207
f 265/265/265 257/257/257 206/206/206
f 206/206/206 257/257/257 207/207/207
f 189/189/189 207/207/207 200/200/200
f 207/207/207 189/189/189 192/192/192
f 263/263/263 257/257/257 284/284/284
f 2177/2177/2177 175/175/175 2174/2174/2174
f 257/257/257 265/265/265 282/282/282
f 284/284/284 257/257/257 282/282/282
f 192/192/192 190/190/190 206/206/206
f 267/267/267 409/409/409 295/295/295
f 417/417/417 295/295/295 409/409/409
f 265/265/265 267/267/267 295/295/295
f 318/318/318 313/313/313 295/295/295
f 309/309/309 318/318/318 295/295/295
f 183/183/183 195/195/195 184/184/184
f 184/184/184 190/190/190 177/177/177
f 195/195/195 190/190/190 184/184/184
f 282/282/282 265/265/265 295/295/295
f 299/299/299 282/282/282 295/295/295
f 326/326/326 327/327/327 303/303/303
f 303/303/303 327/327/327 275/275/275
f 329/329/329 283/283/283 327/327/327
f 327/327/327 283/283/283 275/275/275
f 325/325/325 329/329/329 328/328/328
f 416/416/416 309/309/309 417/417/417
f 295/295/295 417/417/417 309/309/309
f 326/326/326 303/303/303 299/299/299
f 299/299/299 303/303/303 284/284/284
f 327/327/327 326/326/326 328/328/328
f 177/177/177 169/169/169 184/184/184
f 169/169/169 177/177/177 168/168/168
f 378/378/378 380/380/380 170/170/170
f 180/180/180 168/168/168 177/177/177
f 189/189/189 177/177/177 192/192/192
f 190/190/190 192/192/192 177/177/177
f 190/190/190 195/195/195 206/206/206
f 214/214/214 409/409/409 267/267/267
f 195/195/195 237/237/237 206/206/206
f 193/193/193 216/216/216 198/198/198
f 282/282/282 299/299/299 284/284/284
f 170/170/170 183/183/183 169/169/169
f 214/214/214 195/195/195 183/183/183
f 183/183/183 170/170/170 380/380/380
f 184/184/184 169/169/169 183/183/183
f 380/380/380 214/214/214 183/183/183
f 180/180/180 193/193/193 179/179/179
f 177/177/177 189/189/189 180/180/180
f 198/198/198 179/179/179 193/193/193
f 179/179/179 168/168/168 180/180/180
f 189/189/189 193/193/193 180/180/180
f 343/343/343 334/334/334 338/338/338
f 332/332/332 337/337/337 39/39/39
f 344/344/344 353/353/353 340/340/340
f 362/362/362 360/360/360 355/355/355
f 362/362/362 355/355/355 2276/2276/2276
f 2287/2287/2287 2283/2283/2283 370/370/370
f 366/366/366 359/359/359 358/358/358
f 377/377/377 2289/2289/2289 370/370/370
f 363/363/363 366/366/366 358/358/358
f 2283/2283/2283 366/366/366 370/370/370
f 2287/2287/2287 370/370/370 2289/2289/2289
f 339/339/339 337/337/337 349/349/349
f 337/337/337 345/345/345 349/349/349
f 337/337/337 339/339/339 39/39/39
f 362/362/362 2276/2276/2276 2281/2281/2281
f 2281/2281/2281 368/368/368 362/362/362
f 340/340/340 337/337/337 332/332/332
f 355/355/355 360/360/360 349/349/349
f 345/345/345 355/355/355 349/349/349
f 360/360/360 362/362/362 368/368/368
f 361/361/361 339/339/339 349/349/349
f 340/340/340 345/345/345 337/337/337
f 35/35/35 338/338/338 334/334/334
f 35/35/35 334/334/334 331/331/331
f 345/345/345 353/353/353 355/355/355
f 355/355/355 353/353/353 2276/2276/2276
f 360/360/360 361/361/361 349/349/349
f 346/346/346 64/64/64 348/348/348
f 341/341/341 64/64/64 346/346/346
f 334/334/334 343/343/343 336/336/336
f 341/341/341 51/51/51 64/64/64
f 351/351/351 341/341/341 350/350/350
f 341/341/341 346/346/346 350/350/350
f 333/333/333 344/344/344 340/340/340
f 333/333/333 340/340/340 332/332/332
f 344/344/344 333/333/333 336/336/336
f 370/370/370 366/366/366 363/363/363
f 336/336/336 333/333/333 330/330/330
f 338/338/338 335/335/335 342/342/342
f 361/361/361 360/360/360 368/368/368
f 353/353/353 345/345/345 340/340/340
f 330/330/330 333/333/333 332/332/332
f 334/334/334 336/336/336 331/331/331
f 336/336/336 330/330/330 331/331/331
f 371/371/371 369/369/369 365/365/365
f 369/369/369 364/364/364 365/365/365
f 350/350/350 352/352/352 356/356/356
f 352/352/352 350/350/350 348/348/348
f 356/356/356 357/357/357 350/350/350
f 375/375/375 376/376/376 372/372/372
f 357/357/357 358/358/358 350/350/350
f 371/371/371 365/365/365 367/367/367
f 363/363/363 358/358/358 357/357/357
f 376/376/376 371/371/371 372/372/372
f 372/372/372 371/371/371 367/367/367
f 369/369/369 370/370/370 364/364/364
f 377/377/377 369/369/369 371/371/371
f 377/377/377 370/370/370 369/369/369
f 370/370/370 363/363/363 364/364/364
f 376/376/376 377/377/377 371/371/371
f 364/364/364 357/357/357 356/356/356
f 365/365/365 356/356/356 105/105/105
f 105/105/105 356/356/356 352/352/352
f 365/365/365 364/364/364 356/356/356
f 367/367/367 365/365/365 105/105/105
f 358/358/358 351/351/351 350/350/350
f 338/338/338 342/342/342 343/343/343
f 359/359/359 2277/2277/2277 354/354/354
f 347/347/347 343/343/343 342/342/342
f 346/346/346 348/348/348 350/350/350
f 358/358/358 359/359/359 351/351/351
f 354/354/354 347/347/347 342/342/342
f 368/368/368 374/374/374 373/373/373
f 374/374/374 368/368/368 2281/2281/2281
f 373/373/373 361/361/361 368/368/368
f 378/378/378 373/373/373 374/374/374
f 374/374/374 2291/2291/2291 378/378/378
f 359/359/359 366/366/366 2277/2277/2277
f 366/366/366 2283/2283/2283 2277/2277/2277
f 31/31/31 335/335/335 35/35/35
f 364/364/364 363/363/363 357/357/357
f 338/338/338 35/35/35 335/335/335
f 359/359/359 354/354/354 351/351/351
f 335/335/335 341/341/341 342/342/342
f 341/341/341 335/335/335 51/51/51
f 335/335/335 31/31/31 51/51/51
f 354/354/354 342/342/342 351/351/351
f 341/341/341 351/351/351 342/342/342
f 413/413/413 2319/2319/2319 410/410/410
f 411/411/411 416/416/416 417/417/417
f 2314/2314/2314 2318/2318/2318 408/408/408
f 391/391/391 390/390/390 397/397/397
f 397/397/397 390/390/390 2310/2310/2310
f 2299/2299/2299 2295/2295/2295 383/383/383
f 392/392/392 386/386/386 394/394/394
f 2289/2289/2289 377/377/377 383/383/383
f 386/386/386 389/389/389 394/394/394
f 386/386/386 2299/2299/2299 383/383/383
f 383/383/383 2295/2295/2295 2289/2289/2289
f 411/411/411 409/409/409 401/401/401
f 404/404/404 411/411/411 401/401/401
f 409/409/409 411/411/411 417/417/417
f 2310/2310/2310 390/390/390 2303/2303/2303
f 385/385/385 2303/2303/2303 390/390/390
f 411/411/411 408/408/408 416/416/416
f 391/391/391 397/397/397 401/401/401
f 397/397/397 404/404/404 401/401/401
f 390/390/390 391/391/391 385/385/385
f 409/409/409 214/214/214 401/401/401
f 404/404/404 408/408/408 411/411/411
f 410/410/410 418/418/418 413/413/413
f 413/413/413 418/418/418 419/419/419
f 2314/2314/2314 404/404/404 397/397/397
f 2314/2314/2314 397/397/397 2310/2310/2310
f 214/214/214 391/391/391 401/401/401
f 407/407/407 403/403/403 402/402/402
f 407/407/407 406/406/406 403/403/403
f 2319/2319/2319 413/413/413 2320/2320/2320
f 414/414/414 406/406/406 407/407/407
f 406/406/406 399/399/399 400/400/400
f 403/403/403 406/406/406 400/400/400
f 2318/2318/2318 415/415/415 408/408/408
f 408/408/408 415/415/415 416/416/416
f 415/415/415 2318/2318/2318 2320/2320/2320
f 386/386/386 383/383/383 389/389/389
f 415/415/415 2320/2320/2320 421/421/421
f 412/412/412 410/410/410 405/405/405
f 391/391/391 214/214/214 385/385/385
f 404/404/404 2314/2314/2314 408/408/408
f 415/415/415 421/421/421 416/416/416
f 2320/2320/2320 413/413/413 419/419/419
f 421/421/421 2320/2320/2320 419/419/419
f 384/384/384 382/382/382 387/387/387
f 388/388/388 384/384/384 387/387/387
f 398/398/398 400/400/400 396/396/396
f 400/400/400 398/398/398 402/402/402
f 395/395/395 396/396/396 400/400/400
f 376/376/376 375/375/375 381/381/381
f 394/394/394 395/395/395 400/400/400
f 387/387/387 382/382/382 202/202/202
f 394/394/394 389/389/389 395/395/395
f 382/382/382 376/376/376 381/381/381
f 382/382/382 381/381/381 202/202/202
f 383/383/383 384/384/384 388/388/388
f 384/384/384 377/377/377 382/382/382
f 383/383/383 377/377/377 384/384/384
f 389/389/389 383/383/383 388/388/388
f 377/377/377 376/376/376 382/382/382
f 395/395/395 388/388/388 396/396/396
f 396/396/396 387/387/387 393/393/393
f 396/396/396 393/393/393 398/398/398
f 388/388/388 387/387/387 396/396/396
f 387/387/387 202/202/202 393/393/393
f 399/399/399 394/394/394 400/400/400
f 405/405/405 410/410/410 2319/2319/2319
f 2309/2309/2309 392/392/392 2313/2313/2313
f 2319/2319/2319 2316/2316/2316 405/405/405
f 402/402/402 403/403/403 400/400/400
f 392/392/392 394/394/394 399/399/399
f 2316/2316/2316 2313/2313/2313 405/405/405
f 379/379/379 385/385/385 380/380/380
f 385/385/385 379/379/379 2303/2303/2303
f 214/214/214 380/380/380 385/385/385
f 380/380/380 378/378/378 379/379/379
f 2291/2291/2291 379/379/379 378/378/378
f 386/386/386 392/392/392 2309/2309/2309
f 2299/2299/2299 386/386/386 2309/2309/2309
f 412/412/412 420/420/420 418/418/418
f 389/389/389 388/388/388 395/395/395
f 418/418/418 410/410/410 412/412/412
f 2313/2313/2313 392/392/392 399/399/399
f 406/406/406 412/412/412 405/405/405
f 412/412/412 406/406/406 414/414/414
f 420/420/420 412/412/412 414/414/414
f 405/405/405 2313/2313/2313 399/399/399
f 399/399/399 406/406/406 405/405/405
f 624/624/624 618/618/618 623/623/623
f 637/637/637 628/628/628 632/632/632
f 624/624/624 632/632/632 628/628/628
f 673/673/673 674/674/674 552/552/552
f 675/675/675 552/552/552 674/674/674
f 699/699/699 562/562/562 600/600/600
f 578/578/578 600/600/600 562/562/562
f 684/684/684 672/672/672 662/662/662
f 590/590/590 571/571/571 589/589/589
f 579/579/579 589/589/589 571/571/571
f 636/636/636 646/646/646 637/637/637
f 632/632/632 624/624/624 623/623/623
f 636/636/636 640/640/640 646/646/646
f 632/632/632 636/636/636 637/637/637
f 655/655/655 646/646/646 662/662/662
f 647/647/647 655/655/655 660/660/660
f 661/661/661 644/644/644 633/633/633
f 660/660/660 655/655/655 662/662/662
f 624/624/624 628/628/628 615/615/615
f 601/601/601 629/629/629 590/590/590
f 616/616/616 629/629/629 601/601/601
f 623/623/623 640/640/640 632/632/632
f 636/636/636 632/632/632 640/640/640
f 662/662/662 646/646/646 640/640/640
f 618/618/618 624/624/624 615/615/615
f 638/638/638 648/648/648 633/633/633
f 661/661/661 633/633/633 648/648/648
f 631/631/631 633/633/633 644/644/644
f 686/686/686 672/672/672 684/684/684
f 644/644/644 669/669/669 657/657/657
f 672/672/672 668/668/668 662/662/662
f 668/668/668 660/660/660 662/662/662
f 690/690/690 667/667/667 687/687/687
f 667/667/667 657/657/657 687/687/687
f 637/637/637 646/646/646 647/647/647
f 655/655/655 647/647/647 646/646/646
f 607/607/607 597/597/597 590/590/590
f 541/541/541 545/545/545 539/539/539
f 545/545/545 537/537/537 539/539/539
f 661/661/661 669/669/669 644/644/644
f 687/687/687 657/657/657 669/669/669
f 667/667/667 656/656/656 657/657/657
f 644/644/644 657/657/657 631/631/631
f 596/596/596 589/589/589 603/603/603
f 601/601/601 596/596/596 616/616/616
f 579/579/579 572/572/572 591/591/591
f 591/591/591 603/603/603 589/589/589
f 668/668/668 672/672/672 670/670/670
f 668/668/668 670/670/670 660/660/660
f 662/662/662 682/682/682 684/684/684
f 656/656/656 667/667/667 692/692/692
f 667/667/667 690/690/690 692/692/692
f 631/631/631 657/657/657 656/656/656
f 686/686/686 670/670/670 672/672/672
f 572/572/572 579/579/579 561/561/561
f 579/579/579 571/571/571 561/561/561
f 589/589/589 579/579/579 591/591/591
f 582/582/582 574/574/574 561/561/561
f 575/575/575 572/572/572 561/561/561
f 591/591/591 572/572/572 585/585/585
f 575/575/575 585/585/585 572/572/572
f 596/596/596 603/603/603 616/616/616
f 589/589/589 596/596/596 590/590/590
f 596/596/596 601/601/601 590/590/590
f 619/619/619 634/634/634 639/639/639
f 692/692/692 666/666/666 651/651/651
f 619/619/619 610/610/610 630/630/630
f 617/617/617 619/619/619 639/639/639
f 592/592/592 602/602/602 604/604/604
f 609/609/609 604/604/604 602/602/602
f 585/585/585 575/575/575 583/583/583
f 665/665/665 642/642/642 639/639/639
f 658/658/658 650/650/650 612/612/612
f 650/650/650 658/658/658 696/696/696
f 642/642/642 645/645/645 626/626/626
f 585/585/585 593/593/593 592/592/592
f 593/593/593 602/602/602 592/592/592
f 612/612/612 626/626/626 645/645/645
f 604/604/604 609/609/609 615/615/615
f 609/609/609 618/618/618 615/615/615
f 618/618/618 609/609/609 623/623/623
f 609/609/609 602/602/602 623/623/623
f 658/658/658 695/695/695 696/696/696
f 645/645/645 658/658/658 612/612/612
f 623/623/623 602/602/602 598/598/598
f 588/588/588 610/610/610 617/617/617
f 613/613/613 626/626/626 612/612/612
f 617/617/617 613/613/613 588/588/588
f 613/613/613 617/617/617 626/626/626
f 594/594/594 613/613/613 612/612/612
f 642/642/642 626/626/626 639/639/639
f 645/645/645 642/642/642 694/694/694
f 642/642/642 665/665/665 694/694/694
f 633/633/633 608/608/608 638/638/638
f 608/608/608 629/629/629 638/638/638
f 631/631/631 608/608/608 633/633/633
f 590/590/590 629/629/629 608/608/608
f 639/639/639 666/666/666 665/665/665
f 671/671/671 665/665/665 666/666/666
f 639/639/639 626/626/626 617/617/617
f 597/597/597 606/606/606 588/588/588
f 630/630/630 651/651/651 634/634/634
f 649/649/649 651/651/651 666/666/666
f 586/586/586 597/597/597 588/588/588
f 619/619/619 617/617/617 610/610/610
f 634/634/634 619/619/619 630/630/630
f 649/649/649 634/634/634 651/651/651
f 665/665/665 671/671/671 694/694/694
f 671/671/671 693/693/693 694/694/694
f 692/692/692 693/693/693 666/666/666
f 671/671/671 666/666/666 693/693/693
f 634/634/634 649/649/649 639/639/639
f 649/649/649 666/666/666 639/639/639
f 613/613/613 594/594/594 588/588/588
f 597/597/597 586/586/586 590/590/590
f 631/631/631 606/606/606 607/607/607
f 597/597/597 607/607/607 606/606/606
f 627/627/627 614/614/614 631/631/631
f 614/614/614 606/606/606 631/631/631
f 610/610/610 614/614/614 630/630/630
f 614/614/614 627/627/627 630/630/630
f 588/588/588 606/606/606 610/610/610
f 614/614/614 610/610/610 606/606/606
f 692/692/692 651/651/651 656/656/656
f 643/643/643 656/656/656 651/651/651
f 627/627/627 643/643/643 630/630/630
f 643/643/643 651/651/651 630/630/630
f 656/656/656 643/643/643 631/631/631
f 664/664/664 652/652/652 623/623/623
f 680/680/680 664/664/664 679/679/679
f 650/650/650 659/659/659 612/612/612
f 654/654/654 664/664/664 623/623/623
f 664/664/664 680/680/680 652/652/652
f 662/662/662 653/653/653 682/682/682
f 664/664/664 654/654/654 679/679/679
f 640/640/640 653/653/653 662/662/662
f 623/623/623 652/652/652 640/640/640
f 643/643/643 627/627/627 631/631/631
f 653/653/653 652/652/652 682/682/682
f 659/659/659 635/635/635 612/612/612
f 697/697/697 659/659/659 696/696/696
f 653/653/653 640/640/640 652/652/652
f 580/580/580 570/570/570 588/588/588
f 659/659/659 650/650/650 696/696/696
f 699/699/699 635/635/635 697/697/697
f 659/659/659 697/697/697 635/635/635
f 600/600/600 611/611/611 699/699/699
f 611/611/611 635/635/635 699/699/699
f 587/587/587 611/611/611 578/578/578
f 611/611/611 600/600/600 578/578/578
f 612/612/612 635/635/635 587/587/587
f 611/611/611 587/587/587 635/635/635
f 612/612/612 587/587/587 577/577/577
f 573/573/573 577/577/577 587/587/587
f 573/573/573 587/587/587 578/578/578
f 577/577/577 573/573/573 559/559/559
f 573/573/573 578/578/578 559/559/559
f 559/559/559 570/570/570 577/577/577
f 580/580/580 577/577/577 570/570/570
f 569/569/569 576/576/576 588/588/588
f 580/580/580 594/594/594 612/612/612
f 588/588/588 570/570/570 569/569/569
f 566/566/566 569/569/569 570/570/570
f 594/594/594 580/580/580 588/588/588
f 566/566/566 570/570/570 559/559/559
f 569/569/569 566/566/566 561/561/561
f 577/577/577 580/580/580 612/612/612
f 558/558/558 566/566/566 559/559/559
f 576/576/576 586/586/586 588/588/588
f 561/561/561 571/571/571 569/569/569
f 566/566/566 558/558/558 561/561/561
f 586/586/586 576/576/576 590/590/590
f 576/576/576 571/571/571 590/590/590
f 621/621/621 620/620/620 584/584/584
f 576/576/576 569/569/569 571/571/571
f 678/678/678 679/679/679 663/663/663
f 654/654/654 663/663/663 679/679/679
f 676/676/676 678/678/678 641/641/641
f 663/663/663 654/654/654 623/623/623
f 623/623/623 599/599/599 641/641/641
f 532/532/532 517/517/517 512/512/512
f 641/641/641 663/663/663 623/623/623
f 620/620/620 599/599/599 584/584/584
f 641/641/641 620/620/620 676/676/676
f 620/620/620 641/641/641 599/599/599
f 534/534/534 531/531/531 541/541/541
f 487/487/487 492/492/492 441/441/441
f 437/437/437 487/487/487 441/441/441
f 533/533/533 531/531/531 534/534/534
f 539/539/539 537/537/537 509/509/509
f 531/531/531 545/545/545 541/541/541
f 468/468/468 531/531/531 533/533/533
f 441/441/441 515/515/515 509/509/509
f 620/620/620 621/621/621 676/676/676
f 663/663/663 641/641/641 678/678/678
f 526/526/526 509/509/509 515/515/515
f 487/487/487 437/437/437 498/498/498
f 492/492/492 515/515/515 441/441/441
f 526/526/526 539/539/539 509/509/509
f 511/511/511 512/512/512 517/517/517
f 498/498/498 468/468/468 513/513/513
f 468/468/468 533/533/533 513/513/513
f 480/480/480 488/488/488 478/478/478
f 437/437/437 468/468/468 498/498/498
f 562/562/562 556/556/556 538/538/538
f 510/510/510 538/538/538 556/556/556
f 468/468/468 543/543/543 531/531/531
f 538/538/538 545/545/545 562/562/562
f 578/578/578 545/545/545 553/553/553
f 682/682/682 652/652/652 680/680/680
f 578/578/578 562/562/562 545/545/545
f 499/499/499 478/478/478 488/488/488
f 481/481/481 478/478/478 499/499/499
f 531/531/531 553/553/553 545/545/545
f 502/502/502 494/494/494 512/512/512
f 493/493/493 490/490/490 516/516/516
f 490/490/490 493/493/493 484/484/484
f 499/499/499 512/512/512 494/494/494
f 517/517/517 532/532/532 520/520/520
f 502/502/502 512/512/512 511/511/511
f 494/494/494 486/486/486 499/499/499
f 508/508/508 516/516/516 497/497/497
f 486/486/486 481/481/481 499/499/499
f 553/553/553 531/531/531 543/543/543
f 532/532/532 535/535/535 523/523/523
f 484/484/484 493/493/493 480/480/480
f 497/497/497 516/516/516 490/490/490
f 520/520/520 532/532/532 523/523/523
f 540/540/540 519/519/519 522/522/522
f 542/542/542 540/540/540 529/529/529
f 523/523/523 535/535/535 528/528/528
f 540/540/540 522/522/522 525/525/525
f 486/486/486 461/461/461 457/457/457
f 490/490/490 464/464/464 497/497/497
f 540/540/540 525/525/525 529/529/529
f 472/472/472 497/497/497 464/464/464
f 516/516/516 508/508/508 514/514/514
f 540/540/540 527/527/527 519/519/519
f 497/497/497 472/472/472 508/508/508
f 542/542/542 528/528/528 535/535/535
f 528/528/528 542/542/542 529/529/529
f 483/483/483 508/508/508 472/472/472
f 480/480/480 456/456/456 484/484/484
f 464/464/464 490/490/490 460/460/460
f 484/484/484 460/460/460 490/490/490
f 478/478/478 481/481/481 454/454/454
f 447/447/447 449/449/449 455/455/455
f 456/456/456 480/480/480 454/454/454
f 478/478/478 454/454/454 480/480/480
f 486/486/486 494/494/494 461/461/461
f 481/481/481 457/457/457 454/454/454
f 481/481/481 486/486/486 457/457/457
f 502/502/502 475/475/475 467/467/467
f 460/460/460 484/484/484 456/456/456
f 494/494/494 467/467/467 461/461/461
f 494/494/494 502/502/502 467/467/467
f 527/527/527 514/514/514 519/519/519
f 496/496/496 520/520/520 503/503/503
f 517/517/517 491/491/491 511/511/511
f 502/502/502 511/511/511 475/475/475
f 520/520/520 496/496/496 517/517/517
f 458/458/458 472/472/472 452/452/452
f 505/505/505 525/525/525 501/501/501
f 491/491/491 517/517/517 496/496/496
f 525/525/525 505/505/505 529/529/529
f 528/528/528 529/529/529 506/506/506
f 523/523/523 503/503/503 520/520/520
f 507/507/507 529/529/529 505/505/505
f 511/511/511 485/485/485 475/475/475
f 485/485/485 511/511/511 491/491/491
f 529/529/529 507/507/507 506/506/506
f 519/519/519 514/514/514 495/495/495
f 522/522/522 501/501/501 525/525/525
f 522/522/522 519/519/519 501/501/501
f 508/508/508 483/483/483 489/489/489
f 527/527/527 516/516/516 514/514/514
f 514/514/514 489/489/489 495/495/495
f 514/514/514 508/508/508 489/489/489
f 464/464/464 452/452/452 472/472/472
f 462/462/462 483/483/483 458/458/458
f 472/472/472 458/458/458 483/483/483
f 460/460/460 456/456/456 450/450/450
f 519/519/519 495/495/495 501/501/501
f 452/452/452 464/464/464 450/450/450
f 460/460/460 450/450/450 464/464/464
f 447/447/447 454/454/454 449/449/449
f 456/456/456 448/448/448 450/450/450
f 456/456/456 454/454/454 448/448/448
f 461/461/461 451/451/451 457/457/457
f 491/491/491 466/466/466 463/463/463
f 457/457/457 449/449/449 454/454/454
f 449/449/449 457/457/457 451/451/451
f 475/475/475 459/459/459 453/453/453
f 461/461/461 467/467/467 451/451/451
f 467/467/467 453/453/453 451/451/451
f 485/485/485 491/491/491 463/463/463
f 454/454/454 447/447/447 448/448/448
f 475/475/475 485/485/485 459/459/459
f 485/485/485 463/463/463 459/459/459
f 491/491/491 496/496/496 466/466/466
f 496/496/496 470/470/470 466/466/466
f 496/496/496 503/503/503 470/470/470
f 503/503/503 474/474/474 470/470/470
f 503/503/503 506/506/506 474/474/474
f 506/506/506 477/477/477 474/474/474
f 506/506/506 507/507/507 477/477/477
f 507/507/507 479/479/479 477/477/477
f 479/479/479 507/507/507 476/476/476
f 505/505/505 476/476/476 507/507/507
f 476/476/476 505/505/505 473/473/473
f 501/501/501 473/473/473 505/505/505
f 473/473/473 501/501/501 469/469/469
f 495/495/495 469/469/469 501/501/501
f 467/467/467 475/475/475 453/453/453
f 483/483/483 462/462/462 489/489/489
f 469/469/469 495/495/495 465/465/465
f 489/489/489 465/465/465 495/495/495
f 452/452/452 450/450/450 455/455/455
f 463/463/463 466/466/466 455/455/455
f 462/462/462 458/458/458 455/455/455
f 458/458/458 452/452/452 455/455/455
f 449/449/449 451/451/451 455/455/455
f 450/450/450 448/448/448 455/455/455
f 448/448/448 447/447/447 455/455/455
f 459/459/459 463/463/463 455/455/455
f 465/465/465 489/489/489 462/462/462
f 451/451/451 453/453/453 455/455/455
f 453/453/453 459/459/459 455/455/455
f 466/466/466 470/470/470 455/455/455
f 470/470/470 474/474/474 455/455/455
f 474/474/474 477/477/477 455/455/455
f 477/477/477 479/479/479 455/455/455
f 479/479/479 476/476/476 455/455/455
f 476/476/476 473/473/473 455/455/455
f 473/473/473 469/469/469 455/455/455
f 469/469/469 465/465/465 455/455/455
f 465/465/465 462/462/462 455/455/455
f 563/563/563 549/549/549 557/557/557
f 546/546/546 557/557/557 549/549/549
f 557/557/557 546/546/546 550/550/550
f 595/595/595 557/557/557 550/550/550
f 625/625/625 702/702/702 704/704/704
f 675/675/675 622/622/622 552/552/552
f 552/552/552 622/622/622 582/582/582
f 559/559/559 578/578/578 554/554/554
f 704/704/704 563/563/563 625/625/625
f 557/557/557 625/625/625 563/563/563
f 625/625/625 595/595/595 701/701/701
f 625/625/625 557/557/557 595/595/595
f 560/560/560 567/567/567 703/703/703
f 567/567/567 564/564/564 705/705/705
f 548/548/548 567/567/567 547/547/547
f 500/500/500 482/482/482 550/550/550
f 543/543/543 552/552/552 553/553/553
f 500/500/500 546/546/546 518/518/518
f 546/546/546 500/500/500 550/550/550
f 441/441/441 430/430/430 437/437/437
f 482/482/482 442/442/442 550/550/550
f 699/699/699 605/605/605 562/562/562
f 510/510/510 556/556/556 550/550/550
f 559/559/559 553/553/553 558/558/558
f 552/552/552 561/561/561 553/553/553
f 561/561/561 552/552/552 582/582/582
f 518/518/518 546/546/546 549/549/549
f 500/500/500 438/438/438 482/482/482
f 438/438/438 500/500/500 518/518/518
f 561/561/561 558/558/558 553/553/553
f 605/605/605 556/556/556 562/562/562
f 550/550/550 556/556/556 595/595/595
f 605/605/605 595/595/595 556/556/556
f 567/567/567 560/560/560 547/547/547
f 530/530/530 536/536/536 551/551/551
f 518/518/518 536/536/536 504/504/504
f 536/536/536 518/518/518 549/549/549
f 521/521/521 548/548/548 547/547/547
f 565/565/565 563/563/563 706/706/706
f 536/536/536 530/530/530 504/504/504
f 548/548/548 530/530/530 551/551/551
f 658/658/658 645/645/645 695/695/695
f 583/583/583 598/598/598 585/585/585
f 593/593/593 598/598/598 602/602/602
f 694/694/694 695/695/695 645/645/645
f 504/504/504 530/530/530 471/471/471
f 488/488/488 480/480/480 493/493/493
f 593/593/593 585/585/585 598/598/598
f 2288/2288/2288 560/560/560 2293/2293/2293
f 564/564/564 548/548/548 551/551/551
f 548/548/548 564/564/564 567/567/567
f 560/560/560 2286/2286/2286 547/547/547
f 521/521/521 530/530/530 548/548/548
f 703/703/703 567/567/567 705/705/705
f 560/560/560 703/703/703 2293/2293/2293
f 549/549/549 565/565/565 551/551/551
f 431/431/431 482/482/482 439/439/439
f 482/482/482 431/431/431 442/442/442
f 536/536/536 549/549/549 551/551/551
f 530/530/530 521/521/521 471/471/471
f 549/549/549 563/563/563 565/565/565
f 563/563/563 704/704/704 706/706/706
f 521/521/521 2284/2284/2284 471/471/471
f 2286/2286/2286 521/521/521 547/547/547
f 2284/2284/2284 446/446/446 471/471/471
f 433/433/433 428/428/428 435/435/435
f 518/518/518 443/443/443 438/438/438
f 443/443/443 504/504/504 471/471/471
f 504/504/504 443/443/443 518/518/518
f 424/424/424 423/423/423 437/437/437
f 2286/2286/2286 2284/2284/2284 521/521/521
f 423/423/423 428/428/428 2274/2274/2274
f 428/428/428 2275/2275/2275 2274/2274/2274
f 560/560/560 2288/2288/2288 2286/2286/2286
f 428/428/428 425/425/425 435/435/435
f 425/425/425 428/428/428 423/423/423
f 425/425/425 426/426/426 435/435/435
f 424/424/424 437/437/437 427/427/427
f 426/426/426 436/436/436 435/435/435
f 436/436/436 426/426/426 432/432/432
f 523/523/523 528/528/528 503/503/503
f 528/528/528 506/506/506 503/503/503
f 702/702/702 625/625/625 701/701/701
f 443/443/443 436/436/436 438/438/438
f 436/436/436 443/443/443 440/440/440
f 440/440/440 443/443/443 471/471/471
f 436/436/436 440/440/440 435/435/435
f 433/433/433 2275/2275/2275 428/428/428
f 430/430/430 427/427/427 437/437/437
f 436/436/436 432/432/432 438/438/438
f 555/555/555 544/544/544 568/568/568
f 544/544/544 555/555/555 524/524/524
f 445/445/445 544/544/544 524/524/524
f 445/445/445 524/524/524 444/444/444
f 429/429/429 445/445/445 444/444/444
f 440/440/440 2280/2280/2280 435/435/435
f 446/446/446 440/440/440 471/471/471
f 2280/2280/2280 433/433/433 435/435/435
f 605/605/605 700/700/700 701/701/701
f 700/700/700 605/605/605 699/699/699
f 442/442/442 510/510/510 550/550/550
f 595/595/595 605/605/605 701/701/701
f 440/440/440 446/446/446 2280/2280/2280
f 429/429/429 434/434/434 422/422/422
f 429/429/429 444/444/444 434/434/434
f 422/422/422 434/434/434 437/437/437
f 2274/2274/2274 422/422/422 423/423/423
f 543/543/543 524/524/524 555/555/555
f 468/468/468 437/437/437 434/434/434
f 581/581/581 568/568/568 2290/2290/2290
f 673/673/673 581/581/581 2290/2290/2290
f 423/423/423 422/422/422 437/437/437
f 552/552/552 581/581/581 673/673/673
f 552/552/552 555/555/555 581/581/581
f 434/434/434 444/444/444 468/468/468
f 581/581/581 555/555/555 568/568/568
f 543/543/543 444/444/444 524/524/524
f 444/444/444 543/543/543 468/468/468
f 555/555/555 552/552/552 543/543/543
f 761/761/761 755/755/755 758/758/758
f 749/749/749 741/741/741 747/747/747
f 747/747/747 755/755/755 749/749/749
f 674/674/674 673/673/673 827/827/827
f 827/827/827 675/675/675 674/674/674
f 817/817/817 699/699/699 779/779/779
f 779/779/779 801/801/801 817/817/817
f 707/707/707 685/685/685 717/717/717
f 808/808/808 789/789/789 790/790/790
f 790/790/790 800/800/800 808/808/808
f 733/733/733 743/743/743 741/741/741
f 755/755/755 747/747/747 758/758/758
f 739/739/739 743/743/743 733/733/733
f 743/743/743 747/747/747 741/741/741
f 733/733/733 724/724/724 717/717/717
f 724/724/724 730/730/730 718/718/718
f 735/735/735 719/719/719 746/746/746
f 724/724/724 718/718/718 717/717/717
f 749/749/749 755/755/755 763/763/763
f 750/750/750 778/778/778 789/789/789
f 750/750/750 764/764/764 778/778/778
f 739/739/739 758/758/758 747/747/747
f 747/747/747 743/743/743 739/739/739
f 733/733/733 717/717/717 739/739/739
f 755/755/755 761/761/761 763/763/763
f 731/731/731 742/742/742 746/746/746
f 746/746/746 719/719/719 731/731/731
f 746/746/746 748/748/748 735/735/735
f 707/707/707 688/688/688 685/685/685
f 709/709/709 735/735/735 720/720/720
f 711/711/711 707/707/707 717/717/717
f 718/718/718 711/711/711 717/717/717
f 712/712/712 691/691/691 689/689/689
f 720/720/720 712/712/712 689/689/689
f 733/733/733 741/741/741 730/730/730
f 730/730/730 724/724/724 733/733/733
f 782/782/782 771/771/771 789/789/789
f 834/834/834 837/837/837 839/839/839
f 841/841/841 834/834/834 839/839/839
f 709/709/709 719/719/719 735/735/735
f 720/720/720 689/689/689 709/709/709
f 723/723/723 712/712/712 720/720/720
f 720/720/720 735/735/735 748/748/748
f 790/790/790 783/783/783 775/775/775
f 783/783/783 778/778/778 764/764/764
f 807/807/807 800/800/800 787/787/787
f 775/775/775 787/787/787 790/790/790
f 707/707/707 711/711/711 710/710/710
f 710/710/710 711/711/711 718/718/718
f 683/683/683 717/717/717 685/685/685
f 712/712/712 723/723/723 692/692/692
f 691/691/691 712/712/712 692/692/692
f 720/720/720 748/748/748 723/723/723
f 710/710/710 688/688/688 707/707/707
f 800/800/800 807/807/807 818/818/818
f 808/808/808 800/800/800 818/818/818
f 800/800/800 790/790/790 787/787/787
f 804/804/804 795/795/795 818/818/818
f 807/807/807 805/805/805 818/818/818
f 807/807/807 787/787/787 794/794/794
f 794/794/794 805/805/805 807/807/807
f 775/775/775 783/783/783 764/764/764
f 783/783/783 790/790/790 789/789/789
f 778/778/778 783/783/783 789/789/789
f 745/745/745 760/760/760 740/740/740
f 713/713/713 692/692/692 728/728/728
f 769/769/769 760/760/760 751/751/751
f 760/760/760 762/762/762 740/740/740
f 777/777/777 788/788/788 776/776/776
f 776/776/776 770/770/770 777/777/777
f 805/805/805 794/794/794 796/796/796
f 737/737/737 714/714/714 740/740/740
f 729/729/729 721/721/721 767/767/767
f 721/721/721 729/729/729 696/696/696
f 734/734/734 737/737/737 753/753/753
f 786/786/786 794/794/794 788/788/788
f 777/777/777 786/786/786 788/788/788
f 753/753/753 767/767/767 734/734/734
f 770/770/770 776/776/776 763/763/763
f 761/761/761 770/770/770 763/763/763
f 770/770/770 761/761/761 758/758/758
f 777/777/777 770/770/770 758/758/758
f 695/695/695 721/721/721 696/696/696
f 721/721/721 734/734/734 767/767/767
f 777/777/777 758/758/758 780/780/780
f 769/769/769 791/791/791 762/762/762
f 753/753/753 766/766/766 767/767/767
f 766/766/766 762/762/762 791/791/791
f 762/762/762 766/766/766 753/753/753
f 766/766/766 785/785/785 767/767/767
f 753/753/753 737/737/737 740/740/740
f 737/737/737 734/734/734 694/694/694
f 714/714/714 737/737/737 694/694/694
f 772/772/772 746/746/746 742/742/742
f 750/750/750 772/772/772 742/742/742
f 772/772/772 748/748/748 746/746/746
f 750/750/750 789/789/789 772/772/772
f 713/713/713 740/740/740 714/714/714
f 714/714/714 708/708/708 713/713/713
f 753/753/753 740/740/740 762/762/762
f 773/773/773 782/782/782 791/791/791
f 728/728/728 751/751/751 745/745/745
f 728/728/728 732/732/732 713/713/713
f 782/782/782 793/793/793 791/791/791
f 762/762/762 760/760/760 769/769/769
f 760/760/760 745/745/745 751/751/751
f 745/745/745 732/732/732 728/728/728
f 708/708/708 714/714/714 694/694/694
f 693/693/693 708/708/708 694/694/694
f 693/693/693 692/692/692 713/713/713
f 713/713/713 708/708/708 693/693/693
f 732/732/732 745/745/745 740/740/740
f 713/713/713 732/732/732 740/740/740
f 785/785/785 766/766/766 791/791/791
f 793/793/793 782/782/782 789/789/789
f 773/773/773 748/748/748 771/771/771
f 771/771/771 782/782/782 773/773/773
f 765/765/765 752/752/752 748/748/748
f 773/773/773 765/765/765 748/748/748
f 765/765/765 769/769/769 751/751/751
f 752/752/752 765/765/765 751/751/751
f 773/773/773 791/791/791 769/769/769
f 769/769/769 765/765/765 773/773/773
f 728/728/728 692/692/692 723/723/723
f 723/723/723 736/736/736 728/728/728
f 736/736/736 752/752/752 751/751/751
f 728/728/728 736/736/736 751/751/751
f 736/736/736 723/723/723 748/748/748
f 727/727/727 716/716/716 758/758/758
f 716/716/716 681/681/681 679/679/679
f 722/722/722 729/729/729 767/767/767
f 716/716/716 725/725/725 758/758/758
f 681/681/681 716/716/716 727/727/727
f 726/726/726 717/717/717 683/683/683
f 725/725/725 716/716/716 679/679/679
f 726/726/726 739/739/739 717/717/717
f 727/727/727 758/758/758 739/739/739
f 752/752/752 736/736/736 748/748/748
f 727/727/727 726/726/726 683/683/683
f 744/744/744 722/722/722 767/767/767
f 722/722/722 698/698/698 696/696/696
f 739/739/739 726/726/726 727/727/727
f 809/809/809 799/799/799 791/791/791
f 729/729/729 722/722/722 696/696/696
f 744/744/744 699/699/699 698/698/698
f 698/698/698 722/722/722 744/744/744
f 768/768/768 779/779/779 699/699/699
f 744/744/744 768/768/768 699/699/699
f 768/768/768 792/792/792 801/801/801
f 779/779/779 768/768/768 801/801/801
f 744/744/744 767/767/767 792/792/792
f 792/792/792 768/768/768 744/744/744
f 792/792/792 767/767/767 802/802/802
f 802/802/802 806/806/806 792/792/792
f 792/792/792 806/806/806 801/801/801
f 806/806/806 802/802/802 820/820/820
f 801/801/801 806/806/806 820/820/820
f 809/809/809 820/820/820 802/802/802
f 802/802/802 799/799/799 809/809/809
f 803/803/803 810/810/810 791/791/791
f 785/785/785 799/799/799 767/767/767
f 809/809/809 791/791/791 810/810/810
f 810/810/810 813/813/813 809/809/809
f 799/799/799 785/785/785 791/791/791
f 809/809/809 813/813/813 820/820/820
f 813/813/813 810/810/810 818/818/818
f 799/799/799 802/802/802 767/767/767
f 813/813/813 821/821/821 820/820/820
f 793/793/793 803/803/803 791/791/791
f 808/808/808 818/818/818 810/810/810
f 821/821/821 813/813/813 818/818/818
f 803/803/803 793/793/793 789/789/789
f 808/808/808 803/803/803 789/789/789
f 759/759/759 756/756/756 797/797/797
f 810/810/810 803/803/803 808/808/808
f 679/679/679 678/678/678 715/715/715
f 715/715/715 725/725/725 679/679/679
f 678/678/678 677/677/677 738/738/738
f 725/725/725 715/715/715 758/758/758
f 781/781/781 758/758/758 738/738/738
f 862/862/862 846/846/846 866/866/866
f 715/715/715 738/738/738 758/758/758
f 781/781/781 759/759/759 797/797/797
f 759/759/759 738/738/738 677/677/677
f 738/738/738 759/759/759 781/781/781
f 848/848/848 844/844/844 837/837/837
f 886/886/886 891/891/891 935/935/935
f 891/891/891 940/940/940 935/935/935
f 848/848/848 847/847/847 844/844/844
f 841/841/841 839/839/839 869/869/869
f 834/834/834 848/848/848 837/837/837
f 848/848/848 911/911/911 847/847/847
f 863/863/863 935/935/935 869/869/869
f 756/756/756 759/759/759 677/677/677
f 738/738/738 715/715/715 678/678/678
f 869/869/869 852/852/852 863/863/863
f 940/940/940 891/891/891 880/880/880
f 863/863/863 886/886/886 935/935/935
f 839/839/839 852/852/852 869/869/869
f 866/866/866 868/868/868 862/862/862
f 911/911/911 880/880/880 867/867/867
f 847/847/847 911/911/911 867/867/867
f 892/892/892 899/899/899 901/901/901
f 911/911/911 940/940/940 880/880/880
f 823/823/823 817/817/817 842/842/842
f 842/842/842 870/870/870 823/823/823
f 836/836/836 911/911/911 848/848/848
f 834/834/834 842/842/842 817/817/817
f 834/834/834 801/801/801 825/825/825
f 727/727/727 683/683/683 681/681/681
f 817/817/817 801/801/801 834/834/834
f 901/901/901 881/881/881 892/892/892
f 901/901/901 898/898/898 881/881/881
f 825/825/825 848/848/848 834/834/834
f 885/885/885 877/877/877 866/866/866
f 889/889/889 887/887/887 864/864/864
f 887/887/887 889/889/889 895/895/895
f 866/866/866 881/881/881 885/885/885
f 846/846/846 862/862/862 859/859/859
f 866/866/866 877/877/877 868/868/868
f 893/893/893 885/885/885 881/881/881
f 864/864/864 871/871/871 882/882/882
f 898/898/898 893/893/893 881/881/881
f 848/848/848 825/825/825 836/836/836
f 845/845/845 846/846/846 856/856/856
f 887/887/887 895/895/895 899/899/899
f 864/864/864 882/882/882 889/889/889
f 846/846/846 859/859/859 856/856/856
f 860/860/860 840/840/840 857/857/857
f 840/840/840 838/838/838 850/850/850
f 845/845/845 856/856/856 851/851/851
f 857/857/857 840/840/840 854/854/854
f 918/918/918 893/893/893 922/922/922
f 915/915/915 889/889/889 882/882/882
f 854/854/854 840/840/840 850/850/850
f 882/882/882 907/907/907 915/915/915
f 871/871/871 864/864/864 865/865/865
f 853/853/853 840/840/840 860/860/860
f 907/907/907 882/882/882 871/871/871
f 851/851/851 838/838/838 845/845/845
f 838/838/838 851/851/851 850/850/850
f 871/871/871 896/896/896 907/907/907
f 923/923/923 899/899/899 895/895/895
f 889/889/889 915/915/915 919/919/919
f 919/919/919 895/895/895 889/889/889
f 898/898/898 901/901/901 925/925/925
f 930/930/930 932/932/932 924/924/924
f 899/899/899 923/923/923 925/925/925
f 925/925/925 901/901/901 899/899/899
f 885/885/885 893/893/893 918/918/918
f 922/922/922 898/898/898 925/925/925
f 893/893/893 898/898/898 922/922/922
f 904/904/904 877/877/877 912/912/912
f 895/895/895 919/919/919 923/923/923
f 912/912/912 885/885/885 918/918/918
f 877/877/877 885/885/885 912/912/912
f 865/865/865 853/853/853 860/860/860
f 859/859/859 883/883/883 876/876/876
f 888/888/888 862/862/862 868/868/868
f 868/868/868 877/877/877 904/904/904
f 883/883/883 859/859/859 862/862/862
f 907/907/907 921/921/921 927/927/927
f 854/854/854 874/874/874 878/878/878
f 862/862/862 888/888/888 883/883/883
f 874/874/874 854/854/854 850/850/850
f 850/850/850 851/851/851 873/873/873
f 876/876/876 856/856/856 859/859/859
f 850/850/850 872/872/872 874/874/874
f 894/894/894 868/868/868 904/904/904
f 868/868/868 894/894/894 888/888/888
f 872/872/872 850/850/850 873/873/873
f 865/865/865 860/860/860 884/884/884
f 878/878/878 857/857/857 854/854/854
f 860/860/860 857/857/857 878/878/878
f 896/896/896 871/871/871 890/890/890
f 864/864/864 853/853/853 865/865/865
f 890/890/890 865/865/865 884/884/884
f 871/871/871 865/865/865 890/890/890
f 927/927/927 915/915/915 907/907/907
f 896/896/896 917/917/917 921/921/921
f 921/921/921 907/907/907 896/896/896
f 923/923/923 919/919/919 929/929/929
f 884/884/884 860/860/860 878/878/878
f 915/915/915 927/927/927 929/929/929
f 929/929/929 919/919/919 915/915/915
f 925/925/925 932/932/932 930/930/930
f 931/931/931 923/923/923 929/929/929
f 925/925/925 923/923/923 931/931/931
f 928/928/928 918/918/918 922/922/922
f 913/913/913 888/888/888 916/916/916
f 930/930/930 922/922/922 925/925/925
f 922/922/922 930/930/930 928/928/928
f 920/920/920 904/904/904 926/926/926
f 912/912/912 918/918/918 928/928/928
f 926/926/926 912/912/912 928/928/928
f 888/888/888 894/894/894 916/916/916
f 932/932/932 925/925/925 931/931/931
f 894/894/894 904/904/904 920/920/920
f 916/916/916 894/894/894 920/920/920
f 883/883/883 888/888/888 913/913/913
f 909/909/909 883/883/883 913/913/913
f 876/876/876 883/883/883 909/909/909
f 905/905/905 876/876/876 909/909/909
f 873/873/873 876/876/876 905/905/905
f 902/902/902 873/873/873 905/905/905
f 872/872/872 873/873/873 902/902/902
f 900/900/900 872/872/872 902/902/902
f 872/872/872 900/900/900 903/903/903
f 903/903/903 874/874/874 872/872/872
f 874/874/874 903/903/903 906/906/906
f 906/906/906 878/878/878 874/874/874
f 878/878/878 906/906/906 910/910/910
f 910/910/910 884/884/884 878/878/878
f 904/904/904 912/912/912 926/926/926
f 917/917/917 896/896/896 890/890/890
f 884/884/884 910/910/910 914/914/914
f 914/914/914 890/890/890 884/884/884
f 929/929/929 927/927/927 924/924/924
f 913/913/913 916/916/916 924/924/924
f 921/921/921 917/917/917 924/924/924
f 927/927/927 921/921/921 924/924/924
f 928/928/928 930/930/930 924/924/924
f 931/931/931 929/929/929 924/924/924
f 932/932/932 931/931/931 924/924/924
f 916/916/916 920/920/920 924/924/924
f 890/890/890 914/914/914 917/917/917
f 926/926/926 928/928/928 924/924/924
f 920/920/920 926/926/926 924/924/924
f 909/909/909 913/913/913 924/924/924
f 905/905/905 909/909/909 924/924/924
f 902/902/902 905/905/905 924/924/924
f 900/900/900 902/902/902 924/924/924
f 903/903/903 900/900/900 924/924/924
f 906/906/906 903/903/903 924/924/924
f 910/910/910 906/906/906 924/924/924
f 914/914/914 910/910/910 924/924/924
f 917/917/917 914/914/914 924/924/924
f 830/830/830 816/816/816 822/822/822
f 822/822/822 833/833/833 830/830/830
f 833/833/833 822/822/822 829/829/829
f 822/822/822 784/784/784 829/829/829
f 702/702/702 754/754/754 704/704/704
f 757/757/757 675/675/675 827/827/827
f 757/757/757 827/827/827 795/795/795
f 801/801/801 820/820/820 826/826/826
f 816/816/816 704/704/704 754/754/754
f 754/754/754 822/822/822 816/816/816
f 784/784/784 754/754/754 701/701/701
f 822/822/822 754/754/754 784/784/784
f 812/812/812 819/819/819 703/703/703
f 814/814/814 812/812/812 705/705/705
f 812/812/812 831/831/831 832/832/832
f 897/897/897 879/879/879 829/829/829
f 827/827/827 836/836/836 825/825/825
f 833/833/833 879/879/879 861/861/861
f 879/879/879 833/833/833 829/829/829
f 944/944/944 935/935/935 940/940/940
f 936/936/936 897/897/897 829/829/829
f 774/774/774 699/699/699 817/817/817
f 823/823/823 870/870/870 829/829/829
f 825/825/825 820/820/820 821/821/821
f 818/818/818 827/827/827 825/825/825
f 827/827/827 818/818/818 795/795/795
f 833/833/833 861/861/861 830/830/830
f 938/938/938 879/879/879 897/897/897
f 879/879/879 938/938/938 861/861/861
f 821/821/821 818/818/818 825/825/825
f 823/823/823 774/774/774 817/817/817
f 823/823/823 829/829/829 784/784/784
f 784/784/784 774/774/774 823/823/823
f 819/819/819 812/812/812 832/832/832
f 843/843/843 849/849/849 828/828/828
f 843/843/843 861/861/861 875/875/875
f 861/861/861 843/843/843 830/830/830
f 831/831/831 858/858/858 832/832/832
f 816/816/816 815/815/815 706/706/706
f 849/849/849 843/843/843 875/875/875
f 849/849/849 831/831/831 828/828/828
f 734/734/734 721/721/721 695/695/695
f 780/780/780 796/796/796 794/794/794
f 780/780/780 786/786/786 777/777/777
f 695/695/695 694/694/694 734/734/734
f 849/849/849 875/875/875 908/908/908
f 899/899/899 892/892/892 887/887/887
f 794/794/794 786/786/786 780/780/780
f 819/819/819 2294/2294/2294 2293/2293/2293
f 831/831/831 814/814/814 828/828/828
f 814/814/814 831/831/831 812/812/812
f 2296/2296/2296 819/819/819 832/832/832
f 849/849/849 858/858/858 831/831/831
f 812/812/812 703/703/703 705/705/705
f 703/703/703 819/819/819 2293/2293/2293
f 815/815/815 830/830/830 828/828/828
f 897/897/897 945/945/945 939/939/939
f 945/945/945 897/897/897 936/936/936
f 830/830/830 843/843/843 828/828/828
f 858/858/858 849/849/849 908/908/908
f 816/816/816 830/830/830 815/815/815
f 704/704/704 816/816/816 706/706/706
f 2298/2298/2298 858/858/858 908/908/908
f 858/858/858 2296/2296/2296 832/832/832
f 2300/2300/2300 2298/2298/2298 908/908/908
f 947/947/947 2305/2305/2305 942/942/942
f 934/934/934 861/861/861 938/938/938
f 875/875/875 934/934/934 908/908/908
f 934/934/934 875/875/875 861/861/861
f 952/952/952 950/950/950 940/940/940
f 2298/2298/2298 2296/2296/2296 858/858/858
f 947/947/947 952/952/952 2312/2312/2312
f 2311/2311/2311 947/947/947 2312/2312/2312
f 2294/2294/2294 819/819/819 2296/2296/2296
f 951/951/951 947/947/947 942/942/942
f 947/947/947 951/951/951 952/952/952
f 948/948/948 951/951/951 942/942/942
f 940/940/940 950/950/950 949/949/949
f 941/941/941 948/948/948 942/942/942
f 948/948/948 941/941/941 946/946/946
f 851/851/851 856/856/856 876/876/876
f 873/873/873 851/851/851 876/876/876
f 754/754/754 702/702/702 701/701/701
f 941/941/941 934/934/934 938/938/938
f 934/934/934 941/941/941 937/937/937
f 934/934/934 937/937/937 908/908/908
f 937/937/937 941/941/941 942/942/942
f 2311/2311/2311 2305/2305/2305 947/947/947
f 949/949/949 944/944/944 940/940/940
f 946/946/946 941/941/941 938/938/938
f 835/835/835 824/824/824 811/811/811
f 824/824/824 835/835/835 855/855/855
f 835/835/835 2301/2301/2301 855/855/855
f 855/855/855 2301/2301/2301 933/933/933
f 2301/2301/2301 2307/2307/2307 933/933/933
f 2304/2304/2304 937/937/937 942/942/942
f 937/937/937 2300/2300/2300 908/908/908
f 2305/2305/2305 2304/2304/2304 942/942/942
f 700/700/700 774/774/774 701/701/701
f 774/774/774 700/700/700 699/699/699
f 870/870/870 936/936/936 829/829/829
f 774/774/774 784/784/784 701/701/701
f 2300/2300/2300 937/937/937 2304/2304/2304
f 943/943/943 2307/2307/2307 2315/2315/2315
f 933/933/933 2307/2307/2307 943/943/943
f 943/943/943 2315/2315/2315 940/940/940
f 2315/2315/2315 2312/2312/2312 952/952/952
f 855/855/855 836/836/836 824/824/824
f 940/940/940 911/911/911 943/943/943
f 811/811/811 798/798/798 2290/2290/2290
f 798/798/798 673/673/673 2290/2290/2290
f 2315/2315/2315 952/952/952 940/940/940
f 798/798/798 827/827/827 673/673/673
f 824/824/824 827/827/827 798/798/798
f 933/933/933 943/943/943 911/911/911
f 824/824/824 798/798/798 811/811/811
f 933/933/933 836/836/836 855/855/855
f 836/836/836 933/933/933 911/911/911
f 827/827/827 824/824/824 836/836/836
f 1297/1297/1297 1333/1333/1333 1309/1309/1309
f 1208/1208/1208 1252/1252/1252 1259/1259/1259
f 1223/1223/1223 1252/1252/1252 1208/1208/1208
f 1309/1309/1309 1333/1333/1333 1379/1379/1379
f 1456/1456/1456 1417/1417/1417 1357/1357/1357
f 1357/1357/1357 1379/1379/1379 1456/1456/1456
f 1298/1298/1298 1351/1351/1351 1300/1300/1300
f 1244/1244/1244 1241/1241/1241 1213/1213/1213
f 1241/1241/1241 1244/1244/1244 1298/1298/1298
f 1259/1259/1259 1297/1297/1297 1309/1309/1309
f 1252/1252/1252 1297/1297/1297 1259/1259/1259
f 1299/1299/1299 1304/1304/1304 1245/1245/1245
f 1379/1379/1379 1357/1357/1357 1309/1309/1309
f 1182/1182/1182 1203/1203/1203 1186/1186/1186
f 1202/1202/1202 1203/1203/1203 1182/1182/1182
f 1186/1186/1186 1223/1223/1223 1208/1208/1208
f 1241/1241/1241 1298/1298/1298 1253/1253/1253
f 1298/1298/1298 1300/1300/1300 1253/1253/1253
f 1417/1417/1417 1456/1456/1456 1476/1476/1476
f 1206/1206/1206 1254/1254/1254 1187/1187/1187
f 1221/1221/1221 1202/1202/1202 1183/1183/1183
f 1187/1187/1187 1221/1221/1221 1183/1183/1183
f 1203/1203/1203 1223/1223/1223 1186/1186/1186
f 1183/1183/1183 1202/1202/1202 1182/1182/1182
f 1254/1254/1254 1221/1221/1221 1187/1187/1187
f 1338/1338/1338 1352/1352/1352 1301/1301/1301
f 1337/1337/1337 1333/1333/1333 1297/1297/1297
f 1297/1297/1297 1291/1291/1291 1337/1337/1337
f 1201/1201/1201 1231/1231/1231 1252/1252/1252
f 1514/1514/1514 1495/1495/1495 1454/1454/1454
f 1291/1291/1291 1297/1297/1297 1252/1252/1252
f 1252/1252/1252 1231/1231/1231 1291/1291/1291
f 1191/1191/1191 1201/1201/1201 1223/1223/1223
f 1476/1476/1476 1512/1512/1512 1475/1475/1475
f 1492/1492/1492 1512/1512/1512 1476/1476/1476
f 1203/1203/1203 1191/1191/1191 1223/1223/1223
f 1191/1191/1191 1203/1203/1203 1202/1202/1202
f 1223/1223/1223 1201/1201/1201 1252/1252/1252
f 1192/1192/1192 1197/1197/1197 1204/1204/1204
f 1387/1387/1387 1434/1434/1434 1352/1352/1352
f 1210/1210/1210 1201/1201/1201 1191/1191/1191
f 1191/1191/1191 1195/1195/1195 1210/1210/1210
f 1495/1495/1495 1434/1434/1434 1387/1387/1387
f 1454/1454/1454 1495/1495/1495 1387/1387/1387
f 1352/1352/1352 1338/1338/1338 1387/1387/1387
f 1213/1213/1213 1204/1204/1204 1197/1197/1197
f 1204/1204/1204 1213/1213/1213 1241/1241/1241
f 1193/1193/1193 1198/1198/1198 1195/1195/1195
f 1237/1237/1237 1231/1231/1231 1201/1201/1201
f 1201/1201/1201 1210/1210/1210 1237/1237/1237
f 1195/1195/1195 1191/1191/1191 1193/1193/1193
f 1996/1996/1996 2010/2010/2010 1998/1998/1998
f 2002/2002/2002 1998/1998/1998 2010/2010/2010
f 1888/1888/1888 1914/1914/1914 1930/1930/1930
f 1998/1998/1998 1984/1984/1984 1996/1996/1996
f 2010/2010/2010 2015/2015/2015 2002/2002/2002
f 2003/2003/2003 2002/2002/2002 2015/2015/2015
f 1874/1874/1874 1895/1895/1895 1917/1917/1917
f 1960/1960/1960 1976/1976/1976 1943/1943/1943
f 1960/1960/1960 1984/1984/1984 1990/1990/1990
f 1944/1944/1944 1918/1918/1918 1896/1896/1896
f 1896/1896/1896 1923/1923/1923 1944/1944/1944
f 1917/1917/1917 1905/1905/1905 1874/1874/1874
f 1903/1903/1903 1958/1958/1958 1924/1924/1924
f 1992/1992/1992 2003/2003/2003 2013/2013/2013
f 2006/2006/2006 1973/1973/1973 1978/1978/1978
f 1930/1930/1930 1957/1957/1957 1938/1938/1938
f 2013/2013/2013 2006/2006/2006 1992/1992/1992
f 1978/1978/1978 1992/1992/1992 2006/2006/2006
f 2015/2015/2015 2013/2013/2013 2003/2003/2003
f 1984/1984/1984 1960/1960/1960 1958/1958/1958
f 1958/1958/1958 1996/1996/1996 1984/1984/1984
f 1958/1958/1958 1960/1960/1960 1924/1924/1924
f 1938/1938/1938 1906/1906/1906 1930/1930/1930
f 1939/1939/1939 1957/1957/1957 1983/1983/1983
f 1978/1978/1978 1939/1939/1939 1983/1983/1983
f 2001/2001/2001 1990/1990/1990 1984/1984/1984
f 1487/1487/1487 1475/1475/1475 1454/1454/1454
f 1475/1475/1475 1487/1487/1487 1477/1477/1477
f 1221/1221/1221 1205/1205/1205 1193/1193/1193
f 1454/1454/1454 1447/1447/1447 1487/1487/1487
f 1477/1477/1477 1476/1476/1476 1475/1475/1475
f 1476/1476/1476 1477/1477/1477 1417/1417/1417
f 1241/1241/1241 1253/1253/1253 1204/1204/1204
f 1257/1257/1257 1300/1300/1300 1307/1307/1307
f 1339/1339/1339 1307/1307/1307 1300/1300/1300
f 1222/1222/1222 1204/1204/1204 1253/1253/1253
f 1202/1202/1202 1193/1193/1193 1191/1191/1191
f 1193/1193/1193 1202/1202/1202 1221/1221/1221
f 1358/1358/1358 1387/1387/1387 1338/1338/1338
f 1900/1900/1900 1909/1909/1909 1875/1875/1875
f 1906/1906/1906 1888/1888/1888 1930/1930/1930
f 1875/1875/1875 1909/1909/1909 1914/1914/1914
f 1924/1924/1924 1960/1960/1960 1943/1943/1943
f 1990/1990/1990 1976/1976/1976 1960/1960/1960
f 1888/1888/1888 1875/1875/1875 1914/1914/1914
f 1359/1359/1359 1388/1388/1388 1448/1448/1448
f 1447/1447/1447 1454/1454/1454 1387/1387/1387
f 1307/1307/1307 1339/1339/1339 1359/1359/1359
f 1875/1875/1875 1871/1871/1871 1900/1900/1900
f 1905/1905/1905 1900/1900/1900 1871/1871/1871
f 1871/1871/1871 1874/1874/1874 1905/1905/1905
f 1475/1475/1475 1514/1514/1514 1454/1454/1454
f 1940/1940/1940 1916/1916/1916 1955/1955/1955
f 1901/1901/1901 1941/1941/1941 1913/1913/1913
f 1913/1913/1913 1864/1864/1864 1901/1901/1901
f 1955/1955/1955 1967/1967/1967 1940/1940/1940
f 1974/1974/1974 1970/1970/1970 1964/1964/1964
f 1955/1955/1955 1970/1970/1970 1974/1974/1974
f 1932/1932/1932 1920/1920/1920 1899/1899/1899
f 1878/1878/1878 1829/1829/1829 1859/1859/1859
f 1899/1899/1899 1878/1878/1878 1859/1859/1859
f 1902/1902/1902 1940/1940/1940 1977/1977/1977
f 1942/1942/1942 1902/1902/1902 1977/1977/1977
f 1920/1920/1920 1878/1878/1878 1899/1899/1899
f 1967/1967/1967 1955/1955/1955 1974/1974/1974
f 1854/1854/1854 1901/1901/1901 1864/1864/1864
f 1300/1300/1300 1257/1257/1257 1253/1253/1253
f 1854/1854/1854 1916/1916/1916 1940/1940/1940
f 1825/1825/1825 1785/1785/1785 1782/1782/1782
f 1785/1785/1785 1825/1825/1825 1837/1837/1837
f 1902/1902/1902 1854/1854/1854 1940/1940/1940
f 1803/1803/1803 1818/1818/1818 1864/1864/1864
f 1847/1847/1847 1803/1803/1803 1864/1864/1864
f 1860/1860/1860 1829/1829/1829 1804/1804/1804
f 1864/1864/1864 1818/1818/1818 1854/1854/1854
f 1793/1793/1793 1803/1803/1803 1847/1847/1847
f 1834/1834/1834 1793/1793/1793 1847/1847/1847
f 1920/1920/1920 1932/1932/1932 1951/1951/1951
f 1473/1473/1473 1510/1510/1510 1433/1433/1433
f 1532/1532/1532 1510/1510/1510 1473/1473/1473
f 1511/1511/1511 1534/1534/1534 1497/1497/1497
f 1328/1328/1328 1320/1320/1320 1292/1292/1292
f 1497/1497/1497 1532/1532/1532 1473/1473/1473
f 1534/1534/1534 1532/1532/1532 1497/1497/1497
f 1548/1548/1548 1519/1519/1519 1535/1535/1535
f 1242/1242/1242 1272/1272/1272 1292/1292/1292
f 1353/1353/1353 1384/1384/1384 1308/1308/1308
f 1519/1519/1519 1548/1548/1548 1498/1498/1498
f 1546/1546/1546 1498/1498/1498 1548/1548/1548
f 1534/1534/1534 1511/1511/1511 1520/1520/1520
f 1320/1320/1320 1328/1328/1328 1367/1367/1367
f 1965/1965/1965 1948/1948/1948 1951/1951/1951
f 1231/1231/1231 1237/1237/1237 1291/1291/1291
f 1505/1505/1505 1391/1391/1391 1457/1457/1457
f 1964/1964/1964 1965/1965/1965 1951/1951/1951
f 1970/1970/1970 1965/1965/1965 1964/1964/1964
f 1951/1951/1951 1948/1948/1948 1920/1920/1920
f 1391/1391/1391 1320/1320/1320 1367/1367/1367
f 1293/1293/1293 1281/1281/1281 1321/1321/1321
f 1243/1243/1243 1282/1282/1282 1294/1294/1294
f 1391/1391/1391 1367/1367/1367 1457/1457/1457
f 1547/1547/1547 1505/1505/1505 1499/1499/1499
f 1505/1505/1505 1457/1457/1457 1499/1499/1499
f 1847/1847/1847 1890/1890/1890 1877/1877/1877
f 1877/1877/1877 1834/1834/1834 1847/1847/1847
f 1847/1847/1847 1864/1864/1864 1913/1913/1913
f 1963/1963/1963 1932/1932/1932 1935/1935/1935
f 1899/1899/1899 1859/1859/1859 1907/1907/1907
f 1935/1935/1935 1899/1899/1899 1907/1907/1907
f 1822/1822/1822 1861/1861/1861 1863/1863/1863
f 1870/1870/1870 1827/1827/1827 1834/1834/1834
f 1827/1827/1827 1870/1870/1870 1861/1861/1861
f 1890/1890/1890 1847/1847/1847 1913/1913/1913
f 1834/1834/1834 1877/1877/1877 1870/1870/1870
f 1861/1861/1861 1822/1822/1822 1827/1827/1827
f 1932/1932/1932 1899/1899/1899 1935/1935/1935
f 1333/1333/1333 1337/1337/1337 1379/1379/1379
f 1410/1410/1410 1492/1492/1492 1456/1456/1456
f 1379/1379/1379 1410/1410/1410 1456/1456/1456
f 1512/1512/1512 1514/1514/1514 1475/1475/1475
f 1456/1456/1456 1492/1492/1492 1476/1476/1476
f 1337/1337/1337 1410/1410/1410 1379/1379/1379
f 1863/1863/1863 1825/1825/1825 1822/1822/1822
f 1825/1825/1825 1863/1863/1863 1880/1880/1880
f 1908/1908/1908 1860/1860/1860 1838/1838/1838
f 1207/1207/1207 1253/1253/1253 1257/1257/1257
f 1880/1880/1880 1837/1837/1837 1825/1825/1825
f 1838/1838/1838 1881/1881/1881 1908/1908/1908
f 1951/1951/1951 1932/1932/1932 1963/1963/1963
f 1967/1967/1967 1974/1974/1974 1991/1991/1991
f 1987/1987/1987 1967/1967/1967 1991/1991/1991
f 1787/1787/1787 1827/1827/1827 1822/1822/1822
f 1991/1991/1991 1974/1974/1974 1986/1986/1986
f 1940/1940/1940 1967/1967/1967 1987/1987/1987
f 1977/1977/1977 1940/1940/1940 1987/1987/1987
f 1782/1782/1782 1822/1822/1822 1825/1825/1825
f 1837/1837/1837 1805/1805/1805 1785/1785/1785
f 1804/1804/1804 1838/1838/1838 1860/1860/1860
f 1822/1822/1822 1782/1782/1782 1787/1787/1787
f 1787/1787/1787 1793/1793/1793 1834/1834/1834
f 1827/1827/1827 1787/1787/1787 1834/1834/1834
f 1964/1964/1964 1951/1951/1951 1980/1980/1980
f 1927/1927/1927 1942/1942/1942 1962/1962/1962
f 1894/1894/1894 1890/1890/1890 1913/1913/1913
f 1885/1885/1885 1870/1870/1870 1877/1877/1877
f 1913/1913/1913 1941/1941/1941 1928/1928/1928
f 1894/1894/1894 1913/1913/1913 1928/1928/1928
f 1942/1942/1942 1977/1977/1977 1962/1962/1962
f 1986/1986/1986 1964/1964/1964 1980/1980/1980
f 1974/1974/1974 1964/1964/1964 1986/1986/1986
f 1980/1980/1980 1951/1951/1951 1963/1963/1963
f 1870/1870/1870 1885/1885/1885 1887/1887/1887
f 1877/1877/1877 1890/1890/1890 1894/1894/1894
f 1885/1885/1885 1877/1877/1877 1894/1894/1894
f 1943/1943/1943 1976/1976/1976 1979/1979/1979
f 1733/1733/1733 1730/1730/1730 1752/1752/1752
f 1741/1741/1741 1733/1733/1733 1752/1752/1752
f 1730/1730/1730 1743/1743/1743 1773/1773/1773
f 2042/2042/2042 2071/2071/2071 2034/2034/2034
f 2023/2023/2023 1988/1988/1988 2034/2034/2034
f 2034/2034/2034 2053/2053/2053 2023/2023/2023
f 1780/1780/1780 1734/1734/1734 1770/1770/1770
f 1746/1746/1746 1728/1728/1728 1733/1733/1733
f 1728/1728/1728 1746/1746/1746 1771/1771/1771
f 1752/1752/1752 1730/1730/1730 1773/1773/1773
f 1733/1733/1733 1741/1741/1741 1746/1746/1746
f 1771/1771/1771 1735/1735/1735 1728/1728/1728
f 2071/2071/2071 2054/2054/2054 2034/2034/2034
f 1694/1694/1694 1725/1725/1725 1739/1739/1739
f 1725/1725/1725 1694/1694/1694 1665/1665/1665
f 1739/1739/1739 1765/1765/1765 1797/1797/1797
f 2035/2035/2035 1975/1975/1975 1884/1884/1884
f 1884/1884/1884 1995/1995/1995 2035/2035/2035
f 1765/1765/1765 1813/1813/1813 1797/1797/1797
f 1802/1802/1802 1780/1780/1780 1770/1770/1770
f 1872/1872/1872 1780/1780/1780 1802/1802/1802
f 1988/1988/1988 2023/2023/2023 1869/1869/1869
f 1725/1725/1725 1765/1765/1765 1739/1739/1739
f 1869/1869/1869 1872/1872/1872 1802/1802/1802
f 2023/2023/2023 1872/1872/1872 1869/1869/1869
f 2072/2072/2072 2071/2071/2071 2042/2042/2042
f 2028/2028/2028 2055/2055/2055 2035/2035/2035
f 1995/1995/1995 2028/2028/2028 2035/2035/2035
f 1922/1922/1922 1945/1945/1945 1931/1931/1931
f 2035/2035/2035 2055/2055/2055 2073/2073/2073
f 1889/1889/1889 2028/2028/2028 1995/1995/1995
f 1876/1876/1876 1889/1889/1889 1995/1995/1995
f 1723/1723/1723 1738/1738/1738 1720/1720/1720
f 1723/1723/1723 1710/1710/1710 1719/1719/1719
f 1637/1637/1637 1634/1634/1634 1666/1666/1666
f 1709/1709/1709 1723/1723/1723 1720/1720/1720
f 1719/1719/1719 1738/1738/1738 1723/1723/1723
f 1669/1669/1669 1709/1709/1709 1667/1667/1667
f 2072/2072/2072 2047/2047/2047 2043/2043/2043
f 1765/1765/1765 1808/1808/1808 1813/1813/1813
f 1752/1752/1752 1773/1773/1773 1725/1725/1725
f 1693/1693/1693 1741/1741/1741 1707/1707/1707
f 1773/1773/1773 1808/1808/1808 1765/1765/1765
f 1725/1725/1725 1773/1773/1773 1765/1765/1765
f 1808/1808/1808 1876/1876/1876 1813/1813/1813
f 2043/2043/2043 2073/2073/2073 2072/2072/2072
f 2073/2073/2073 2043/2043/2043 2035/2035/2035
f 2047/2047/2047 2072/2072/2072 2042/2042/2042
f 1741/1741/1741 1693/1693/1693 1700/1700/1700
f 1707/1707/1707 1752/1752/1752 1725/1725/1725
f 1741/1741/1741 1752/1752/1752 1707/1707/1707
f 2048/2048/2048 1997/1997/1997 2025/2025/2025
f 1997/1997/1997 2048/2048/2048 2065/2065/2065
f 2026/2026/2026 1958/1958/1958 1886/1886/1886
f 1839/1839/1839 1756/1756/1756 1789/1789/1789
f 1789/1789/1789 1855/1855/1855 1839/1839/1839
f 1958/1958/1958 1903/1903/1903 1886/1886/1886
f 2004/2004/2004 2042/2042/2042 1937/1937/1937
f 2034/2034/2034 1988/1988/1988 1849/1849/1849
f 1937/1937/1937 2034/2034/2034 1849/1849/1849
f 1997/1997/1997 1959/1959/1959 2025/2025/2025
f 1773/1773/1773 1743/1743/1743 1784/1784/1784
f 2042/2042/2042 2034/2034/2034 1937/1937/1937
f 1886/1886/1886 1904/1904/1904 1856/1856/1856
f 2014/2014/2014 2016/2016/2016 2069/2069/2069
f 2065/2065/2065 2011/2011/2011 1997/1997/1997
f 2016/2016/2016 2011/2011/2011 2065/2065/2065
f 1989/1989/1989 1946/1946/1946 1993/1993/1993
f 1756/1756/1756 1839/1839/1839 1744/1744/1744
f 2069/2069/2069 2016/2016/2016 2065/2065/2065
f 2007/2007/2007 2014/2014/2014 2067/2067/2067
f 2051/2051/2051 2007/2007/2007 2067/2067/2067
f 1856/1856/1856 1790/1790/1790 1886/1886/1886
f 2067/2067/2067 2014/2014/2014 2069/2069/2069
f 1973/1973/1973 2007/2007/2007 2051/2051/2051
f 2030/2030/2030 1973/1973/1973 2051/2051/2051
f 2047/2047/2047 2042/2042/2042 2004/2004/2004
f 1665/1665/1665 1707/1707/1707 1725/1725/1725
f 1707/1707/1707 1665/1665/1665 1655/1655/1655
f 1658/1658/1658 1700/1700/1700 1693/1693/1693
f 1975/1975/1975 2035/2035/2035 2043/2043/2043
f 1655/1655/1655 1693/1693/1693 1707/1707/1707
f 1693/1693/1693 1655/1655/1655 1658/1658/1658
f 1685/1685/1685 1718/1718/1718 1700/1700/1700
f 1995/1995/1995 1884/1884/1884 1813/1813/1813
f 1813/1813/1813 1876/1876/1876 1995/1995/1995
f 1718/1718/1718 1685/1685/1685 1724/1724/1724
f 1724/1724/1724 1755/1755/1755 1718/1718/1718
f 1700/1700/1700 1658/1658/1658 1685/1685/1685
f 1792/1792/1792 1869/1869/1869 1802/1802/1802
f 2047/2047/2047 2019/2019/2019 2012/2012/2012
f 1718/1718/1718 1771/1771/1771 1746/1746/1746
f 1771/1771/1771 1718/1718/1718 1755/1755/1755
f 2012/2012/2012 2043/2043/2043 2047/2047/2047
f 2043/2043/2043 2012/2012/2012 1975/1975/1975
f 2019/2019/2019 2047/2047/2047 2004/2004/2004
f 1988/1988/1988 1869/1869/1869 1792/1792/1792
f 1849/1849/1849 1988/1988/1988 1792/1792/1792
f 1802/1802/1802 1755/1755/1755 1792/1792/1792
f 1700/1700/1700 1746/1746/1746 1741/1741/1741
f 1746/1746/1746 1700/1700/1700 1718/1718/1718
f 1755/1755/1755 1802/1802/1802 1771/1771/1771
f 1670/1670/1670 1637/1637/1637 1666/1666/1666
f 1930/1930/1930 1931/1931/1931 1961/1961/1961
f 1957/1957/1957 1930/1930/1930 1961/1961/1961
f 1961/1961/1961 1989/1989/1989 1983/1983/1983
f 1269/1269/1269 1258/1258/1258 1206/1206/1206
f 1585/1585/1585 1597/1597/1597 1615/1615/1615
f 1856/1856/1856 1904/1904/1904 1923/1923/1923
f 1926/1926/1926 1922/1922/1922 1900/1900/1900
f 1909/1909/1909 1922/1922/1922 1931/1931/1931
f 1914/1914/1914 1909/1909/1909 1931/1931/1931
f 1983/1983/1983 1957/1957/1957 1961/1961/1961
f 1914/1914/1914 1931/1931/1931 1930/1930/1930
f 1900/1900/1900 1922/1922/1922 1909/1909/1909
f 1570/1570/1570 1577/1577/1577 1586/1586/1586
f 1567/1567/1567 1576/1576/1576 1565/1565/1565
f 1553/1553/1553 1549/1549/1549 1564/1564/1564
f 1564/1564/1564 1567/1567/1567 1553/1553/1553
f 1557/1557/1557 1568/1568/1568 1571/1571/1571
f 1569/1569/1569 1564/1564/1564 1549/1549/1549
f 1565/1565/1565 1553/1553/1553 1567/1567/1567
f 1188/1188/1188 1187/1187/1187 1183/1183/1183
f 1206/1206/1206 1215/1215/1215 1269/1269/1269
f 1615/1615/1615 1594/1594/1594 1585/1585/1585
f 1206/1206/1206 1187/1187/1187 1188/1188/1188
f 1215/1215/1215 1206/1206/1206 1188/1188/1188
f 1183/1183/1183 1179/1179/1179 1188/1188/1188
f 1998/1998/1998 2002/2002/2002 2005/2005/2005
f 1983/1983/1983 1989/1989/1989 1999/1999/1999
f 1905/1905/1905 1917/1917/1917 1926/1926/1926
f 1944/1944/1944 1953/1953/1953 1936/1936/1936
f 1961/1961/1961 1946/1946/1946 1989/1989/1989
f 1931/1931/1931 1947/1947/1947 1961/1961/1961
f 2008/2008/2008 1999/1999/1999 1989/1989/1989
f 1985/1985/1985 1979/1979/1979 1976/1976/1976
f 1976/1976/1976 1990/1990/1990 1985/1985/1985
f 1979/1979/1979 1954/1954/1954 1943/1943/1943
f 1905/1905/1905 1926/1926/1926 1900/1900/1900
f 1917/1917/1917 1936/1936/1936 1926/1926/1926
f 1918/1918/1918 1944/1944/1944 1936/1936/1936
f 1989/1989/1989 1993/1993/1993 2008/2008/2008
f 2002/2002/2002 2003/2003/2003 2005/2005/2005
f 1978/1978/1978 1983/1983/1983 1999/1999/1999
f 1992/1992/1992 1978/1978/1978 1999/1999/1999
f 2003/2003/2003 2008/2008/2008 2005/2005/2005
f 1984/1984/1984 1998/1998/1998 2001/2001/2001
f 2005/2005/2005 2001/2001/2001 1998/1998/1998
f 2008/2008/2008 1993/1993/1993 2005/2005/2005
f 2001/2001/2001 1985/1985/1985 1990/1990/1990
f 1993/1993/1993 1985/1985/1985 2001/2001/2001
f 1992/1992/1992 1999/1999/1999 2008/2008/2008
f 2003/2003/2003 1992/1992/1992 2008/2008/2008
f 2001/2001/2001 2005/2005/2005 1993/1993/1993
f 1840/1840/1840 1857/1857/1857 1895/1895/1895
f 1923/1923/1923 1896/1896/1896 1856/1856/1856
f 1830/1830/1830 1840/1840/1840 1874/1874/1874
f 1832/1832/1832 1871/1871/1871 1875/1875/1875
f 1835/1835/1835 1832/1832/1832 1875/1875/1875
f 1874/1874/1874 1871/1871/1871 1830/1830/1830
f 1637/1637/1637 1615/1615/1615 1634/1634/1634
f 1915/1915/1915 1939/1939/1939 1978/1978/1978
f 1915/1915/1915 1865/1865/1865 1906/1906/1906
f 1895/1895/1895 1874/1874/1874 1840/1840/1840
f 1973/1973/1973 1915/1915/1915 1978/1978/1978
f 1906/1906/1906 1938/1938/1938 1915/1915/1915
f 1832/1832/1832 1830/1830/1830 1871/1871/1871
f 1593/1593/1593 1614/1614/1614 1595/1595/1595
f 1581/1581/1581 1565/1565/1565 1576/1576/1576
f 1576/1576/1576 1593/1593/1593 1581/1581/1581
f 1666/1666/1666 1719/1719/1719 1710/1710/1710
f 1710/1710/1710 1670/1670/1670 1666/1666/1666
f 1595/1595/1595 1581/1581/1581 1593/1593/1593
f 1614/1614/1614 1636/1636/1636 1595/1595/1595
f 1669/1669/1669 1667/1667/1667 1635/1635/1635
f 1615/1615/1615 1598/1598/1598 1634/1634/1634
f 1636/1636/1636 1635/1635/1635 1595/1595/1595
f 1636/1636/1636 1669/1669/1669 1635/1635/1635
f 1709/1709/1709 1720/1720/1720 1667/1667/1667
f 1835/1835/1835 1875/1875/1875 1888/1888/1888
f 1491/1491/1491 1417/1417/1417 1477/1477/1477
f 1357/1357/1357 1422/1422/1422 1336/1336/1336
f 1336/1336/1336 1309/1309/1309 1357/1357/1357
f 1477/1477/1477 1554/1554/1554 1491/1491/1491
f 1550/1550/1550 1487/1487/1487 1447/1447/1447
f 1487/1487/1487 1550/1550/1550 1555/1555/1555
f 1578/1578/1578 1569/1569/1569 1572/1572/1572
f 1549/1549/1549 1558/1558/1558 1569/1569/1569
f 1594/1594/1594 1578/1578/1578 1585/1585/1585
f 1417/1417/1417 1491/1491/1491 1422/1422/1422
f 1422/1422/1422 1357/1357/1357 1417/1417/1417
f 1179/1179/1179 1183/1183/1183 1182/1182/1182
f 1555/1555/1555 1478/1478/1478 1487/1487/1487
f 1208/1208/1208 1259/1259/1259 1275/1275/1275
f 1209/1209/1209 1208/1208/1208 1275/1275/1275
f 1309/1309/1309 1336/1336/1336 1275/1275/1275
f 1845/1845/1845 1835/1835/1835 1888/1888/1888
f 1845/1845/1845 1888/1888/1888 1906/1906/1906
f 1865/1865/1865 1845/1845/1845 1906/1906/1906
f 1182/1182/1182 1177/1177/1177 1179/1179/1179
f 1184/1184/1184 1186/1186/1186 1209/1209/1209
f 1182/1182/1182 1186/1186/1186 1184/1184/1184
f 1275/1275/1275 1259/1259/1259 1309/1309/1309
f 1186/1186/1186 1208/1208/1208 1209/1209/1209
f 1177/1177/1177 1182/1182/1182 1184/1184/1184
f 1473/1473/1473 1384/1384/1384 1353/1353/1353
f 1783/1783/1783 1786/1786/1786 1690/1690/1690
f 1736/1736/1736 1695/1695/1695 1786/1786/1786
f 1804/1804/1804 1829/1829/1829 1814/1814/1814
f 1955/1955/1955 2045/2045/2045 2062/2062/2062
f 1786/1786/1786 1806/1806/1806 1736/1736/1736
f 1814/1814/1814 1737/1737/1737 1804/1804/1804
f 1829/1829/1829 1878/1878/1878 1814/1814/1814
f 1955/1955/1955 1916/1916/1916 2020/2020/2020
f 1698/1698/1698 1691/1691/1691 1676/1676/1676
f 1921/1921/1921 2039/2039/2039 1981/1981/1981
f 1879/1879/1879 1921/1921/1921 1981/1981/1981
f 1878/1878/1878 1982/1982/1982 1814/1814/1814
f 1966/1966/1966 1971/1971/1971 2060/2060/2060
f 1594/1594/1594 1615/1615/1615 1674/1674/1674
f 2032/2032/2032 2018/2018/2018 1810/1810/1810
f 1966/1966/1966 2060/2060/2060 2056/2056/2056
f 1674/1674/1674 1638/1638/1638 1594/1594/1594
f 1578/1578/1578 1594/1594/1594 1638/1638/1638
f 1754/1754/1754 1688/1688/1688 1729/1729/1729
f 1971/1971/1971 2062/2062/2062 2060/2060/2060
f 1971/1971/1971 1955/1955/1955 2062/2062/2062
f 2020/2020/2020 2045/2045/2045 1955/1955/1955
f 1949/1949/1949 1966/1966/1966 2056/2056/2056
f 1949/1949/1949 2056/2056/2056 2039/2039/2039
f 1921/1921/1921 1949/1949/1949 2039/2039/2039
f 1696/1696/1696 1671/1671/1671 1661/1661/1661
f 1969/1969/1969 1986/1986/1986 1980/1980/1980
f 1969/1969/1969 1991/1991/1991 1986/1986/1986
f 1952/1952/1952 1980/1980/1980 1963/1963/1963
f 1676/1676/1676 1675/1675/1675 1702/1702/1702
f 1761/1761/1761 1714/1714/1714 1742/1742/1742
f 1675/1675/1675 1692/1692/1692 1714/1714/1714
f 1866/1866/1866 1894/1894/1894 1928/1928/1928
f 1962/1962/1962 1987/1987/1987 1969/1969/1969
f 1962/1962/1962 1977/1977/1977 1987/1987/1987
f 1980/1980/1980 1952/1952/1952 1969/1969/1969
f 1987/1987/1987 1991/1991/1991 1969/1969/1969
f 1867/1867/1867 1927/1927/1927 1962/1962/1962
f 1714/1714/1714 1702/1702/1702 1675/1675/1675
f 1798/1798/1798 1722/1722/1722 1737/1737/1737
f 1737/1737/1737 1814/1814/1814 1798/1798/1798
f 1722/1722/1722 1672/1672/1672 1697/1697/1697
f 1702/1702/1702 1698/1698/1698 1676/1676/1676
f 1691/1691/1691 1661/1661/1661 1676/1676/1676
f 1691/1691/1691 1696/1696/1696 1661/1661/1661
f 1843/1843/1843 2021/2021/2021 1916/1916/1916
f 1916/1916/1916 1854/1854/1854 1843/1843/1843
f 1714/1714/1714 1692/1692/1692 1742/1742/1742
f 1697/1697/1697 1737/1737/1737 1722/1722/1722
f 1761/1761/1761 1742/1742/1742 1823/1823/1823
f 1843/1843/1843 1761/1761/1761 1823/1823/1823
f 1674/1674/1674 1615/1615/1615 1637/1637/1637
f 1729/1729/1729 1674/1674/1674 1637/1637/1637
f 1775/1775/1775 1727/1727/1727 1749/1749/1749
f 1800/1800/1800 1709/1709/1709 1669/1669/1669
f 1673/1673/1673 1727/1727/1727 1614/1614/1614
f 1775/1775/1775 1669/1669/1669 1636/1636/1636
f 1800/1800/1800 1775/1775/1775 1809/1809/1809
f 1858/1858/1858 1897/1897/1897 1815/1815/1815
f 1801/1801/1801 1815/1815/1815 1897/1897/1897
f 1749/1749/1749 1809/1809/1809 1775/1775/1775
f 1727/1727/1727 1673/1673/1673 1684/1684/1684
f 1684/1684/1684 1749/1749/1749 1727/1727/1727
f 1727/1727/1727 1775/1775/1775 1636/1636/1636
f 1729/1729/1729 1637/1637/1637 1670/1670/1670
f 1776/1776/1776 1729/1729/1729 1670/1670/1670
f 1776/1776/1776 1670/1670/1670 1710/1710/1710
f 1775/1775/1775 1800/1800/1800 1669/1669/1669
f 1815/1815/1815 1723/1723/1723 1709/1709/1709
f 1815/1815/1815 1801/1801/1801 1723/1723/1723
f 1593/1593/1593 1576/1576/1576 1625/1625/1625
f 1625/1625/1625 1639/1639/1639 1593/1593/1593
f 1727/1727/1727 1636/1636/1636 1614/1614/1614
f 1801/1801/1801 1776/1776/1776 1710/1710/1710
f 1614/1614/1614 1593/1593/1593 1639/1639/1639
f 1639/1639/1639 1673/1673/1673 1614/1614/1614
f 1809/1809/1809 1858/1858/1858 1800/1800/1800
f 1576/1576/1576 1567/1567/1567 1611/1611/1611
f 1611/1611/1611 1625/1625/1625 1576/1576/1576
f 1567/1567/1567 1564/1564/1564 1605/1605/1605
f 1638/1638/1638 1624/1624/1624 1578/1578/1578
f 1569/1569/1569 1578/1578/1578 1624/1624/1624
f 1612/1612/1612 1605/1605/1605 1564/1564/1564
f 1776/1776/1776 1801/1801/1801 1862/1862/1862
f 1862/1862/1862 1812/1812/1812 1776/1776/1776
f 1688/1688/1688 1674/1674/1674 1729/1729/1729
f 1605/1605/1605 1611/1611/1611 1567/1567/1567
f 1754/1754/1754 1729/1729/1729 1776/1776/1776
f 1812/1812/1812 1754/1754/1754 1776/1776/1776
f 1564/1564/1564 1569/1569/1569 1612/1612/1612
f 1600/1600/1600 1596/1596/1596 1612/1612/1612
f 1601/1601/1601 1611/1611/1611 1605/1605/1605
f 1601/1601/1601 1623/1623/1623 1625/1625/1625
f 1815/1815/1815 1800/1800/1800 1858/1858/1858
f 1596/1596/1596 1601/1601/1601 1605/1605/1605
f 1625/1625/1625 1611/1611/1611 1601/1601/1601
f 1623/1623/1623 1640/1640/1640 1625/1625/1625
f 1897/1897/1897 1862/1862/1862 1801/1801/1801
f 1624/1624/1624 1612/1612/1612 1569/1569/1569
f 1684/1684/1684 1673/1673/1673 1639/1639/1639
f 1640/1640/1640 1684/1684/1684 1639/1639/1639
f 1640/1640/1640 1639/1639/1639 1625/1625/1625
f 1893/1893/1893 1880/1880/1880 1887/1887/1887
f 2046/2046/2046 2044/2044/2044 2064/2064/2064
f 2063/2063/2063 2046/2046/2046 2064/2064/2064
f 1823/1823/1823 2009/2009/2009 2021/2021/2021
f 1740/1740/1740 1795/1795/1795 1713/1713/1713
f 2009/2009/2009 2044/2044/2044 2046/2046/2046
f 2046/2046/2046 2021/2021/2021 2009/2009/2009
f 1760/1760/1760 1811/1811/1811 1823/1823/1823
f 1982/1982/1982 2040/2040/2040 1956/1956/1956
f 2058/2058/2058 2037/2037/2037 2041/2041/2041
f 1823/1823/1823 1742/1742/1742 1760/1760/1760
f 1712/1712/1712 1760/1760/1760 1742/1742/1742
f 2021/2021/2021 1843/1843/1843 1823/1823/1823
f 1713/1713/1713 1664/1664/1664 1740/1740/1740
f 2031/2031/2031 2036/2036/2036 1841/1841/1841
f 1842/1842/1842 1851/1851/1851 2036/2036/2036
f 1680/1680/1680 1706/1706/1706 1643/1643/1643
f 2036/2036/2036 1851/1851/1851 1841/1841/1841
f 2036/2036/2036 2032/2032/2032 1842/1842/1842
f 1810/1810/1810 1842/1842/1842 2032/2032/2032
f 1706/1706/1706 1740/1740/1740 1664/1664/1664
f 1873/1873/1873 1764/1764/1764 1713/1713/1713
f 1795/1795/1795 1873/1873/1873 1713/1713/1713
f 1664/1664/1664 1643/1643/1643 1706/1706/1706
f 1678/1678/1678 1680/1680/1680 1631/1631/1631
f 1643/1643/1643 1631/1631/1631 1680/1680/1680
f 1814/1814/1814 1982/1982/1982 1798/1798/1798
f 1676/1676/1676 1678/1678/1678 1689/1689/1689
f 1675/1675/1675 1676/1676/1676 1689/1689/1689
f 1675/1675/1675 1689/1689/1689 1712/1712/1712
f 2037/2037/2037 2058/2058/2058 1994/1994/1994
f 1994/1994/1994 1873/1873/1873 1956/1956/1956
f 1956/1956/1956 2038/2038/2038 1994/1994/1994
f 1722/1722/1722 1740/1740/1740 1706/1706/1706
f 1676/1676/1676 1661/1661/1661 1680/1680/1680
f 1706/1706/1706 1680/1680/1680 1661/1661/1661
f 1692/1692/1692 1675/1675/1675 1712/1712/1712
f 1680/1680/1680 1678/1678/1678 1676/1676/1676
f 1661/1661/1661 1671/1671/1671 1706/1706/1706
f 2058/2058/2058 2031/2031/2031 1994/1994/1994
f 2061/2061/2061 2063/2063/2063 2059/2059/2059
f 2059/2059/2059 2058/2058/2058 2057/2057/2057
f 2057/2057/2057 2061/2061/2061 2059/2059/2059
f 2040/2040/2040 2038/2038/2038 1956/1956/1956
f 2041/2041/2041 2057/2057/2057 2058/2058/2058
f 2063/2063/2063 2064/2064/2064 2059/2059/2059
f 1672/1672/1672 1722/1722/1722 1706/1706/1706
f 1798/1798/1798 1795/1795/1795 1740/1740/1740
f 1798/1798/1798 1956/1956/1956 1873/1873/1873
f 1742/1742/1742 1692/1692/1692 1712/1712/1712
f 1722/1722/1722 1798/1798/1798 1740/1740/1740
f 1873/1873/1873 1795/1795/1795 1798/1798/1798
f 1794/1794/1794 1788/1788/1788 1699/1699/1699
f 1783/1783/1783 1690/1690/1690 1699/1699/1699
f 1868/1868/1868 1911/1911/1911 1893/1893/1893
f 1699/1699/1699 1703/1703/1703 1794/1794/1794
f 1788/1788/1788 1783/1783/1783 1699/1699/1699
f 1786/1786/1786 1695/1695/1695 1690/1690/1690
f 1867/1867/1867 1952/1952/1952 1933/1933/1933
f 1818/1818/1818 1761/1761/1761 1843/1843/1843
f 1854/1854/1854 1818/1818/1818 1843/1843/1843
f 1867/1867/1867 1933/1933/1933 1912/1912/1912
f 1868/1868/1868 1887/1887/1887 1885/1885/1885
f 1868/1868/1868 1893/1893/1893 1887/1887/1887
f 1818/1818/1818 1803/1803/1803 1761/1761/1761
f 1911/1911/1911 1908/1908/1908 1893/1893/1893
f 1935/1935/1935 1933/1933/1933 1952/1952/1952
f 1952/1952/1952 1963/1963/1963 1935/1935/1935
f 1908/1908/1908 1881/1881/1881 1893/1893/1893
f 1887/1887/1887 1863/1863/1863 1861/1861/1861
f 1880/1880/1880 1863/1863/1863 1887/1887/1887
f 1703/1703/1703 1715/1715/1715 1803/1803/1803
f 1803/1803/1803 1794/1794/1794 1703/1703/1703
f 1803/1803/1803 1715/1715/1715 1761/1761/1761
f 1907/1907/1907 1912/1912/1912 1933/1933/1933
f 1933/1933/1933 1935/1935/1935 1907/1907/1907
f 1868/1868/1868 1885/1885/1885 1894/1894/1894
f 1867/1867/1867 1969/1969/1969 1952/1952/1952
f 2044/2044/2044 2009/2009/2009 2018/2018/2018
f 1823/1823/1823 1811/1811/1811 1910/1910/1910
f 2064/2064/2064 2044/2044/2044 2018/2018/2018
f 2059/2059/2059 2036/2036/2036 2031/2031/2031
f 2058/2058/2058 2059/2059/2059 2031/2031/2031
f 2018/2018/2018 2032/2032/2032 2064/2064/2064
f 1994/1994/1994 2031/2031/2031 1807/1807/1807
f 1994/1994/1994 1807/1807/1807 1764/1764/1764
f 1873/1873/1873 1994/1994/1994 1764/1764/1764
f 2009/2009/2009 1910/1910/1910 2018/2018/2018
f 1631/1631/1631 1628/1628/1628 1678/1678/1678
f 2031/2031/2031 1841/1841/1841 1807/1807/1807
f 2059/2059/2059 2064/2064/2064 2032/2032/2032
f 1712/1712/1712 1641/1641/1641 1660/1660/1660
f 2009/2009/2009 1823/1823/1823 1910/1910/1910
f 1760/1760/1760 1660/1660/1660 1716/1716/1716
f 1867/1867/1867 1962/1962/1962 1969/1969/1969
f 1982/1982/1982 1956/1956/1956 1798/1798/1798
f 1811/1811/1811 1760/1760/1760 1716/1716/1716
f 1689/1689/1689 1632/1632/1632 1641/1641/1641
f 1712/1712/1712 1689/1689/1689 1641/1641/1641
f 2032/2032/2032 2036/2036/2036 2059/2059/2059
f 1760/1760/1760 1712/1712/1712 1660/1660/1660
f 1678/1678/1678 1628/1628/1628 1632/1632/1632
f 1689/1689/1689 1678/1678/1678 1632/1632/1632
f 1801/1801/1801 1710/1710/1710 1723/1723/1723
f 1305/1305/1305 1279/1279/1279 1295/1295/1295
f 1235/1235/1235 1211/1211/1211 1279/1279/1279
f 1236/1236/1236 1210/1210/1210 1195/1195/1195
f 1296/1296/1296 1306/1306/1306 1343/1343/1343
f 1399/1399/1399 1416/1416/1416 1343/1343/1343
f 1343/1343/1343 1348/1348/1348 1399/1399/1399
f 1493/1493/1493 1492/1492/1492 1410/1410/1410
f 1410/1410/1410 1416/1416/1416 1493/1493/1493
f 1513/1513/1513 1512/1512/1512 1492/1492/1492
f 1237/1237/1237 1280/1280/1280 1296/1296/1296
f 1280/1280/1280 1237/1237/1237 1210/1210/1210
f 1356/1356/1356 1304/1304/1304 1299/1299/1299
f 1349/1349/1349 1305/1305/1305 1344/1344/1344
f 1226/1226/1226 1197/1197/1197 1227/1227/1227
f 1226/1226/1226 1232/1232/1232 1197/1197/1197
f 1227/1227/1227 1196/1196/1196 1235/1235/1235
f 1260/1260/1260 1243/1243/1243 1229/1229/1229
f 1229/1229/1229 1246/1246/1246 1260/1260/1260
f 1511/1511/1511 1485/1485/1485 1486/1486/1486
f 1304/1304/1304 1308/1308/1308 1276/1276/1276
f 1232/1232/1232 1277/1277/1277 1213/1213/1213
f 1245/1245/1245 1276/1276/1276 1214/1214/1214
f 1196/1196/1196 1227/1227/1227 1197/1197/1197
f 1232/1232/1232 1213/1213/1213 1197/1197/1197
f 1276/1276/1276 1245/1245/1245 1304/1304/1304
f 1492/1492/1492 1493/1493/1493 1513/1513/1513
f 1328/1328/1328 1292/1292/1292 1305/1305/1305
f 1292/1292/1292 1279/1279/1279 1305/1305/1305
f 1272/1272/1272 1250/1250/1250 1235/1235/1235
f 1514/1514/1514 1521/1521/1521 1495/1495/1495
f 1292/1292/1292 1272/1272/1272 1279/1279/1279
f 1272/1272/1272 1235/1235/1235 1279/1279/1279
f 1227/1227/1227 1250/1250/1250 1226/1226/1226
f 1472/1472/1472 1500/1500/1500 1520/1520/1520
f 1500/1500/1500 1472/1472/1472 1399/1399/1399
f 1248/1248/1248 1226/1226/1226 1250/1250/1250
f 1226/1226/1226 1248/1248/1248 1232/1232/1232
f 1250/1250/1250 1227/1227/1227 1235/1235/1235
f 1521/1521/1521 1496/1496/1496 1495/1495/1495
f 1337/1337/1337 1343/1343/1343 1416/1416/1416
f 1296/1296/1296 1343/1343/1343 1337/1337/1337
f 1434/1434/1434 1439/1439/1439 1352/1352/1352
f 1416/1416/1416 1410/1410/1410 1337/1337/1337
f 1291/1291/1291 1296/1296/1296 1337/1337/1337
f 1237/1237/1237 1296/1296/1296 1291/1291/1291
f 1495/1495/1495 1496/1496/1496 1434/1434/1434
f 1521/1521/1521 1514/1514/1514 1512/1512/1512
f 1512/1512/1512 1513/1513/1513 1521/1521/1521
f 1496/1496/1496 1439/1439/1439 1434/1434/1434
f 1352/1352/1352 1356/1356/1356 1299/1299/1299
f 1439/1439/1439 1356/1356/1356 1352/1352/1352
f 1541/1541/1541 1548/1548/1548 1535/1535/1535
f 1541/1541/1541 1536/1536/1536 1548/1548/1548
f 1528/1528/1528 1535/1535/1535 1522/1522/1522
f 1335/1335/1335 1286/1286/1286 1303/1303/1303
f 1274/1274/1274 1234/1234/1234 1228/1228/1228
f 1286/1286/1286 1234/1234/1234 1274/1274/1274
f 1392/1392/1392 1398/1398/1398 1501/1501/1501
f 1547/1547/1547 1537/1537/1537 1505/1505/1505
f 1506/1506/1506 1502/1502/1502 1538/1538/1538
f 1528/1528/1528 1541/1541/1541 1535/1535/1535
f 1536/1536/1536 1546/1546/1546 1548/1548/1548
f 1505/1505/1505 1503/1503/1503 1391/1391/1391
f 1303/1303/1303 1286/1286/1286 1274/1274/1274
f 1511/1511/1511 1497/1497/1497 1471/1471/1471
f 1485/1485/1485 1511/1511/1511 1471/1471/1471
f 1497/1497/1497 1473/1473/1473 1401/1401/1401
f 1334/1334/1334 1335/1335/1335 1303/1303/1303
f 1384/1384/1384 1334/1334/1334 1308/1308/1308
f 1401/1401/1401 1473/1473/1473 1353/1353/1353
f 1229/1229/1229 1243/1243/1243 1273/1273/1273
f 1230/1230/1230 1250/1250/1250 1272/1272/1272
f 1228/1228/1228 1249/1249/1249 1274/1274/1274
f 1471/1471/1471 1497/1497/1497 1401/1401/1401
f 1229/1229/1229 1251/1251/1251 1249/1249/1249
f 1249/1249/1249 1228/1228/1228 1229/1229/1229
f 1342/1342/1342 1335/1335/1335 1433/1433/1433
f 1335/1335/1335 1342/1342/1342 1290/1290/1290
f 1335/1335/1335 1334/1334/1334 1384/1384/1384
f 1281/1281/1281 1283/1283/1283 1321/1321/1321
f 1290/1290/1290 1286/1286/1286 1335/1335/1335
f 1384/1384/1384 1433/1433/1433 1335/1335/1335
f 1433/1433/1433 1384/1384/1384 1473/1473/1473
f 1243/1243/1243 1260/1260/1260 1284/1284/1284
f 1239/1239/1239 1246/1246/1246 1229/1229/1229
f 1228/1228/1228 1239/1239/1239 1229/1229/1229
f 1284/1284/1284 1282/1282/1282 1243/1243/1243
f 1321/1321/1321 1324/1324/1324 1392/1392/1392
f 1283/1283/1283 1324/1324/1324 1321/1321/1321
f 1234/1234/1234 1255/1255/1255 1228/1228/1228
f 1507/1507/1507 1444/1444/1444 1433/1433/1433
f 1532/1532/1532 1523/1523/1523 1507/1507/1507
f 1533/1533/1533 1522/1522/1522 1535/1535/1535
f 1433/1433/1433 1444/1444/1444 1342/1342/1342
f 1345/1345/1345 1329/1329/1329 1290/1290/1290
f 1342/1342/1342 1345/1345/1345 1290/1290/1290
f 1255/1255/1255 1234/1234/1234 1286/1286/1286
f 1286/1286/1286 1290/1290/1290 1255/1255/1255
f 1255/1255/1255 1239/1239/1239 1228/1228/1228
f 1510/1510/1510 1507/1507/1507 1433/1433/1433
f 1507/1507/1507 1510/1510/1510 1532/1532/1532
f 1324/1324/1324 1398/1398/1398 1392/1392/1392
f 1486/1486/1486 1520/1520/1520 1511/1511/1511
f 1628/1628/1628 1631/1631/1631 1609/1609/1609
f 1649/1649/1649 1626/1626/1626 1643/1643/1643
f 1643/1643/1643 1664/1664/1664 1649/1649/1649
f 1609/1609/1609 1602/1602/1602 1628/1628/1628
f 1641/1641/1641 1632/1632/1632 1627/1627/1627
f 1628/1628/1628 1602/1602/1602 1610/1610/1610
f 1910/1910/1910 1811/1811/1811 1769/1769/1769
f 1769/1769/1769 1810/1810/1810 2018/2018/2018
f 2018/2018/2018 1910/1910/1910 1769/1769/1769
f 1626/1626/1626 1609/1609/1609 1631/1631/1631
f 1631/1631/1631 1643/1643/1643 1626/1626/1626
f 1811/1811/1811 1716/1716/1716 1769/1769/1769
f 1632/1632/1632 1628/1628/1628 1610/1610/1610
f 1897/1897/1897 1858/1858/1858 1891/1891/1891
f 1891/1891/1891 1925/1925/1925 1897/1897/1897
f 1858/1858/1858 1809/1809/1809 1820/1820/1820
f 1622/1622/1622 1600/1600/1600 1624/1624/1624
f 1624/1624/1624 1638/1638/1638 1642/1642/1642
f 1642/1642/1642 1622/1622/1622 1624/1624/1624
f 1754/1754/1754 1812/1812/1812 1821/1821/1821
f 1925/1925/1925 1892/1892/1892 1862/1862/1862
f 1812/1812/1812 1862/1862/1862 1892/1892/1892
f 1820/1820/1820 1891/1891/1891 1858/1858/1858
f 1862/1862/1862 1897/1897/1897 1925/1925/1925
f 1892/1892/1892 1821/1821/1821 1812/1812/1812
f 1660/1660/1660 1650/1650/1650 1705/1705/1705
f 1664/1664/1664 1713/1713/1713 1701/1701/1701
f 1764/1764/1764 1766/1766/1766 1701/1701/1701
f 1764/1764/1764 1807/1807/1807 1766/1766/1766
f 1705/1705/1705 1768/1768/1768 1769/1769/1769
f 1713/1713/1713 1764/1764/1764 1701/1701/1701
f 1807/1807/1807 1820/1820/1820 1766/1766/1766
f 1807/1807/1807 1841/1841/1841 1820/1820/1820
f 1596/1596/1596 1605/1605/1605 1612/1612/1612
f 1800/1800/1800 1815/1815/1815 1709/1709/1709
f 1851/1851/1851 1925/1925/1925 1891/1891/1891
f 1841/1841/1841 1851/1851/1851 1891/1891/1891
f 1841/1841/1841 1891/1891/1891 1820/1820/1820
f 1810/1810/1810 1769/1769/1769 1768/1768/1768
f 1627/1627/1627 1650/1650/1650 1660/1660/1660
f 1701/1701/1701 1649/1649/1649 1664/1664/1664
f 1810/1810/1810 1821/1821/1821 1892/1892/1892
f 1660/1660/1660 1641/1641/1641 1627/1627/1627
f 1632/1632/1632 1610/1610/1610 1627/1627/1627
f 1716/1716/1716 1660/1660/1660 1705/1705/1705
f 1768/1768/1768 1821/1821/1821 1810/1810/1810
f 1769/1769/1769 1716/1716/1716 1705/1705/1705
f 1650/1650/1650 1642/1642/1642 1688/1688/1688
f 1842/1842/1842 1810/1810/1810 1892/1892/1892
f 1892/1892/1892 1925/1925/1925 1851/1851/1851
f 1851/1851/1851 1842/1842/1842 1892/1892/1892
f 1303/1303/1303 1276/1276/1276 1308/1308/1308
f 1308/1308/1308 1334/1334/1334 1303/1303/1303
f 1274/1274/1274 1233/1233/1233 1276/1276/1276
f 1416/1416/1416 1399/1399/1399 1472/1472/1472
f 1486/1486/1486 1513/1513/1513 1493/1493/1493
f 1493/1493/1493 1472/1472/1472 1486/1486/1486
f 1401/1401/1401 1439/1439/1439 1496/1496/1496
f 1356/1356/1356 1353/1353/1353 1304/1304/1304
f 1401/1401/1401 1353/1353/1353 1356/1356/1356
f 1276/1276/1276 1303/1303/1303 1274/1274/1274
f 1353/1353/1353 1308/1308/1308 1304/1304/1304
f 1439/1439/1439 1401/1401/1401 1356/1356/1356
f 1472/1472/1472 1493/1493/1493 1416/1416/1416
f 1328/1328/1328 1305/1305/1305 1349/1349/1349
f 1400/1400/1400 1457/1457/1457 1349/1349/1349
f 1367/1367/1367 1349/1349/1349 1457/1457/1457
f 1520/1520/1520 1486/1486/1486 1472/1472/1472
f 1457/1457/1457 1400/1400/1400 1499/1499/1499
f 1367/1367/1367 1328/1328/1328 1349/1349/1349
f 1496/1496/1496 1471/1471/1471 1401/1401/1401
f 1471/1471/1471 1496/1496/1496 1521/1521/1521
f 1513/1513/1513 1486/1486/1486 1485/1485/1485
f 1233/1233/1233 1274/1274/1274 1249/1249/1249
f 1521/1521/1521 1485/1485/1485 1471/1471/1471
f 1485/1485/1485 1521/1521/1521 1513/1513/1513
f 1887/1887/1887 1861/1861/1861 1870/1870/1870
f 1602/1602/1602 1596/1596/1596 1600/1600/1600
f 1610/1610/1610 1602/1602/1602 1600/1600/1600
f 1766/1766/1766 1820/1820/1820 1749/1749/1749
f 1627/1627/1627 1610/1610/1610 1622/1622/1622
f 1609/1609/1609 1601/1601/1601 1596/1596/1596
f 1602/1602/1602 1609/1609/1609 1596/1596/1596
f 1688/1688/1688 1754/1754/1754 1768/1768/1768
f 1688/1688/1688 1642/1642/1642 1638/1638/1638
f 1600/1600/1600 1612/1612/1612 1624/1624/1624
f 1768/1768/1768 1705/1705/1705 1688/1688/1688
f 1638/1638/1638 1674/1674/1674 1688/1688/1688
f 1821/1821/1821 1768/1768/1768 1754/1754/1754
f 1627/1627/1627 1622/1622/1622 1642/1642/1642
f 1609/1609/1609 1626/1626/1626 1623/1623/1623
f 1684/1684/1684 1640/1640/1640 1649/1649/1649
f 1701/1701/1701 1766/1766/1766 1684/1684/1684
f 1640/1640/1640 1623/1623/1623 1626/1626/1626
f 1626/1626/1626 1649/1649/1649 1640/1640/1640
f 1623/1623/1623 1601/1601/1601 1609/1609/1609
f 1650/1650/1650 1627/1627/1627 1642/1642/1642
f 1610/1610/1610 1600/1600/1600 1622/1622/1622
f 1705/1705/1705 1650/1650/1650 1688/1688/1688
f 1820/1820/1820 1809/1809/1809 1749/1749/1749
f 1649/1649/1649 1701/1701/1701 1684/1684/1684
f 1766/1766/1766 1749/1749/1749 1684/1684/1684
f 1772/1772/1772 1704/1704/1704 1654/1654/1654
f 1677/1677/1677 1629/1629/1629 1647/1647/1647
f 1934/1934/1934 1950/1950/1950 1844/1844/1844
f 1654/1654/1654 1721/1721/1721 1772/1772/1772
f 1721/1721/1721 1654/1654/1654 1633/1633/1633
f 1772/1772/1772 1779/1779/1779 1816/1816/1816
f 1882/1882/1882 1934/1934/1934 1826/1826/1826
f 1753/1753/1753 1816/1816/1816 1791/1791/1791
f 1816/1816/1816 1753/1753/1753 1704/1704/1704
f 1826/1826/1826 1934/1934/1934 1844/1844/1844
f 1950/1950/1950 1919/1919/1919 1817/1817/1817
f 1844/1844/1844 1950/1950/1950 1817/1817/1817
f 1779/1779/1779 1850/1850/1850 1816/1816/1816
f 1604/1604/1604 1656/1656/1656 1659/1659/1659
f 1657/1657/1657 1613/1613/1613 1629/1629/1629
f 1629/1629/1629 1677/1677/1677 1657/1657/1657
f 1659/1659/1659 1616/1616/1616 1604/1604/1604
f 1633/1633/1633 1686/1686/1686 1721/1721/1721
f 1686/1686/1686 1633/1633/1633 1616/1616/1616
f 1816/1816/1816 1850/1850/1850 1968/1968/1968
f 2022/2022/2022 1934/1934/1934 1882/1882/1882
f 1882/1882/1882 1968/1968/1968 2022/2022/2022
f 1656/1656/1656 1604/1604/1604 1613/1613/1613
f 1613/1613/1613 1657/1657/1657 1656/1656/1656
f 1968/1968/1968 1882/1882/1882 1816/1816/1816
f 1791/1791/1791 1882/1882/1882 1826/1826/1826
f 1424/1424/1424 1407/1407/1407 1363/1363/1363
f 1363/1363/1363 1371/1371/1371 1424/1424/1424
f 1364/1364/1364 1407/1407/1407 1389/1389/1389
f 1326/1326/1326 1314/1314/1314 1346/1346/1346
f 1347/1347/1347 1346/1346/1346 1314/1314/1314
f 1322/1322/1322 1329/1329/1329 1354/1354/1354
f 1360/1360/1360 1368/1368/1368 1394/1394/1394
f 1377/1377/1377 1360/1360/1360 1394/1394/1394
f 1355/1355/1355 1362/1362/1362 1340/1340/1340
f 1354/1354/1354 1364/1364/1364 1389/1389/1389
f 1362/1362/1362 1368/1368/1368 1360/1360/1360
f 1360/1360/1360 1340/1340/1340 1362/1362/1362
f 1354/1354/1354 1347/1347/1347 1322/1322/1322
f 1647/1647/1647 1708/1708/1708 1677/1677/1677
f 1708/1708/1708 1647/1647/1647 1681/1681/1681
f 1731/1731/1731 1799/1799/1799 1681/1681/1681
f 1816/1816/1816 1882/1882/1882 1791/1791/1791
f 1681/1681/1681 1759/1759/1759 1708/1708/1708
f 1799/1799/1799 1759/1759/1759 1681/1681/1681
f 1778/1778/1778 1853/1853/1853 1731/1731/1731
f 1043/1043/1043 1023/1023/1023 1068/1068/1068
f 1314/1314/1314 1322/1322/1322 1347/1347/1347
f 1919/1919/1919 1853/1853/1853 1778/1778/1778
f 1817/1817/1817 1919/1919/1919 1778/1778/1778
f 1853/1853/1853 1799/1799/1799 1731/1731/1731
f 1020/1020/1020 1053/1053/1053 1005/1005/1005
f 1053/1053/1053 1045/1045/1045 1005/1005/1005
f 1029/1029/1029 1035/1035/1035 1064/1064/1064
f 1934/1934/1934 2022/2022/2022 2027/2027/2027
f 1029/1029/1029 1064/1064/1064 1020/1020/1020
f 1064/1064/1064 1053/1053/1053 1020/1020/1020
f 1006/1006/1006 990/990/990 965/965/965
f 966/966/966 975/975/975 1006/1006/1006
f 1704/1704/1704 1772/1772/1772 1816/1816/1816
f 1041/1041/1041 1032/1032/1032 1070/1070/1070
f 1071/1071/1071 1064/1064/1064 1035/1035/1035
f 1035/1035/1035 1042/1042/1042 1071/1071/1071
f 1655/1655/1655 1651/1651/1651 1652/1652/1652
f 1824/1824/1824 1848/1848/1848 1767/1767/1767
f 1665/1665/1665 1694/1694/1694 1679/1679/1679
f 1653/1653/1653 1665/1665/1665 1679/1679/1679
f 1972/1972/1972 1848/1848/1848 1824/1824/1824
f 1929/1929/1929 1972/1972/1972 1824/1824/1824
f 1848/1848/1848 1777/1777/1777 1767/1767/1767
f 1652/1652/1652 1658/1658/1658 1655/1655/1655
f 1658/1658/1658 1652/1652/1652 1668/1668/1668
f 1651/1651/1651 1655/1655/1655 1653/1653/1653
f 1694/1694/1694 1739/1739/1739 1726/1726/1726
f 1679/1679/1679 1694/1694/1694 1726/1726/1726
f 1655/1655/1655 1665/1665/1665 1653/1653/1653
f 967/967/967 1006/1006/1006 965/965/965
f 1049/1049/1049 1055/1055/1055 1022/1022/1022
f 1028/1028/1028 1055/1055/1055 1033/1033/1033
f 1055/1055/1055 1066/1066/1066 1033/1033/1033
f 957/957/957 968/968/968 953/953/953
f 967/967/967 965/965/965 954/954/954
f 1028/1028/1028 1022/1022/1022 1055/1055/1055
f 1036/1036/1036 1049/1049/1049 1008/1008/1008
f 1008/1008/1008 985/985/985 1036/1036/1036
f 1616/1616/1616 1659/1659/1659 1686/1686/1686
f 1022/1022/1022 1008/1008/1008 1049/1049/1049
f 1026/1026/1026 1036/1036/1036 985/985/985
f 985/985/985 977/977/977 1026/1026/1026
f 975/975/975 966/966/966 961/961/961
f 983/983/983 1030/1030/1030 975/975/975
f 1030/1030/1030 1021/1021/1021 975/975/975
f 1067/1067/1067 1070/1070/1070 1032/1032/1032
f 1021/1021/1021 1006/1006/1006 975/975/975
f 1005/1005/1005 1045/1045/1045 983/983/983
f 1045/1045/1045 1030/1030/1030 983/983/983
f 977/977/977 970/970/970 1012/1012/1012
f 991/991/991 996/996/996 965/965/965
f 958/958/958 962/962/962 969/969/969
f 996/996/996 1012/1012/1012 970/970/970
f 970/970/970 965/965/965 996/996/996
f 1012/1012/1012 1026/1026/1026 977/977/977
f 1330/1330/1330 1326/1326/1326 1350/1350/1350
f 1435/1435/1435 1418/1418/1418 1529/1529/1529
f 1515/1515/1515 1479/1479/1479 1488/1488/1488
f 1474/1474/1474 1516/1516/1516 1480/1480/1480
f 1436/1436/1436 1542/1542/1542 1530/1530/1530
f 1440/1440/1440 1437/1437/1437 1543/1543/1543
f 1419/1419/1419 1531/1531/1531 1402/1402/1402
f 1444/1444/1444 1365/1365/1365 1342/1342/1342
f 1460/1460/1460 1516/1516/1516 1468/1468/1468
f 3621/3621/3621 3636/3636/3636 3616/3616/3616
f 1515/1515/1515 1488/1488/1488 1494/1494/1494
f 1469/1469/1469 1516/1516/1516 1474/1474/1474
f 1365/1365/1365 1345/1345/1345 1342/1342/1342
f 1524/1524/1524 1402/1402/1402 1531/1531/1531
f 1403/1403/1403 1380/1380/1380 1396/1396/1396
f 1420/1420/1420 1414/1414/1414 1408/1408/1408
f 1366/1366/1366 1381/1381/1381 1372/1372/1372
f 1345/1345/1345 1364/1364/1364 1354/1354/1354
f 1329/1329/1329 1345/1345/1345 1354/1354/1354
f 1396/1396/1396 1380/1380/1380 1373/1373/1373
f 1402/1402/1402 1524/1524/1524 1382/1382/1382
f 1365/1365/1365 1444/1444/1444 1508/1508/1508
f 1508/1508/1508 1383/1383/1383 1365/1365/1365
f 1409/1409/1409 1403/1403/1403 1396/1396/1396
f 1362/1362/1362 1355/1355/1355 1376/1376/1376
f 1509/1509/1509 1382/1382/1382 1524/1524/1524
f 1441/1441/1441 1539/1539/1539 1544/1544/1544
f 1324/1324/1324 1360/1360/1360 1398/1398/1398
f 1341/1341/1341 1361/1361/1361 1325/1325/1325
f 1407/1407/1407 1424/1424/1424 1482/1482/1482
f 1360/1360/1360 1377/1377/1377 1398/1398/1398
f 1285/1285/1285 1341/1341/1341 1325/1325/1325
f 1341/1341/1341 1285/1285/1285 1261/1261/1261
f 1462/1462/1462 1458/1458/1458 1494/1494/1494
f 1455/1455/1455 1445/1445/1445 1494/1494/1494
f 1494/1494/1494 1458/1458/1458 1455/1455/1455
f 1494/1494/1494 1445/1445/1445 1425/1425/1425
f 1389/1389/1389 1407/1407/1407 1482/1482/1482
f 1494/1494/1494 1425/1425/1425 1483/1483/1483
f 1504/1504/1504 1412/1412/1412 1442/1442/1442
f 1327/1327/1327 1331/1331/1331 1261/1261/1261
f 1240/1240/1240 1315/1315/1315 1247/1247/1247
f 1329/1329/1329 1323/1323/1323 1256/1256/1256
f 1247/1247/1247 1327/1327/1327 1261/1261/1261
f 1315/1315/1315 1327/1327/1327 1247/1247/1247
f 1261/1261/1261 1331/1331/1331 1341/1341/1341
f 1413/1413/1413 1501/1501/1501 1398/1398/1398
f 1398/1398/1398 1378/1378/1378 1413/1413/1413
f 1442/1442/1442 1540/1540/1540 1504/1504/1504
f 1290/1290/1290 1329/1329/1329 1256/1256/1256
f 1323/1323/1323 1315/1315/1315 1240/1240/1240
f 1256/1256/1256 1323/1323/1323 1240/1240/1240
f 1455/1455/1455 1409/1409/1409 1445/1445/1445
f 1408/1408/1408 1414/1414/1414 1459/1459/1459
f 1423/1423/1423 1431/1431/1431 1463/1463/1463
f 1409/1409/1409 1396/1396/1396 1445/1445/1445
f 1455/1455/1455 1458/1458/1458 1409/1409/1409
f 1374/1374/1374 1397/1397/1397 1426/1426/1426
f 1142/1142/1142 1172/1172/1172 1173/1173/1173
f 1148/1148/1148 1144/1144/1144 1175/1175/1175
f 1144/1144/1144 1173/1173/1173 1175/1175/1175
f 1458/1458/1458 1462/1462/1462 1415/1415/1415
f 1414/1414/1414 1423/1423/1423 1463/1463/1463
f 1144/1144/1144 1142/1142/1142 1173/1173/1173
f 1393/1393/1393 1406/1406/1406 1368/1368/1368
f 1445/1445/1445 1396/1396/1396 1425/1425/1425
f 1427/1427/1427 1450/1450/1450 1411/1411/1411
f 1411/1411/1411 1395/1395/1395 1427/1427/1427
f 1346/1346/1346 1350/1350/1350 1326/1326/1326
f 1340/1340/1340 1330/1330/1330 1355/1355/1355
f 1350/1350/1350 1355/1355/1355 1330/1330/1330
f 1368/1368/1368 1362/1362/1362 1393/1393/1393
f 1376/1376/1376 1393/1393/1393 1362/1362/1362
f 1394/1394/1394 1368/1368/1368 1428/1428/1428
f 1462/1462/1462 1451/1451/1451 1432/1432/1432
f 1431/1431/1431 1411/1411/1411 1452/1452/1452
f 1368/1368/1368 1406/1406/1406 1428/1428/1428
f 1142/1142/1142 1145/1145/1145 1172/1172/1172
f 1421/1421/1421 1403/1403/1403 1409/1409/1409
f 1438/1438/1438 1423/1423/1423 1414/1414/1414
f 1438/1438/1438 1443/1443/1443 1431/1431/1431
f 1156/1156/1156 1180/1180/1180 1149/1149/1149
f 1420/1420/1420 1438/1438/1438 1414/1414/1414
f 1431/1431/1431 1423/1423/1423 1438/1438/1438
f 1443/1443/1443 1413/1413/1413 1411/1411/1411
f 1371/1371/1371 1363/1363/1363 1345/1345/1345
f 1345/1345/1345 1365/1365/1365 1371/1371/1371
f 1395/1395/1395 1411/1411/1411 1413/1413/1413
f 1413/1413/1413 1378/1378/1378 1395/1395/1395
f 1411/1411/1411 1431/1431/1431 1443/1443/1443
f 1152/1152/1152 1178/1178/1178 1189/1189/1189
f 1145/1145/1145 1149/1149/1149 1174/1174/1174
f 1163/1163/1163 1212/1212/1212 1167/1167/1167
f 1163/1163/1163 1158/1158/1158 1212/1212/1212
f 1149/1149/1149 1176/1176/1176 1174/1174/1174
f 1176/1176/1176 1149/1149/1149 1180/1180/1180
f 1145/1145/1145 1174/1174/1174 1172/1172/1172
f 1152/1152/1152 1148/1148/1148 1178/1178/1178
f 1148/1148/1148 1175/1175/1175 1178/1178/1178
f 1158/1158/1158 1152/1152/1152 1189/1189/1189
f 1167/1167/1167 1238/1238/1238 1169/1169/1169
f 1238/1238/1238 1167/1167/1167 1212/1212/1212
f 1158/1158/1158 1189/1189/1189 1212/1212/1212
f 1767/1767/1767 1777/1777/1777 1724/1724/1724
f 994/994/994 1000/1000/1000 955/955/955
f 970/970/970 977/977/977 960/960/960
f 954/954/954 965/965/965 959/959/959
f 985/985/985 1008/1008/1008 963/963/963
f 959/959/959 970/970/970 960/960/960
f 965/965/965 970/970/970 959/959/959
f 978/978/978 971/971/971 987/987/987
f 971/971/971 982/982/982 987/987/987
f 1007/1007/1007 976/976/976 1034/1034/1034
f 1070/1070/1070 1093/1093/1093 1088/1088/1088
f 982/982/982 971/971/971 1007/1007/1007
f 976/976/976 1007/1007/1007 971/971/971
f 973/973/973 963/963/963 1008/1008/1008
f 957/957/957 956/956/956 1001/1001/1001
f 1011/1011/1011 961/961/961 1002/1002/1002
f 1019/1019/1019 974/974/974 1011/1011/1011
f 1008/1008/1008 1022/1022/1022 973/973/973
f 962/962/962 958/958/958 1003/1003/1003
f 1011/1011/1011 964/964/964 961/961/961
f 1019/1019/1019 981/981/981 974/974/974
f 960/960/960 977/977/977 963/963/963
f 977/977/977 985/985/985 963/963/963
f 1019/1019/1019 1024/1024/1024 981/981/981
f 986/986/986 981/981/981 1024/1024/1024
f 974/974/974 964/964/964 1011/1011/1011
f 1061/1061/1061 1079/1079/1079 1034/1034/1034
f 1099/1099/1099 1090/1090/1090 1100/1100/1100
f 1074/1074/1074 1085/1085/1085 1097/1097/1097
f 1057/1057/1057 1043/1043/1043 1075/1075/1075
f 1090/1090/1090 1097/1097/1097 1100/1100/1100
f 1090/1090/1090 1074/1074/1074 1097/1097/1097
f 1099/1099/1099 1100/1100/1100 1106/1106/1106
f 1086/1086/1086 1096/1096/1096 1098/1098/1098
f 1096/1096/1096 1101/1101/1101 1098/1098/1098
f 1076/1076/1076 1086/1086/1086 1087/1087/1087
f 1043/1043/1043 1068/1068/1068 1075/1075/1075
f 1085/1085/1085 1074/1074/1074 1075/1075/1075
f 1058/1058/1058 1075/1075/1075 1074/1074/1074
f 1076/1076/1076 1087/1087/1087 1061/1061/1061
f 1038/1038/1038 1058/1058/1058 1074/1074/1074
f 1057/1057/1057 1039/1039/1039 1043/1043/1043
f 1059/1059/1059 1074/1074/1074 1090/1090/1090
f 1079/1079/1079 1061/1061/1061 1087/1087/1087
f 1010/1010/1010 1034/1034/1034 976/976/976
f 1069/1069/1069 1034/1034/1034 1079/1079/1079
f 978/978/978 987/987/987 1023/1023/1023
f 1043/1043/1043 1017/1017/1017 1023/1023/1023
f 988/988/988 1023/1023/1023 1017/1017/1017
f 1059/1059/1059 1038/1038/1038 1074/1074/1074
f 1017/1017/1017 1043/1043/1043 1039/1039/1039
f 988/988/988 978/978/978 1023/1023/1023
f 1080/1080/1080 1019/1019/1019 1011/1011/1011
f 1062/1062/1062 1031/1031/1031 1072/1072/1072
f 1046/1046/1046 1072/1072/1072 1031/1031/1031
f 980/980/980 984/984/984 1009/1009/1009
f 1025/1025/1025 1014/1014/1014 992/992/992
f 984/984/984 993/993/993 1015/1015/1015
f 1065/1065/1065 1088/1088/1088 1083/1083/1083
f 1065/1065/1065 1070/1070/1070 1088/1088/1088
f 1054/1054/1054 1083/1083/1083 1046/1046/1046
f 1044/1044/1044 1021/1021/1021 1062/1062/1062
f 1031/1031/1031 1062/1062/1062 1021/1021/1021
f 1072/1072/1072 1046/1046/1046 1083/1083/1083
f 1016/1016/1016 1009/1009/1009 984/984/984
f 1009/1009/1009 1004/1004/1004 973/973/973
f 1004/1004/1004 994/994/994 960/960/960
f 1081/1081/1081 1000/1000/1000 994/994/994
f 963/963/963 973/973/973 1004/1004/1004
f 1004/1004/1004 960/960/960 963/963/963
f 1009/1009/1009 973/973/973 980/980/980
f 998/998/998 995/995/995 1024/1024/1024
f 1024/1024/1024 995/995/995 986/986/986
f 992/992/992 999/999/999 1025/1025/1025
f 1080/1080/1080 1011/1011/1011 1002/1002/1002
f 959/959/959 960/960/960 994/994/994
f 994/994/994 955/955/955 959/959/959
f 1054/1054/1054 1065/1065/1065 1083/1083/1083
f 1005/1005/1005 983/983/983 964/964/964
f 974/974/974 981/981/981 1005/1005/1005
f 983/983/983 975/975/975 961/961/961
f 980/980/980 973/973/973 1022/1022/1022
f 1028/1028/1028 1033/1033/1033 993/993/993
f 984/984/984 980/980/980 1028/1028/1028
f 1035/1035/1035 1029/1029/1029 995/995/995
f 981/981/981 986/986/986 1020/1020/1020
f 1029/1029/1029 1020/1020/1020 986/986/986
f 974/974/974 1005/1005/1005 964/964/964
f 1020/1020/1020 1005/1005/1005 981/981/981
f 986/986/986 995/995/995 1029/1029/1029
f 1022/1022/1022 1028/1028/1028 980/980/980
f 1006/1006/1006 1021/1021/1021 1010/1010/1010
f 1021/1021/1021 1044/1044/1044 1010/1010/1010
f 1081/1081/1081 1004/1004/1004 1009/1009/1009
f 1082/1082/1082 1014/1014/1014 1025/1025/1025
f 1080/1080/1080 1024/1024/1024 1019/1019/1019
f 1081/1081/1081 1009/1009/1009 1016/1016/1016
f 995/995/995 998/998/998 1035/1035/1035
f 1042/1042/1042 1035/1035/1035 998/998/998
f 984/984/984 1028/1028/1028 993/993/993
f 1081/1081/1081 994/994/994 1004/1004/1004
f 999/999/999 992/992/992 1041/1041/1041
f 1032/1032/1032 1041/1041/1041 992/992/992
f 1086/1086/1086 1098/1098/1098 1087/1087/1087
f 2027/2027/2027 1950/1950/1950 1934/1934/1934
f 1919/1919/1919 2017/2017/2017 1853/1853/1853
f 2027/2027/2027 2017/2017/2017 1919/1919/1919
f 1799/1799/1799 1824/1824/1824 1767/1767/1767
f 2017/2017/2017 1929/1929/1929 1853/1853/1853
f 1950/1950/1950 2027/2027/2027 1919/1919/1919
f 1652/1652/1652 1651/1651/1651 1656/1656/1656
f 1677/1677/1677 1668/1668/1668 1657/1657/1657
f 1767/1767/1767 1711/1711/1711 1708/1708/1708
f 1657/1657/1657 1652/1652/1652 1656/1656/1656
f 1668/1668/1668 1652/1652/1652 1657/1657/1657
f 1656/1656/1656 1651/1651/1651 1659/1659/1659
f 1767/1767/1767 1759/1759/1759 1799/1799/1799
f 2017/2017/2017 2024/2024/2024 1972/1972/1972
f 2033/2033/2033 2027/2027/2027 2022/2022/2022
f 1968/1968/1968 2000/2000/2000 2029/2029/2029
f 2024/2024/2024 2017/2017/2017 2027/2027/2027
f 2027/2027/2027 2033/2033/2033 2024/2024/2024
f 1972/1972/1972 1929/1929/1929 2017/2017/2017
f 1651/1651/1651 1653/1653/1653 1659/1659/1659
f 1824/1824/1824 1799/1799/1799 1853/1853/1853
f 1853/1853/1853 1929/1929/1929 1824/1824/1824
f 2000/2000/2000 1968/1968/1968 1850/1850/1850
f 2022/2022/2022 2029/2029/2029 2033/2033/2033
f 2029/2029/2029 2022/2022/2022 1968/1968/1968
f 1759/1759/1759 1767/1767/1767 1708/1708/1708
f 2004/2004/2004 2024/2024/2024 2033/2033/2033
f 2033/2033/2033 2019/2019/2019 2004/2004/2004
f 1937/1937/1937 1972/1972/1972 2024/2024/2024
f 1777/1777/1777 1792/1792/1792 1755/1755/1755
f 1849/1849/1849 1792/1792/1792 1777/1777/1777
f 1972/1972/1972 1937/1937/1937 1848/1848/1848
f 1724/1724/1724 1711/1711/1711 1767/1767/1767
f 1668/1668/1668 1685/1685/1685 1658/1658/1658
f 1685/1685/1685 1668/1668/1668 1711/1711/1711
f 2024/2024/2024 2004/2004/2004 1937/1937/1937
f 1726/1726/1726 1739/1739/1739 1779/1779/1779
f 1711/1711/1711 1724/1724/1724 1685/1685/1685
f 1937/1937/1937 1849/1849/1849 1848/1848/1848
f 2000/2000/2000 1975/1975/1975 2029/2029/2029
f 2019/2019/2019 2033/2033/2033 2029/2029/2029
f 2029/2029/2029 2012/2012/2012 2019/2019/2019
f 1711/1711/1711 1668/1668/1668 1677/1677/1677
f 1708/1708/1708 1711/1711/1711 1677/1677/1677
f 1975/1975/1975 2012/2012/2012 2029/2029/2029
f 1883/1883/1883 1884/1884/1884 2000/2000/2000
f 1884/1884/1884 1883/1883/1883 1797/1797/1797
f 1848/1848/1848 1849/1849/1849 1777/1777/1777
f 1884/1884/1884 1975/1975/1975 2000/2000/2000
f 1797/1797/1797 1813/1813/1813 1884/1884/1884
f 1739/1739/1739 1797/1797/1797 1779/1779/1779
f 1093/1093/1093 1070/1070/1070 1091/1091/1091
f 1066/1066/1066 1055/1055/1055 1077/1077/1077
f 1050/1050/1050 1040/1040/1040 1060/1060/1060
f 997/997/997 972/972/972 979/979/979
f 1091/1091/1091 1070/1070/1070 1078/1078/1078
f 1067/1067/1067 1078/1078/1078 1070/1070/1070
f 990/990/990 1006/1006/1006 976/976/976
f 1089/1089/1089 1094/1094/1094 1102/1102/1102
f 1094/1094/1094 1103/1103/1103 1102/1102/1102
f 1040/1040/1040 1050/1050/1050 1018/1018/1018
f 1055/1055/1055 1059/1059/1059 1077/1077/1077
f 1056/1056/1056 1050/1050/1050 1060/1060/1060
f 1013/1013/1013 997/997/997 979/979/979
f 1102/1102/1102 1107/1107/1107 1096/1096/1096
f 1107/1107/1107 1102/1102/1102 1106/1106/1106
f 1027/1027/1027 989/989/989 1018/1018/1018
f 1101/1101/1101 1096/1096/1096 1107/1107/1107
f 1103/1103/1103 1106/1106/1106 1102/1102/1102
f 1104/1104/1104 1099/1099/1099 1106/1106/1106
f 1013/1013/1013 979/979/979 989/989/989
f 997/997/997 990/990/990 972/972/972
f 990/990/990 976/976/976 972/972/972
f 1027/1027/1027 1013/1013/1013 989/989/989
f 1037/1037/1037 1018/1018/1018 1050/1050/1050
f 1037/1037/1037 1027/1027/1027 1018/1018/1018
f 1084/1084/1084 1089/1089/1089 1096/1096/1096
f 1779/1779/1779 1797/1797/1797 1883/1883/1883
f 1726/1726/1726 1779/1779/1779 1772/1772/1772
f 1850/1850/1850 1883/1883/1883 2000/2000/2000
f 1076/1076/1076 1063/1063/1063 1086/1086/1086
f 1073/1073/1073 1086/1086/1086 1063/1063/1063
f 964/964/964 983/983/983 961/961/961
f 1659/1659/1659 1653/1653/1653 1686/1686/1686
f 1726/1726/1726 1721/1721/1721 1686/1686/1686
f 1686/1686/1686 1679/1679/1679 1726/1726/1726
f 1883/1883/1883 1850/1850/1850 1779/1779/1779
f 1721/1721/1721 1726/1726/1726 1772/1772/1772
f 1653/1653/1653 1679/1679/1679 1686/1686/1686
f 1084/1084/1084 1096/1096/1096 1073/1073/1073
f 1077/1077/1077 1059/1059/1059 1090/1090/1090
f 1092/1092/1092 1099/1099/1099 1095/1095/1095
f 1099/1099/1099 1092/1092/1092 1090/1090/1090
f 1089/1089/1089 1102/1102/1102 1096/1096/1096
f 1105/1105/1105 1095/1095/1095 1099/1099/1099
f 1077/1077/1077 1090/1090/1090 1092/1092/1092
f 1034/1034/1034 1010/1010/1010 1061/1061/1061
f 1063/1063/1063 1076/1076/1076 1061/1061/1061
f 1086/1086/1086 1073/1073/1073 1096/1096/1096
f 1044/1044/1044 1061/1061/1061 1010/1010/1010
f 1044/1044/1044 1063/1063/1063 1061/1061/1061
f 1006/1006/1006 1010/1010/1010 976/976/976
f 1350/1350/1350 1346/1346/1346 1370/1370/1370
f 1606/1606/1606 1629/1629/1629 1613/1613/1613
f 1188/1188/1188 1179/1179/1179 1185/1185/1185
f 1551/1551/1551 1559/1559/1559 1527/1527/1527
f 1629/1629/1629 1606/1606/1606 1630/1630/1630
f 1630/1630/1630 1647/1647/1647 1629/1629/1629
f 1613/1613/1613 1589/1589/1589 1606/1606/1606
f 1618/1618/1618 1633/1633/1633 1644/1644/1644
f 1616/1616/1616 1633/1633/1633 1618/1618/1618
f 1644/1644/1644 1654/1654/1654 1704/1704/1704
f 1188/1188/1188 1185/1185/1185 1199/1199/1199
f 1199/1199/1199 1215/1215/1215 1188/1188/1188
f 1704/1704/1704 1682/1682/1682 1644/1644/1644
f 1589/1589/1589 1613/1613/1613 1604/1604/1604
f 1177/1177/1177 1173/1173/1173 1179/1179/1179
f 1174/1174/1174 1185/1185/1185 1172/1172/1172
f 1174/1174/1174 1176/1176/1176 1185/1185/1185
f 1173/1173/1173 1177/1177/1177 1184/1184/1184
f 1178/1178/1178 1175/1175/1175 1216/1216/1216
f 1175/1175/1175 1184/1184/1184 1216/1216/1216
f 1604/1604/1604 1579/1579/1579 1589/1589/1589
f 1591/1591/1591 1616/1616/1616 1618/1618/1618
f 1616/1616/1616 1591/1591/1591 1579/1579/1579
f 1172/1172/1172 1179/1179/1179 1173/1173/1173
f 1179/1179/1179 1172/1172/1172 1185/1185/1185
f 1579/1579/1579 1604/1604/1604 1616/1616/1616
f 1633/1633/1633 1654/1654/1654 1644/1644/1644
f 1852/1852/1852 1844/1844/1844 1819/1819/1819
f 1817/1817/1817 1778/1778/1778 1774/1774/1774
f 1819/1819/1819 1817/1817/1817 1774/1774/1774
f 1681/1681/1681 1662/1662/1662 1717/1717/1717
f 1774/1774/1774 1778/1778/1778 1717/1717/1717
f 1844/1844/1844 1817/1817/1817 1819/1819/1819
f 1587/1587/1587 1599/1599/1599 2152/2152/2152
f 1559/1559/1559 1573/1573/1573 2140/2140/2140
f 1573/1573/1573 1588/1588/1588 2140/2140/2140
f 1574/1574/1574 1592/1592/1592 2154/2154/2154
f 2145/2145/2145 1574/1574/1574 2154/2154/2154
f 1587/1587/1587 2152/2152/2152 2140/2140/2140
f 1662/1662/1662 1681/1681/1681 1647/1647/1647
f 1844/1844/1844 1852/1852/1852 1828/1828/1828
f 1828/1828/1828 1826/1826/1826 1844/1844/1844
f 1753/1753/1753 1791/1791/1791 1781/1781/1781
f 1647/1647/1647 1630/1630/1630 1662/1662/1662
f 1826/1826/1826 1828/1828/1828 1781/1781/1781
f 1781/1781/1781 1791/1791/1791 1826/1826/1826
f 1753/1753/1753 1732/1732/1732 1683/1683/1683
f 1717/1717/1717 1731/1731/1731 1681/1681/1681
f 1778/1778/1778 1731/1731/1731 1717/1717/1717
f 1683/1683/1683 1704/1704/1704 1753/1753/1753
f 1181/1181/1181 1217/1217/1217 1264/1264/1264
f 1732/1732/1732 1753/1753/1753 1781/1781/1781
f 1583/1583/1583 1595/1595/1595 1603/1603/1603
f 1563/1563/1563 1581/1581/1581 1560/1560/1560
f 1545/1545/1545 1563/1563/1563 1560/1560/1560
f 1302/1302/1302 1287/1287/1287 1332/1332/1332
f 1583/1583/1583 1617/1617/1617 1621/1621/1621
f 1583/1583/1583 1603/1603/1603 1617/1617/1617
f 1369/1369/1369 1278/1278/1278 1332/1332/1332
f 1238/1238/1238 1332/1332/1332 1278/1278/1278
f 1449/1449/1449 1289/1289/1289 1369/1369/1369
f 1581/1581/1581 1595/1595/1595 1583/1583/1583
f 1581/1581/1581 1583/1583/1583 1560/1560/1560
f 1185/1185/1185 1194/1194/1194 1199/1199/1199
f 1310/1310/1310 1336/1336/1336 1422/1422/1422
f 1449/1449/1449 1580/1580/1580 1464/1464/1464
f 1566/1566/1566 1582/1582/1582 1563/1563/1563
f 1422/1422/1422 1446/1446/1446 1332/1332/1332
f 1580/1580/1580 1449/1449/1449 1590/1590/1590
f 1545/1545/1545 1422/1422/1422 1491/1491/1491
f 1491/1491/1491 1566/1566/1566 1563/1563/1563
f 1310/1310/1310 1332/1332/1332 1287/1287/1287
f 1621/1621/1621 1607/1607/1607 1583/1583/1583
f 1621/1621/1621 1630/1630/1630 1606/1606/1606
f 1310/1310/1310 1422/1422/1422 1332/1332/1332
f 1446/1446/1446 1545/1545/1545 1560/1560/1560
f 1422/1422/1422 1545/1545/1545 1446/1446/1446
f 1278/1278/1278 1369/1369/1369 1289/1289/1289
f 1270/1270/1270 1257/1257/1257 1311/1311/1311
f 1176/1176/1176 1194/1194/1194 1185/1185/1185
f 1194/1194/1194 1176/1176/1176 1218/1218/1218
f 1288/1288/1288 1464/1464/1464 1262/1262/1262
f 1178/1178/1178 1216/1216/1216 1287/1287/1287
f 1180/1180/1180 1218/1218/1218 1176/1176/1176
f 1307/1307/1307 1359/1359/1359 1311/1311/1311
f 1359/1359/1359 1404/1404/1404 1311/1311/1311
f 1175/1175/1175 1173/1173/1173 1184/1184/1184
f 1307/1307/1307 1311/1311/1311 1257/1257/1257
f 1359/1359/1359 1448/1448/1448 1404/1404/1404
f 1448/1448/1448 1527/1527/1527 1404/1404/1404
f 1263/1263/1263 1385/1385/1385 1465/1465/1465
f 1212/1212/1212 1302/1302/1302 1238/1238/1238
f 1302/1302/1302 1212/1212/1212 1287/1287/1287
f 1316/1316/1316 1224/1224/1224 1265/1265/1265
f 1332/1332/1332 1238/1238/1238 1302/1302/1302
f 1189/1189/1189 1287/1287/1287 1212/1212/1212
f 1189/1189/1189 1178/1178/1178 1287/1287/1287
f 1385/1385/1385 1263/1263/1263 1317/1317/1317
f 1464/1464/1464 1288/1288/1288 1449/1449/1449
f 1289/1289/1289 1449/1449/1449 1288/1288/1288
f 1225/1225/1225 1262/1262/1262 1318/1318/1318
f 1190/1190/1190 1266/1266/1266 1180/1180/1180
f 1190/1190/1190 1225/1225/1225 1266/1266/1266
f 1598/1598/1598 2153/2153/2153 2159/2159/2159
f 2052/2052/2052 2055/2055/2055 2028/2028/2028
f 2028/2028/2028 2030/2030/2030 2052/2052/2052
f 2052/2052/2052 2068/2068/2068 2073/2073/2073
f 1743/1743/1743 1762/1762/1762 1784/1784/1784
f 1762/1762/1762 1743/1743/1743 1730/1730/1730
f 2026/2026/2026 1886/1886/1886 1872/1872/1872
f 1784/1784/1784 1808/1808/1808 1773/1773/1773
f 1889/1889/1889 1898/1898/1898 2030/2030/2030
f 1889/1889/1889 1876/1876/1876 1808/1808/1808
f 2055/2055/2055 2052/2052/2052 2073/2073/2073
f 2030/2030/2030 2028/2028/2028 1889/1889/1889
f 1808/1808/1808 1784/1784/1784 1889/1889/1889
f 1750/1750/1750 1730/1730/1730 1733/1733/1733
f 1872/1872/1872 1886/1886/1886 1790/1790/1790
f 1757/1757/1757 1734/1734/1734 1780/1780/1780
f 1780/1780/1780 1790/1790/1790 1757/1757/1757
f 1745/1745/1745 1747/1747/1747 1733/1733/1733
f 1735/1735/1735 1758/1758/1758 1728/1728/1728
f 1790/1790/1790 1780/1780/1780 1872/1872/1872
f 1898/1898/1898 1915/1915/1915 2030/2030/2030
f 1762/1762/1762 1796/1796/1796 1784/1784/1784
f 1730/1730/1730 1750/1750/1750 1762/1762/1762
f 1898/1898/1898 1889/1889/1889 1784/1784/1784
f 1784/1784/1784 1796/1796/1796 1898/1898/1898
f 1915/1915/1915 1973/1973/1973 2030/2030/2030
f 2053/2053/2053 2049/2049/2049 2023/2023/2023
f 1831/1831/1831 1833/1833/1833 1748/1748/1748
f 1953/1953/1953 1945/1945/1945 1936/1936/1936
f 1979/1979/1979 1946/1946/1946 1954/1954/1954
f 1744/1744/1744 1831/1831/1831 1748/1748/1748
f 1839/1839/1839 1831/1831/1831 1744/1744/1744
f 1748/1748/1748 1833/1833/1833 1836/1836/1836
f 1865/1865/1865 1915/1915/1915 1898/1898/1898
f 1796/1796/1796 1865/1865/1865 1898/1898/1898
f 1993/1993/1993 1946/1946/1946 1985/1985/1985
f 1926/1926/1926 1945/1945/1945 1922/1922/1922
f 1936/1936/1936 1945/1945/1945 1926/1926/1926
f 1985/1985/1985 1946/1946/1946 1979/1979/1979
f 1836/1836/1836 1751/1751/1751 1748/1748/1748
f 2071/2071/2071 2066/2066/2066 2050/2050/2050
f 2068/2068/2068 2070/2070/2070 2072/2072/2072
f 2073/2073/2073 2068/2068/2068 2072/2072/2072
f 2050/2050/2050 2054/2054/2054 2071/2071/2071
f 2023/2023/2023 2026/2026/2026 1872/1872/1872
f 2049/2049/2049 2026/2026/2026 2023/2023/2023
f 1751/1751/1751 1836/1836/1836 1846/1846/1846
f 1865/1865/1865 1796/1796/1796 1763/1763/1763
f 1763/1763/1763 1846/1846/1846 1865/1865/1865
f 2066/2066/2066 2071/2071/2071 2072/2072/2072
f 2072/2072/2072 2070/2070/2070 2066/2066/2066
f 1846/1846/1846 1763/1763/1763 1751/1751/1751
f 1687/1687/1687 2169/2169/2169 1683/1683/1683
f 2163/2163/2163 1619/1619/1619 2166/2166/2166
f 2167/2167/2167 1645/1645/1645 2170/2170/2170
f 1619/1619/1619 2157/2157/2157 2154/2154/2154
f 1620/1620/1620 1646/1646/1646 2168/2168/2168
f 1644/1644/1644 1682/1682/1682 2171/2171/2171
f 2146/2146/2146 1575/1575/1575 1561/1561/1561
f 2117/2117/2117 2124/2124/2124 1466/1466/1466
f 1580/1580/1580 1574/1574/1574 1562/1562/1562
f 2135/2135/2135 1561/1561/1561 2125/2125/2125
f 1525/1525/1525 2125/2125/2125 1561/1561/1561
f 2135/2135/2135 2146/2146/2146 1561/1561/1561
f 1580/1580/1580 1562/1562/1562 1526/1526/1526
f 1199/1199/1199 2086/2086/2086 2094/2094/2094
f 1269/1269/1269 1199/1199/1199 2094/2094/2094
f 1311/1311/1311 1404/1404/1404 2111/2111/2111
f 2159/2159/2159 1634/1634/1634 1598/1598/1598
f 1312/1312/1312 1271/1271/1271 2095/2095/2095
f 2112/2112/2112 1313/1313/1313 2096/2096/2096
f 1527/1527/1527 2126/2126/2126 1404/1404/1404
f 2154/2154/2154 1592/1592/1592 1619/1619/1619
f 2157/2157/2157 1619/1619/1619 2163/2163/2163
f 2140/2140/2140 2126/2126/2126 1559/1559/1559
f 2126/2126/2126 1527/1527/1527 1559/1559/1559
f 2113/2113/2113 1405/1405/1405 2126/2126/2126
f 1526/1526/1526 1464/1464/1464 1580/1580/1580
f 1648/1648/1648 1634/1634/1634 2159/2159/2159
f 1687/1687/1687 1732/1732/1732 1666/1666/1666
f 1666/1666/1666 1663/1663/1663 1687/1687/1687
f 2164/2164/2164 1648/1648/1648 2159/2159/2159
f 1687/1687/1687 1663/1663/1663 2169/2169/2169
f 2169/2169/2169 1663/1663/1663 2164/2164/2164
f 1728/1728/1728 1745/1745/1745 1733/1733/1733
f 1758/1758/1758 1745/1745/1745 1728/1728/1728
f 1733/1733/1733 1747/1747/1747 1750/1750/1750
f 1666/1666/1666 1634/1634/1634 1648/1648/1648
f 1666/1666/1666 1648/1648/1648 1663/1663/1663
f 1527/1527/1527 1448/1448/1448 1552/1552/1552
f 1663/1663/1663 1648/1648/1648 2164/2164/2164
f 1386/1386/1386 1319/1319/1319 2108/2108/2108
f 1319/1319/1319 2098/2098/2098 2108/2108/2108
f 1466/1466/1466 1386/1386/1386 2117/2117/2117
f 1525/1525/1525 1467/1467/1467 2125/2125/2125
f 1580/1580/1580 1592/1592/1592 1574/1574/1574
f 1732/1732/1732 1687/1687/1687 1683/1683/1683
f 1219/1219/1219 1200/1200/1200 2087/2087/2087
f 1319/1319/1319 1267/1267/1267 2098/2098/2098
f 1268/1268/1268 1220/1220/1220 2090/2090/2090
f 1386/1386/1386 2108/2108/2108 2117/2117/2117
f 2090/2090/2090 2099/2099/2099 1268/1268/1268
f 1219/1219/1219 2087/2087/2087 2091/2091/2091
f 1584/1584/1584 1608/1608/1608 1590/1590/1590
f 1136/1136/1136 1101/1101/1101 1138/1138/1138
f 1098/1098/1098 1133/1133/1133 1127/1127/1127
f 1098/1098/1098 1101/1101/1101 1133/1133/1133
f 1079/1079/1079 1121/1121/1121 1115/1115/1115
f 1087/1087/1087 1098/1098/1098 1127/1127/1127
f 1101/1101/1101 1136/1136/1136 1133/1133/1133
f 1051/1051/1051 1023/1023/1023 1048/1048/1048
f 982/982/982 1047/1047/1047 987/987/987
f 1007/1007/1007 1034/1034/1034 1052/1052/1052
f 987/987/987 1048/1048/1048 1023/1023/1023
f 1048/1048/1048 987/987/987 1047/1047/1047
f 1023/1023/1023 1051/1051/1051 1068/1068/1068
f 1069/1069/1069 1079/1079/1079 1115/1115/1115
f 1124/1124/1124 1139/1139/1139 1130/1130/1130
f 1124/1124/1124 1120/1120/1120 1139/1139/1139
f 1114/1114/1114 1122/1122/1122 1129/1129/1129
f 1119/1119/1119 1111/1111/1111 1123/1123/1123
f 1120/1120/1120 1129/1129/1129 1139/1139/1139
f 1120/1120/1120 1114/1114/1114 1129/1129/1129
f 1112/1112/1112 1118/1118/1118 1114/1114/1114
f 1079/1079/1079 1087/1087/1087 1121/1121/1121
f 1087/1087/1087 1127/1127/1127 1121/1121/1121
f 1118/1118/1118 1112/1112/1112 1116/1116/1116
f 1110/1110/1110 1116/1116/1116 1112/1112/1112
f 1122/1122/1122 1114/1114/1114 1118/1118/1118
f 1034/1034/1034 1069/1069/1069 1052/1052/1052
f 1130/1130/1130 1100/1100/1100 1124/1124/1124
f 1085/1085/1085 1120/1120/1120 1124/1124/1124
f 1085/1085/1085 1075/1075/1075 1120/1120/1120
f 1100/1100/1100 1130/1130/1130 1106/1106/1106
f 1138/1138/1138 1107/1107/1107 1135/1135/1135
f 1106/1106/1106 1135/1135/1135 1107/1107/1107
f 1158/1158/1158 1143/1143/1143 1152/1152/1152
f 1137/1137/1137 1152/1152/1152 1143/1143/1143
f 1163/1163/1163 1153/1153/1153 1158/1158/1158
f 1097/1097/1097 1124/1124/1124 1100/1100/1100
f 1097/1097/1097 1085/1085/1085 1124/1124/1124
f 1134/1134/1134 1147/1147/1147 1140/1140/1140
f 1135/1135/1135 1106/1106/1106 1130/1130/1130
f 1068/1068/1068 1112/1112/1112 1114/1114/1114
f 1068/1068/1068 1051/1051/1051 1112/1112/1112
f 1075/1075/1075 1114/1114/1114 1120/1120/1120
f 982/982/982 1007/1007/1007 1047/1047/1047
f 1007/1007/1007 1052/1052/1052 1047/1047/1047
f 1107/1107/1107 1138/1138/1138 1101/1101/1101
f 1047/1047/1047 1109/1109/1109 1048/1048/1048
f 1110/1110/1110 1051/1051/1051 1108/1108/1108
f 1048/1048/1048 1108/1108/1108 1051/1051/1051
f 1075/1075/1075 1068/1068/1068 1114/1114/1114
f 1051/1051/1051 1110/1110/1110 1112/1112/1112
f 1108/1108/1108 1048/1048/1048 1109/1109/1109
f 1488/1488/1488 1451/1451/1451 1494/1494/1494
f 1451/1451/1451 1462/1462/1462 1494/1494/1494
f 1474/1474/1474 1480/1480/1480 1428/1428/1428
f 1517/1517/1517 1484/1484/1484 1470/1470/1470
f 1429/1429/1429 1481/1481/1481 1489/1489/1489
f 1430/1430/1430 1453/1453/1453 1490/1490/1490
f 1469/1469/1469 1474/1474/1474 1406/1406/1406
f 1278/1278/1278 1169/1169/1169 1238/1238/1238
f 1136/1136/1136 1154/1154/1154 1133/1133/1133
f 1406/1406/1406 1393/1393/1393 1469/1469/1469
f 1376/1376/1376 1469/1469/1469 1393/1393/1393
f 1428/1428/1428 1406/1406/1406 1474/1474/1474
f 1389/1389/1389 1469/1469/1469 1375/1375/1375
f 1347/1347/1347 1354/1354/1354 1375/1375/1375
f 1470/1470/1470 1484/1484/1484 1390/1390/1390
f 1346/1346/1346 1347/1347/1347 1370/1370/1370
f 1370/1370/1370 1376/1376/1376 1355/1355/1355
f 1355/1355/1355 1350/1350/1350 1370/1370/1370
f 1347/1347/1347 1375/1375/1375 1370/1370/1370
f 1376/1376/1376 1370/1370/1370 1461/1461/1461
f 1370/1370/1370 1375/1375/1375 1469/1469/1469
f 1518/1518/1518 1494/1494/1494 1483/1483/1483
f 1354/1354/1354 1389/1389/1389 1375/1375/1375
f 1461/1461/1461 1469/1469/1469 1370/1370/1370
f 1461/1461/1461 1469/1469/1469 1376/1376/1376
f 1154/1154/1154 1136/1136/1136 1155/1155/1155
f 1146/1146/1146 1130/1130/1130 1139/1139/1139
f 1108/1108/1108 1109/1109/1109 1113/1113/1113
f 1109/1109/1109 1117/1117/1117 1113/1113/1113
f 1141/1141/1141 1127/1127/1127 1150/1150/1150
f 1121/1121/1121 1134/1134/1134 1123/1123/1123
f 1121/1121/1121 1127/1127/1127 1134/1134/1134
f 1115/1115/1115 1123/1123/1123 1111/1111/1111
f 1123/1123/1123 1134/1134/1134 1140/1140/1140
f 1111/1111/1111 1119/1119/1119 1117/1117/1117
f 1116/1116/1116 1110/1110/1110 1113/1113/1113
f 1108/1108/1108 1113/1113/1113 1110/1110/1110
f 1109/1109/1109 1111/1111/1111 1117/1117/1117
f 1127/1127/1127 1141/1141/1141 1134/1134/1134
f 1151/1151/1151 1135/1135/1135 1146/1146/1146
f 1130/1130/1130 1146/1146/1146 1135/1135/1135
f 1155/1155/1155 1138/1138/1138 1151/1151/1151
f 1133/1133/1133 1150/1150/1150 1127/1127/1127
f 1150/1150/1150 1133/1133/1133 1154/1154/1154
f 1138/1138/1138 1155/1155/1155 1136/1136/1136
f 1109/1109/1109 1047/1047/1047 1111/1111/1111
f 1052/1052/1052 1111/1111/1111 1047/1047/1047
f 1115/1115/1115 1121/1121/1121 1123/1123/1123
f 1135/1135/1135 1151/1151/1151 1138/1138/1138
f 1111/1111/1111 1052/1052/1052 1115/1115/1115
f 1069/1069/1069 1115/1115/1115 1052/1052/1052
f 1143/1143/1143 1158/1158/1158 1153/1153/1153
f 1119/1119/1119 1132/1132/1132 1117/1117/1117
f 1125/1125/1125 1113/1113/1113 1128/1128/1128
f 1117/1117/1117 1128/1128/1128 1113/1113/1113
f 1131/1131/1131 1118/1118/1118 1126/1126/1126
f 1113/1113/1113 1125/1125/1125 1116/1116/1116
f 1128/1128/1128 1117/1117/1117 1132/1132/1132
f 1828/1828/1828 1852/1852/1852 1738/1738/1738
f 1719/1719/1719 1828/1828/1828 1738/1738/1738
f 1667/1667/1667 1720/1720/1720 1819/1819/1819
f 1755/1755/1755 1724/1724/1724 1777/1777/1777
f 1667/1667/1667 1774/1774/1774 1717/1717/1717
f 1717/1717/1717 1635/1635/1635 1667/1667/1667
f 1118/1118/1118 1131/1131/1131 1122/1122/1122
f 1132/1132/1132 1119/1119/1119 1140/1140/1140
f 1123/1123/1123 1140/1140/1140 1119/1119/1119
f 1160/1160/1160 1147/1147/1147 1166/1166/1166
f 1137/1137/1137 1122/1122/1122 1131/1131/1131
f 1140/1140/1140 1147/1147/1147 1156/1156/1156
f 1147/1147/1147 1160/1160/1160 1156/1156/1156
f 1157/1157/1157 1161/1161/1161 1166/1166/1166
f 1116/1116/1116 1126/1126/1126 1118/1118/1118
f 1126/1126/1126 1116/1116/1116 1125/1125/1125
f 1161/1161/1161 1168/1168/1168 1166/1166/1166
f 1161/1161/1161 1164/1164/1164 1168/1168/1168
f 1157/1157/1157 1166/1166/1166 1147/1147/1147
f 1819/1819/1819 1720/1720/1720 1852/1852/1852
f 1310/1310/1310 1287/1287/1287 1275/1275/1275
f 1275/1275/1275 1287/1287/1287 1216/1216/1216
f 1194/1194/1194 1218/1218/1218 1199/1199/1199
f 1275/1275/1275 1336/1336/1336 1310/1310/1310
f 1556/1556/1556 1566/1566/1566 1491/1491/1491
f 1563/1563/1563 1545/1545/1545 1491/1491/1491
f 1560/1560/1560 1584/1584/1584 1590/1590/1590
f 1449/1449/1449 1369/1369/1369 1590/1590/1590
f 1590/1590/1590 1369/1369/1369 1560/1560/1560
f 1215/1215/1215 1199/1199/1199 1269/1269/1269
f 1209/1209/1209 1275/1275/1275 1216/1216/1216
f 1209/1209/1209 1216/1216/1216 1184/1184/1184
f 1369/1369/1369 1446/1446/1446 1560/1560/1560
f 1617/1617/1617 1635/1635/1635 1662/1662/1662
f 1662/1662/1662 1630/1630/1630 1621/1621/1621
f 1603/1603/1603 1595/1595/1595 1635/1635/1635
f 1369/1369/1369 1332/1332/1332 1446/1446/1446
f 1774/1774/1774 1667/1667/1667 1819/1819/1819
f 1720/1720/1720 1738/1738/1738 1852/1852/1852
f 1635/1635/1635 1717/1717/1717 1662/1662/1662
f 1781/1781/1781 1666/1666/1666 1732/1732/1732
f 1781/1781/1781 1828/1828/1828 1719/1719/1719
f 1617/1617/1617 1603/1603/1603 1635/1635/1635
f 1621/1621/1621 1617/1617/1617 1662/1662/1662
f 1719/1719/1719 1666/1666/1666 1781/1781/1781
f 1262/1262/1262 1168/1168/1168 1288/1288/1288
f 1166/1166/1166 1225/1225/1225 1160/1160/1160
f 1225/1225/1225 1166/1166/1166 1262/1262/1262
f 1159/1159/1159 1167/1167/1167 1169/1169/1169
f 1125/1125/1125 1142/1142/1142 1126/1126/1126
f 1168/1168/1168 1262/1262/1262 1166/1166/1166
f 1288/1288/1288 1170/1170/1170 1289/1289/1289
f 1171/1171/1171 1289/1289/1289 1170/1170/1170
f 1145/1145/1145 1128/1128/1128 1149/1149/1149
f 1170/1170/1170 1288/1288/1288 1168/1168/1168
f 1289/1289/1289 1171/1171/1171 1278/1278/1278
f 1169/1169/1169 1278/1278/1278 1171/1171/1171
f 1162/1162/1162 1159/1159/1159 1169/1169/1169
f 1131/1131/1131 1148/1148/1148 1152/1152/1152
f 1131/1131/1131 1126/1126/1126 1148/1148/1148
f 1165/1165/1165 1171/1171/1171 1170/1170/1170
f 1137/1137/1137 1131/1131/1131 1152/1152/1152
f 1126/1126/1126 1144/1144/1144 1148/1148/1148
f 1144/1144/1144 1126/1126/1126 1142/1142/1142
f 1162/1162/1162 1169/1169/1169 1171/1171/1171
f 1159/1159/1159 1153/1153/1153 1167/1167/1167
f 1153/1153/1153 1163/1163/1163 1167/1167/1167
f 1165/1165/1165 1162/1162/1162 1171/1171/1171
f 1164/1164/1164 1170/1170/1170 1168/1168/1168
f 1164/1164/1164 1165/1165/1165 1170/1170/1170
f 1132/1132/1132 1149/1149/1149 1128/1128/1128
f 1141/1141/1141 1150/1150/1150 1157/1157/1157
f 1150/1150/1150 1161/1161/1161 1157/1157/1157
f 1134/1134/1134 1141/1141/1141 1147/1147/1147
f 1122/1122/1122 1137/1137/1137 1143/1143/1143
f 1139/1139/1139 1129/1129/1129 1153/1153/1153
f 1129/1129/1129 1143/1143/1143 1153/1153/1153
f 1165/1165/1165 1155/1155/1155 1162/1162/1162
f 1154/1154/1154 1164/1164/1164 1161/1161/1161
f 1164/1164/1164 1154/1154/1154 1165/1165/1165
f 1141/1141/1141 1157/1157/1157 1147/1147/1147
f 1150/1150/1150 1154/1154/1154 1161/1161/1161
f 1155/1155/1155 1165/1165/1165 1154/1154/1154
f 1129/1129/1129 1122/1122/1122 1143/1143/1143
f 1160/1160/1160 1190/1190/1190 1156/1156/1156
f 1190/1190/1190 1160/1160/1160 1225/1225/1225
f 1140/1140/1140 1156/1156/1156 1149/1149/1149
f 1142/1142/1142 1125/1125/1125 1145/1145/1145
f 1128/1128/1128 1145/1145/1145 1125/1125/1125
f 1132/1132/1132 1140/1140/1140 1149/1149/1149
f 1151/1151/1151 1162/1162/1162 1155/1155/1155
f 1162/1162/1162 1151/1151/1151 1159/1159/1159
f 1139/1139/1139 1153/1153/1153 1146/1146/1146
f 1180/1180/1180 1156/1156/1156 1190/1190/1190
f 1146/1146/1146 1159/1159/1159 1151/1151/1151
f 1159/1159/1159 1146/1146/1146 1153/1153/1153
f 2084/2084/2084 2093/2093/2093 2242/2242/2242
f 2242/2242/2242 2093/2093/2093 2252/2252/2252
f 2093/2093/2093 2119/2119/2119 2252/2252/2252
f 2120/2120/2120 2253/2253/2253 2131/2131/2131
f 2077/2077/2077 2118/2118/2118 2129/2129/2129
f 2083/2083/2083 2081/2081/2081 2138/2138/2138
f 2081/2081/2081 2129/2129/2129 2138/2138/2138
f 2083/2083/2083 2138/2138/2138 2084/2084/2084
f 2081/2081/2081 2077/2077/2077 2129/2129/2129
f 2223/2223/2223 2083/2083/2083 2230/2230/2230
f 2079/2079/2079 2080/2080/2080 2133/2133/2133
f 2133/2133/2133 2130/2130/2130 2079/2079/2079
f 2162/2162/2162 2156/2156/2156 2131/2131/2131
f 2230/2230/2230 2084/2084/2084 2242/2242/2242
f 2083/2083/2083 2084/2084/2084 2230/2230/2230
f 2156/2156/2156 2120/2120/2120 2131/2131/2131
f 2148/2148/2148 2114/2114/2114 2143/2143/2143
f 2144/2144/2144 2109/2109/2109 2115/2115/2115
f 2162/2162/2162 2131/2131/2131 2158/2158/2158
f 2121/2121/2121 2155/2155/2155 2127/2127/2127
f 2137/2137/2137 2082/2082/2082 2085/2085/2085
f 2085/2085/2085 2139/2139/2139 2137/2137/2137
f 2155/2155/2155 2121/2121/2121 2148/2148/2148
f 2149/2149/2149 2115/2115/2115 2122/2122/2122
f 2156/2156/2156 2150/2150/2150 2120/2120/2120
f 2084/2084/2084 2147/2147/2147 2093/2093/2093
f 2138/2138/2138 2147/2147/2147 2084/2084/2084
f 2093/2093/2093 2151/2151/2151 2119/2119/2119
f 2158/2158/2158 2127/2127/2127 2155/2155/2155
f 2143/2143/2143 2110/2110/2110 2141/2141/2141
f 2147/2147/2147 2151/2151/2151 2093/2093/2093
f 2127/2127/2127 2158/2158/2158 2131/2131/2131
f 2204/2204/2204 2078/2078/2078 2076/2076/2076
f 2197/2197/2197 2074/2074/2074 2201/2201/2201
f 2207/2207/2207 2209/2209/2209 2079/2079/2079
f 2204/2204/2204 2207/2207/2207 2078/2078/2078
f 2076/2076/2076 2074/2074/2074 2197/2197/2197
f 2132/2132/2132 2265/2265/2265 2252/2252/2252
f 2074/2074/2074 2075/2075/2075 2201/2201/2201
f 2197/2197/2197 2199/2199/2199 2076/2076/2076
f 2201/2201/2201 2075/2075/2075 2205/2205/2205
f 2075/2075/2075 2077/2077/2077 2205/2205/2205
f 2205/2205/2205 2077/2077/2077 2216/2216/2216
f 2077/2077/2077 2081/2081/2081 2216/2216/2216
f 2207/2207/2207 2079/2079/2079 2078/2078/2078
f 2199/2199/2199 2204/2204/2204 2076/2076/2076
f 2216/2216/2216 2081/2081/2081 2223/2223/2223
f 2081/2081/2081 2083/2083/2083 2223/2223/2223
f 2136/2136/2136 2134/2134/2134 2080/2080/2080
f 2082/2082/2082 2219/2219/2219 2228/2228/2228
f 2074/2074/2074 2100/2100/2100 2105/2105/2105
f 2080/2080/2080 2082/2082/2082 2136/2136/2136
f 2130/2130/2130 2123/2123/2123 2079/2079/2079
f 2078/2078/2078 2079/2079/2079 2123/2123/2123
f 2082/2082/2082 2137/2137/2137 2136/2136/2136
f 2134/2134/2134 2133/2133/2133 2080/2080/2080
f 2123/2123/2123 2116/2116/2116 2078/2078/2078
f 2076/2076/2076 2078/2078/2078 2116/2116/2116
f 2116/2116/2116 2104/2104/2104 2076/2076/2076
f 2074/2074/2074 2076/2076/2076 2104/2104/2104
f 2075/2075/2075 2106/2106/2106 2118/2118/2118
f 2075/2075/2075 2074/2074/2074 2105/2105/2105
f 2104/2104/2104 2100/2100/2100 2074/2074/2074
f 2077/2077/2077 2075/2075/2075 2118/2118/2118
f 2142/2142/2142 2103/2103/2103 2109/2109/2109
f 2165/2165/2165 2156/2156/2156 2162/2162/2162
f 2117/2117/2117 2108/2108/2108 2123/2123/2123
f 2172/2172/2172 2165/2165/2165 2162/2162/2162
f 2165/2165/2165 2160/2160/2160 2156/2156/2156
f 2146/2146/2146 2139/2139/2139 2142/2142/2142
f 2136/2136/2136 2137/2137/2137 2135/2135/2135
f 2135/2135/2135 2137/2137/2137 2139/2139/2139
f 2139/2139/2139 2146/2146/2146 2135/2135/2135
f 2100/2100/2100 2104/2104/2104 2092/2092/2092
f 2101/2101/2101 2088/2088/2088 2097/2097/2097
f 2116/2116/2116 2123/2123/2123 2108/2108/2108
f 2108/2108/2108 2098/2098/2098 2116/2116/2116
f 2102/2102/2102 2107/2107/2107 2096/2096/2096
f 2160/2160/2160 2150/2150/2150 2156/2156/2156
f 2118/2118/2118 2106/2106/2106 2113/2113/2113
f 2092/2092/2092 2089/2089/2089 2100/2100/2100
f 2154/2154/2154 2141/2141/2141 2145/2145/2145
f 2158/2158/2158 2166/2166/2166 2162/2162/2162
f 2141/2141/2141 2154/2154/2154 2143/2143/2143
f 2172/2172/2172 2162/2162/2162 2166/2166/2166
f 2166/2166/2166 2158/2158/2158 2163/2163/2163
f 2155/2155/2155 2163/2163/2163 2158/2158/2158
f 2163/2163/2163 2155/2155/2155 2157/2157/2157
f 2148/2148/2148 2157/2157/2157 2155/2155/2155
f 2143/2143/2143 2154/2154/2154 2148/2148/2148
f 2135/2135/2135 2125/2125/2125 2134/2134/2134
f 2134/2134/2134 2136/2136/2136 2135/2135/2135
f 2157/2157/2157 2148/2148/2148 2154/2154/2154
f 2133/2133/2133 2134/2134/2134 2124/2124/2124
f 2130/2130/2130 2133/2133/2133 2124/2124/2124
f 2124/2124/2124 2117/2117/2117 2130/2130/2130
f 2123/2123/2123 2130/2130/2130 2117/2117/2117
f 2211/2211/2211 2080/2080/2080 2079/2079/2079
f 2080/2080/2080 2211/2211/2211 2215/2215/2215
f 2080/2080/2080 2215/2215/2215 2082/2082/2082
f 2215/2215/2215 2219/2219/2219 2082/2082/2082
f 2131/2131/2131 2266/2266/2266 2127/2127/2127
f 2257/2257/2257 2261/2261/2261 2122/2122/2122
f 2127/2127/2127 2262/2262/2262 2121/2121/2121
f 2249/2249/2249 2257/2257/2257 2122/2122/2122
f 2261/2261/2261 2265/2265/2265 2128/2128/2128
f 2228/2228/2228 2238/2238/2238 2085/2085/2085
f 2139/2139/2139 2085/2085/2085 2103/2103/2103
f 2103/2103/2103 2142/2142/2142 2139/2139/2139
f 2243/2243/2243 2103/2103/2103 2085/2085/2085
f 2079/2079/2079 2209/2209/2209 2211/2211/2211
f 2085/2085/2085 2082/2082/2082 2228/2228/2228
f 2238/2238/2238 2243/2243/2243 2085/2085/2085
f 2147/2147/2147 2152/2152/2152 2151/2151/2151
f 2152/2152/2152 2161/2161/2161 2151/2151/2151
f 2129/2129/2129 2118/2118/2118 2126/2126/2126
f 2129/2129/2129 2126/2126/2126 2140/2140/2140
f 2104/2104/2104 2116/2116/2116 2098/2098/2098
f 2098/2098/2098 2092/2092/2092 2104/2104/2104
f 2138/2138/2138 2140/2140/2140 2147/2147/2147
f 2140/2140/2140 2152/2152/2152 2147/2147/2147
f 2243/2243/2243 2246/2246/2246 2103/2103/2103
f 2249/2249/2249 2115/2115/2115 2109/2109/2109
f 2122/2122/2122 2115/2115/2115 2249/2249/2249
f 2109/2109/2109 2103/2103/2103 2246/2246/2246
f 2138/2138/2138 2129/2129/2129 2140/2140/2140
f 2096/2096/2096 2107/2107/2107 2112/2112/2112
f 2246/2246/2246 2249/2249/2249 2109/2109/2109
f 2118/2118/2118 2113/2113/2113 2126/2126/2126
f 2264/2264/2264 2263/2263/2263 2270/2270/2270
f 2196/2196/2196 2192/2192/2192 2188/2188/2188
f 2179/2179/2179 2183/2183/2183 2188/2188/2188
f 2188/2188/2188 2182/2182/2182 2179/2179/2179
f 2182/2182/2182 2188/2188/2188 2192/2192/2192
f 2192/2192/2192 2190/2190/2190 2182/2182/2182
f 2192/2192/2192 2196/2196/2196 2209/2209/2209
f 2209/2209/2209 2207/2207/2207 2192/2192/2192
f 2190/2190/2190 2192/2192/2192 2207/2207/2207
f 2204/2204/2204 2199/2199/2199 2185/2185/2185
f 2181/2181/2181 2182/2182/2182 2185/2185/2185
f 2207/2207/2207 2204/2204/2204 2190/2190/2190
f 227/227/227 215/215/215 2229/2229/2229
f 2182/2182/2182 2181/2181/2181 2179/2179/2179
f 2190/2190/2190 2185/2185/2185 2182/2182/2182
f 2199/2199/2199 2197/2197/2197 2186/2186/2186
f 2185/2185/2185 2190/2190/2190 2204/2204/2204
f 2185/2185/2185 2186/2186/2186 2181/2181/2181
f 2186/2186/2186 2185/2185/2185 2199/2199/2199
f 2186/2186/2186 2197/2197/2197 2191/2191/2191
f 2191/2191/2191 2201/2201/2201 2200/2200/2200
f 2205/2205/2205 2216/2216/2216 2214/2214/2214
f 2200/2200/2200 2205/2205/2205 2214/2214/2214
f 2197/2197/2197 2201/2201/2201 2191/2191/2191
f 2181/2181/2181 2186/2186/2186 2187/2187/2187
f 2216/2216/2216 2223/2223/2223 2222/2222/2222
f 2215/2215/2215 2210/2210/2210 2219/2219/2219
f 2186/2186/2186 2191/2191/2191 2187/2187/2187
f 2214/2214/2214 2216/2216/2216 2222/2222/2222
f 2201/2201/2201 2205/2205/2205 2200/2200/2200
f 2187/2187/2187 2191/2191/2191 2195/2195/2195
f 2191/2191/2191 2200/2200/2200 2195/2195/2195
f 2179/2179/2179 2181/2181/2181 2184/2184/2184
f 2181/2181/2181 2187/2187/2187 2184/2184/2184
f 2187/2187/2187 2195/2195/2195 2184/2184/2184
f 2195/2195/2195 2200/2200/2200 2212/2212/2212
f 2200/2200/2200 2214/2214/2214 2212/2212/2212
f 2212/2212/2212 2214/2214/2214 2224/2224/2224
f 2214/2214/2214 2222/2222/2222 2224/2224/2224
f 2229/2229/2229 2237/2237/2237 2254/2254/2254
f 2240/2240/2240 2225/2225/2225 2220/2220/2220
f 2189/2189/2189 2220/2220/2220 2213/2213/2213
f 2258/2258/2258 2240/2240/2240 2268/2268/2268
f 218/218/218 2231/2231/2231 2268/2268/2268
f 2220/2220/2220 2225/2225/2225 2213/2213/2213
f 2179/2179/2179 2175/2175/2175 2183/2183/2183
f 2178/2178/2178 2193/2193/2193 2177/2177/2177
f 2180/2180/2180 217/217/217 2189/2189/2189
f 217/217/217 2220/2220/2220 2189/2189/2189
f 2220/2220/2220 2268/2268/2268 2240/2240/2240
f 2180/2180/2180 2189/2189/2189 2176/2176/2176
f 2176/2176/2176 2189/2189/2189 2183/2183/2183
f 2267/2267/2267 2255/2255/2255 2250/2250/2250
f 2255/2255/2255 2248/2248/2248 2250/2250/2250
f 2189/2189/2189 2213/2213/2213 2183/2183/2183
f 2178/2178/2178 2175/2175/2175 2179/2179/2179
f 2268/2268/2268 2220/2220/2220 218/218/218
f 2175/2175/2175 2173/2173/2173 2176/2176/2176
f 2173/2173/2173 2175/2175/2175 2178/2178/2178
f 2194/2194/2194 2178/2178/2178 2184/2184/2184
f 2239/2239/2239 2231/2231/2231 2232/2232/2232
f 2229/2229/2229 2194/2194/2194 2221/2221/2221
f 2268/2268/2268 2239/2239/2239 2259/2259/2259
f 2239/2239/2239 2264/2264/2264 2259/2259/2259
f 2221/2221/2221 2237/2237/2237 2229/2229/2229
f 2229/2229/2229 2256/2256/2256 227/227/227
f 2256/2256/2256 2229/2229/2229 2254/2254/2254
f 2193/2193/2193 2229/2229/2229 2202/2202/2202
f 215/215/215 2202/2202/2202 2229/2229/2229
f 2239/2239/2239 2268/2268/2268 2231/2231/2231
f 2202/2202/2202 2177/2177/2177 2193/2193/2193
f 2184/2184/2184 2206/2206/2206 2194/2194/2194
f 2175/2175/2175 2176/2176/2176 2183/2183/2183
f 2179/2179/2179 2184/2184/2184 2178/2178/2178
f 2206/2206/2206 2221/2221/2221 2194/2194/2194
f 2254/2254/2254 2264/2264/2264 2256/2256/2256
f 2239/2239/2239 2256/2256/2256 2264/2264/2264
f 2256/2256/2256 2232/2232/2232 227/227/227
f 2256/2256/2256 2239/2239/2239 2232/2232/2232
f 2259/2259/2259 2264/2264/2264 2267/2267/2267
f 2264/2264/2264 2270/2270/2270 2267/2267/2267
f 2267/2267/2267 2270/2270/2270 2269/2269/2269
f 2270/2270/2270 2272/2272/2272 2269/2269/2269
f 2272/2272/2272 2271/2271/2271 2261/2261/2261
f 2271/2271/2271 2265/2265/2265 2261/2261/2261
f 2269/2269/2269 2272/2272/2272 2257/2257/2257
f 2272/2272/2272 2261/2261/2261 2257/2257/2257
f 2267/2267/2267 2269/2269/2269 2255/2255/2255
f 2250/2250/2250 2248/2248/2248 2244/2244/2244
f 2241/2241/2241 2259/2259/2259 2250/2250/2250
f 2255/2255/2255 2269/2269/2269 2257/2257/2257
f 2198/2198/2198 2208/2208/2208 2210/2210/2210
f 2259/2259/2259 2267/2267/2267 2250/2250/2250
f 2257/2257/2257 2249/2249/2249 2255/2255/2255
f 2255/2255/2255 2249/2249/2249 2246/2246/2246
f 2245/2245/2245 2250/2250/2250 2244/2244/2244
f 2250/2250/2250 2245/2245/2245 2241/2241/2241
f 2248/2248/2248 2255/2255/2255 2246/2246/2246
f 2244/2244/2244 2248/2248/2248 2243/2243/2243
f 2241/2241/2241 2245/2245/2245 2234/2234/2234
f 2225/2225/2225 2241/2241/2241 2234/2234/2234
f 2245/2245/2245 2244/2244/2244 2235/2235/2235
f 2248/2248/2248 2246/2246/2246 2243/2243/2243
f 2235/2235/2235 2227/2227/2227 2226/2226/2226
f 2226/2226/2226 2234/2234/2234 2235/2235/2235
f 2270/2270/2270 2271/2271/2271 2272/2272/2272
f 2235/2235/2235 2244/2244/2244 2238/2238/2238
f 2234/2234/2234 2226/2226/2226 2225/2225/2225
f 2234/2234/2234 2245/2245/2245 2235/2235/2235
f 2244/2244/2244 2243/2243/2243 2238/2238/2238
f 2227/2227/2227 2235/2235/2235 2238/2238/2238
f 2238/2238/2238 2228/2228/2228 2227/2227/2227
f 2183/2183/2183 2198/2198/2198 2188/2188/2188
f 2198/2198/2198 2183/2183/2183 2213/2213/2213
f 2213/2213/2213 2208/2208/2208 2198/2198/2198
f 2196/2196/2196 2188/2188/2188 2203/2203/2203
f 2188/2188/2188 2198/2198/2198 2203/2203/2203
f 2203/2203/2203 2198/2198/2198 2210/2210/2210
f 2206/2206/2206 2212/2212/2212 2221/2221/2221
f 2208/2208/2208 2217/2217/2217 2218/2218/2218
f 2209/2209/2209 2196/2196/2196 2211/2211/2211
f 2213/2213/2213 2217/2217/2217 2208/2208/2208
f 2217/2217/2217 2213/2213/2213 2225/2225/2225
f 2196/2196/2196 2203/2203/2203 2211/2211/2211
f 2230/2230/2230 2242/2242/2242 2247/2247/2247
f 2236/2236/2236 2251/2251/2251 2254/2254/2254
f 2218/2218/2218 2217/2217/2217 2226/2226/2226
f 2226/2226/2226 2227/2227/2227 2218/2218/2218
f 2210/2210/2210 2208/2208/2208 2218/2218/2218
f 2203/2203/2203 2210/2210/2210 2215/2215/2215
f 2219/2219/2219 2218/2218/2218 2227/2227/2227
f 2210/2210/2210 2218/2218/2218 2219/2219/2219
f 2211/2211/2211 2203/2203/2203 2215/2215/2215
f 2223/2223/2223 2230/2230/2230 2233/2233/2233
f 2222/2222/2222 2223/2223/2223 2233/2233/2233
f 2225/2225/2225 2226/2226/2226 2217/2217/2217
f 2233/2233/2233 2230/2230/2230 2247/2247/2247
f 2227/2227/2227 2228/2228/2228 2219/2219/2219
f 2251/2251/2251 2247/2247/2247 2260/2260/2260
f 2233/2233/2233 2247/2247/2247 2251/2251/2251
f 2221/2221/2221 2224/2224/2224 2237/2237/2237
f 2242/2242/2242 2252/2252/2252 2260/2260/2260
f 2224/2224/2224 2222/2222/2222 2236/2236/2236
f 2222/2222/2222 2233/2233/2233 2236/2236/2236
f 2212/2212/2212 2224/2224/2224 2221/2221/2221
f 2195/2195/2195 2212/2212/2212 2206/2206/2206
f 2236/2236/2236 2233/2233/2233 2251/2251/2251
f 2184/2184/2184 2195/2195/2195 2206/2206/2206
f 2247/2247/2247 2242/2242/2242 2260/2260/2260
f 2260/2260/2260 2263/2263/2263 2251/2251/2251
f 2254/2254/2254 2251/2251/2251 2263/2263/2263
f 2224/2224/2224 2236/2236/2236 2237/2237/2237
f 2237/2237/2237 2236/2236/2236 2254/2254/2254
f 2263/2263/2263 2264/2264/2264 2254/2254/2254
f 2260/2260/2260 2252/2252/2252 2265/2265/2265
f 2265/2265/2265 2271/2271/2271 2260/2260/2260
f 2263/2263/2263 2260/2260/2260 2271/2271/2271
f 2271/2271/2271 2270/2270/2270 2263/2263/2263
f 2277/2277/2277 445/445/445 429/429/429
f 2281/2281/2281 2285/2285/2285 374/374/374
f 354/354/354 429/429/429 422/422/422
f 347/347/347 354/354/354 422/422/422
f 2279/2279/2279 2282/2282/2282 2276/2276/2276
f 2292/2292/2292 2294/2294/2294 2297/2297/2297
f 2294/2294/2294 2296/2296/2296 2297/2297/2297
f 2285/2285/2285 2292/2292/2292 374/374/374
f 2294/2294/2294 2292/2292/2292 2293/2293/2293
f 343/343/343 347/347/347 422/422/422
f 344/344/344 2278/2278/2278 353/353/353
f 2276/2276/2276 353/353/353 2279/2279/2279
f 2278/2278/2278 344/344/344 2275/2275/2275
f 2273/2273/2273 422/422/422 2274/2274/2274
f 422/422/422 2273/2273/2273 343/343/343
f 2277/2277/2277 2283/2283/2283 445/445/445
f 354/354/354 2277/2277/2277 429/429/429
f 2279/2279/2279 353/353/353 2278/2278/2278
f 2283/2283/2283 544/544/544 445/445/445
f 2278/2278/2278 2280/2280/2280 2279/2279/2279
f 433/433/433 2280/2280/2280 2278/2278/2278
f 2286/2286/2286 2288/2288/2288 2285/2285/2285
f 433/433/433 2278/2278/2278 2275/2275/2275
f 2280/2280/2280 446/446/446 2279/2279/2279
f 2282/2282/2282 2284/2284/2284 2285/2285/2285
f 446/446/446 2284/2284/2284 2282/2282/2282
f 2284/2284/2284 2286/2286/2286 2285/2285/2285
f 446/446/446 2282/2282/2282 2279/2279/2279
f 2288/2288/2288 2292/2292/2292 2285/2285/2285
f 2304/2304/2304 2305/2305/2305 2308/2308/2308
f 2300/2300/2300 2304/2304/2304 2306/2306/2306
f 2308/2308/2308 2305/2305/2305 2311/2311/2311
f 2304/2304/2304 2308/2308/2308 2306/2306/2306
f 2296/2296/2296 2298/2298/2298 2297/2297/2297
f 2298/2298/2298 2300/2300/2300 2302/2302/2302
f 2292/2292/2292 2288/2288/2288 2293/2293/2293
f 2302/2302/2302 2300/2300/2300 2306/2306/2306
f 2298/2298/2298 2302/2302/2302 2297/2297/2297
f 2315/2315/2315 2317/2317/2317 2312/2312/2312
f 2308/2308/2308 2318/2318/2318 2314/2314/2314
f 2317/2317/2317 2311/2311/2311 2312/2312/2312
f 2318/2318/2318 2308/2308/2308 2311/2311/2311
f 2314/2314/2314 2310/2310/2310 2306/2306/2306
f 835/835/835 2299/2299/2299 2301/2301/2301
f 2299/2299/2299 2309/2309/2309 2301/2301/2301
f 2317/2317/2317 2315/2315/2315 2319/2319/2319
f 2314/2314/2314 2306/2306/2306 2308/2308/2308
f 2317/2317/2317 2318/2318/2318 2311/2311/2311
f 2319/2319/2319 2320/2320/2320 2317/2317/2317
f 2299/2299/2299 835/835/835 2295/2295/2295
f 2310/2310/2310 2303/2303/2303 2302/2302/2302
f 2302/2302/2302 2303/2303/2303 2297/2297/2297
f 835/835/835 811/811/811 2295/2295/2295
f 811/811/811 2290/2290/2290 2289/2289/2289
f 2292/2292/2292 379/379/379 2291/2291/2291
f 2320/2320/2320 2318/2318/2318 2317/2317/2317
f 2295/2295/2295 811/811/811 2289/2289/2289
f 568/568/568 544/544/544 2287/2287/2287
f 344/344/344 336/336/336 2273/2273/2273
f 336/336/336 343/343/343 2273/2273/2273
f 544/544/544 2283/2283/2283 2287/2287/2287
f 568/568/568 2287/2287/2287 2289/2289/2289
f 344/344/344 2273/2273/2273 2275/2275/2275
f 2275/2275/2275 2273/2273/2273 2274/2274/2274
f 2290/2290/2290 568/568/568 2289/2289/2289
f 374/374/374 2292/2292/2292 2291/2291/2291
f 2281/2281/2281 2282/2282/2282 2285/2285/2285
f 2307/2307/2307 2313/2313/2313 2315/2315/2315
f 2313/2313/2313 2316/2316/2316 2315/2315/2315
f 2309/2309/2309 2313/2313/2313 2307/2307/2307
f 2316/2316/2316 2319/2319/2319 2315/2315/2315
f 2301/2301/2301 2309/2309/2309 2307/2307/2307
f 2292/2292/2292 2297/2297/2297 379/379/379
f 2281/2281/2281 2276/2276/2276 2282/2282/2282
f 2297/2297/2297 2303/2303/2303 379/379/379
f 2302/2302/2302 2306/2306/2306 2310/2310/2310
f 2988/2988/2988 2968/2968/2968 2913/2913/2913
f 3041/3041/3041 3010/3010/3010 3032/3032/3032
f 3106/3106/3106 3075/3075/3075 3069/3069/3069
f 2968/2968/2968 2988/2988/2988 3032/3032/3032
f 3032/3032/3032 3010/3010/3010 2968/2968/2968
f 2913/2913/2913 2941/2941/2941 2988/2988/2988
f 3040/3040/3040 3036/3036/3036 3079/3079/3079
f 2993/2993/2993 3040/3040/3040 3039/3039/3039
f 3083/3083/3083 3079/3079/3079 3102/3102/3102
f 3094/3094/3094 3075/3075/3075 3106/3106/3106
f 3069/3069/3069 3041/3041/3041 3032/3032/3032
f 3075/3075/3075 3041/3041/3041 3069/3069/3069
f 3121/3121/3121 3096/3096/3096 3125/3125/3125
f 2941/2941/2941 2913/2913/2913 2898/2898/2898
f 3126/3126/3126 3109/3109/3109 3122/3122/3122
f 3110/3110/3110 3109/3109/3109 3126/3126/3126
f 3034/3034/3034 3005/3005/3005 3039/3039/3039
f 3040/3040/3040 3083/3083/3083 3073/3073/3073
f 3039/3039/3039 3040/3040/3040 3073/3073/3073
f 3073/3073/3073 3096/3096/3096 3121/3121/3121
f 3108/3108/3108 3073/3073/3073 3121/3121/3121
f 3096/3096/3096 3110/3110/3110 3125/3125/3125
f 3122/3122/3122 3094/3094/3094 3106/3106/3106
f 3109/3109/3109 3094/3094/3094 3122/3122/3122
f 3125/3125/3125 3110/3110/3110 3126/3126/3126
f 3079/3079/3079 3083/3083/3083 3040/3040/3040
f 3075/3075/3075 3089/3089/3089 3044/3044/3044
f 3006/3006/3006 3010/3010/3010 3041/3041/3041
f 3041/3041/3041 3044/3044/3044 3006/3006/3006
f 3113/3113/3113 3116/3116/3116 3107/3107/3107
f 2871/2871/2871 2883/2883/2883 2915/2915/2915
f 3044/3044/3044 3041/3041/3041 3075/3075/3075
f 3094/3094/3094 3111/3111/3111 3075/3075/3075
f 3117/3117/3117 3111/3111/3111 3094/3094/3094
f 2898/2898/2898 2872/2872/2872 2899/2899/2899
f 3111/3111/3111 3089/3089/3089 3075/3075/3075
f 3109/3109/3109 3117/3117/3117 3094/3094/3094
f 3117/3117/3117 3109/3109/3109 3110/3110/3110
f 3116/3116/3116 3113/3113/3113 3114/3114/3114
f 2993/2993/2993 3005/3005/3005 2962/2962/2962
f 2962/2962/2962 2928/2928/2928 2993/2993/2993
f 3104/3104/3104 3111/3111/3111 3117/3117/3117
f 3005/3005/3005 2993/2993/2993 3039/3039/3039
f 2883/2883/2883 2928/2928/2928 2962/2962/2962
f 2915/2915/2915 2883/2883/2883 2962/2962/2962
f 3114/3114/3114 3117/3117/3117 3116/3116/3116
f 3107/3107/3107 3102/3102/3102 3113/3113/3113
f 3102/3102/3102 3107/3107/3107 3083/3083/3083
f 3117/3117/3117 3114/3114/3114 3104/3104/3104
f 3085/3085/3085 3089/3089/3089 3111/3111/3111
f 3111/3111/3111 3104/3104/3104 3085/3085/3085
f 2391/2391/2391 2390/2390/2390 2378/2378/2378
f 2396/2396/2396 2383/2383/2383 2395/2395/2395
f 2390/2390/2390 2395/2395/2395 2383/2383/2383
f 2489/2489/2489 2434/2434/2434 2470/2470/2470
f 2395/2395/2395 2409/2409/2409 2396/2396/2396
f 2383/2383/2383 2378/2378/2378 2390/2390/2390
f 2475/2475/2475 2487/2487/2487 2516/2516/2516
f 2516/2516/2516 2498/2498/2498 2475/2475/2475
f 2433/2433/2433 2417/2417/2417 2449/2449/2449
f 2504/2504/2504 2479/2479/2479 2463/2463/2463
f 2450/2450/2450 2476/2476/2476 2499/2499/2499
f 2499/2499/2499 2471/2471/2471 2450/2450/2450
f 2434/2434/2434 2433/2433/2433 2470/2470/2470
f 2378/2378/2378 2380/2380/2380 2391/2391/2391
f 2401/2401/2401 2391/2391/2391 2380/2380/2380
f 2387/2387/2387 2420/2420/2420 2416/2416/2416
f 2449/2449/2449 2417/2417/2417 2414/2414/2414
f 2380/2380/2380 2387/2387/2387 2401/2401/2401
f 2416/2416/2416 2401/2401/2401 2387/2387/2387
f 2416/2416/2416 2454/2454/2454 2410/2410/2410
f 2409/2409/2409 2433/2433/2433 2434/2434/2434
f 2434/2434/2434 2396/2396/2396 2409/2409/2409
f 2463/2463/2463 2436/2436/2436 2455/2455/2455
f 2455/2455/2455 2488/2488/2488 2463/2463/2463
f 2454/2454/2454 2436/2436/2436 2410/2410/2410
f 2433/2433/2433 2409/2409/2409 2403/2403/2403
f 2898/2898/2898 2896/2896/2896 2941/2941/2941
f 2889/2889/2889 2899/2899/2899 2915/2915/2915
f 2899/2899/2899 2889/2889/2889 2896/2896/2896
f 2987/2987/2987 2962/2962/2962 3005/3005/3005
f 2915/2915/2915 2919/2919/2919 2889/2889/2889
f 2896/2896/2896 2898/2898/2898 2899/2899/2899
f 3116/3116/3116 3110/3110/3110 3096/3096/3096
f 3073/3073/3073 3083/3083/3083 3107/3107/3107
f 3039/3039/3039 3070/3070/3070 3034/3034/3034
f 3096/3096/3096 3107/3107/3107 3116/3116/3116
f 3107/3107/3107 3096/3096/3096 3073/3073/3073
f 3110/3110/3110 3116/3116/3116 3117/3117/3117
f 3005/3005/3005 3034/3034/3034 2987/2987/2987
f 2504/2504/2504 2517/2517/2517 2479/2479/2479
f 2493/2493/2493 2483/2483/2483 2517/2517/2517
f 2488/2488/2488 2504/2504/2504 2463/2463/2463
f 2392/2392/2392 2403/2403/2403 2409/2409/2409
f 2470/2470/2470 2433/2433/2433 2449/2449/2449
f 2403/2403/2403 2417/2417/2417 2433/2433/2433
f 2521/2521/2521 2516/2516/2516 2487/2487/2487
f 2962/2962/2962 2987/2987/2987 2919/2919/2919
f 2919/2919/2919 2915/2915/2915 2962/2962/2962
f 2517/2517/2517 2483/2483/2483 2479/2479/2479
f 2517/2517/2517 2521/2521/2521 2493/2493/2493
f 2487/2487/2487 2493/2493/2493 2521/2521/2521
f 2886/2886/2886 2872/2872/2872 2898/2898/2898
f 2453/2453/2453 2477/2477/2477 2438/2438/2438
f 2491/2491/2491 2451/2451/2451 2480/2480/2480
f 2480/2480/2480 2527/2527/2527 2491/2491/2491
f 2438/2438/2438 2426/2426/2426 2453/2453/2453
f 2418/2418/2418 2422/2422/2422 2429/2429/2429
f 2438/2438/2438 2422/2422/2422 2418/2418/2418
f 2461/2461/2461 2472/2472/2472 2494/2494/2494
f 2514/2514/2514 2563/2563/2563 2532/2532/2532
f 2494/2494/2494 2514/2514/2514 2532/2532/2532
f 2492/2492/2492 2453/2453/2453 2415/2415/2415
f 2452/2452/2452 2492/2492/2492 2415/2415/2415
f 2472/2472/2472 2514/2514/2514 2494/2494/2494
f 2426/2426/2426 2438/2438/2438 2418/2418/2418
f 2535/2535/2535 2491/2491/2491 2527/2527/2527
f 3070/3070/3070 3039/3039/3039 3073/3073/3073
f 2535/2535/2535 2477/2477/2477 2453/2453/2453
f 2567/2567/2567 2604/2604/2604 2609/2609/2609
f 2604/2604/2604 2567/2567/2567 2554/2554/2554
f 2492/2492/2492 2535/2535/2535 2453/2453/2453
f 2589/2589/2589 2573/2573/2573 2527/2527/2527
f 2545/2545/2545 2589/2589/2589 2527/2527/2527
f 2533/2533/2533 2563/2563/2563 2586/2586/2586
f 2527/2527/2527 2573/2573/2573 2535/2535/2535
f 2598/2598/2598 2589/2589/2589 2545/2545/2545
f 2556/2556/2556 2598/2598/2598 2545/2545/2545
f 2472/2472/2472 2461/2461/2461 2442/2442/2442
f 2901/2901/2901 2874/2874/2874 2929/2929/2929
f 2860/2860/2860 2874/2874/2874 2901/2901/2901
f 2873/2873/2873 2857/2857/2857 2881/2881/2881
f 3024/3024/3024 3017/3017/3017 3043/3043/3043
f 2881/2881/2881 2860/2860/2860 2901/2901/2901
f 2857/2857/2857 2860/2860/2860 2881/2881/2881
f 2866/2866/2866 2848/2848/2848 2857/2857/2857
f 3060/3060/3060 3080/3080/3080 3043/3043/3043
f 2992/2992/2992 2967/2967/2967 3033/3033/3033
f 2848/2848/2848 2866/2866/2866 2880/2880/2880
f 2880/2880/2880 2849/2849/2849 2848/2848/2848
f 2857/2857/2857 2873/2873/2873 2866/2866/2866
f 3017/3017/3017 3024/3024/3024 2979/2979/2979
f 2430/2430/2430 2443/2443/2443 2442/2442/2442
f 3089/3089/3089 3085/3085/3085 3044/3044/3044
f 2961/2961/2961 2879/2879/2879 2912/2912/2912
f 2429/2429/2429 2430/2430/2430 2442/2442/2442
f 2422/2422/2422 2430/2430/2430 2429/2429/2429
f 2442/2442/2442 2443/2443/2443 2472/2472/2472
f 3024/3024/3024 2961/2961/2961 2979/2979/2979
f 3043/3043/3043 3053/3053/3053 3024/3024/3024
f 3080/3080/3080 3054/3054/3054 3043/3043/3043
f 2979/2979/2979 2961/2961/2961 2912/2912/2912
f 2879/2879/2879 2850/2850/2850 2880/2880/2880
f 2912/2912/2912 2879/2879/2879 2880/2880/2880
f 2456/2456/2456 2494/2494/2494 2485/2485/2485
f 2545/2545/2545 2503/2503/2503 2513/2513/2513
f 2513/2513/2513 2556/2556/2556 2545/2545/2545
f 2461/2461/2461 2494/2494/2494 2456/2456/2456
f 2428/2428/2428 2461/2461/2461 2456/2456/2456
f 2494/2494/2494 2532/2532/2532 2485/2485/2485
f 2531/2531/2531 2569/2569/2569 2565/2565/2565
f 2569/2569/2569 2531/2531/2531 2529/2529/2529
f 2522/2522/2522 2565/2565/2565 2556/2556/2556
f 2545/2545/2545 2527/2527/2527 2480/2480/2480
f 2503/2503/2503 2545/2545/2545 2480/2480/2480
f 2556/2556/2556 2513/2513/2513 2522/2522/2522
f 2486/2486/2486 2533/2533/2533 2555/2555/2555
f 3006/3006/3006 2945/2945/2945 2968/2968/2968
f 3010/3010/3010 3006/3006/3006 2968/2968/2968
f 2945/2945/2945 2886/2886/2886 2913/2913/2913
f 2899/2899/2899 2871/2871/2871 2915/2915/2915
f 2872/2872/2872 2871/2871/2871 2899/2899/2899
f 2913/2913/2913 2886/2886/2886 2898/2898/2898
f 2555/2555/2555 2511/2511/2511 2486/2486/2486
f 2529/2529/2529 2567/2567/2567 2569/2569/2569
f 2567/2567/2567 2529/2529/2529 2512/2512/2512
f 2968/2968/2968 2945/2945/2945 2913/2913/2913
f 3073/3073/3073 3108/3108/3108 3070/3070/3070
f 2512/2512/2512 2554/2554/2554 2567/2567/2567
f 2565/2565/2565 2522/2522/2522 2531/2531/2531
f 2426/2426/2426 2418/2418/2418 2402/2402/2402
f 2406/2406/2406 2426/2426/2426 2402/2402/2402
f 2606/2606/2606 2565/2565/2565 2569/2569/2569
f 2402/2402/2402 2418/2418/2418 2407/2407/2407
f 2453/2453/2453 2426/2426/2426 2406/2406/2406
f 2415/2415/2415 2453/2453/2453 2406/2406/2406
f 2609/2609/2609 2569/2569/2569 2567/2567/2567
f 2554/2554/2554 2587/2587/2587 2604/2604/2604
f 2586/2586/2586 2555/2555/2555 2533/2533/2533
f 2569/2569/2569 2609/2609/2609 2606/2606/2606
f 2606/2606/2606 2598/2598/2598 2556/2556/2556
f 2565/2565/2565 2606/2606/2606 2556/2556/2556
f 2429/2429/2429 2442/2442/2442 2413/2413/2413
f 2452/2452/2452 2415/2415/2415 2427/2427/2427
f 2464/2464/2464 2452/2452/2452 2427/2427/2427
f 2497/2497/2497 2503/2503/2503 2480/2480/2480
f 2442/2442/2442 2461/2461/2461 2428/2428/2428
f 2480/2480/2480 2451/2451/2451 2465/2465/2465
f 2497/2497/2497 2480/2480/2480 2465/2465/2465
f 2407/2407/2407 2429/2429/2429 2413/2413/2413
f 2418/2418/2418 2429/2429/2429 2407/2407/2407
f 2413/2413/2413 2442/2442/2442 2428/2428/2428
f 2506/2506/2506 2522/2522/2522 2513/2513/2513
f 2513/2513/2513 2503/2503/2503 2497/2497/2497
f 2506/2506/2506 2513/2513/2513 2497/2497/2497
f 2414/2414/2414 2440/2440/2440 2449/2449/2449
f 2352/2352/2352 2323/2323/2323 2360/2360/2360
f 2371/2371/2371 2405/2405/2405 2360/2360/2360
f 2360/2360/2360 2340/2340/2340 2371/2371/2371
f 2520/2520/2520 2612/2612/2612 2590/2590/2590
f 2405/2405/2405 2371/2371/2371 2526/2526/2526
f 2323/2323/2323 2341/2341/2341 2360/2360/2360
f 2640/2640/2640 2662/2662/2662 2619/2619/2619
f 2659/2659/2659 2651/2651/2651 2646/2646/2646
f 2621/2621/2621 2657/2657/2657 2664/2664/2664
f 2659/2659/2659 2662/2662/2662 2640/2640/2640
f 2651/2651/2651 2659/2659/2659 2640/2640/2640
f 2662/2662/2662 2649/2649/2649 2619/2619/2619
f 2590/2590/2590 2612/2612/2612 2622/2622/2622
f 2359/2359/2359 2419/2419/2419 2508/2508/2508
f 2508/2508/2508 2399/2399/2399 2359/2359/2359
f 2627/2627/2627 2579/2579/2579 2595/2595/2595
f 2706/2706/2706 2674/2674/2674 2692/2692/2692
f 2399/2399/2399 2508/2508/2508 2579/2579/2579
f 2579/2579/2579 2518/2518/2518 2399/2399/2399
f 2667/2667/2667 2627/2627/2627 2653/2653/2653
f 2526/2526/2526 2520/2520/2520 2590/2590/2590
f 2371/2371/2371 2520/2520/2520 2526/2526/2526
f 2698/2698/2698 2667/2667/2667 2653/2653/2653
f 2667/2667/2667 2698/2698/2698 2727/2727/2727
f 2653/2653/2653 2627/2627/2627 2595/2595/2595
f 2612/2612/2612 2658/2658/2658 2622/2622/2622
f 2359/2359/2359 2339/2339/2339 2322/2322/2322
f 2505/2505/2505 2366/2366/2366 2399/2399/2399
f 2518/2518/2518 2505/2505/2505 2399/2399/2399
f 2322/2322/2322 2351/2351/2351 2359/2359/2359
f 2347/2347/2347 2321/2321/2321 2352/2352/2352
f 2321/2321/2321 2347/2347/2347 2351/2351/2351
f 2683/2683/2683 2669/2669/2669 2672/2672/2672
f 2673/2673/2673 2654/2654/2654 2669/2669/2669
f 2722/2722/2722 2683/2683/2683 2725/2725/2725
f 2366/2366/2366 2339/2339/2339 2359/2359/2359
f 2399/2399/2399 2366/2366/2366 2359/2359/2359
f 2469/2469/2469 2446/2446/2446 2462/2462/2462
f 2351/2351/2351 2322/2322/2322 2321/2321/2321
f 2619/2619/2619 2584/2584/2584 2627/2627/2627
f 2667/2667/2667 2619/2619/2619 2627/2627/2627
f 2584/2584/2584 2518/2518/2518 2579/2579/2579
f 2646/2646/2646 2664/2664/2664 2659/2659/2659
f 2664/2664/2664 2646/2646/2646 2621/2621/2621
f 2321/2321/2321 2323/2323/2323 2352/2352/2352
f 2651/2651/2651 2699/2699/2699 2692/2692/2692
f 2685/2685/2685 2640/2640/2640 2667/2667/2667
f 2651/2651/2651 2640/2640/2640 2685/2685/2685
f 2627/2627/2627 2584/2584/2584 2579/2579/2579
f 2640/2640/2640 2619/2619/2619 2667/2667/2667
f 2699/2699/2699 2651/2651/2651 2685/2685/2685
f 2552/2552/2552 2633/2633/2633 2602/2602/2602
f 2602/2602/2602 2536/2536/2536 2552/2552/2552
f 2434/2434/2434 2489/2489/2489 2507/2507/2507
f 2342/2342/2342 2388/2388/2388 2326/2326/2326
f 2537/2537/2537 2603/2603/2603 2507/2507/2507
f 2507/2507/2507 2490/2490/2490 2537/2537/2537
f 2397/2397/2397 2435/2435/2435 2368/2368/2368
f 2619/2619/2619 2649/2649/2649 2608/2608/2608
f 2352/2352/2352 2360/2360/2360 2458/2458/2458
f 2344/2344/2344 2397/2397/2397 2368/2368/2368
f 2397/2397/2397 2344/2344/2344 2328/2328/2328
f 2369/2369/2369 2434/2434/2434 2507/2507/2507
f 2388/2388/2388 2381/2381/2381 2326/2326/2326
f 2404/2404/2404 2447/2447/2447 2400/2400/2400
f 2633/2633/2633 2552/2552/2552 2647/2647/2647
f 2324/2324/2324 2379/2379/2379 2328/2328/2328
f 2528/2528/2528 2478/2478/2478 2495/2495/2495
f 2597/2597/2597 2528/2528/2528 2495/2495/2495
f 2400/2400/2400 2447/2447/2447 2408/2408/2408
f 2326/2326/2326 2381/2381/2381 2324/2324/2324
f 2420/2420/2420 2388/2388/2388 2342/2342/2342
f 2364/2364/2364 2420/2420/2420 2342/2342/2342
f 2381/2381/2381 2379/2379/2379 2324/2324/2324
f 2328/2328/2328 2384/2384/2384 2397/2397/2397
f 2379/2379/2379 2384/2384/2384 2328/2328/2328
f 2389/2389/2389 2352/2352/2352 2458/2458/2458
f 2419/2419/2419 2359/2359/2359 2351/2351/2351
f 2737/2737/2737 2699/2699/2699 2685/2685/2685
f 2699/2699/2699 2737/2737/2737 2734/2734/2734
f 2543/2543/2543 2405/2405/2405 2600/2600/2600
f 2590/2590/2590 2637/2637/2637 2600/2600/2600
f 2600/2600/2600 2526/2526/2526 2590/2590/2590
f 2674/2674/2674 2706/2706/2706 2666/2666/2666
f 2666/2666/2666 2637/2637/2637 2674/2674/2674
f 2692/2692/2692 2734/2734/2734 2706/2706/2706
f 2727/2727/2727 2685/2685/2685 2667/2667/2667
f 2685/2685/2685 2727/2727/2727 2737/2737/2737
f 2734/2734/2734 2692/2692/2692 2699/2699/2699
f 2405/2405/2405 2526/2526/2526 2600/2600/2600
f 2382/2382/2382 2351/2351/2351 2347/2347/2347
f 2351/2351/2351 2382/2382/2382 2419/2419/2419
f 2375/2375/2375 2347/2347/2347 2389/2389/2389
f 2360/2360/2360 2405/2405/2405 2543/2543/2543
f 2458/2458/2458 2360/2360/2360 2543/2543/2543
f 2347/2347/2347 2352/2352/2352 2389/2389/2389
f 2692/2692/2692 2646/2646/2646 2651/2651/2651
f 2646/2646/2646 2692/2692/2692 2674/2674/2674
f 2637/2637/2637 2590/2590/2590 2621/2621/2621
f 2347/2347/2347 2375/2375/2375 2382/2382/2382
f 2674/2674/2674 2621/2621/2621 2646/2646/2646
f 2621/2621/2621 2674/2674/2674 2637/2637/2637
f 2669/2669/2669 2654/2654/2654 2672/2672/2672
f 3064/3064/3064 3070/3070/3070 3108/3108/3108
f 2813/2813/2813 2802/2802/2802 2783/2783/2783
f 2537/2537/2537 2490/2490/2490 2471/2471/2471
f 3108/3108/3108 3101/3101/3101 3064/3064/3064
f 2783/2783/2783 2806/2806/2806 2813/2813/2813
f 2823/2823/2823 2826/2826/2826 2813/2813/2813
f 2410/2410/2410 2436/2436/2436 2432/2432/2432
f 2479/2479/2479 2462/2462/2462 2463/2463/2463
f 2493/2493/2493 2469/2469/2469 2483/2483/2483
f 2463/2463/2463 2462/2462/2462 2432/2432/2432
f 2436/2436/2436 2463/2463/2463 2432/2432/2432
f 2432/2432/2432 2404/2404/2404 2410/2410/2410
f 3120/3120/3120 3121/3121/3121 3125/3125/3125
f 2828/2828/2828 2838/2838/2838 2826/2826/2826
f 2828/2828/2828 2833/2833/2833 2844/2844/2844
f 2830/2830/2830 2840/2840/2840 2829/2829/2829
f 2823/2823/2823 2828/2828/2828 2826/2826/2826
f 2844/2844/2844 2838/2838/2838 2828/2828/2828
f 2806/2806/2806 2823/2823/2823 2813/2813/2813
f 3108/3108/3108 3121/3121/3121 3120/3120/3120
f 3101/3101/3101 3108/3108/3108 3120/3120/3120
f 3125/3125/3125 3128/3128/3128 3120/3120/3120
f 2829/2829/2829 2824/2824/2824 2830/2830/2830
f 2840/2840/2840 2844/2844/2844 2833/2833/2833
f 2833/2833/2833 2829/2829/2829 2840/2840/2840
f 2467/2467/2467 2469/2469/2469 2493/2493/2493
f 2386/2386/2386 2393/2393/2393 2404/2404/2404
f 2410/2410/2410 2404/2404/2404 2393/2393/2393
f 2487/2487/2487 2475/2475/2475 2467/2467/2467
f 2404/2404/2404 2400/2400/2400 2386/2386/2386
f 2432/2432/2432 2447/2447/2447 2404/2404/2404
f 2462/2462/2462 2448/2448/2448 2432/2432/2432
f 2476/2476/2476 2450/2450/2450 2457/2457/2457
f 2408/2408/2408 2414/2414/2414 2417/2417/2417
f 2417/2417/2417 2403/2403/2403 2408/2408/2408
f 2450/2450/2450 2441/2441/2441 2457/2457/2457
f 2487/2487/2487 2467/2467/2467 2493/2493/2493
f 2475/2475/2475 2457/2457/2457 2467/2467/2467
f 2400/2400/2400 2408/2408/2408 2392/2392/2392
f 2409/2409/2409 2395/2395/2395 2392/2392/2392
f 2386/2386/2386 2392/2392/2392 2395/2395/2395
f 2390/2390/2390 2391/2391/2391 2386/2386/2386
f 2483/2483/2483 2469/2469/2469 2462/2462/2462
f 2479/2479/2479 2483/2483/2483 2462/2462/2462
f 2395/2395/2395 2390/2390/2390 2386/2386/2386
f 2391/2391/2391 2401/2401/2401 2386/2386/2386
f 2392/2392/2392 2386/2386/2386 2400/2400/2400
f 2392/2392/2392 2408/2408/2408 2403/2403/2403
f 2416/2416/2416 2410/2410/2410 2393/2393/2393
f 2401/2401/2401 2416/2416/2416 2393/2393/2393
f 2401/2401/2401 2393/2393/2393 2386/2386/2386
f 2559/2559/2559 2521/2521/2521 2517/2517/2517
f 2557/2557/2557 2559/2559/2559 2517/2517/2517
f 2516/2516/2516 2521/2521/2521 2561/2561/2561
f 2722/2722/2722 2725/2725/2725 2757/2757/2757
f 2783/2783/2783 2803/2803/2803 2758/2758/2758
f 2559/2559/2559 2561/2561/2561 2521/2521/2521
f 2498/2498/2498 2516/2516/2516 2553/2553/2553
f 2420/2420/2420 2478/2478/2478 2416/2416/2416
f 2488/2488/2488 2455/2455/2455 2478/2478/2478
f 2553/2553/2553 2538/2538/2538 2498/2498/2498
f 2471/2471/2471 2499/2499/2499 2537/2537/2537
f 2561/2561/2561 2553/2553/2553 2516/2516/2516
f 2784/2784/2784 2756/2756/2756 2805/2805/2805
f 2726/2726/2726 2673/2673/2673 2682/2682/2682
f 2682/2682/2682 2723/2723/2723 2726/2726/2726
f 2805/2805/2805 2819/2819/2819 2807/2807/2807
f 2669/2669/2669 2682/2682/2682 2673/2673/2673
f 2755/2755/2755 2758/2758/2758 2726/2726/2726
f 2723/2723/2723 2755/2755/2755 2726/2726/2726
f 2756/2756/2756 2757/2757/2757 2805/2805/2805
f 2756/2756/2756 2722/2722/2722 2757/2757/2757
f 2683/2683/2683 2672/2672/2672 2725/2725/2725
f 2807/2807/2807 2784/2784/2784 2805/2805/2805
f 2819/2819/2819 2830/2830/2830 2824/2824/2824
f 2824/2824/2824 2807/2807/2807 2819/2819/2819
f 2755/2755/2755 2783/2783/2783 2758/2758/2758
f 2896/2896/2896 2841/2841/2841 2887/2887/2887
f 2845/2845/2845 2889/2889/2889 2919/2919/2919
f 2889/2889/2889 2845/2845/2845 2842/2842/2842
f 3124/3124/3124 3122/3122/3122 3105/3105/3105
f 3126/3126/3126 3122/3122/3122 3124/3124/3124
f 2842/2842/2842 2897/2897/2897 2889/2889/2889
f 2941/2941/2941 2887/2887/2887 2936/2936/2936
f 2936/2936/2936 2988/2988/2988 2941/2941/2941
f 3128/3128/3128 3125/3125/3125 3126/3126/3126
f 2887/2887/2887 2941/2941/2941 2896/2896/2896
f 2988/2988/2988 2936/2936/2936 3008/3008/3008
f 3008/3008/3008 3032/3032/3032 2988/2988/2988
f 3126/3126/3126 3130/3130/3130 3128/3128/3128
f 2546/2546/2546 2557/2557/2557 2504/2504/2504
f 2546/2546/2546 2504/2504/2504 2488/2488/2488
f 2528/2528/2528 2546/2546/2546 2488/2488/2488
f 2478/2478/2478 2454/2454/2454 2416/2416/2416
f 2478/2478/2478 2528/2528/2528 2488/2488/2488
f 2557/2557/2557 2517/2517/2517 2504/2504/2504
f 3058/3058/3058 3069/3069/3069 3032/3032/3032
f 3122/3122/3122 3106/3106/3106 3105/3105/3105
f 3130/3130/3130 3126/3126/3126 3124/3124/3124
f 3106/3106/3106 3069/3069/3069 3058/3058/3058
f 3105/3105/3105 3106/3106/3106 3058/3058/3058
f 3032/3032/3032 3008/3008/3008 3058/3058/3058
f 2577/2577/2577 2655/2655/2655 2586/2586/2586
f 2610/2610/2610 2605/2605/2605 2701/2701/2701
f 2656/2656/2656 2693/2693/2693 2605/2605/2605
f 2431/2431/2431 2423/2423/2423 2333/2333/2333
f 2438/2438/2438 2348/2348/2348 2331/2331/2331
f 2605/2605/2605 2588/2588/2588 2656/2656/2656
f 2514/2514/2514 2411/2411/2411 2577/2577/2577
f 2563/2563/2563 2514/2514/2514 2577/2577/2577
f 2438/2438/2438 2477/2477/2477 2373/2373/2373
f 2586/2586/2586 2563/2563/2563 2577/2577/2577
f 2473/2473/2473 2353/2353/2353 2412/2412/2412
f 2515/2515/2515 2473/2473/2473 2412/2412/2412
f 2373/2373/2373 2348/2348/2348 2438/2438/2438
f 2638/2638/2638 2704/2704/2704 2663/2663/2663
f 2806/2806/2806 2783/2783/2783 2718/2718/2718
f 2361/2361/2361 2376/2376/2376 2582/2582/2582
f 2704/2704/2704 2718/2718/2718 2663/2663/2663
f 2718/2718/2718 2754/2754/2754 2806/2806/2806
f 2823/2823/2823 2806/2806/2806 2754/2754/2754
f 2473/2473/2473 2444/2444/2444 2353/2353/2353
f 2423/2423/2423 2331/2331/2331 2333/2333/2333
f 2423/2423/2423 2438/2438/2438 2331/2331/2331
f 2431/2431/2431 2333/2333/2333 2337/2337/2337
f 2444/2444/2444 2431/2431/2431 2337/2337/2337
f 2444/2444/2444 2337/2337/2337 2353/2353/2353
f 2696/2696/2696 2702/2702/2702 2716/2716/2716
f 2717/2717/2717 2700/2700/2700 2677/2677/2677
f 2421/2421/2421 2407/2407/2407 2413/2413/2413
f 2421/2421/2421 2402/2402/2402 2407/2407/2407
f 2677/2677/2677 2689/2689/2689 2717/2717/2717
f 2716/2716/2716 2717/2717/2717 2689/2689/2689
f 2631/2631/2631 2677/2677/2677 2650/2650/2650
f 2523/2523/2523 2464/2464/2464 2427/2427/2427
f 2524/2524/2524 2497/2497/2497 2465/2465/2465
f 2427/2427/2427 2406/2406/2406 2421/2421/2421
f 2439/2439/2439 2413/2413/2413 2428/2428/2428
f 2413/2413/2413 2439/2439/2439 2421/2421/2421
f 2406/2406/2406 2402/2402/2402 2421/2421/2421
f 2677/2677/2677 2700/2700/2700 2650/2650/2650
f 2702/2702/2702 2694/2694/2694 2730/2730/2730
f 2594/2594/2594 2670/2670/2670 2655/2655/2655
f 2655/2655/2655 2577/2577/2577 2594/2594/2594
f 2694/2694/2694 2720/2720/2720 2730/2730/2730
f 2689/2689/2689 2696/2696/2696 2716/2716/2716
f 2702/2702/2702 2730/2730/2730 2716/2716/2716
f 2549/2549/2549 2631/2631/2631 2570/2570/2570
f 2549/2549/2549 2374/2374/2374 2477/2477/2477
f 2477/2477/2477 2535/2535/2535 2549/2549/2549
f 2670/2670/2670 2721/2721/2721 2695/2695/2695
f 2695/2695/2695 2655/2655/2655 2670/2670/2670
f 2631/2631/2631 2650/2650/2650 2570/2570/2570
f 2617/2617/2617 2722/2722/2722 2756/2756/2756
f 2718/2718/2718 2783/2783/2783 2755/2755/2755
f 2663/2663/2663 2718/2718/2718 2755/2755/2755
f 2665/2665/2665 2617/2617/2617 2756/2756/2756
f 2591/2591/2591 2683/2683/2683 2722/2722/2722
f 2719/2719/2719 2665/2665/2665 2784/2784/2784
f 2708/2708/2708 2645/2645/2645 2665/2665/2665
f 2591/2591/2591 2617/2617/2617 2583/2583/2583
f 2534/2534/2534 2496/2496/2496 2578/2578/2578
f 2617/2617/2617 2665/2665/2665 2645/2645/2645
f 2645/2645/2645 2583/2583/2583 2617/2617/2617
f 2665/2665/2665 2719/2719/2719 2708/2708/2708
f 2665/2665/2665 2756/2756/2756 2784/2784/2784
f 2578/2578/2578 2592/2592/2592 2669/2669/2669
f 2663/2663/2663 2755/2755/2755 2723/2723/2723
f 2616/2616/2616 2663/2663/2663 2723/2723/2723
f 2592/2592/2592 2682/2682/2682 2669/2669/2669
f 2617/2617/2617 2591/2591/2591 2722/2722/2722
f 2578/2578/2578 2669/2669/2669 2683/2683/2683
f 2753/2753/2753 2719/2719/2719 2784/2784/2784
f 2807/2807/2807 2824/2824/2824 2767/2767/2767
f 2767/2767/2767 2753/2753/2753 2807/2807/2807
f 2616/2616/2616 2723/2723/2723 2682/2682/2682
f 2592/2592/2592 2616/2616/2616 2682/2682/2682
f 2784/2784/2784 2807/2807/2807 2753/2753/2753
f 2592/2592/2592 2578/2578/2578 2496/2496/2496
f 2788/2788/2788 2794/2794/2794 2833/2833/2833
f 2824/2824/2824 2829/2829/2829 2787/2787/2787
f 2787/2787/2787 2767/2767/2767 2824/2824/2824
f 2833/2833/2833 2828/2828/2828 2788/2788/2788
f 2754/2754/2754 2768/2768/2768 2823/2823/2823
f 2828/2828/2828 2823/2823/2823 2768/2768/2768
f 2580/2580/2580 2638/2638/2638 2616/2616/2616
f 2616/2616/2616 2592/2592/2592 2530/2530/2530
f 2530/2530/2530 2580/2580/2580 2616/2616/2616
f 2829/2829/2829 2833/2833/2833 2794/2794/2794
f 2794/2794/2794 2787/2787/2787 2829/2829/2829
f 2638/2638/2638 2663/2663/2663 2616/2616/2616
f 2768/2768/2768 2788/2788/2788 2828/2828/2828
f 2767/2767/2767 2787/2787/2787 2800/2800/2800
f 2801/2801/2801 2804/2804/2804 2788/2788/2788
f 2800/2800/2800 2787/2787/2787 2794/2794/2794
f 2583/2583/2583 2534/2534/2534 2591/2591/2591
f 2578/2578/2578 2591/2591/2591 2534/2534/2534
f 2804/2804/2804 2800/2800/2800 2794/2794/2794
f 2752/2752/2752 2753/2753/2753 2767/2767/2767
f 2769/2769/2769 2752/2752/2752 2767/2767/2767
f 2496/2496/2496 2530/2530/2530 2592/2592/2592
f 2800/2800/2800 2769/2769/2769 2767/2767/2767
f 2708/2708/2708 2719/2719/2719 2753/2753/2753
f 2752/2752/2752 2708/2708/2708 2753/2753/2753
f 2427/2427/2427 2415/2415/2415 2406/2406/2406
f 2349/2349/2349 2350/2350/2350 2330/2330/2330
f 2332/2332/2332 2349/2349/2349 2330/2330/2330
f 2570/2570/2570 2385/2385/2385 2374/2374/2374
f 2652/2652/2652 2596/2596/2596 2680/2680/2680
f 2385/2385/2385 2350/2350/2350 2349/2349/2349
f 2349/2349/2349 2374/2374/2374 2385/2385/2385
f 2632/2632/2632 2581/2581/2581 2570/2570/2570
f 2411/2411/2411 2354/2354/2354 2437/2437/2437
f 2336/2336/2336 2356/2356/2356 2355/2355/2355
f 2570/2570/2570 2650/2650/2650 2632/2632/2632
f 2679/2679/2679 2632/2632/2632 2650/2650/2650
f 2374/2374/2374 2549/2549/2549 2570/2570/2570
f 2680/2680/2680 2728/2728/2728 2652/2652/2652
f 2363/2363/2363 2358/2358/2358 2551/2551/2551
f 2550/2550/2550 2541/2541/2541 2358/2358/2358
f 2712/2712/2712 2686/2686/2686 2749/2749/2749
f 2358/2358/2358 2541/2541/2541 2551/2551/2551
f 2358/2358/2358 2361/2361/2361 2550/2550/2550
f 2582/2582/2582 2550/2550/2550 2361/2361/2361
f 2686/2686/2686 2652/2652/2652 2728/2728/2728
f 2519/2519/2519 2628/2628/2628 2680/2680/2680
f 2596/2596/2596 2519/2519/2519 2680/2680/2680
f 2728/2728/2728 2749/2749/2749 2686/2686/2686
f 2714/2714/2714 2712/2712/2712 2761/2761/2761
f 2749/2749/2749 2761/2761/2761 2712/2712/2712
f 2577/2577/2577 2411/2411/2411 2594/2594/2594
f 2716/2716/2716 2714/2714/2714 2703/2703/2703
f 2717/2717/2717 2716/2716/2716 2703/2703/2703
f 2717/2717/2717 2703/2703/2703 2679/2679/2679
f 2356/2356/2356 2336/2336/2336 2398/2398/2398
f 2398/2398/2398 2519/2519/2519 2437/2437/2437
f 2437/2437/2437 2357/2357/2357 2398/2398/2398
f 2670/2670/2670 2652/2652/2652 2686/2686/2686
f 2716/2716/2716 2730/2730/2730 2712/2712/2712
f 2686/2686/2686 2712/2712/2712 2730/2730/2730
f 2700/2700/2700 2717/2717/2717 2679/2679/2679
f 2712/2712/2712 2714/2714/2714 2716/2716/2716
f 2730/2730/2730 2720/2720/2720 2686/2686/2686
f 2336/2336/2336 2363/2363/2363 2398/2398/2398
f 2334/2334/2334 2332/2332/2332 2335/2335/2335
f 2335/2335/2335 2336/2336/2336 2338/2338/2338
f 2338/2338/2338 2334/2334/2334 2335/2335/2335
f 2354/2354/2354 2357/2357/2357 2437/2437/2437
f 2355/2355/2355 2338/2338/2338 2336/2336/2336
f 2332/2332/2332 2330/2330/2330 2335/2335/2335
f 2721/2721/2721 2670/2670/2670 2686/2686/2686
f 2594/2594/2594 2596/2596/2596 2652/2652/2652
f 2594/2594/2594 2437/2437/2437 2519/2519/2519
f 2650/2650/2650 2700/2700/2700 2679/2679/2679
f 2670/2670/2670 2594/2594/2594 2652/2652/2652
f 2519/2519/2519 2596/2596/2596 2594/2594/2594
f 2605/2605/2605 2693/2693/2693 2701/2701/2701
f 2599/2599/2599 2607/2607/2607 2697/2697/2697
f 2610/2610/2610 2701/2701/2701 2697/2697/2697
f 2573/2573/2573 2589/2589/2589 2631/2631/2631
f 2697/2697/2697 2690/2690/2690 2599/2599/2599
f 2607/2607/2607 2610/2610/2610 2697/2697/2697
f 2523/2523/2523 2439/2439/2439 2460/2460/2460
f 2573/2573/2573 2631/2631/2631 2549/2549/2549
f 2535/2535/2535 2573/2573/2573 2549/2549/2549
f 2525/2525/2525 2481/2481/2481 2500/2500/2500
f 2523/2523/2523 2460/2460/2460 2482/2482/2482
f 2525/2525/2525 2500/2500/2500 2506/2506/2506
f 2589/2589/2589 2678/2678/2678 2631/2631/2631
f 2512/2512/2512 2529/2529/2529 2506/2506/2506
f 2481/2481/2481 2486/2486/2486 2500/2500/2500
f 2456/2456/2456 2460/2460/2460 2439/2439/2439
f 2500/2500/2500 2512/2512/2512 2506/2506/2506
f 2486/2486/2486 2511/2511/2511 2500/2500/2500
f 2506/2506/2506 2529/2529/2529 2531/2531/2531
f 2525/2525/2525 2506/2506/2506 2497/2497/2497
f 2690/2690/2690 2678/2678/2678 2589/2589/2589
f 2589/2589/2589 2599/2599/2599 2690/2690/2690
f 2439/2439/2439 2428/2428/2428 2456/2456/2456
f 2485/2485/2485 2482/2482/2482 2460/2460/2460
f 2460/2460/2460 2456/2456/2456 2485/2485/2485
f 2523/2523/2523 2421/2421/2421 2439/2439/2439
f 2350/2350/2350 2385/2385/2385 2376/2376/2376
f 2570/2570/2570 2581/2581/2581 2484/2484/2484
f 2330/2330/2330 2350/2350/2350 2376/2376/2376
f 2335/2335/2335 2358/2358/2358 2363/2363/2363
f 2336/2336/2336 2335/2335/2335 2363/2363/2363
f 2376/2376/2376 2361/2361/2361 2330/2330/2330
f 2398/2398/2398 2363/2363/2363 2585/2585/2585
f 2398/2398/2398 2585/2585/2585 2628/2628/2628
f 2519/2519/2519 2398/2398/2398 2628/2628/2628
f 2385/2385/2385 2484/2484/2484 2376/2376/2376
f 2761/2761/2761 2764/2764/2764 2714/2714/2714
f 2363/2363/2363 2551/2551/2551 2585/2585/2585
f 2335/2335/2335 2330/2330/2330 2361/2361/2361
f 2679/2679/2679 2751/2751/2751 2732/2732/2732
f 2385/2385/2385 2570/2570/2570 2484/2484/2484
f 2632/2632/2632 2732/2732/2732 2676/2676/2676
f 2523/2523/2523 2427/2427/2427 2421/2421/2421
f 2411/2411/2411 2437/2437/2437 2594/2594/2594
f 2581/2581/2581 2632/2632/2632 2676/2676/2676
f 2703/2703/2703 2760/2760/2760 2751/2751/2751
f 2679/2679/2679 2703/2703/2703 2751/2751/2751
f 2361/2361/2361 2358/2358/2358 2335/2335/2335
f 2632/2632/2632 2679/2679/2679 2732/2732/2732
f 2714/2714/2714 2764/2764/2764 2760/2760/2760
f 2703/2703/2703 2714/2714/2714 2760/2760/2760
f 2591/2591/2591 2578/2578/2578 2683/2683/2683
f 3001/3001/3001 2998/2998/2998 2954/2954/2954
f 3055/3055/3055 3035/3035/3035 3042/3042/3042
f 3104/3104/3104 3086/3086/3086 3055/3055/3055
f 3035/3035/3035 2998/2998/2998 3001/3001/3001
f 3042/3042/3042 3035/3035/3035 3001/3001/3001
f 2954/2954/2954 2940/2940/2940 3001/3001/3001
f 2989/2989/2989 3036/3036/3036 3040/3040/3040
f 2885/2885/2885 2886/2886/2886 2945/2945/2945
f 2945/2945/2945 2940/2940/2940 2885/2885/2885
f 3086/3086/3086 3104/3104/3104 3114/3114/3114
f 3085/3085/3085 3055/3055/3055 3042/3042/3042
f 3055/3055/3055 3085/3085/3085 3104/3104/3104
f 3079/3079/3079 3057/3057/3057 3102/3102/3102
f 2873/2873/2873 2891/2891/2891 2890/2890/2890
f 3113/3113/3113 3093/3093/3093 3092/3092/3092
f 3088/3088/3088 3093/3093/3093 3113/3113/3113
f 3091/3091/3091 3081/3081/3081 3090/3090/3090
f 3067/3067/3067 3080/3080/3080 3090/3090/3090
f 3090/3090/3090 3077/3077/3077 3067/3067/3067
f 3057/3057/3057 3079/3079/3079 3036/3036/3036
f 3036/3036/3036 3033/3033/3033 3057/3057/3057
f 3057/3057/3057 3088/3088/3088 3102/3102/3102
f 3114/3114/3114 3092/3092/3092 3086/3086/3086
f 3092/3092/3092 3114/3114/3114 3113/3113/3113
f 3102/3102/3102 3088/3088/3088 3113/3113/3113
f 2870/2870/2870 2872/2872/2872 2886/2886/2886
f 3086/3086/3086 3060/3060/3060 3055/3055/3055
f 3043/3043/3043 3017/3017/3017 3035/3035/3035
f 3055/3055/3055 3043/3043/3043 3035/3035/3035
f 2865/2865/2865 2882/2882/2882 2883/2883/2883
f 2871/2871/2871 2865/2865/2865 2883/2883/2883
f 3060/3060/3060 3043/3043/3043 3055/3055/3055
f 3092/3092/3092 3074/3074/3074 3086/3086/3086
f 3074/3074/3074 3092/3092/3092 3093/3093/3093
f 2902/2902/2902 2880/2880/2880 2866/2866/2866
f 3074/3074/3074 3060/3060/3060 3086/3086/3086
f 3093/3093/3093 3076/3076/3076 3074/3074/3074
f 3076/3076/3076 3093/3093/3093 3088/3088/3088
f 2872/2872/2872 2870/2870/2870 2865/2865/2865
f 3085/3085/3085 3042/3042/3042 3044/3044/3044
f 3006/3006/3006 3001/3001/3001 2940/2940/2940
f 3042/3042/3042 3001/3001/3001 3006/3006/3006
f 2886/2886/2886 2885/2885/2885 2870/2870/2870
f 2940/2940/2940 2945/2945/2945 3006/3006/3006
f 3044/3044/3044 3042/3042/3042 3006/3006/3006
f 2925/2925/2925 2989/2989/2989 2993/2993/2993
f 2883/2883/2883 2882/2882/2882 2928/2928/2928
f 2865/2865/2865 2871/2871/2871 2872/2872/2872
f 2928/2928/2928 2925/2925/2925 2993/2993/2993
f 2882/2882/2882 2925/2925/2925 2928/2928/2928
f 2993/2993/2993 2989/2989/2989 3040/3040/3040
f 3051/3051/3051 3087/3087/3087 3059/3059/3059
f 2848/2848/2848 2852/2852/2852 2857/2857/2857
f 2854/2854/2854 2852/2852/2852 2848/2848/2848
f 3037/3037/3037 3051/3051/3051 3059/3059/3059
f 3007/3007/3007 3051/3051/3051 3037/3037/3037
f 3059/3059/3059 3087/3087/3087 3091/3091/3091
f 2877/2877/2877 2879/2879/2879 2961/2961/2961
f 2961/2961/2961 2955/2955/2955 2877/2877/2877
f 2855/2855/2855 2850/2850/2850 2879/2879/2879
f 2857/2857/2857 2858/2858/2858 2863/2863/2863
f 2852/2852/2852 2858/2858/2858 2857/2857/2857
f 2849/2849/2849 2854/2854/2854 2848/2848/2848
f 3091/3091/3091 3076/3076/3076 3059/3059/3059
f 2953/2953/2953 2901/2901/2901 2992/2992/2992
f 2873/2873/2873 2881/2881/2881 2904/2904/2904
f 2891/2891/2891 2873/2873/2873 2904/2904/2904
f 2901/2901/2901 2967/2967/2967 2992/2992/2992
f 3009/3009/3009 3007/3007/3007 3037/3037/3037
f 2967/2967/2967 3009/3009/3009 3033/3033/3033
f 3076/3076/3076 3091/3091/3091 3090/3090/3090
f 3090/3090/3090 3080/3080/3080 3060/3060/3060
f 3074/3074/3074 3090/3090/3090 3060/3060/3060
f 2881/2881/2881 2901/2901/2901 2953/2953/2953
f 2904/2904/2904 2881/2881/2881 2953/2953/2953
f 3090/3090/3090 3074/3074/3074 3076/3076/3076
f 2879/2879/2879 2877/2877/2877 2855/2855/2855
f 2929/2929/2929 2967/2967/2967 2901/2901/2901
f 3007/3007/3007 3002/3002/3002 3045/3045/3045
f 3007/3007/3007 3009/3009/3009 2967/2967/2967
f 3087/3087/3087 3071/3071/3071 3091/3091/3091
f 3045/3045/3045 3051/3051/3051 3007/3007/3007
f 2967/2967/2967 2929/2929/2929 3007/3007/3007
f 3048/3048/3048 3018/3018/3018 3024/3024/3024
f 3080/3080/3080 3067/3067/3067 3049/3049/3049
f 3081/3081/3081 3077/3077/3077 3090/3090/3090
f 3053/3053/3053 3048/3048/3048 3024/3024/3024
f 3049/3049/3049 3054/3054/3054 3080/3080/3080
f 3024/3024/3024 3018/3018/3018 2961/2961/2961
f 3071/3071/3071 3081/3081/3081 3091/3091/3091
f 3002/3002/3002 3000/3000/3000 3045/3045/3045
f 2875/2875/2875 2922/2922/2922 2929/2929/2929
f 2860/2860/2860 2863/2863/2863 2875/2875/2875
f 3002/3002/3002 3007/3007/3007 2929/2929/2929
f 2929/2929/2929 2922/2922/2922 3002/3002/3002
f 3000/3000/3000 3016/3016/3016 3045/3045/3045
f 3018/3018/3018 2955/2955/2955 2961/2961/2961
f 3071/3071/3071 3087/3087/3087 3051/3051/3051
f 3051/3051/3051 3045/3045/3045 3071/3071/3071
f 2863/2863/2863 2860/2860/2860 2857/2857/2857
f 2874/2874/2874 2875/2875/2875 2929/2929/2929
f 2875/2875/2875 2874/2874/2874 2860/2860/2860
f 2880/2880/2880 2902/2902/2902 2954/2954/2954
f 2764/2764/2764 2797/2797/2797 2789/2789/2789
f 2764/2764/2764 2761/2761/2761 2790/2790/2790
f 2743/2743/2743 2765/2765/2765 2749/2749/2749
f 2760/2760/2760 2764/2764/2764 2789/2789/2789
f 2790/2790/2790 2797/2797/2797 2764/2764/2764
f 2751/2751/2751 2760/2760/2760 2766/2766/2766
f 2581/2581/2581 2676/2676/2676 2623/2623/2623
f 2484/2484/2484 2581/2581/2581 2623/2623/2623
f 2623/2623/2623 2582/2582/2582 2376/2376/2376
f 2749/2749/2749 2728/2728/2728 2743/2743/2743
f 2765/2765/2765 2790/2790/2790 2761/2761/2761
f 2761/2761/2761 2749/2749/2749 2765/2765/2765
f 2580/2580/2580 2530/2530/2530 2501/2501/2501
f 2750/2750/2750 2770/2770/2770 2768/2768/2768
f 2496/2496/2496 2534/2534/2534 2502/2502/2502
f 2502/2502/2502 2468/2468/2468 2496/2496/2496
f 2801/2801/2801 2788/2788/2788 2768/2768/2768
f 2770/2770/2770 2801/2801/2801 2768/2768/2768
f 2768/2768/2768 2754/2754/2754 2750/2750/2750
f 2501/2501/2501 2571/2571/2571 2580/2580/2580
f 2638/2638/2638 2580/2580/2580 2571/2571/2571
f 2468/2468/2468 2501/2501/2501 2530/2530/2530
f 2534/2534/2534 2583/2583/2583 2572/2572/2572
f 2572/2572/2572 2502/2502/2502 2534/2534/2534
f 2530/2530/2530 2496/2496/2496 2468/2468/2468
f 2376/2376/2376 2484/2484/2484 2623/2623/2623
f 2585/2585/2585 2572/2572/2572 2626/2626/2626
f 2728/2728/2728 2680/2680/2680 2691/2691/2691
f 2628/2628/2628 2626/2626/2626 2691/2691/2691
f 2582/2582/2582 2623/2623/2623 2624/2624/2624
f 2687/2687/2687 2624/2624/2624 2623/2623/2623
f 2680/2680/2680 2628/2628/2628 2691/2691/2691
f 2551/2551/2551 2502/2502/2502 2572/2572/2572
f 2585/2585/2585 2551/2551/2551 2572/2572/2572
f 2804/2804/2804 2794/2794/2794 2788/2788/2788
f 2628/2628/2628 2585/2585/2585 2626/2626/2626
f 2541/2541/2541 2468/2468/2468 2502/2502/2502
f 2551/2551/2551 2541/2541/2541 2502/2502/2502
f 2742/2742/2742 2750/2750/2750 2704/2704/2704
f 2676/2676/2676 2732/2732/2732 2687/2687/2687
f 2766/2766/2766 2742/2742/2742 2732/2732/2732
f 2691/2691/2691 2743/2743/2743 2728/2728/2728
f 2732/2732/2732 2742/2742/2742 2687/2687/2687
f 2732/2732/2732 2751/2751/2751 2766/2766/2766
f 2760/2760/2760 2789/2789/2789 2766/2766/2766
f 2541/2541/2541 2550/2550/2550 2501/2501/2501
f 2624/2624/2624 2571/2571/2571 2582/2582/2582
f 2623/2623/2623 2676/2676/2676 2687/2687/2687
f 2582/2582/2582 2571/2571/2571 2501/2501/2501
f 2550/2550/2550 2582/2582/2582 2501/2501/2501
f 2501/2501/2501 2468/2468/2468 2541/2541/2541
f 2885/2885/2885 2902/2902/2902 2890/2890/2890
f 3037/3037/3037 3057/3057/3057 3033/3033/3033
f 3033/3033/3033 3009/3009/3009 3037/3037/3037
f 2902/2902/2902 2885/2885/2885 2940/2940/2940
f 2940/2940/2940 2954/2954/2954 2902/2902/2902
f 2890/2890/2890 2870/2870/2870 2885/2885/2885
f 2925/2925/2925 2953/2953/2953 2989/2989/2989
f 2953/2953/2953 2925/2925/2925 2882/2882/2882
f 2989/2989/2989 2992/2992/2992 3036/3036/3036
f 3059/3059/3059 3088/3088/3088 3057/3057/3057
f 3057/3057/3057 3037/3037/3037 3059/3059/3059
f 2992/2992/2992 3033/3033/3033 3036/3036/3036
f 2870/2870/2870 2890/2890/2890 2891/2891/2891
f 3017/3017/3017 2979/2979/2979 2998/2998/2998
f 3035/3035/3035 3017/3017/3017 2998/2998/2998
f 2912/2912/2912 2954/2954/2954 2998/2998/2998
f 2890/2890/2890 2866/2866/2866 2873/2873/2873
f 2866/2866/2866 2890/2890/2890 2902/2902/2902
f 2954/2954/2954 2912/2912/2912 2880/2880/2880
f 2891/2891/2891 2865/2865/2865 2870/2870/2870
f 2882/2882/2882 2904/2904/2904 2953/2953/2953
f 2904/2904/2904 2882/2882/2882 2865/2865/2865
f 2998/2998/2998 2979/2979/2979 2912/2912/2912
f 3088/3088/3088 3059/3059/3059 3076/3076/3076
f 2865/2865/2865 2891/2891/2891 2904/2904/2904
f 2953/2953/2953 2992/2992/2992 2989/2989/2989
f 2797/2797/2797 2790/2790/2790 2804/2804/2804
f 2797/2797/2797 2804/2804/2804 2801/2801/2801
f 2789/2789/2789 2797/2797/2797 2801/2801/2801
f 2766/2766/2766 2770/2770/2770 2750/2750/2750
f 2766/2766/2766 2789/2789/2789 2770/2770/2770
f 2790/2790/2790 2800/2800/2800 2804/2804/2804
f 2571/2571/2571 2624/2624/2624 2638/2638/2638
f 2704/2704/2704 2638/2638/2638 2624/2624/2624
f 2704/2704/2704 2750/2750/2750 2754/2754/2754
f 2626/2626/2626 2572/2572/2572 2645/2645/2645
f 2624/2624/2624 2687/2687/2687 2704/2704/2704
f 2754/2754/2754 2718/2718/2718 2704/2704/2704
f 2687/2687/2687 2742/2742/2742 2704/2704/2704
f 2769/2769/2769 2800/2800/2800 2790/2790/2790
f 2790/2790/2790 2765/2765/2765 2769/2769/2769
f 2708/2708/2708 2752/2752/2752 2743/2743/2743
f 2506/2506/2506 2531/2531/2531 2522/2522/2522
f 2752/2752/2752 2769/2769/2769 2765/2765/2765
f 2765/2765/2765 2743/2743/2743 2752/2752/2752
f 2626/2626/2626 2645/2645/2645 2708/2708/2708
f 2742/2742/2742 2766/2766/2766 2750/2750/2750
f 2789/2789/2789 2801/2801/2801 2770/2770/2770
f 2691/2691/2691 2626/2626/2626 2708/2708/2708
f 2572/2572/2572 2583/2583/2583 2645/2645/2645
f 2743/2743/2743 2691/2691/2691 2708/2708/2708
f 2620/2620/2620 2688/2688/2688 2739/2739/2739
f 2715/2715/2715 2763/2763/2763 2745/2745/2745
f 2459/2459/2459 2445/2445/2445 2548/2548/2548
f 2739/2739/2739 2671/2671/2671 2620/2620/2620
f 2671/2671/2671 2739/2739/2739 2759/2759/2759
f 2620/2620/2620 2613/2613/2613 2576/2576/2576
f 2510/2510/2510 2459/2459/2459 2566/2566/2566
f 2639/2639/2639 2576/2576/2576 2601/2601/2601
f 2576/2576/2576 2639/2639/2639 2688/2688/2688
f 2566/2566/2566 2459/2459/2459 2548/2548/2548
f 2445/2445/2445 2474/2474/2474 2575/2575/2575
f 2548/2548/2548 2445/2445/2445 2575/2575/2575
f 2613/2613/2613 2542/2542/2542 2576/2576/2576
f 2795/2795/2795 2736/2736/2736 2733/2733/2733
f 2735/2735/2735 2786/2786/2786 2763/2763/2763
f 2763/2763/2763 2715/2715/2715 2735/2735/2735
f 2733/2733/2733 2782/2782/2782 2795/2795/2795
f 2759/2759/2759 2707/2707/2707 2671/2671/2671
f 2707/2707/2707 2759/2759/2759 2782/2782/2782
f 2576/2576/2576 2542/2542/2542 2425/2425/2425
f 2372/2372/2372 2459/2459/2459 2510/2510/2510
f 2510/2510/2510 2425/2425/2425 2372/2372/2372
f 2736/2736/2736 2795/2795/2795 2786/2786/2786
f 2786/2786/2786 2735/2735/2735 2736/2736/2736
f 2425/2425/2425 2510/2510/2510 2576/2576/2576
f 2601/2601/2601 2510/2510/2510 2566/2566/2566
f 2933/2933/2933 2948/2948/2948 2982/2982/2982
f 2982/2982/2982 2974/2974/2974 2933/2933/2933
f 2983/2983/2983 2948/2948/2948 2960/2960/2960
f 3020/3020/3020 3025/3025/3025 2999/2999/2999
f 2997/2997/2997 2999/2999/2999 3025/3025/3025
f 3022/3022/3022 3016/3016/3016 2991/2991/2991
f 2985/2985/2985 2978/2978/2978 2957/2957/2957
f 2969/2969/2969 2985/2985/2985 2957/2957/2957
f 2990/2990/2990 2984/2984/2984 3003/3003/3003
f 2991/2991/2991 2983/2983/2983 2960/2960/2960
f 2984/2984/2984 2978/2978/2978 2985/2985/2985
f 2985/2985/2985 3003/3003/3003 2984/2984/2984
f 2991/2991/2991 2997/2997/2997 3022/3022/3022
f 2745/2745/2745 2684/2684/2684 2715/2715/2715
f 2684/2684/2684 2745/2745/2745 2711/2711/2711
f 2661/2661/2661 2593/2593/2593 2711/2711/2711
f 2576/2576/2576 2510/2510/2510 2601/2601/2601
f 2711/2711/2711 2636/2636/2636 2684/2684/2684
f 2593/2593/2593 2636/2636/2636 2711/2711/2711
f 2615/2615/2615 2539/2539/2539 2661/2661/2661
f 3264/3264/3264 3285/3285/3285 3239/3239/3239
f 3025/3025/3025 3022/3022/3022 2997/2997/2997
f 2474/2474/2474 2539/2539/2539 2615/2615/2615
f 2575/2575/2575 2474/2474/2474 2615/2615/2615
f 2539/2539/2539 2593/2593/2593 2661/2661/2661
f 3288/3288/3288 3253/3253/3253 3302/3302/3302
f 3253/3253/3253 3261/3261/3261 3302/3302/3302
f 3278/3278/3278 3272/3272/3272 3242/3242/3242
f 2459/2459/2459 2372/2372/2372 2367/2367/2367
f 3278/3278/3278 3242/3242/3242 3288/3288/3288
f 3242/3242/3242 3253/3253/3253 3288/3288/3288
f 3301/3301/3301 3320/3320/3320 3345/3345/3345
f 3342/3342/3342 3336/3336/3336 3301/3301/3301
f 2688/2688/2688 2620/2620/2620 2576/2576/2576
f 3265/3265/3265 3274/3274/3274 3236/3236/3236
f 3237/3237/3237 3242/3242/3242 3272/3272/3272
f 3272/3272/3272 3266/3266/3266 3237/3237/3237
f 2737/2737/2737 2741/2741/2741 2740/2740/2740
f 2568/2568/2568 2544/2544/2544 2625/2625/2625
f 2727/2727/2727 2698/2698/2698 2713/2713/2713
f 2738/2738/2738 2727/2727/2727 2713/2713/2713
f 2424/2424/2424 2544/2544/2544 2568/2568/2568
f 2466/2466/2466 2424/2424/2424 2568/2568/2568
f 2544/2544/2544 2614/2614/2614 2625/2625/2625
f 2740/2740/2740 2734/2734/2734 2737/2737/2737
f 2734/2734/2734 2740/2740/2740 2724/2724/2724
f 2741/2741/2741 2737/2737/2737 2738/2738/2738
f 2698/2698/2698 2653/2653/2653 2668/2668/2668
f 2713/2713/2713 2698/2698/2698 2668/2668/2668
f 2737/2737/2737 2727/2727/2727 2738/2738/2738
f 3343/3343/3343 3301/3301/3301 3345/3345/3345
f 3257/3257/3257 3249/3249/3249 3284/3284/3284
f 3279/3279/3279 3249/3249/3249 3275/3275/3275
f 3249/3249/3249 3240/3240/3240 3275/3275/3275
f 3344/3344/3344 3354/3354/3354 3359/3359/3359
f 3343/3343/3343 3345/3345/3345 3360/3360/3360
f 3279/3279/3279 3284/3284/3284 3249/3249/3249
f 3270/3270/3270 3257/3257/3257 3299/3299/3299
f 3299/3299/3299 3326/3326/3326 3270/3270/3270
f 2782/2782/2782 2733/2733/2733 2707/2707/2707
f 3284/3284/3284 3299/3299/3299 3257/3257/3257
f 3280/3280/3280 3270/3270/3270 3326/3326/3326
f 3326/3326/3326 3332/3332/3332 3280/3280/3280
f 3336/3336/3336 3342/3342/3342 3350/3350/3350
f 3328/3328/3328 3276/3276/3276 3336/3336/3336
f 3276/3276/3276 3286/3286/3286 3336/3336/3336
f 3241/3241/3241 3236/3236/3236 3274/3274/3274
f 3286/3286/3286 3301/3301/3301 3336/3336/3336
f 3302/3302/3302 3261/3261/3261 3328/3328/3328
f 3261/3261/3261 3276/3276/3276 3328/3328/3328
f 3332/3332/3332 3341/3341/3341 3293/3293/3293
f 3321/3321/3321 3311/3311/3311 3346/3346/3346
f 3355/3355/3355 3350/3350/3350 3342/3342/3342
f 3311/3311/3311 3293/3293/3293 3341/3341/3341
f 3341/3341/3341 3346/3346/3346 3311/3311/3311
f 3293/3293/3293 3280/3280/3280 3332/3332/3332
f 3014/3014/3014 3020/3020/3020 2994/2994/2994
f 2926/2926/2926 2937/2937/2937 2859/2859/2859
f 2894/2894/2894 2867/2867/2867 2888/2888/2888
f 2900/2900/2900 2868/2868/2868 2895/2895/2895
f 2853/2853/2853 2926/2926/2926 2859/2859/2859
f 2923/2923/2923 2926/2926/2926 2853/2853/2853
f 2859/2859/2859 2937/2937/2937 2951/2951/2951
f 2922/2922/2922 2980/2980/2980 3002/3002/3002
f 2910/2910/2910 2868/2868/2868 2905/2905/2905
f 2903/2903/2903 2868/2868/2868 2910/2910/2910
f 2888/2888/2888 2867/2867/2867 2884/2884/2884
f 2905/2905/2905 2868/2868/2868 2900/2900/2900
f 2980/2980/2980 3000/3000/3000 3002/3002/3002
f 2951/2951/2951 2864/2864/2864 2859/2859/2859
f 2965/2965/2965 2952/2952/2952 2956/2956/2956
f 2938/2938/2938 2939/2939/2939 2946/2946/2946
f 2981/2981/2981 2965/2965/2965 2975/2975/2975
f 3000/3000/3000 2983/2983/2983 2991/2991/2991
f 3016/3016/3016 3000/3000/3000 2991/2991/2991
f 2965/2965/2965 2956/2956/2956 2975/2975/2975
f 2864/2864/2864 2951/2951/2951 2966/2966/2966
f 2980/2980/2980 2922/2922/2922 2876/2876/2876
f 2876/2876/2876 2966/2966/2966 2980/2980/2980
f 2952/2952/2952 2946/2946/2946 2956/2956/2956
f 2984/2984/2984 2990/2990/2990 2971/2971/2971
f 2966/2966/2966 2876/2876/2876 2864/2864/2864
f 2856/2856/2856 2923/2923/2923 2853/2853/2853
f 3018/3018/3018 2985/2985/2985 2955/2955/2955
f 3004/3004/3004 2986/2986/2986 3019/3019/3019
f 2948/2948/2948 2933/2933/2933 2892/2892/2892
f 2985/2985/2985 2969/2969/2969 2955/2955/2955
f 3050/3050/3050 3004/3004/3004 3019/3019/3019
f 3004/3004/3004 3050/3050/3050 3068/3068/3068
f 2911/2911/2911 2909/2909/2909 2884/2884/2884
f 2920/2920/2920 2914/2914/2914 2884/2884/2884
f 2911/2911/2911 2884/2884/2884 2914/2914/2914
f 2920/2920/2920 2884/2884/2884 2934/2934/2934
f 2960/2960/2960 2948/2948/2948 2892/2892/2892
f 2934/2934/2934 2884/2884/2884 2893/2893/2893
f 2878/2878/2878 2942/2942/2942 2923/2923/2923
f 3021/3021/3021 3015/3015/3015 3068/3068/3068
f 3082/3082/3082 3026/3026/3026 3078/3078/3078
f 3016/3016/3016 3023/3023/3023 3072/3072/3072
f 3078/3078/3078 3021/3021/3021 3068/3068/3068
f 3026/3026/3026 3021/3021/3021 3078/3078/3078
f 3068/3068/3068 3015/3015/3015 3004/3004/3004
f 2943/2943/2943 2877/2877/2877 2955/2955/2955
f 2955/2955/2955 2970/2970/2970 2943/2943/2943
f 2923/2923/2923 2856/2856/2856 2878/2878/2878
f 3045/3045/3045 3016/3016/3016 3072/3072/3072
f 3023/3023/3023 3026/3026/3026 3082/3082/3082
f 3072/3072/3072 3023/3023/3023 3082/3082/3082
f 2946/2946/2946 2914/2914/2914 2920/2920/2920
f 2946/2946/2946 2939/2939/2939 2911/2911/2911
f 2935/2935/2935 2932/2932/2932 2909/2909/2909
f 2956/2956/2956 2946/2946/2946 2920/2920/2920
f 2911/2911/2911 2914/2914/2914 2946/2946/2946
f 2975/2975/2975 2956/2956/2956 2934/2934/2934
f 3165/3165/3165 3135/3135/3135 3134/3134/3134
f 3159/3159/3159 3163/3163/3163 3132/3132/3132
f 3163/3163/3163 3134/3134/3134 3132/3132/3132
f 2909/2909/2909 2911/2911/2911 2939/2939/2939
f 2939/2939/2939 2935/2935/2935 2909/2909/2909
f 3163/3163/3163 3165/3165/3165 3134/3134/3134
f 2959/2959/2959 2947/2947/2947 2978/2978/2978
f 2956/2956/2956 2920/2920/2920 2934/2934/2934
f 2930/2930/2930 2916/2916/2916 2944/2944/2944
f 2944/2944/2944 2958/2958/2958 2930/2930/2930
f 2999/2999/2999 2994/2994/2994 3020/3020/3020
f 3003/3003/3003 3014/3014/3014 2990/2990/2990
f 2994/2994/2994 2990/2990/2990 3014/3014/3014
f 2978/2978/2978 2984/2984/2984 2959/2959/2959
f 2971/2971/2971 2959/2959/2959 2984/2984/2984
f 2957/2957/2957 2978/2978/2978 2931/2931/2931
f 2917/2917/2917 2909/2909/2909 2932/2932/2932
f 2932/2932/2932 2944/2944/2944 2917/2917/2917
f 2978/2978/2978 2947/2947/2947 2931/2931/2931
f 3165/3165/3165 3162/3162/3162 3135/3135/3135
f 2952/2952/2952 2938/2938/2938 2946/2946/2946
f 2927/2927/2927 2935/2935/2935 2939/2939/2939
f 2927/2927/2927 2924/2924/2924 2932/2932/2932
f 3151/3151/3151 3127/3127/3127 3158/3158/3158
f 2938/2938/2938 2927/2927/2927 2939/2939/2939
f 2932/2932/2932 2935/2935/2935 2927/2927/2927
f 2924/2924/2924 2943/2943/2943 2944/2944/2944
f 2974/2974/2974 2982/2982/2982 3000/3000/3000
f 3000/3000/3000 2980/2980/2980 2974/2974/2974
f 2958/2958/2958 2944/2944/2944 2943/2943/2943
f 2943/2943/2943 2970/2970/2970 2958/2958/2958
f 2944/2944/2944 2932/2932/2932 2924/2924/2924
f 3155/3155/3155 3129/3129/3129 3119/3119/3119
f 3162/3162/3162 3158/3158/3158 3133/3133/3133
f 3144/3144/3144 3103/3103/3103 3140/3140/3140
f 3144/3144/3144 3149/3149/3149 3103/3103/3103
f 3158/3158/3158 3131/3131/3131 3133/3133/3133
f 3131/3131/3131 3158/3158/3158 3127/3127/3127
f 3162/3162/3162 3133/3133/3133 3135/3135/3135
f 3155/3155/3155 3159/3159/3159 3129/3129/3129
f 3159/3159/3159 3132/3132/3132 3129/3129/3129
f 3149/3149/3149 3155/3155/3155 3119/3119/3119
f 3140/3140/3140 3084/3084/3084 3138/3138/3138
f 3084/3084/3084 3140/3140/3140 3103/3103/3103
f 3149/3149/3149 3119/3119/3119 3103/3103/3103
f 2625/2625/2625 2614/2614/2614 2666/2666/2666
f 3314/3314/3314 3303/3303/3303 3361/3361/3361
f 3341/3341/3341 3332/3332/3332 3353/3353/3353
f 3359/3359/3359 3347/3347/3347 3354/3354/3354
f 3326/3326/3326 3299/3299/3299 3349/3349/3349
f 3356/3356/3356 3341/3341/3341 3353/3353/3353
f 3346/3346/3346 3341/3341/3341 3356/3356/3356
f 3333/3333/3333 3339/3339/3339 3324/3324/3324
f 3339/3339/3339 3329/3329/3329 3324/3324/3324
f 3300/3300/3300 3335/3335/3335 3273/3273/3273
f 3236/3236/3236 3212/3212/3212 3217/3217/3217
f 3329/3329/3329 3339/3339/3339 3300/3300/3300
f 3335/3335/3335 3300/3300/3300 3339/3339/3339
f 3338/3338/3338 3349/3349/3349 3299/3299/3299
f 3357/3357/3357 3362/3362/3362 3304/3304/3304
f 3295/3295/3295 3351/3351/3351 3305/3305/3305
f 3287/3287/3287 3337/3337/3337 3296/3296/3296
f 3299/3299/3299 3284/3284/3284 3338/3338/3338
f 3352/3352/3352 3357/3357/3357 3304/3304/3304
f 3296/3296/3296 3348/3348/3348 3350/3350/3350
f 3287/3287/3287 3330/3330/3330 3337/3337/3337
f 3353/3353/3353 3332/3332/3332 3349/3349/3349
f 3332/3332/3332 3326/3326/3326 3349/3349/3349
f 3287/3287/3287 3282/3282/3282 3330/3330/3330
f 3325/3325/3325 3330/3330/3330 3282/3282/3282
f 3337/3337/3337 3348/3348/3348 3296/3296/3296
f 3246/3246/3246 3229/3229/3229 3273/3273/3273
f 3208/3208/3208 3216/3216/3216 3207/3207/3207
f 3233/3233/3233 3221/3221/3221 3210/3210/3210
f 3251/3251/3251 3264/3264/3264 3232/3232/3232
f 3216/3216/3216 3210/3210/3210 3207/3207/3207
f 3216/3216/3216 3233/3233/3233 3210/3210/3210
f 3208/3208/3208 3207/3207/3207 3201/3201/3201
f 3220/3220/3220 3211/3211/3211 3209/3209/3209
f 3211/3211/3211 3206/3206/3206 3209/3209/3209
f 3231/3231/3231 3220/3220/3220 3219/3219/3219
f 3264/3264/3264 3239/3239/3239 3232/3232/3232
f 3221/3221/3221 3233/3233/3233 3232/3232/3232
f 3252/3252/3252 3232/3232/3232 3233/3233/3233
f 3231/3231/3231 3219/3219/3219 3246/3246/3246
f 3267/3267/3267 3252/3252/3252 3233/3233/3233
f 3251/3251/3251 3268/3268/3268 3264/3264/3264
f 3247/3247/3247 3233/3233/3233 3216/3216/3216
f 3229/3229/3229 3246/3246/3246 3219/3219/3219
f 3297/3297/3297 3273/3273/3273 3335/3335/3335
f 3238/3238/3238 3273/3273/3273 3229/3229/3229
f 3333/3333/3333 3324/3324/3324 3285/3285/3285
f 3264/3264/3264 3289/3289/3289 3285/3285/3285
f 3322/3322/3322 3285/3285/3285 3289/3289/3289
f 3247/3247/3247 3267/3267/3267 3233/3233/3233
f 3289/3289/3289 3264/3264/3264 3268/3268/3268
f 3322/3322/3322 3333/3333/3333 3285/3285/3285
f 3224/3224/3224 3287/3287/3287 3296/3296/3296
f 3244/3244/3244 3277/3277/3277 3234/3234/3234
f 3262/3262/3262 3234/3234/3234 3277/3277/3277
f 3331/3331/3331 3327/3327/3327 3298/3298/3298
f 3283/3283/3283 3291/3291/3291 3318/3318/3318
f 3327/3327/3327 3318/3318/3318 3291/3291/3291
f 3243/3243/3243 3217/3217/3217 3222/3222/3222
f 3243/3243/3243 3236/3236/3236 3217/3217/3217
f 3254/3254/3254 3222/3222/3222 3262/3262/3262
f 3263/3263/3263 3286/3286/3286 3244/3244/3244
f 3277/3277/3277 3244/3244/3244 3286/3286/3286
f 3234/3234/3234 3262/3262/3262 3222/3222/3222
f 3292/3292/3292 3298/3298/3298 3327/3327/3327
f 3298/3298/3298 3306/3306/3306 3338/3338/3338
f 3306/3306/3306 3315/3315/3315 3353/3353/3353
f 3616/3616/3616 3615/3615/3615 3621/3621/3621
f 3349/3349/3349 3338/3338/3338 3306/3306/3306
f 3306/3306/3306 3353/3353/3353 3349/3349/3349
f 3298/3298/3298 3338/3338/3338 3331/3331/3331
f 3308/3308/3308 3313/3313/3313 3282/3282/3282
f 3282/3282/3282 3313/3313/3313 3325/3325/3325
f 3318/3318/3318 3309/3309/3309 3283/3283/3283
f 3225/3225/3225 3295/3295/3295 3305/3305/3305
f 3356/3356/3356 3353/3353/3353 3315/3315/3315
f 3316/3316/3316 3363/3363/3363 3358/3358/3358
f 3254/3254/3254 3243/3243/3243 3222/3222/3222
f 3302/3302/3302 3328/3328/3328 3348/3348/3348
f 3337/3337/3337 3330/3330/3330 3302/3302/3302
f 3328/3328/3328 3336/3336/3336 3350/3350/3350
f 3331/3331/3331 3338/3338/3338 3284/3284/3284
f 3279/3279/3279 3275/3275/3275 3318/3318/3318
f 3327/3327/3327 3331/3331/3331 3279/3279/3279
f 3272/3272/3272 3278/3278/3278 3313/3313/3313
f 3330/3330/3330 3325/3325/3325 3288/3288/3288
f 3278/3278/3278 3288/3288/3288 3325/3325/3325
f 3337/3337/3337 3302/3302/3302 3348/3348/3348
f 3288/3288/3288 3302/3302/3302 3330/3330/3330
f 3325/3325/3325 3313/3313/3313 3278/3278/3278
f 3284/3284/3284 3279/3279/3279 3331/3331/3331
f 3301/3301/3301 3286/3286/3286 3297/3297/3297
f 3286/3286/3286 3263/3263/3263 3297/3297/3297
f 3226/3226/3226 3306/3306/3306 3298/3298/3298
f 3227/3227/3227 3291/3291/3291 3283/3283/3283
f 3224/3224/3224 3282/3282/3282 3287/3287/3287
f 3226/3226/3226 3298/3298/3298 3292/3292/3292
f 3313/3313/3313 3308/3308/3308 3272/3272/3272
f 3266/3266/3266 3272/3272/3272 3308/3308/3308
f 3327/3327/3327 3279/3279/3279 3318/3318/3318
f 3317/3317/3317 3228/3228/3228 3307/3307/3307
f 3310/3310/3310 3319/3319/3319 3265/3265/3265
f 3274/3274/3274 3265/3265/3265 3319/3319/3319
f 3220/3220/3220 3209/3209/3209 3219/3219/3219
f 2367/2367/2367 2445/2445/2445 2459/2459/2459
f 2474/2474/2474 2377/2377/2377 2539/2539/2539
f 2367/2367/2367 2377/2377/2377 2474/2474/2474
f 2593/2593/2593 2568/2568/2568 2625/2625/2625
f 2377/2377/2377 2466/2466/2466 2539/2539/2539
f 2445/2445/2445 2367/2367/2367 2474/2474/2474
f 2740/2740/2740 2741/2741/2741 2736/2736/2736
f 2715/2715/2715 2724/2724/2724 2735/2735/2735
f 2625/2625/2625 2681/2681/2681 2684/2684/2684
f 2735/2735/2735 2740/2740/2740 2736/2736/2736
f 2724/2724/2724 2740/2740/2740 2735/2735/2735
f 2736/2736/2736 2741/2741/2741 2733/2733/2733
f 2625/2625/2625 2636/2636/2636 2593/2593/2593
f 2377/2377/2377 2370/2370/2370 2424/2424/2424
f 2362/2362/2362 2367/2367/2367 2372/2372/2372
f 2425/2425/2425 2394/2394/2394 2365/2365/2365
f 2370/2370/2370 2377/2377/2377 2367/2367/2367
f 2367/2367/2367 2362/2362/2362 2370/2370/2370
f 2424/2424/2424 2466/2466/2466 2377/2377/2377
f 2741/2741/2741 2738/2738/2738 2733/2733/2733
f 2568/2568/2568 2593/2593/2593 2539/2539/2539
f 2539/2539/2539 2466/2466/2466 2568/2568/2568
f 2394/2394/2394 2425/2425/2425 2542/2542/2542
f 2372/2372/2372 2365/2365/2365 2362/2362/2362
f 2365/2365/2365 2372/2372/2372 2425/2425/2425
f 2636/2636/2636 2625/2625/2625 2684/2684/2684
f 2389/2389/2389 2370/2370/2370 2362/2362/2362
f 2362/2362/2362 2375/2375/2375 2389/2389/2389
f 2458/2458/2458 2424/2424/2424 2370/2370/2370
f 2614/2614/2614 2600/2600/2600 2637/2637/2637
f 2543/2543/2543 2600/2600/2600 2614/2614/2614
f 2424/2424/2424 2458/2458/2458 2544/2544/2544
f 2666/2666/2666 2681/2681/2681 2625/2625/2625
f 2724/2724/2724 2706/2706/2706 2734/2734/2734
f 2706/2706/2706 2724/2724/2724 2681/2681/2681
f 2370/2370/2370 2389/2389/2389 2458/2458/2458
f 2668/2668/2668 2653/2653/2653 2613/2613/2613
f 2681/2681/2681 2666/2666/2666 2706/2706/2706
f 2458/2458/2458 2543/2543/2543 2544/2544/2544
f 2394/2394/2394 2419/2419/2419 2365/2365/2365
f 2375/2375/2375 2362/2362/2362 2365/2365/2365
f 2365/2365/2365 2382/2382/2382 2375/2375/2375
f 2681/2681/2681 2724/2724/2724 2715/2715/2715
f 2684/2684/2684 2681/2681/2681 2715/2715/2715
f 2419/2419/2419 2382/2382/2382 2365/2365/2365
f 2509/2509/2509 2508/2508/2508 2394/2394/2394
f 2508/2508/2508 2509/2509/2509 2595/2595/2595
f 2544/2544/2544 2543/2543/2543 2614/2614/2614
f 2508/2508/2508 2419/2419/2419 2394/2394/2394
f 2595/2595/2595 2579/2579/2579 2508/2508/2508
f 2653/2653/2653 2595/2595/2595 2613/2613/2613
f 3212/3212/3212 3236/3236/3236 3215/3215/3215
f 3240/3240/3240 3249/3249/3249 3230/3230/3230
f 3258/3258/3258 3269/3269/3269 3248/3248/3248
f 3312/3312/3312 3340/3340/3340 3334/3334/3334
f 3215/3215/3215 3236/3236/3236 3230/3230/3230
f 3241/3241/3241 3230/3230/3230 3236/3236/3236
f 3320/3320/3320 3301/3301/3301 3335/3335/3335
f 3218/3218/3218 3213/3213/3213 3205/3205/3205
f 3213/3213/3213 3202/3202/3202 3205/3205/3205
f 3269/3269/3269 3258/3258/3258 3290/3290/3290
f 3249/3249/3249 3247/3247/3247 3230/3230/3230
f 3250/3250/3250 3258/3258/3258 3248/3248/3248
f 3294/3294/3294 3312/3312/3312 3334/3334/3334
f 3205/3205/3205 3200/3200/3200 3211/3211/3211
f 3200/3200/3200 3205/3205/3205 3201/3201/3201
f 3281/3281/3281 3323/3323/3323 3290/3290/3290
f 3206/3206/3206 3211/3211/3211 3200/3200/3200
f 3202/3202/3202 3201/3201/3201 3205/3205/3205
f 3203/3203/3203 3208/3208/3208 3201/3201/3201
f 3294/3294/3294 3334/3334/3334 3323/3323/3323
f 3312/3312/3312 3320/3320/3320 3340/3340/3340
f 3320/3320/3320 3335/3335/3335 3340/3340/3340
f 3281/3281/3281 3294/3294/3294 3323/3323/3323
f 3271/3271/3271 3290/3290/3290 3258/3258/3258
f 3271/3271/3271 3281/3281/3281 3290/3290/3290
f 3223/3223/3223 3218/3218/3218 3211/3211/3211
f 2613/2613/2613 2595/2595/2595 2509/2509/2509
f 2668/2668/2668 2613/2613/2613 2620/2620/2620
f 2542/2542/2542 2509/2509/2509 2394/2394/2394
f 3231/3231/3231 3245/3245/3245 3220/3220/3220
f 3235/3235/3235 3220/3220/3220 3245/3245/3245
f 3348/3348/3348 3328/3328/3328 3350/3350/3350
f 2733/2733/2733 2738/2738/2738 2707/2707/2707
f 2668/2668/2668 2671/2671/2671 2707/2707/2707
f 2707/2707/2707 2713/2713/2713 2668/2668/2668
f 2509/2509/2509 2542/2542/2542 2613/2613/2613
f 2671/2671/2671 2668/2668/2668 2620/2620/2620
f 2738/2738/2738 2713/2713/2713 2707/2707/2707
f 3223/3223/3223 3211/3211/3211 3235/3235/3235
f 3230/3230/3230 3247/3247/3247 3216/3216/3216
f 3215/3215/3215 3208/3208/3208 3214/3214/3214
f 3208/3208/3208 3215/3215/3215 3216/3216/3216
f 3218/3218/3218 3205/3205/3205 3211/3211/3211
f 3204/3204/3204 3214/3214/3214 3208/3208/3208
f 3230/3230/3230 3216/3216/3216 3215/3215/3215
f 3273/3273/3273 3297/3297/3297 3246/3246/3246
f 3245/3245/3245 3231/3231/3231 3246/3246/3246
f 3220/3220/3220 3235/3235/3235 3211/3211/3211
f 3263/3263/3263 3246/3246/3246 3297/3297/3297
f 3263/3263/3263 3245/3245/3245 3246/3246/3246
f 3301/3301/3301 3297/3297/3297 3335/3335/3335
f 2763/2763/2763 2791/2791/2791 2762/2762/2762
f 2762/2762/2762 2745/2745/2745 2763/2763/2763
f 2786/2786/2786 2810/2810/2810 2791/2791/2791
f 2808/2808/2808 2782/2782/2782 2776/2776/2776
f 2782/2782/2782 2808/2808/2808 2821/2821/2821
f 2810/2810/2810 2786/2786/2786 2795/2795/2795
f 3120/3120/3120 3123/3123/3123 3112/3112/3112
f 3112/3112/3112 3101/3101/3101 3120/3120/3120
f 2688/2688/2688 2709/2709/2709 2746/2746/2746
f 2791/2791/2791 2763/2763/2763 2786/2786/2786
f 3120/3120/3120 3128/3128/3128 3123/3123/3123
f 2839/2839/2839 2846/2846/2846 2861/2861/2861
f 2795/2795/2795 2821/2821/2821 2810/2810/2810
f 3134/3134/3134 3130/3130/3130 3124/3124/3124
f 3129/3129/3129 3132/3132/3132 3100/3100/3100
f 3132/3132/3132 3124/3124/3124 3100/3100/3100
f 2987/2987/2987 3034/3034/3034 3029/3029/3029
f 2949/2949/2949 2987/2987/2987 3029/3029/3029
f 3132/3132/3132 3134/3134/3134 3124/3124/3124
f 3135/3135/3135 3128/3128/3128 3134/3134/3134
f 3128/3128/3128 3135/3135/3135 3123/3123/3123
f 2821/2821/2821 2795/2795/2795 2782/2782/2782
f 3130/3130/3130 3134/3134/3134 3128/3128/3128
f 3133/3133/3133 3123/3123/3123 3135/3135/3135
f 3133/3133/3133 3131/3131/3131 3123/3123/3123
f 2776/2776/2776 2759/2759/2759 2746/2746/2746
f 2711/2711/2711 2731/2731/2731 2675/2675/2675
f 2618/2618/2618 2615/2615/2615 2675/2675/2675
f 2548/2548/2548 2575/2575/2575 2574/2574/2574
f 2675/2675/2675 2661/2661/2661 2711/2711/2711
f 2615/2615/2615 2661/2661/2661 2675/2675/2675
f 2731/2731/2731 2711/2711/2711 2745/2745/2745
f 2825/2825/2825 2809/2809/2809 2812/2812/2812
f 2832/2832/2832 2825/2825/2825 2812/2812/2812
f 2817/2817/2817 2813/2813/2813 2835/2835/2835
f 2540/2540/2540 2548/2548/2548 2574/2574/2574
f 2575/2575/2575 2615/2615/2615 2618/2618/2618
f 2574/2574/2574 2575/2575/2575 2618/2618/2618
f 2639/2639/2639 2660/2660/2660 2710/2710/2710
f 2745/2745/2745 2762/2762/2762 2731/2731/2731
f 2566/2566/2566 2564/2564/2564 2611/2611/2611
f 2611/2611/2611 2601/2601/2601 2566/2566/2566
f 2782/2782/2782 2759/2759/2759 2776/2776/2776
f 2746/2746/2746 2739/2739/2739 2688/2688/2688
f 2759/2759/2759 2739/2739/2739 2746/2746/2746
f 2710/2710/2710 2688/2688/2688 2639/2639/2639
f 3097/3097/3097 3127/3127/3127 3061/3061/3061
f 2660/2660/2660 2639/2639/2639 2611/2611/2611
f 2548/2548/2548 2540/2540/2540 2564/2564/2564
f 2564/2564/2564 2566/2566/2566 2548/2548/2548
f 2639/2639/2639 2601/2601/2601 2611/2611/2611
f 3038/3038/3038 3052/3052/3052 3013/3013/3013
f 2815/2815/2815 2781/2781/2781 2771/2771/2771
f 2815/2815/2815 2796/2796/2796 2781/2781/2781
f 2771/2771/2771 2792/2792/2792 2815/2815/2815
f 2771/2771/2771 2762/2762/2762 2791/2791/2791
f 3031/3031/3031 3008/3008/3008 2936/2936/2936
f 2819/2819/2819 2805/2805/2805 2815/2815/2815
f 2819/2819/2819 2815/2815/2815 2837/2837/2837
f 3123/3123/3123 3115/3115/3115 3112/3112/3112
f 2815/2815/2815 2805/2805/2805 2796/2796/2796
f 2834/2834/2834 2819/2819/2819 2837/2837/2837
f 2851/2851/2851 2834/2834/2834 2837/2837/2837
f 3031/3031/3031 3013/3013/3013 3052/3052/3052
f 2822/2822/2822 2918/2918/2918 2811/2811/2811
f 2851/2851/2851 2936/2936/2936 2887/2887/2887
f 2887/2887/2887 2831/2831/2831 2834/2834/2834
f 2918/2918/2918 2977/2977/2977 2811/2811/2811
f 2811/2811/2811 2977/2977/2977 2837/2837/2837
f 2816/2816/2816 2793/2793/2793 2811/2811/2811
f 3031/3031/3031 2936/2936/2936 3013/3013/3013
f 2921/2921/2921 2851/2851/2851 2837/2837/2837
f 2936/2936/2936 2851/2851/2851 2921/2921/2921
f 2918/2918/2918 2822/2822/2822 2906/2906/2906
f 2831/2831/2831 2820/2820/2820 2834/2834/2834
f 2936/2936/2936 2921/2921/2921 3013/3013/3013
f 2977/2977/2977 3056/3056/3056 3013/3013/3013
f 3047/3047/3047 2906/2906/2906 3066/3066/3066
f 3129/3129/3129 3100/3100/3100 3052/3052/3052
f 3127/3127/3127 3098/3098/3098 3131/3131/3131
f 2906/2906/2906 3047/3047/3047 2918/2918/2918
f 3046/3046/3046 2918/2918/2918 3047/3047/3047
f 2963/2963/2963 3066/3066/3066 2906/2906/2906
f 3029/3029/3029 3034/3034/3034 3070/3070/3070
f 2919/2919/2919 2987/2987/2987 2949/2949/2949
f 2861/2861/2861 2919/2919/2919 2949/2949/2949
f 3070/3070/3070 3065/3065/3065 3029/3029/3029
f 3131/3131/3131 3115/3115/3115 3123/3123/3123
f 3115/3115/3115 3131/3131/3131 3098/3098/3098
f 3066/3066/3066 2963/2963/2963 3027/3027/3027
f 3013/3013/3013 3084/3084/3084 3038/3038/3038
f 3119/3119/3119 3052/3052/3052 3103/3103/3103
f 3119/3119/3119 3129/3129/3129 3052/3052/3052
f 3084/3084/3084 3013/3013/3013 3056/3056/3056
f 2918/2918/2918 3046/3046/3046 2977/2977/2977
f 3056/3056/3056 2977/2977/2977 3046/3046/3046
f 3095/3095/3095 3066/3066/3066 3027/3027/3027
f 3118/3118/3118 3061/3061/3061 3127/3127/3127
f 3118/3118/3118 3095/3095/3095 3061/3061/3061
f 3103/3103/3103 3038/3038/3038 3084/3084/3084
f 3038/3038/3038 3103/3103/3103 3052/3052/3052
f 3095/3095/3095 3027/3027/3027 3061/3061/3061
f 2802/2802/2802 2813/2813/2813 2817/2817/2817
f 2649/2649/2649 2629/2629/2629 2608/2608/2608
f 2629/2629/2629 2649/2649/2649 2662/2662/2662
f 2369/2369/2369 2507/2507/2507 2520/2520/2520
f 2629/2629/2629 2597/2597/2597 2608/2608/2608
f 2662/2662/2662 2641/2641/2641 2629/2629/2629
f 2641/2641/2641 2662/2662/2662 2659/2659/2659
f 2339/2339/2339 2343/2343/2343 2322/2322/2322
f 2364/2364/2364 2366/2366/2366 2505/2505/2505
f 2584/2584/2584 2608/2608/2608 2505/2505/2505
f 2343/2343/2343 2339/2339/2339 2366/2366/2366
f 2366/2366/2366 2364/2364/2364 2343/2343/2343
f 2343/2343/2343 2327/2327/2327 2322/2322/2322
f 2495/2495/2495 2478/2478/2478 2364/2364/2364
f 2648/2648/2648 2643/2643/2643 2659/2659/2659
f 2657/2657/2657 2634/2634/2634 2664/2664/2664
f 2603/2603/2603 2612/2612/2612 2520/2520/2520
f 2664/2664/2664 2648/2648/2648 2659/2659/2659
f 2634/2634/2634 2648/2648/2648 2664/2664/2664
f 2659/2659/2659 2643/2643/2643 2641/2641/2641
f 2495/2495/2495 2505/2505/2505 2608/2608/2608
f 2608/2608/2608 2597/2597/2597 2495/2495/2495
f 2478/2478/2478 2420/2420/2420 2364/2364/2364
f 2520/2520/2520 2507/2507/2507 2603/2603/2603
f 2635/2635/2635 2658/2658/2658 2612/2612/2612
f 2612/2612/2612 2603/2603/2603 2635/2635/2635
f 2608/2608/2608 2584/2584/2584 2619/2619/2619
f 2647/2647/2647 2562/2562/2562 2644/2644/2644
f 2552/2552/2552 2562/2562/2562 2647/2647/2647
f 2644/2644/2644 2560/2560/2560 2558/2558/2558
f 2528/2528/2528 2597/2597/2597 2630/2630/2630
f 2630/2630/2630 2547/2547/2547 2528/2528/2528
f 2558/2558/2558 2642/2642/2642 2644/2644/2644
f 2467/2467/2467 2446/2446/2446 2469/2469/2469
f 2457/2457/2457 2446/2446/2446 2467/2467/2467
f 2408/2408/2408 2447/2447/2447 2414/2414/2414
f 2562/2562/2562 2560/2560/2560 2644/2644/2644
f 2441/2441/2441 2446/2446/2446 2457/2457/2457
f 2414/2414/2414 2447/2447/2447 2440/2440/2440
f 2642/2642/2642 2558/2558/2558 2547/2547/2547
f 2345/2345/2345 2341/2341/2341 2323/2323/2323
f 2371/2371/2371 2369/2369/2369 2520/2520/2520
f 2346/2346/2346 2369/2369/2369 2371/2371/2371
f 2505/2505/2505 2495/2495/2495 2364/2364/2364
f 2505/2505/2505 2518/2518/2518 2584/2584/2584
f 2340/2340/2340 2346/2346/2346 2371/2371/2371
f 2329/2329/2329 2323/2323/2323 2321/2321/2321
f 2321/2321/2321 2325/2325/2325 2329/2329/2329
f 2547/2547/2547 2630/2630/2630 2642/2642/2642
f 2323/2323/2323 2329/2329/2329 2345/2345/2345
f 2327/2327/2327 2325/2325/2325 2321/2321/2321
f 2322/2322/2322 2327/2327/2327 2321/2321/2321
f 2777/2777/2777 3369/3369/3369 2812/2812/2812
f 2778/2778/2778 2747/2747/2747 3364/3364/3364
f 2746/2746/2746 2709/2709/2709 2772/2772/2772
f 2812/2812/2812 2809/2809/2809 2777/2777/2777
f 3369/3369/3369 2777/2777/2777 2785/2785/2785
f 2822/2822/2822 2836/2836/2836 2862/2862/2862
f 2836/2836/2836 2847/2847/2847 3389/3389/3389
f 3389/3389/3389 2862/2862/2862 2836/2836/2836
f 2832/2832/2832 2847/2847/2847 2836/2836/2836
f 2705/2705/2705 2773/2773/2773 2710/2710/2710
f 2785/2785/2785 2777/2777/2777 3365/3365/3365
f 3366/3366/3366 2748/2748/2748 2774/2774/2774
f 3388/3388/3388 2861/2861/2861 2949/2949/2949
f 2798/2798/2798 2758/2758/2758 2803/2803/2803
f 3029/3029/3029 3065/3065/3065 3011/3011/3011
f 3398/3398/3398 3030/3030/3030 3012/3012/3012
f 2827/2827/2827 2839/2839/2839 2835/2835/2835
f 2814/2814/2814 2827/2827/2827 2835/2835/2835
f 2803/2803/2803 2818/2818/2818 2798/2798/2798
f 3388/3388/3388 2835/2835/2835 2839/2839/2839
f 2861/2861/2861 3388/3388/3388 2839/2839/2839
f 2950/2950/2950 3398/3398/3398 3388/3388/3388
f 3112/3112/3112 3412/3412/3412 3012/3012/3012
f 3064/3064/3064 3112/3112/3112 3012/3012/3012
f 2949/2949/2949 3029/3029/3029 3399/3399/3399
f 2825/2825/2825 2832/2832/2832 2836/2836/2836
f 2779/2779/2779 2744/2744/2744 2798/2798/2798
f 2705/2705/2705 2729/2729/2729 2773/2773/2773
f 2773/2773/2773 2729/2729/2729 2779/2779/2779
f 3062/3062/3062 3028/3028/3028 2995/2995/2995
f 3099/3099/3099 3063/3063/3063 3409/3409/3409
f 2729/2729/2729 2744/2744/2744 2779/2779/2779
f 2726/2726/2726 2758/2758/2758 2744/2744/2744
f 2726/2726/2726 2744/2744/2744 2729/2729/2729
f 2919/2919/2919 2861/2861/2861 2845/2845/2845
f 2744/2744/2744 2758/2758/2758 2798/2798/2798
f 2705/2705/2705 2660/2660/2660 2726/2726/2726
f 2726/2726/2726 2729/2729/2729 2705/2705/2705
f 3112/3112/3112 3098/3098/3098 3412/3412/3412
f 2907/2907/2907 2862/2862/2862 3389/3389/3389
f 2822/2822/2822 2809/2809/2809 2825/2825/2825
f 2660/2660/2660 2705/2705/2705 2710/2710/2710
f 3390/3390/3390 3395/3395/3395 2908/2908/2908
f 2822/2822/2822 2825/2825/2825 2836/2836/2836
f 2862/2862/2862 2906/2906/2906 2822/2822/2822
f 3402/3402/3402 2964/2964/2964 3395/3395/3395
f 2996/2996/2996 3409/3409/3409 3063/3063/3063
f 3412/3412/3412 3098/3098/3098 3410/3410/3410
f 3028/3028/3028 2964/2964/2964 3402/3402/3402
f 2995/2995/2995 3028/3028/3028 3402/3402/3402
f 2964/2964/2964 2908/2908/2908 3395/3395/3395
f 2837/2837/2837 2816/2816/2816 2811/2811/2811
f 3229/3229/3229 3186/3186/3186 3192/3192/3192
f 3219/3219/3219 3209/3209/3209 3180/3180/3180
f 3206/3206/3206 3171/3171/3171 3174/3174/3174
f 3229/3229/3229 3219/3219/3219 3186/3186/3186
f 3219/3219/3219 3180/3180/3180 3186/3186/3186
f 3238/3238/3238 3229/3229/3229 3192/3192/3192
f 3324/3324/3324 3259/3259/3259 3285/3285/3285
f 3259/3259/3259 3324/3324/3324 3260/3260/3260
f 3285/3285/3285 3255/3255/3255 3239/3239/3239
f 3171/3171/3171 3206/3206/3206 3169/3169/3169
f 3209/3209/3209 3174/3174/3174 3180/3180/3180
f 3209/3209/3209 3206/3206/3206 3174/3174/3174
f 3195/3195/3195 3189/3189/3189 3193/3193/3193
f 3188/3188/3188 3196/3196/3196 3184/3184/3184
f 3187/3187/3187 3178/3178/3178 3168/3168/3168
f 3187/3187/3187 3193/3193/3193 3178/3178/3178
f 3192/3192/3192 3184/3184/3184 3196/3196/3196
f 3184/3184/3184 3173/3173/3173 3167/3167/3167
f 3196/3196/3196 3188/3188/3188 3190/3190/3190
f 3189/3189/3189 3195/3195/3195 3191/3191/3191
f 3197/3197/3197 3191/3191/3191 3195/3195/3195
f 3185/3185/3185 3193/3193/3193 3189/3189/3189
f 3183/3183/3183 3168/3168/3168 3177/3177/3177
f 3183/3183/3183 3187/3187/3187 3168/3168/3168
f 3193/3193/3193 3185/3185/3185 3178/3178/3178
f 3255/3255/3255 3285/3285/3285 3259/3259/3259
f 3207/3207/3207 3177/3177/3177 3201/3201/3201
f 3169/3169/3169 3200/3200/3200 3172/3172/3172
f 3201/3201/3201 3172/3172/3172 3200/3200/3200
f 3197/3197/3197 3255/3255/3255 3199/3199/3199
f 3259/3259/3259 3199/3199/3199 3255/3255/3255
f 3172/3172/3172 3201/3201/3201 3177/3177/3177
f 3210/3210/3210 3183/3183/3183 3207/3207/3207
f 3210/3210/3210 3221/3221/3221 3183/3183/3183
f 3173/3173/3173 3160/3160/3160 3167/3167/3167
f 3177/3177/3177 3207/3207/3207 3183/3183/3183
f 3221/3221/3221 3187/3187/3187 3183/3183/3183
f 3221/3221/3221 3232/3232/3232 3187/3187/3187
f 3260/3260/3260 3198/3198/3198 3259/3259/3259
f 3329/3329/3329 3300/3300/3300 3260/3260/3260
f 3300/3300/3300 3256/3256/3256 3260/3260/3260
f 3200/3200/3200 3169/3169/3169 3206/3206/3206
f 3329/3329/3329 3260/3260/3260 3324/3324/3324
f 3300/3300/3300 3273/3273/3273 3256/3256/3256
f 3273/3273/3273 3238/3238/3238 3256/3256/3256
f 3232/3232/3232 3239/3239/3239 3193/3193/3193
f 3255/3255/3255 3197/3197/3197 3195/3195/3195
f 3199/3199/3199 3259/3259/3259 3198/3198/3198
f 3239/3239/3239 3195/3195/3195 3193/3193/3193
f 3239/3239/3239 3255/3255/3255 3195/3195/3195
f 3232/3232/3232 3193/3193/3193 3187/3187/3187
f 2892/2892/2892 2868/2868/2868 2903/2903/2903
f 2930/2930/2930 2894/2894/2894 2888/2888/2888
f 2916/2916/2916 2930/2930/2930 2888/2888/2888
f 2976/2976/2976 2972/2972/2972 2903/2903/2903
f 2884/2884/2884 2869/2869/2869 2893/2893/2893
f 2960/2960/2960 2903/2903/2903 2972/2972/2972
f 2947/2947/2947 2959/2959/2959 2905/2905/2905
f 2971/2971/2971 2905/2905/2905 2959/2959/2959
f 2931/2931/2931 2947/2947/2947 2900/2900/2900
f 2917/2917/2917 2888/2888/2888 2884/2884/2884
f 2909/2909/2909 2917/2917/2917 2884/2884/2884
f 2900/2900/2900 2895/2895/2895 2931/2931/2931
f 2971/2971/2971 2973/2973/2973 2910/2910/2910
f 2990/2990/2990 2994/2994/2994 2973/2973/2973
f 2997/2997/2997 2972/2972/2972 2976/2976/2976
f 2997/2997/2997 2991/2991/2991 2972/2972/2972
f 2999/2999/2999 2976/2976/2976 2973/2973/2973
f 2994/2994/2994 2999/2999/2999 2973/2973/2973
f 2973/2973/2973 2971/2971/2971 2990/2990/2990
f 2976/2976/2976 2910/2910/2910 2973/2973/2973
f 2903/2903/2903 2910/2910/2910 2976/2976/2976
f 2910/2910/2910 2905/2905/2905 2971/2971/2971
f 2892/2892/2892 2903/2903/2903 2960/2960/2960
f 2999/2999/2999 2997/2997/2997 2976/2976/2976
f 2991/2991/2991 2960/2960/2960 2972/2972/2972
f 2905/2905/2905 2900/2900/2900 2947/2947/2947
f 3166/3166/3166 3180/3180/3180 3157/3157/3157
f 3186/3186/3186 3173/3173/3173 3184/3184/3184
f 3186/3186/3186 3180/3180/3180 3173/3173/3173
f 3256/3256/3256 3196/3196/3196 3260/3260/3260
f 3192/3192/3192 3186/3186/3186 3184/3184/3184
f 3180/3180/3180 3166/3166/3166 3173/3173/3173
f 3191/3191/3191 3197/3197/3197 3194/3194/3194
f 3199/3199/3199 3194/3194/3194 3197/3197/3197
f 3198/3198/3198 3196/3196/3196 3190/3190/3190
f 3161/3161/3161 3177/3177/3177 3168/3168/3168
f 3199/3199/3199 3198/3198/3198 3194/3194/3194
f 3198/3198/3198 3190/3190/3190 3194/3194/3194
f 3198/3198/3198 3260/3260/3260 3196/3196/3196
f 3174/3174/3174 3157/3157/3157 3180/3180/3180
f 3157/3157/3157 3174/3174/3174 3153/3153/3153
f 3169/3169/3169 3152/3152/3152 3171/3171/3171
f 3056/3056/3056 3138/3138/3138 3084/3084/3084
f 3171/3171/3171 3153/3153/3153 3174/3174/3174
f 3153/3153/3153 3171/3171/3171 3152/3152/3152
f 3172/3172/3172 3156/3156/3156 3169/3169/3169
f 3196/3196/3196 3256/3256/3256 3192/3192/3192
f 3238/3238/3238 3192/3192/3192 3256/3256/3256
f 3156/3156/3156 3172/3172/3172 3161/3161/3161
f 3177/3177/3177 3161/3161/3161 3172/3172/3172
f 3152/3152/3152 3169/3169/3169 3156/3156/3156
f 3149/3149/3149 3164/3164/3164 3155/3155/3155
f 3176/3176/3176 3189/3189/3189 3181/3181/3181
f 3194/3194/3194 3182/3182/3182 3191/3191/3191
f 3179/3179/3179 3190/3190/3190 3175/3175/3175
f 3191/3191/3191 3181/3181/3181 3189/3189/3189
f 3181/3181/3181 3191/3191/3191 3182/3182/3182
f 3189/3189/3189 3176/3176/3176 3185/3185/3185
f 2637/2637/2637 2666/2666/2666 2614/2614/2614
f 2725/2725/2725 2618/2618/2618 2675/2675/2675
f 2675/2675/2675 2757/2757/2757 2725/2725/2725
f 3188/3188/3188 3175/3175/3175 3190/3190/3190
f 3182/3182/3182 3194/3194/3194 3179/3179/3179
f 3190/3190/3190 3179/3179/3179 3194/3194/3194
f 3150/3150/3150 3146/3146/3146 3141/3141/3141
f 3170/3170/3170 3185/3185/3185 3176/3176/3176
f 3167/3167/3167 3160/3160/3160 3151/3151/3151
f 3160/3160/3160 3147/3147/3147 3151/3151/3151
f 3142/3142/3142 3152/3152/3152 3145/3145/3145
f 3153/3153/3153 3143/3143/3143 3146/3146/3146
f 3143/3143/3143 3153/3153/3153 3142/3142/3142
f 3146/3146/3146 3139/3139/3139 3141/3141/3141
f 3146/3146/3146 3143/3143/3143 3139/3139/3139
f 3150/3150/3150 3141/3141/3141 3160/3160/3160
f 3175/3175/3175 3188/3188/3188 3167/3167/3167
f 3184/3184/3184 3167/3167/3167 3188/3188/3188
f 3147/3147/3147 3160/3160/3160 3141/3141/3141
f 2564/2564/2564 2540/2540/2540 2654/2654/2654
f 3058/3058/3058 3008/3008/3008 3031/3031/3031
f 2843/2843/2843 2831/2831/2831 2887/2887/2887
f 2834/2834/2834 2851/2851/2851 2887/2887/2887
f 2611/2611/2611 2726/2726/2726 2660/2660/2660
f 2611/2611/2611 2564/2564/2564 2673/2673/2673
f 2977/2977/2977 2921/2921/2921 2837/2837/2837
f 3101/3101/3101 3112/3112/3112 3064/3064/3064
f 3105/3105/3105 3058/3058/3058 3100/3100/3100
f 3105/3105/3105 3100/3100/3100 3124/3124/3124
f 3031/3031/3031 3052/3052/3052 3058/3058/3058
f 3058/3058/3058 3052/3052/3052 3100/3100/3100
f 3115/3115/3115 3098/3098/3098 3112/3112/3112
f 2757/2757/2757 2675/2675/2675 2731/2731/2731
f 2977/2977/2977 3013/3013/3013 2921/2921/2921
f 2618/2618/2618 2725/2725/2725 2574/2574/2574
f 2672/2672/2672 2654/2654/2654 2540/2540/2540
f 2673/2673/2673 2564/2564/2564 2654/2654/2654
f 2725/2725/2725 2672/2672/2672 2574/2574/2574
f 2574/2574/2574 2672/2672/2672 2540/2540/2540
f 2781/2781/2781 2796/2796/2796 2757/2757/2757
f 2771/2771/2771 2781/2781/2781 2731/2731/2731
f 2673/2673/2673 2726/2726/2726 2611/2611/2611
f 2781/2781/2781 2757/2757/2757 2731/2731/2731
f 2731/2731/2731 2762/2762/2762 2771/2771/2771
f 2796/2796/2796 2805/2805/2805 2757/2757/2757
f 3148/3148/3148 3140/3140/3140 3138/3138/3138
f 3182/3182/3182 3165/3165/3165 3181/3181/3181
f 3139/3139/3139 3066/3066/3066 3141/3141/3141
f 3148/3148/3148 3154/3154/3154 3140/3140/3140
f 3154/3154/3154 3144/3144/3144 3140/3140/3140
f 3145/3145/3145 3148/3148/3148 3138/3138/3138
f 3137/3137/3137 3047/3047/3047 3139/3139/3139
f 3046/3046/3046 3136/3136/3136 3056/3056/3056
f 3138/3138/3138 3056/3056/3056 3136/3136/3136
f 3066/3066/3066 3139/3139/3139 3047/3047/3047
f 3141/3141/3141 3095/3095/3095 3147/3147/3147
f 3095/3095/3095 3141/3141/3141 3066/3066/3066
f 3145/3145/3145 3138/3138/3138 3136/3136/3136
f 3170/3170/3170 3176/3176/3176 3155/3155/3155
f 3181/3181/3181 3163/3163/3163 3159/3159/3159
f 3163/3163/3163 3181/3181/3181 3165/3165/3165
f 3170/3170/3170 3155/3155/3155 3164/3164/3164
f 3144/3144/3144 3154/3154/3154 3149/3149/3149
f 3164/3164/3164 3149/3149/3149 3154/3154/3154
f 3142/3142/3142 3145/3145/3145 3136/3136/3136
f 3143/3143/3143 3137/3137/3137 3139/3139/3139
f 3143/3143/3143 3142/3142/3142 3137/3137/3137
f 3176/3176/3176 3159/3159/3159 3155/3155/3155
f 3176/3176/3176 3181/3181/3181 3159/3159/3159
f 3142/3142/3142 3136/3136/3136 3137/3137/3137
f 3047/3047/3047 3137/3137/3137 3046/3046/3046
f 3185/3185/3185 3170/3170/3170 3164/3164/3164
f 3168/3168/3168 3178/3178/3178 3154/3154/3154
f 3178/3178/3178 3164/3164/3164 3154/3154/3154
f 3145/3145/3145 3156/3156/3156 3148/3148/3148
f 3168/3168/3168 3154/3154/3154 3161/3161/3161
f 3178/3178/3178 3185/3185/3185 3164/3164/3164
f 3166/3166/3166 3150/3150/3150 3160/3160/3160
f 3157/3157/3157 3153/3153/3153 3146/3146/3146
f 3152/3152/3152 3142/3142/3142 3153/3153/3153
f 3166/3166/3166 3157/3157/3157 3150/3150/3150
f 3157/3157/3157 3146/3146/3146 3150/3150/3150
f 3173/3173/3173 3166/3166/3166 3160/3160/3160
f 3156/3156/3156 3145/3145/3145 3152/3152/3152
f 3165/3165/3165 3182/3182/3182 3162/3162/3162
f 3179/3179/3179 3162/3162/3162 3182/3182/3182
f 3175/3175/3175 3167/3167/3167 3158/3158/3158
f 3136/3136/3136 3046/3046/3046 3137/3137/3137
f 3162/3162/3162 3179/3179/3179 3158/3158/3158
f 3175/3175/3175 3158/3158/3158 3179/3179/3179
f 3127/3127/3127 3151/3151/3151 3118/3118/3118
f 3161/3161/3161 3148/3148/3148 3156/3156/3156
f 3148/3148/3148 3161/3161/3161 3154/3154/3154
f 3147/3147/3147 3118/3118/3118 3151/3151/3151
f 3118/3118/3118 3147/3147/3147 3095/3095/3095
f 3167/3167/3167 3151/3151/3151 3158/3158/3158
f 3408/3408/3408 3416/3416/3416 3456/3456/3456
f 3408/3408/3408 3456/3456/3456 3448/3448/3448
f 3393/3393/3393 3408/3408/3408 3448/3448/3448
f 3393/3393/3393 3448/3448/3448 3384/3384/3384
f 3394/3394/3394 3426/3426/3426 3386/3386/3386
f 3420/3420/3420 3418/3418/3418 3378/3378/3378
f 3386/3386/3386 3420/3420/3420 3378/3378/3378
f 3378/3378/3378 3418/3418/3418 3416/3416/3416
f 3426/3426/3426 3420/3420/3420 3386/3386/3386
f 3418/3418/3418 3472/3472/3472 3466/3466/3466
f 3421/3421/3421 3423/3423/3423 3383/3383/3383
f 3385/3385/3385 3383/3383/3383 3423/3423/3423
f 3367/3367/3367 3370/3370/3370 3384/3384/3384
f 3416/3416/3416 3466/3466/3466 3456/3456/3456
f 3416/3416/3416 3418/3418/3418 3466/3466/3466
f 3370/3370/3370 3393/3393/3393 3384/3384/3384
f 3373/3373/3373 3397/3397/3397 3375/3375/3375
f 3400/3400/3400 3375/3375/3375 3397/3397/3397
f 3367/3367/3367 3384/3384/3384 3368/3368/3368
f 3392/3392/3392 3371/3371/3371 3387/3387/3387
f 3419/3419/3419 3379/3379/3379 3415/3415/3415
f 3377/3377/3377 3415/3415/3415 3379/3379/3379
f 3371/3371/3371 3392/3392/3392 3373/3373/3373
f 3397/3397/3397 3373/3373/3373 3392/3392/3392
f 3370/3370/3370 3372/3372/3372 3393/3393/3393
f 3374/3374/3374 3416/3416/3416 3408/3408/3408
f 3374/3374/3374 3378/3378/3378 3416/3416/3416
f 3372/3372/3372 3408/3408/3408 3393/3393/3393
f 3368/3368/3368 3387/3387/3387 3371/3371/3371
f 3375/3375/3375 3400/3400/3400 3376/3376/3376
f 3372/3372/3372 3374/3374/3374 3408/3408/3408
f 3387/3387/3387 3368/3368/3368 3384/3384/3384
f 3424/3424/3424 3430/3430/3430 3428/3428/3428
f 3431/3431/3431 3495/3495/3495 3491/3491/3491
f 3485/3485/3485 3427/3427/3427 3423/3423/3423
f 3427/3427/3427 3430/3430/3430 3424/3424/3424
f 3431/3431/3431 3428/3428/3428 3495/3495/3495
f 3438/3438/3438 3384/3384/3384 3448/3448/3448
f 3429/3429/3429 3431/3431/3431 3491/3491/3491
f 3493/3493/3493 3495/3495/3495 3428/3428/3428
f 3429/3429/3429 3491/3491/3491 3488/3488/3488
f 3426/3426/3426 3429/3429/3429 3488/3488/3488
f 3426/3426/3426 3488/3488/3488 3480/3480/3480
f 3420/3420/3420 3426/3426/3426 3480/3480/3480
f 3423/3423/3423 3427/3427/3427 3424/3424/3424
f 3430/3430/3430 3493/3493/3493 3428/3428/3428
f 3420/3420/3420 3480/3480/3480 3472/3472/3472
f 3418/3418/3418 3420/3420/3420 3472/3472/3472
f 3381/3381/3381 3380/3380/3380 3421/3421/3421
f 3477/3477/3477 3419/3419/3419 3417/3417/3417
f 3406/3406/3406 3431/3431/3431 3403/3403/3403
f 3419/3419/3419 3421/3421/3421 3380/3380/3380
f 3391/3391/3391 3385/3385/3385 3423/3423/3423
f 3423/3423/3423 3424/3424/3424 3391/3391/3391
f 3379/3379/3379 3419/3419/3419 3380/3380/3380
f 3383/3383/3383 3381/3381/3381 3421/3421/3421
f 3396/3396/3396 3391/3391/3391 3424/3424/3424
f 3424/3424/3424 3428/3428/3428 3396/3396/3396
f 3404/3404/3404 3396/3396/3396 3428/3428/3428
f 3428/3428/3428 3431/3431/3431 3404/3404/3404
f 3403/3403/3403 3429/3429/3429 3394/3394/3394
f 3431/3431/3431 3429/3429/3429 3403/3403/3403
f 3406/3406/3406 3404/3404/3404 3431/3431/3431
f 3429/3429/3429 3426/3426/3426 3394/3394/3394
f 3405/3405/3405 3376/3376/3376 3400/3400/3400
f 2780/2780/2780 3370/3370/3370 3367/3367/3367
f 3402/3402/3402 3395/3395/3395 3391/3391/3391
f 2775/2775/2775 2780/2780/2780 3367/3367/3367
f 2780/2780/2780 2799/2799/2799 3370/3370/3370
f 3377/3377/3377 2832/2832/2832 3376/3376/3376
f 3379/3379/3379 3380/3380/3380 2847/2847/2847
f 3379/3379/3379 2847/2847/2847 3377/3377/3377
f 2832/2832/2832 3377/3377/3377 2847/2847/2847
f 3404/3404/3404 3406/3406/3406 3411/3411/3411
f 3412/3412/3412 3406/3406/3406 3012/3012/3012
f 3391/3391/3391 3396/3396/3396 3402/3402/3402
f 2995/2995/2995 3402/3402/3402 3396/3396/3396
f 3406/3406/3406 3403/3403/3403 3012/3012/3012
f 2799/2799/2799 3372/3372/3372 3370/3370/3370
f 3403/3403/3403 3394/3394/3394 3398/3398/3398
f 3413/3413/3413 3411/3411/3411 3406/3406/3406
f 2812/2812/2812 3376/3376/3376 2832/2832/2832
f 3368/3368/3368 3365/3365/3365 3367/3367/3367
f 3376/3376/3376 2812/2812/2812 3375/3375/3375
f 2775/2775/2775 3367/3367/3367 3365/3365/3365
f 3365/3365/3365 3368/3368/3368 2785/2785/2785
f 3371/3371/3371 2785/2785/2785 3368/3368/3368
f 2785/2785/2785 3371/3371/3371 3369/3369/3369
f 3373/3373/3373 3369/3369/3369 3371/3371/3371
f 3375/3375/3375 2812/2812/2812 3373/3373/3373
f 3389/3389/3389 2847/2847/2847 3381/3381/3381
f 3380/3380/3380 3381/3381/3381 2847/2847/2847
f 3369/3369/3369 3373/3373/3373 2812/2812/2812
f 3381/3381/3381 3383/3383/3383 3390/3390/3390
f 3383/3383/3383 3385/3385/3385 3390/3390/3390
f 3395/3395/3395 3390/3390/3390 3385/3385/3385
f 3385/3385/3385 3391/3391/3391 3395/3395/3395
f 3421/3421/3421 3425/3425/3425 3423/3423/3423
f 3425/3425/3425 3421/3421/3421 3422/3422/3422
f 3422/3422/3422 3421/3421/3421 3419/3419/3419
f 3477/3477/3477 3422/3422/3422 3419/3419/3419
f 3384/3384/3384 3438/3438/3438 3387/3387/3387
f 3382/3382/3382 3444/3444/3444 3392/3392/3392
f 3387/3387/3387 3382/3382/3382 3392/3392/3392
f 3444/3444/3444 3451/3451/3451 3392/3392/3392
f 3438/3438/3438 3382/3382/3382 3387/3387/3387
f 3414/3414/3414 3417/3417/3417 3415/3415/3415
f 3415/3415/3415 3377/3377/3377 3405/3405/3405
f 3376/3376/3376 3405/3405/3405 3377/3377/3377
f 3405/3405/3405 3407/3407/3407 3415/3415/3415
f 3485/3485/3485 3423/3423/3423 3425/3425/3425
f 3419/3419/3419 3415/3415/3415 3417/3417/3417
f 3407/3407/3407 3414/3414/3414 3415/3415/3415
f 2817/2817/2817 3374/3374/3374 3372/3372/3372
f 2799/2799/2799 2817/2817/2817 3372/3372/3372
f 3394/3394/3394 3386/3386/3386 3388/3388/3388
f 3388/3388/3388 3386/3386/3386 2835/2835/2835
f 3396/3396/3396 3404/3404/3404 2995/2995/2995
f 3411/3411/3411 2995/2995/2995 3404/3404/3404
f 2835/2835/2835 3378/3378/3378 3374/3374/3374
f 2817/2817/2817 2835/2835/2835 3374/3374/3374
f 3401/3401/3401 3407/3407/3407 3405/3405/3405
f 3397/3397/3397 3451/3451/3451 3400/3400/3400
f 3397/3397/3397 3392/3392/3392 3451/3451/3451
f 3405/3405/3405 3400/3400/3400 3401/3401/3401
f 3386/3386/3386 3378/3378/3378 2835/2835/2835
f 3012/3012/3012 3403/3403/3403 3398/3398/3398
f 3451/3451/3451 3401/3401/3401 3400/3400/3400
f 3398/3398/3398 3394/3394/3394 3388/3388/3388
f 3440/3440/3440 3439/3439/3439 3434/3434/3434
f 3500/3500/3500 3496/3496/3496 3504/3504/3504
f 3509/3509/3509 3513/3513/3513 3504/3504/3504
f 3510/3510/3510 3504/3504/3504 3513/3513/3513
f 3504/3504/3504 3510/3510/3510 3500/3500/3500
f 3502/3502/3502 3500/3500/3500 3510/3510/3510
f 3496/3496/3496 3500/3500/3500 3485/3485/3485
f 3427/3427/3427 3485/3485/3485 3500/3500/3500
f 3500/3500/3500 3502/3502/3502 3427/3427/3427
f 3493/3493/3493 3430/3430/3430 3507/3507/3507
f 3510/3510/3510 3511/3511/3511 3507/3507/3507
f 3430/3430/3430 3427/3427/3427 3502/3502/3502
f 3476/3476/3476 110/110/110 3467/3467/3467
f 3511/3511/3511 3510/3510/3510 3513/3513/3513
f 3507/3507/3507 3502/3502/3502 3510/3510/3510
f 3495/3495/3495 3493/3493/3493 3506/3506/3506
f 3502/3502/3502 3507/3507/3507 3430/3430/3430
f 3506/3506/3506 3507/3507/3507 3511/3511/3511
f 3507/3507/3507 3506/3506/3506 3493/3493/3493
f 3495/3495/3495 3506/3506/3506 3501/3501/3501
f 3491/3491/3491 3501/3501/3501 3492/3492/3492
f 3480/3480/3480 3488/3488/3488 3481/3481/3481
f 3488/3488/3488 3492/3492/3492 3481/3481/3481
f 3491/3491/3491 3495/3495/3495 3501/3501/3501
f 3506/3506/3506 3511/3511/3511 3505/3505/3505
f 3472/3472/3472 3480/3480/3480 3473/3473/3473
f 3484/3484/3484 3422/3422/3422 3477/3477/3477
f 3501/3501/3501 3506/3506/3506 3505/3505/3505
f 3480/3480/3480 3481/3481/3481 3473/3473/3473
f 3488/3488/3488 3491/3491/3491 3492/3492/3492
f 3501/3501/3501 3505/3505/3505 3497/3497/3497
f 3492/3492/3492 3501/3501/3501 3497/3497/3497
f 3511/3511/3511 3513/3513/3513 3508/3508/3508
f 3505/3505/3505 3511/3511/3511 3508/3508/3508
f 3497/3497/3497 3505/3505/3505 3508/3508/3508
f 3492/3492/3492 3497/3497/3497 3483/3483/3483
f 3481/3481/3481 3492/3492/3492 3483/3483/3483
f 3481/3481/3481 3483/3483/3483 3471/3471/3471
f 3473/3473/3473 3481/3481/3481 3471/3471/3471
f 3460/3460/3460 3467/3467/3467 3447/3447/3447
f 3470/3470/3470 3457/3457/3457 3475/3475/3475
f 3475/3475/3475 3503/3503/3503 3482/3482/3482
f 3457/3457/3457 3442/3442/3442 3436/3436/3436
f 104/104/104 120/120/120 3436/3436/3436
f 3470/3470/3470 3475/3475/3475 3482/3482/3482
f 3517/3517/3517 3513/3513/3513 3509/3509/3509
f 3498/3498/3498 3514/3514/3514 3515/3515/3515
f 119/119/119 3512/3512/3512 3503/3503/3503
f 3475/3475/3475 119/119/119 3503/3503/3503
f 3436/3436/3436 3475/3475/3475 3457/3457/3457
f 3503/3503/3503 3512/3512/3512 3516/3516/3516
f 3503/3503/3503 3516/3516/3516 3509/3509/3509
f 3446/3446/3446 3437/3437/3437 3450/3450/3450
f 3452/3452/3452 3446/3446/3446 3450/3450/3450
f 3482/3482/3482 3503/3503/3503 3509/3509/3509
f 3517/3517/3517 3514/3514/3514 3513/3513/3513
f 3475/3475/3475 3436/3436/3436 120/120/120
f 3518/3518/3518 3517/3517/3517 3516/3516/3516
f 3517/3517/3517 3518/3518/3518 3514/3514/3514
f 3514/3514/3514 3499/3499/3499 3508/3508/3508
f 104/104/104 3459/3459/3459 3465/3465/3465
f 3499/3499/3499 3467/3467/3467 3474/3474/3474
f 3459/3459/3459 3436/3436/3436 3443/3443/3443
f 3439/3439/3439 3459/3459/3459 3443/3443/3443
f 3460/3460/3460 3474/3474/3474 3467/3467/3467
f 3445/3445/3445 3467/3467/3467 110/110/110
f 3467/3467/3467 3445/3445/3445 3447/3447/3447
f 3467/3467/3467 3498/3498/3498 3490/3490/3490
f 3490/3490/3490 3476/3476/3476 3467/3467/3467
f 3436/3436/3436 3459/3459/3459 104/104/104
f 3515/3515/3515 3490/3490/3490 3498/3498/3498
f 3487/3487/3487 3508/3508/3508 3499/3499/3499
f 3516/3516/3516 3517/3517/3517 3509/3509/3509
f 3508/3508/3508 3513/3513/3513 3514/3514/3514
f 3474/3474/3474 3487/3487/3487 3499/3499/3499
f 3439/3439/3439 3447/3447/3447 3445/3445/3445
f 3445/3445/3445 3459/3459/3459 3439/3439/3439
f 3465/3465/3465 3445/3445/3445 110/110/110
f 3459/3459/3459 3445/3445/3445 3465/3465/3465
f 3439/3439/3439 3443/3443/3443 3437/3437/3437
f 3434/3434/3434 3439/3439/3439 3437/3437/3437
f 3434/3434/3434 3437/3437/3437 3435/3435/3435
f 3432/3432/3432 3434/3434/3434 3435/3435/3435
f 3433/3433/3433 3432/3432/3432 3382/3382/3382
f 3438/3438/3438 3433/3433/3433 3382/3382/3382
f 3432/3432/3432 3435/3435/3435 3444/3444/3444
f 3382/3382/3382 3432/3432/3432 3444/3444/3444
f 3435/3435/3435 3437/3437/3437 3446/3446/3446
f 3452/3452/3452 3450/3450/3450 3455/3455/3455
f 3443/3443/3443 3458/3458/3458 3450/3450/3450
f 3435/3435/3435 3446/3446/3446 3444/3444/3444
f 3486/3486/3486 3494/3494/3494 3484/3484/3484
f 3437/3437/3437 3443/3443/3443 3450/3450/3450
f 3451/3451/3451 3444/3444/3444 3446/3446/3446
f 3451/3451/3451 3446/3446/3446 3401/3401/3401
f 3450/3450/3450 3454/3454/3454 3455/3455/3455
f 3454/3454/3454 3450/3450/3450 3458/3458/3458
f 3446/3446/3446 3452/3452/3452 3401/3401/3401
f 3452/3452/3452 3455/3455/3455 3407/3407/3407
f 3454/3454/3454 3458/3458/3458 3463/3463/3463
f 3458/3458/3458 3470/3470/3470 3463/3463/3463
f 3455/3455/3455 3454/3454/3454 3462/3462/3462
f 3401/3401/3401 3452/3452/3452 3407/3407/3407
f 3468/3468/3468 3462/3462/3462 3469/3469/3469
f 3463/3463/3463 3469/3469/3469 3462/3462/3462
f 3433/3433/3433 3434/3434/3434 3432/3432/3432
f 3455/3455/3455 3462/3462/3462 3414/3414/3414
f 3469/3469/3469 3463/3463/3463 3470/3470/3470
f 3454/3454/3454 3463/3463/3463 3462/3462/3462
f 3407/3407/3407 3455/3455/3455 3414/3414/3414
f 3462/3462/3462 3468/3468/3468 3414/3414/3414
f 3417/3417/3417 3414/3414/3414 3468/3468/3468
f 3494/3494/3494 3509/3509/3509 3504/3504/3504
f 3509/3509/3509 3494/3494/3494 3482/3482/3482
f 3486/3486/3486 3482/3482/3482 3494/3494/3494
f 3504/3504/3504 3496/3496/3496 3489/3489/3489
f 3494/3494/3494 3504/3504/3504 3489/3489/3489
f 3494/3494/3494 3489/3489/3489 3484/3484/3484
f 3483/3483/3483 3487/3487/3487 3474/3474/3474
f 3479/3479/3479 3486/3486/3486 3478/3478/3478
f 3496/3496/3496 3485/3485/3485 3425/3425/3425
f 3479/3479/3479 3482/3482/3482 3486/3486/3486
f 3482/3482/3482 3479/3479/3479 3470/3470/3470
f 3489/3489/3489 3496/3496/3496 3425/3425/3425
f 3456/3456/3456 3466/3466/3466 3453/3453/3453
f 3449/3449/3449 3461/3461/3461 3447/3447/3447
f 3479/3479/3479 3478/3478/3478 3469/3469/3469
f 3468/3468/3468 3469/3469/3469 3478/3478/3478
f 3486/3486/3486 3484/3484/3484 3478/3478/3478
f 3484/3484/3484 3489/3489/3489 3422/3422/3422
f 3478/3478/3478 3477/3477/3477 3468/3468/3468
f 3478/3478/3478 3484/3484/3484 3477/3477/3477
f 3489/3489/3489 3425/3425/3425 3422/3422/3422
f 3466/3466/3466 3472/3472/3472 3464/3464/3464
f 3472/3472/3472 3473/3473/3473 3464/3464/3464
f 3469/3469/3469 3470/3470/3470 3479/3479/3479
f 3466/3466/3466 3464/3464/3464 3453/3453/3453
f 3417/3417/3417 3468/3468/3468 3477/3477/3477
f 3453/3453/3453 3449/3449/3449 3441/3441/3441
f 3453/3453/3453 3464/3464/3464 3449/3449/3449
f 3471/3471/3471 3474/3474/3474 3460/3460/3460
f 3448/3448/3448 3456/3456/3456 3441/3441/3441
f 3473/3473/3473 3471/3471/3471 3461/3461/3461
f 3464/3464/3464 3473/3473/3473 3461/3461/3461
f 3471/3471/3471 3483/3483/3483 3474/3474/3474
f 3483/3483/3483 3497/3497/3497 3487/3487/3487
f 3464/3464/3464 3461/3461/3461 3449/3449/3449
f 3497/3497/3497 3508/3508/3508 3487/3487/3487
f 3456/3456/3456 3453/3453/3453 3441/3441/3441
f 3440/3440/3440 3441/3441/3441 3449/3449/3449
f 3449/3449/3449 3447/3447/3447 3440/3440/3440
f 3461/3461/3461 3471/3471/3471 3460/3460/3460
f 3461/3461/3461 3460/3460/3460 3447/3447/3447
f 3439/3439/3439 3440/3440/3440 3447/3447/3447
f 3448/3448/3448 3441/3441/3441 3438/3438/3438
f 3433/3433/3433 3438/3438/3438 3441/3441/3441
f 3441/3441/3441 3440/3440/3440 3433/3433/3433
f 3434/3434/3434 3433/3433/3433 3440/3440/3440
f 3520/3520/3520 3531/3531/3531 3526/3526/3526
f 3528/3528/3528 3523/3523/3523 3527/3527/3527
f 3521/3521/3521 3527/3527/3527 3523/3523/3523
f 3542/3542/3542 3528/3528/3528 3539/3539/3539
f 3528/3528/3528 3527/3527/3527 3539/3539/3539
f 3549/3549/3549 3540/3540/3540 3531/3531/3531
f 3526/3526/3526 3531/3531/3531 3540/3540/3540
f 3573/3573/3573 3570/3570/3570 3539/3539/3539
f 3542/3542/3542 3539/3539/3539 3570/3570/3570
f 3579/3579/3579 3574/3574/3574 3549/3549/3549
f 3540/3540/3540 3549/3549/3549 3574/3574/3574
f 3590/3590/3590 3586/3586/3586 3573/3573/3573
f 3570/3570/3570 3573/3573/3573 3586/3586/3586
f 3595/3595/3595 3591/3591/3591 3579/3579/3579
f 3574/3574/3574 3579/3579/3579 3591/3591/3591
f 3591/3591/3591 3595/3595/3595 3609/3609/3609
f 3611/3611/3611 3609/3609/3609 3595/3595/3595
f 3586/3586/3586 3590/3590/3590 3607/3607/3607
f 3590/3590/3590 3610/3610/3610 3607/3607/3607
f 3524/3524/3524 3528/3528/3528 3529/3529/3529
f 3529/3529/3529 3528/3528/3528 3538/3538/3538
f 3559/3559/3559 3538/3538/3538 3542/3542/3542
f 3538/3538/3538 3528/3528/3528 3542/3542/3542
f 3581/3581/3581 3559/3559/3559 3570/3570/3570
f 3559/3559/3559 3542/3542/3542 3570/3570/3570
f 3593/3593/3593 3581/3581/3581 3587/3587/3587
f 3581/3581/3581 3570/3570/3570 3587/3587/3587
f 3587/3587/3587 3608/3608/3608 3593/3593/3593
f 3608/3608/3608 3606/3606/3606 3593/3593/3593
f 3604/3604/3604 3597/3597/3597 3605/3605/3605
f 3604/3604/3604 3585/3585/3585 3597/3597/3597
f 3585/3585/3585 3583/3583/3583 3597/3597/3597
f 3585/3585/3585 3572/3572/3572 3583/3583/3583
f 3572/3572/3572 3567/3567/3567 3583/3583/3583
f 3572/3572/3572 3545/3545/3545 3567/3567/3567
f 3572/3572/3572 3555/3555/3555 3545/3545/3545
f 3556/3556/3556 3553/3553/3553 3546/3546/3546
f 3553/3553/3553 3543/3543/3543 3546/3546/3546
f 3554/3554/3554 3564/3564/3564 3544/3544/3544
f 3564/3564/3564 3551/3551/3551 3544/3544/3544
f 3564/3564/3564 3576/3576/3576 3551/3551/3551
f 3576/3576/3576 3571/3571/3571 3551/3551/3551
f 3576/3576/3576 3588/3588/3588 3571/3571/3571
f 3588/3588/3588 3584/3584/3584 3571/3571/3571
f 3588/3588/3588 3600/3600/3600 3584/3584/3584
f 3600/3600/3600 3599/3599/3599 3584/3584/3584
f 3599/3599/3599 3600/3600/3600 3613/3613/3613
f 3614/3614/3614 3613/3613/3613 3600/3600/3600
f 3605/3605/3605 3597/3597/3597 3603/3603/3603
f 3597/3597/3597 3589/3589/3589 3603/3603/3603
f 3597/3597/3597 3583/3583/3583 3589/3589/3589
f 3583/3583/3583 3578/3578/3578 3589/3589/3589
f 3583/3583/3583 3567/3567/3567 3578/3578/3578
f 3567/3567/3567 3565/3565/3565 3578/3578/3578
f 3567/3567/3567 3547/3547/3547 3565/3565/3565
f 3567/3567/3567 3545/3545/3545 3547/3547/3547
f 3545/3545/3545 3541/3541/3541 3547/3547/3547
f 3545/3545/3545 3534/3534/3534 3541/3541/3541
f 3546/3546/3546 3543/3543/3543 3535/3535/3535
f 3543/3543/3543 3532/3532/3532 3535/3535/3535
f 3544/3544/3544 3551/3551/3551 3533/3533/3533
f 3551/3551/3551 3537/3537/3537 3533/3533/3533
f 3537/3537/3537 3551/3551/3551 3548/3548/3548
f 3571/3571/3571 3548/3548/3548 3551/3551/3551
f 3548/3548/3548 3571/3571/3571 3577/3577/3577
f 3584/3584/3584 3577/3577/3577 3571/3571/3571
f 3584/3584/3584 3599/3599/3599 3577/3577/3577
f 3599/3599/3599 3594/3594/3594 3577/3577/3577
f 3594/3594/3594 3599/3599/3599 3612/3612/3612
f 3613/3613/3613 3612/3612/3612 3599/3599/3599
f 3603/3603/3603 3589/3589/3589 3606/3606/3606
f 3589/3589/3589 3593/3593/3593 3606/3606/3606
f 3593/3593/3593 3589/3589/3589 3581/3581/3581
f 3578/3578/3578 3581/3581/3581 3589/3589/3589
f 3581/3581/3581 3578/3578/3578 3559/3559/3559
f 3565/3565/3565 3559/3559/3559 3578/3578/3578
f 3565/3565/3565 3547/3547/3547 3559/3559/3559
f 3547/3547/3547 3538/3538/3538 3559/3559/3559
f 3547/3547/3547 3541/3541/3541 3538/3538/3538
f 3541/3541/3541 3529/3529/3529 3538/3538/3538
f 3541/3541/3541 3534/3534/3534 3530/3530/3530
f 3536/3536/3536 3524/3524/3524 3529/3529/3529
f 3535/3535/3535 3532/3532/3532 3525/3525/3525
f 3532/3532/3532 3522/3522/3522 3525/3525/3525
f 3533/3533/3533 3537/3537/3537 3520/3520/3520
f 3537/3537/3537 3531/3531/3531 3520/3520/3520
f 3537/3537/3537 3548/3548/3548 3531/3531/3531
f 3548/3548/3548 3549/3549/3549 3531/3531/3531
f 3548/3548/3548 3577/3577/3577 3549/3549/3549
f 3577/3577/3577 3579/3579/3579 3549/3549/3549
f 3577/3577/3577 3594/3594/3594 3579/3579/3579
f 3594/3594/3594 3595/3595/3595 3579/3579/3579
f 3595/3595/3595 3594/3594/3594 3611/3611/3611
f 3612/3612/3612 3611/3611/3611 3594/3594/3594
f 3580/3580/3580 3568/3568/3568 3596/3596/3596
f 3601/3601/3601 3615/3615/3615 3600/3600/3600
f 3614/3614/3614 3600/3600/3600 3615/3615/3615
f 3564/3564/3564 3554/3554/3554 3561/3561/3561
f 3561/3561/3561 3553/3553/3553 3562/3562/3562
f 3556/3556/3556 3562/3562/3562 3553/3553/3553
f 3555/3555/3555 3572/3572/3572 3562/3562/3562
f 3563/3563/3563 3580/3580/3580 3576/3576/3576
f 3564/3564/3564 3563/3563/3563 3576/3576/3576
f 3572/3572/3572 3569/3569/3569 3562/3562/3562
f 3572/3572/3572 3582/3582/3582 3569/3569/3569
f 3582/3582/3582 3572/3572/3572 3585/3585/3585
f 3582/3582/3582 3585/3585/3585 3604/3604/3604
f 3604/3604/3604 3592/3592/3592 3582/3582/3582
f 3563/3563/3563 3568/3568/3568 3580/3580/3580
f 3564/3564/3564 3552/3552/3552 3563/3563/3563
f 3552/3552/3552 3568/3568/3568 3563/3563/3563
f 3561/3561/3561 3552/3552/3552 3564/3564/3564
f 3552/3552/3552 3558/3558/3558 3568/3568/3568
f 3560/3560/3560 3552/3552/3552 3561/3561/3561
f 3562/3562/3562 3560/3560/3560 3561/3561/3561
f 3560/3560/3560 3550/3550/3550 3552/3552/3552
f 118/118/118 3558/3558/3558 3552/3552/3552
f 3550/3550/3550 118/118/118 3552/3552/3552
f 3560/3560/3560 3562/3562/3562 3569/3569/3569
f 3560/3560/3560 3557/3557/3557 3550/3550/3550
f 3569/3569/3569 3566/3566/3566 3560/3560/3560
f 3557/3557/3557 3560/3560/3560 3566/3566/3566
f 118/118/118 3550/3550/3550 3557/3557/3557
f 3566/3566/3566 3569/3569/3569 3582/3582/3582
f 3582/3582/3582 3575/3575/3575 3566/3566/3566
f 3557/3557/3557 3566/3566/3566 3575/3575/3575
f 3575/3575/3575 3582/3582/3582 3592/3592/3592
f 3604/3604/3604 3602/3602/3602 3592/3592/3592
f 3580/3580/3580 3601/3601/3601 3600/3600/3600
f 3588/3588/3588 3580/3580/3580 3600/3600/3600
f 3576/3576/3576 3580/3580/3580 3588/3588/3588
f 3598/3598/3598 165/165/165 3615/3615/3615
f 3615/3615/3615 3596/3596/3596 3598/3598/3598
f 3615/3615/3615 3601/3601/3601 3596/3596/3596
f 3580/3580/3580 3596/3596/3596 3601/3601/3601
f 3681/3681/3681 3690/3690/3690 3685/3685/3685
f 3687/3687/3687 3684/3684/3684 3686/3686/3686
f 3686/3686/3686 3691/3691/3691 3687/3687/3687
f 3684/3684/3684 3670/3670/3670 3672/3672/3672
f 3686/3686/3686 3684/3684/3684 3672/3672/3672
f 3673/3673/3673 3663/3663/3663 3681/3681/3681
f 3681/3681/3681 3685/3685/3685 3673/3673/3673
f 3645/3645/3645 3641/3641/3641 3672/3672/3672
f 3672/3672/3672 3670/3670/3670 3645/3645/3645
f 3642/3642/3642 3637/3637/3637 3663/3663/3663
f 3663/3663/3663 3673/3673/3673 3642/3642/3642
f 3629/3629/3629 3625/3625/3625 3641/3641/3641
f 3641/3641/3641 3645/3645/3645 3629/3629/3629
f 3626/3626/3626 3622/3622/3622 3637/3637/3637
f 3637/3637/3637 3642/3642/3642 3626/3626/3626
f 3622/3622/3622 3626/3626/3626 3609/3609/3609
f 3609/3609/3609 3611/3611/3611 3622/3622/3622
f 3625/3625/3625 3629/3629/3629 3607/3607/3607
f 3610/3610/3610 3625/3625/3625 3607/3607/3607
f 3684/3684/3684 3688/3688/3688 3682/3682/3682
f 3684/3684/3684 3682/3682/3682 3674/3674/3674
f 3674/3674/3674 3655/3655/3655 3670/3670/3670
f 3684/3684/3684 3674/3674/3674 3670/3670/3670
f 3655/3655/3655 3635/3635/3635 3645/3645/3645
f 3670/3670/3670 3655/3655/3655 3645/3645/3645
f 3635/3635/3635 3624/3624/3624 3630/3630/3630
f 3645/3645/3645 3635/3635/3635 3630/3630/3630
f 3608/3608/3608 3630/3630/3630 3624/3624/3624
f 3606/3606/3606 3608/3608/3608 3624/3624/3624
f 3620/3620/3620 3604/3604/3604 3605/3605/3605
f 3631/3631/3631 3604/3604/3604 3620/3620/3620
f 3633/3633/3633 3631/3631/3631 3620/3620/3620
f 3643/3643/3643 3631/3631/3631 3633/3633/3633
f 3647/3647/3647 3643/3643/3643 3633/3633/3633
f 3666/3666/3666 3643/3643/3643 3647/3647/3647
f 3656/3656/3656 3643/3643/3643 3666/3666/3666
f 3658/3658/3658 3657/3657/3657 3667/3667/3667
f 3668/3668/3668 3658/3658/3658 3667/3667/3667
f 3650/3650/3650 3659/3659/3659 3669/3669/3669
f 3661/3661/3661 3650/3650/3650 3669/3669/3669
f 3640/3640/3640 3650/3650/3650 3661/3661/3661
f 3644/3644/3644 3640/3640/3640 3661/3661/3661
f 3628/3628/3628 3640/3640/3640 3644/3644/3644
f 3632/3632/3632 3628/3628/3628 3644/3644/3644
f 3617/3617/3617 3628/3628/3628 3632/3632/3632
f 3618/3618/3618 3617/3617/3617 3632/3632/3632
f 3617/3617/3617 3618/3618/3618 3613/3613/3613
f 3613/3613/3613 3614/3614/3614 3617/3617/3617
f 3620/3620/3620 3605/3605/3605 3603/3603/3603
f 3627/3627/3627 3620/3620/3620 3603/3603/3603
f 3633/3633/3633 3620/3620/3620 3627/3627/3627
f 3638/3638/3638 3633/3633/3633 3627/3627/3627
f 3647/3647/3647 3633/3633/3633 3638/3638/3638
f 3649/3649/3649 3647/3647/3647 3638/3638/3638
f 3665/3665/3665 3647/3647/3647 3649/3649/3649
f 3666/3666/3666 3647/3647/3647 3665/3665/3665
f 3671/3671/3671 3666/3666/3666 3665/3665/3665
f 3676/3676/3676 3666/3666/3666 3671/3671/3671
f 3668/3668/3668 3667/3667/3667 3677/3677/3677
f 3679/3679/3679 3668/3668/3668 3677/3677/3677
f 3661/3661/3661 3669/3669/3669 3680/3680/3680
f 3675/3675/3675 3661/3661/3661 3680/3680/3680
f 3661/3661/3661 3675/3675/3675 3664/3664/3664
f 3664/3664/3664 3644/3644/3644 3661/3661/3661
f 3644/3644/3644 3664/3664/3664 3639/3639/3639
f 3639/3639/3639 3632/3632/3632 3644/3644/3644
f 3618/3618/3618 3632/3632/3632 3639/3639/3639
f 3623/3623/3623 3618/3618/3618 3639/3639/3639
f 3618/3618/3618 3623/3623/3623 3612/3612/3612
f 3612/3612/3612 3613/3613/3613 3618/3618/3618
f 3627/3627/3627 3603/3603/3603 3606/3606/3606
f 3624/3624/3624 3627/3627/3627 3606/3606/3606
f 3627/3627/3627 3624/3624/3624 3635/3635/3635
f 3635/3635/3635 3638/3638/3638 3627/3627/3627
f 3638/3638/3638 3635/3635/3635 3655/3655/3655
f 3655/3655/3655 3649/3649/3649 3638/3638/3638
f 3665/3665/3665 3649/3649/3649 3655/3655/3655
f 3674/3674/3674 3665/3665/3665 3655/3655/3655
f 3671/3671/3671 3665/3665/3665 3674/3674/3674
f 3682/3682/3682 3671/3671/3671 3674/3674/3674
f 3676/3676/3676 3671/3671/3671 3683/3683/3683
f 3688/3688/3688 3678/3678/3678 3682/3682/3682
f 3679/3679/3679 3677/3677/3677 3689/3689/3689
f 3692/3692/3692 3679/3679/3679 3689/3689/3689
f 3675/3675/3675 3680/3680/3680 3690/3690/3690
f 3681/3681/3681 3675/3675/3675 3690/3690/3690
f 3664/3664/3664 3675/3675/3675 3681/3681/3681
f 3663/3663/3663 3664/3664/3664 3681/3681/3681
f 3639/3639/3639 3664/3664/3664 3663/3663/3663
f 3637/3637/3637 3639/3639/3639 3663/3663/3663
f 3623/3623/3623 3639/3639/3639 3637/3637/3637
f 3622/3622/3622 3623/3623/3623 3637/3637/3637
f 3623/3623/3623 3622/3622/3622 3611/3611/3611
f 3611/3611/3611 3612/3612/3612 3623/3623/3623
f 201/201/201 3636/3636/3636 3621/3621/3621
f 3615/3615/3615 3616/3616/3616 3617/3617/3617
f 3617/3617/3617 3614/3614/3614 3615/3615/3615
f 3659/3659/3659 3650/3650/3650 3653/3653/3653
f 3658/3658/3658 3653/3653/3653 3652/3652/3652
f 3652/3652/3652 3657/3657/3657 3658/3658/3658
f 3643/3643/3643 3656/3656/3656 3652/3652/3652
f 3636/3636/3636 3651/3651/3651 3640/3640/3640
f 3651/3651/3651 3650/3650/3650 3640/3640/3640
f 3646/3646/3646 3643/3643/3643 3652/3652/3652
f 3634/3634/3634 3643/3643/3643 3646/3646/3646
f 3643/3643/3643 3634/3634/3634 3631/3631/3631
f 3631/3631/3631 3634/3634/3634 3604/3604/3604
f 176/176/176 3604/3604/3604 3634/3634/3634
f 201/201/201 3651/3651/3651 3636/3636/3636
f 3660/3660/3660 3650/3650/3650 3651/3651/3651
f 201/201/201 3660/3660/3660 3651/3651/3651
f 3660/3660/3660 3653/3653/3653 3650/3650/3650
f 208/208/208 3660/3660/3660 201/201/201
f 3660/3660/3660 3654/3654/3654 3653/3653/3653
f 3654/3654/3654 3652/3652/3652 3653/3653/3653
f 3662/3662/3662 3654/3654/3654 3660/3660/3660
f 208/208/208 219/219/219 3660/3660/3660
f 219/219/219 3662/3662/3662 3660/3660/3660
f 3652/3652/3652 3654/3654/3654 3646/3646/3646
f 210/210/210 3654/3654/3654 3662/3662/3662
f 3648/3648/3648 3646/3646/3646 3654/3654/3654
f 3654/3654/3654 210/210/210 3648/3648/3648
f 3662/3662/3662 219/219/219 210/210/210
f 3646/3646/3646 3648/3648/3648 3634/3634/3634
f 197/197/197 3634/3634/3634 3648/3648/3648
f 3648/3648/3648 210/210/210 197/197/197
f 3634/3634/3634 197/197/197 176/176/176
f 3602/3602/3602 3604/3604/3604 176/176/176
f 3616/3616/3616 3636/3636/3636 3617/3617/3617
f 3636/3636/3636 3628/3628/3628 3617/3617/3617
f 3636/3636/3636 3640/3640/3640 3628/3628/3628
f 165/165/165 3619/3619/3619 3615/3615/3615
f 3621/3621/3621 3615/3615/3615 3619/3619/3619
