# Rhino

mtllib bird2.mtl
usemtl diffuse_0
v -0.069016388170067972 0.062067000000000011 -0.043665464999999952
v -0.068982363170068076 0.085495005000000013 -0.03366340500000007
v -0.068798418170068043 0.085162000000000015 -0.050745469999999848
v -0.068623398170068045 0.08596400500000001 -0.06938941999999991
v -0.068489428170067965 0.062446000000000002 -0.024361419999999967
v -0.068453418170067962 0.061763000000000012 -0.062968444999999915
v -0.068111393170068008 0.088518000000000013 -0.014451444999999908
v -0.06769940317006809 0.065862000000000004 -0.0053444649999999433
v -0.066939363170067975 0.068494000000000013 -0.08867446999999995
v -0.066524403170068164 0.091682995000000003 -0.091235429999999881
v -0.065039418170068072 0.096933000000000019 -0.1131194299999999
v -0.065028353170068082 0.090136005000000019 0.0013025650000001222
v -0.064452408170068143 0.068916000000000019 0.01123656999999998
v -0.064450348170068048 0.036856 -0.035837399999999957
v -0.064427388170067976 0.075315000000000021 -0.11424941999999999
v -0.064073383170067985 0.036743000000000005 -0.013476409999999817
v -0.063558398170067948 0.037553000000000003 -0.058181459999999956
v -0.062943393170068071 0.040189005 0.0060575849999999322
v -0.061934403170068021 0.044558995000000004 -0.083724439999999956
v -0.061218388170068132 0.10530200000000001 -0.043839415000000062
v -0.061218388170068132 0.10530200000000001 -0.043839415000000062
v -0.061157353170067902 0.10775499500000002 -0.025176469999999895
v -0.061157353170067902 0.10775499500000002 -0.025176469999999895
v -0.060792363170067976 0.10481100000000002 -0.057877424999999864
v -0.060792363170067976 0.10481100000000002 -0.057877424999999864
v -0.060478413170068017 0.10955900000000002 -0.073911439999999828
v -0.060478413170068017 0.10955900000000002 -0.073911439999999828
v -0.059821368170068029 0.108019 -0.011384429999999847
v -0.059821368170068029 0.108019 -0.011384429999999847
v -0.059422353170068033 0.088711005000000009 0.011504595000000074
v -0.059227418170068005 0.052051000000000007 -0.10880042999999998
v -0.059156388170068033 0.11239799500000001 -0.092336424999999889
v -0.059156388170068033 0.11239799500000001 -0.092336424999999889
v -0.059137393170068102 0.070006995000000002 0.021324539999999993
v -0.05905339317006808 0.10241 -0.15102943499999988
v -0.05900036817006802 0.044498000000000003 0.024307555000000036
v -0.05629536817006793 0.11298099500000001 -0.14312141499999989
v -0.055404408170068024 0.10448300500000002 -0.00093543999999994303
v -0.055268373170067969 0.068997000000000017 -0.13943847500000003
v -0.054614383170067976 0.11565499500000001 -0.11073646499999992
v -0.054614383170067976 0.11565499500000001 -0.11073646499999992
v -0.053639423170068048 0.11999700499999999 -0.18298644999999994
v -0.053639423170068048 0.11999700499999999 -0.18298644999999994
v -0.053639423170068048 0.11999700499999999 -0.18298644999999994
v -0.052972383170067965 0.014277999999999999 -0.027995454999999937
v -0.052960408170068002 0.086639994999999997 0.021145555000000017
v -0.052581378170067965 0.049695000000000003 0.035465545000000098
v -0.052570393170068022 0.070959000000000008 0.030790559999999981
v -0.052253388170068062 0.015834999999999998 -0.052782440000000014
v -0.052199373170067981 0.013685000000000001 -0.0042174549999998588
v -0.052162373170067958 0.11082100000000002 -0.18138740499999992
v -0.052162373170067958 0.11082100000000002 -0.18138740499999992
v -0.05116734817006803 0.022749000000000005 -0.077628404999999928
v -0.050760393170067974 0.016801 0.015558550000000082
v -0.050331393170068052 0.088194000000000008 -0.16946044999999987
v -0.05021939317006803 0.10006800500000002 0.009059599999999968
v -0.049717378170068029 0.091879005000000014 -0.178938445
v -0.049717378170068029 0.091879005000000014 -0.178938445
v -0.049717378170068029 0.091879005000000014 -0.178938445
v -0.048841373170068092 0.030614000000000002 -0.10221145499999995
v -0.048184403170068092 0.079785000000000009 -0.17290642000000001
v -0.04791340817006793 0.12256900000000003 -0.13314941499999994
v -0.04791340817006793 0.12256900000000003 -0.13314941499999994
v -0.046604358170068055 0.021803000000000003 0.034401550000000114
v -0.046305363170068059 0.041659000000000002 -0.12623740999999988
v -0.046272403170068005 0.12268500500000001 -0.1712384049999999
v -0.046272403170068005 0.12268500500000001 -0.1712384049999999
v -0.046272403170068005 0.12268500500000001 -0.1712384049999999
v -0.046268358170068163 0.082689000000000012 -0.1812594599999999
v -0.046268358170068163 0.082689000000000012 -0.1812594599999999
v -0.046050388170068061 0.10135500000000003 -0.17325042499999999
v -0.046050388170068061 0.10135500000000003 -0.17325042499999999
v -0.045356418170068039 0.072630005000000011 -0.17583847000000008
v -0.044683353170068066 0.054934000000000011 0.045513535000000084
v -0.044267398170068001 0.11345400000000001 -0.17034546000000006
v -0.042670413170068061 0.12273599500000001 -0.15578246999999995
v -0.042670413170068061 0.12273599500000001 -0.15578246999999995
v -0.042648363170067954 0.053409000000000012 -0.14986541500000003
v -0.042141388170068073 0.07611200500000001 0.040133589999999941
v -0.041805393170068067 0.069388005000000016 -0.18274246000000005
v -0.041540423170067967 0.07664 -0.18660347000000002
v -0.040807393170068013 0.054930000000000007 -0.16034843499999987
v -0.04065136817006812 0.029994000000000007 0.046533585000000072
v -0.040633363170068028 0.089202995000000007 0.030534590000000073
v -0.040183383170067893 0.093392000000000017 -0.17890144499999999
v -0.038546418170067924 0.056720994999999996 -0.17060844500000005
v -0.037812398170068123 0.066323000000000007 -0.18950042499999997
v -0.037304353170067993 0.063322000000000017 0.053615570000000196
v -0.036780368170067933 0.10423699500000001 -0.16482040499999986
v -0.036685383170068156 0.11124599500000001 -0.15977142499999994
v -0.036260423170068015 0.099593000000000015 0.018972550000000157
v -0.03537640817006809 0.056577000000000002 -0.18055541999999997
v -0.033046388170068129 0.097946005000000003 -0.17254745499999996
v -0.032961398170068094 0.10884599500000001 -0.046027449999999887
v -0.032888383170068015 0.039178000000000004 0.057267530000000025
v -0.032759373170067989 0.107384005 -0.057893449999999902
v -0.032556353170068157 0.11134900000000002 -0.02822944500000002
v -0.032524388170067996 0.10662400000000001 -0.069804459999999943
v -0.032265368170067976 0.081569005000000028 0.049699555000000117
v -0.031777393170067912 0.10538200500000001 -0.086595460000000027
v -0.031583378170067976 0.11177399500000001 -0.015764464999999995
v -0.030890398170068157 0.10555500000000001 -0.10304542499999983
v -0.030890398170068157 0.10555500000000001 -0.10304542499999983
v -0.029845398170068108 0.07171000000000001 0.061517565000000121
v -0.029611408170068021 0.09238500500000002 0.040165559999999982
v -0.029094363170067885 -0.0060499999999999998 -0.02319244499999993
v -0.028978398170068066 0.050308000000000012 0.064597550000000045
v -0.028931398170068068 0.10990200000000001 -0.0044734200000000612
v -0.028925373170068006 -0.0049390000000000007 -0.050165404999999913
v -0.02874737817006805 -0.0059930000000000018 0.0018625650000000606
v -0.02817036817006793 0.00019900000000000001 -0.075851439999999937
v -0.028000383170067967 -0.002395 0.023772585000000037
v -0.027656373170068083 0.088506995000000005 0.055076600000000121
v -0.026169408170068121 0.080459005000000014 0.066031569999999998
v -0.02599537817006814 0.10708999500000001 0.0062505350000002131
v -0.025682423170068081 0.0046600000000000001 0.044317550000000067
v -0.025104418170068057 0.097191 0.045616530000000211
v -0.024775363170067968 0.10653900000000001 -0.12312843499999993
v -0.024775363170067968 0.10653900000000001 -0.12312843499999993
v -0.024477358170067999 0.016869000000000002 -0.12217345999999996
v -0.024408388170068119 0.061618000000000006 0.071284560000000149
v -0.023717393170068046 0.09565799500000001 0.06064956499999994
v -0.023594408170068082 0.10109999500000003 0.029468535000000174
v -0.022748383170068023 0.027824000000000002 -0.15962447999999993
v -0.022558413170067928 0.089346000000000009 0.070486604999999966
v -0.022330373170068099 0.015710000000000002 0.057410585000000049
v -0.021935398170067889 0.10296400000000001 0.051178589999999961
v -0.021795398170068037 0.072028005000000006 0.075323565000000064
v -0.020954408170068019 0.03321000000000001 -0.17245040999999992
v -0.020478413170067978 0.108042 0.062436525000000034
v -0.019527408170068039 0.104298 0.03576957500000013
v -0.019484378170068074 0.004484000000000001 -0.10850745999999988
v -0.019111378170067986 0.10637000000000002 0.015169525000000128
v -0.019038363170068087 0.11370500500000001 0.053550570000000165
v -0.018980378170067969 0.038852000000000005 -0.18270447000000001
v -0.018713353170068014 0.10476400500000001 -0.14004646500000001
v -0.018713353170068014 0.10476400500000001 -0.14004646500000001
v -0.018620348170068104 0.082458000000000004 0.078840560000000087
v -0.018274358170067995 0.097269994999999998 -0.15703941500000004
v -0.018274358170067995 0.097269994999999998 -0.15703941500000004
v -0.017827348170067925 0.028422000000000003 0.067836535000000003
v -0.017562378170068005 0.023164000000000001 -0.15146644499999998
v -0.017496388170067958 0.100769995 -0.15028144999999996
v -0.017496388170067958 0.100769995 -0.15028144999999996
v -0.017097368170068083 0.10892400000000001 0.041907580000000166
v -0.016867418170068139 0.044839000000000011 -0.19330344999999999
v -0.016605348170068004 0.094176005000000007 -0.167793425
v -0.016605348170068004 0.094176005000000007 -0.167793425
v -0.015630388170068076 0.041650000000000006 0.074508589999999944
v -0.014831363170068014 0.11868300500000001 0.04522453500000001
v -0.013173418170068008 0.055410005000000012 0.079808580000000087
v -0.012539418170068029 0.109066 0.024491575000000057
v -0.011767398170068067 0.067039000000000001 0.083048555000000066
v -0.010538378170067997 0.110872 0.029993590000000125
v -0.010064363170068003 0.078952000000000008 0.085429535000000112
v -0.0095573931700680074 0.11478900000000002 0.035485535000000117
v -0.0080753831700680397 0.12251699500000002 0.039377595000000022
v 0.00023661682993187939 -0.014755000000000002 -0.018669434999999981
v 0.00023661682993187939 -0.014169000000000001 0.0064365399999999802
v 0.00023661682993187939 -0.013893000000000001 -0.046553420000000047
v 0.00023661682993187939 -0.012640000000000002 -0.071656420000000054
v 0.00023661682993187939 -0.010933 0.028082580000000058
v 0.00023661682993187939 -0.010314000000000002 -0.096648404999999826
v 0.00023661682993187939 -0.010314000000000002 -0.096648404999999826
v 0.00023661682993187939 -0.0067530000000000012 -0.11759139999999989
v 0.00023661682993187939 -0.0067530000000000012 -0.11759139999999989
v 0.00023661682993187939 -0.00363 0.048355560000000075
v 0.00023661682993187939 -0.00080199999999999998 -0.13765144500000001
v 0.00023661682993187939 -0.00080199999999999998 -0.13765144500000001
v 0.00023661682993187939 0.0070320000000000009 -0.15252647499999999
v 0.00023661682993187939 0.0070320000000000009 -0.15252647499999999
v 0.00023661682993187939 0.0072400000000000008 0.061551590000000017
v 0.00023661682993187939 0.0072400000000000008 0.061551590000000017
v 0.00023661682993187939 0.016063000000000004 -0.16644744999999991
v 0.00023661682993187939 0.016063000000000004 -0.16644744999999991
v 0.00023661682993187939 0.021033000000000003 0.071941530000000142
v 0.00023661682993187939 0.021033000000000003 0.071941530000000142
v 0.00023661682993187939 0.026684000000000003 -0.17906043999999996
v 0.00023661682993187939 0.035188000000000004 0.078587570000000009
v 0.00023661682993187939 0.035188000000000004 0.078587570000000009
v 0.00023661682993187939 0.037252 -0.19172446999999995
v 0.00023661682993187939 0.050264995000000007 0.083175585000000052
v 0.00023661682993187939 0.062747000000000011 0.086241530000000219
v 0.00023661682993187939 0.07545700000000001 0.087997589999999987
v 0.00023661682993187939 0.103948 -0.18082542499999993
v 0.00023661682993187939 0.103948 -0.18082542499999993
v 0.00023661682993187939 0.103948 -0.18082542499999993
v 0.00023661682993187939 0.10729500000000002 -0.16747940000000006
v 0.00023661682993187939 0.10729500000000002 -0.16747940000000006
v 0.00023661682993187939 0.11192500000000001 -0.155396425
v 0.00023661682993187939 0.11192500000000001 -0.155396425
v 0.00023661682993187939 0.11235100000000001 0.019033585000000033
v 0.00023661682993187939 0.113015005 0.008604584999999965
v 0.00023661682993187939 0.11362300000000002 0.025858535000000061
v 0.00023661682993187939 0.11374200000000001 -0.14595046999999983
v 0.00023661682993187939 0.11374200000000001 -0.14595046999999983
v 0.00023661682993187939 0.113964995 -0.13517745999999989
v 0.00023661682993187939 0.113964995 -0.13517745999999989
v 0.00023661682993187939 0.11540600000000001 -0.0015314499999998787
v 0.00023661682993187939 0.117179005 0.031801530000000078
v 0.00023661682993187939 0.117179005 0.031801530000000078
v 0.00023661682993187939 0.11789400000000001 -0.12055740499999992
v 0.00023661682993187939 0.11789400000000001 -0.12055740499999992
v 0.00023661682993187939 0.11811800000000001 -0.013537445000000049
v 0.00023661682993187939 0.118316 -0.10547347999999986
v 0.00023661682993187939 0.118316 -0.10547347999999986
v 0.00023661682993187939 0.11948000000000002 -0.090096434999999891
v 0.00023661682993187939 0.11948000000000002 -0.090096434999999891
v 0.00023661682993187939 0.11986600000000001 -0.025797424999999843
v 0.00023661682993187939 0.12062299500000001 -0.04063247499999996
v 0.00023661682993187939 0.12097399500000001 -0.063849409999999912
v 0.00023661682993187939 0.12097399500000001 -0.063849409999999912
v 0.00023661682993187939 0.12103300000000002 -0.053075409999999934
v 0.00023661682993187939 0.12139600000000002 -0.074624404999999963
v 0.00023661682993187939 0.12139600000000002 -0.074624404999999963
v 0.010030621829932064 0.11478900000000002 0.035485535000000117
v 0.010537596829931939 0.078952000000000008 0.085429535000000112
v 0.011011606829931875 0.110872 0.029993590000000125
v 0.012240626829932122 0.067039000000000001 0.083048555000000066
v 0.013012646829932084 0.109066 0.024491575000000057
v 0.013646651829932122 0.055410005000000012 0.079808580000000087
v 0.015304591829931892 0.11868300500000001 0.04522453500000001
v 0.015373636829931937 0.099948995000000013 -0.18282745499999997
v 0.015626631829932069 0.097850000000000006 0.079564590000000032
v 0.016103621829932014 0.041650000000000006 0.074508589999999944
v 0.017078581829932115 0.094176005000000007 -0.167793425
v 0.017078581829932115 0.094176005000000007 -0.167793425
v 0.017340651829932077 0.044839000000000011 -0.19330344999999999
v 0.017570601829932021 0.10892400000000001 0.041907580000000166
v 0.017969616829932013 0.100769995 -0.15028144999999996
v 0.017969616829932013 0.100769995 -0.15028144999999996
v 0.01803561182993212 0.023164000000000001 -0.15146644499999998
v 0.01830058182993204 0.028422000000000003 0.067836535000000003
v 0.01874758682993205 0.097269994999999998 -0.15703941500000004
v 0.01874758682993205 0.097269994999999998 -0.15703941500000004
v 0.019093581829932038 0.082458000000000004 0.078840560000000087
v 0.019186581829931895 0.10476400500000001 -0.14004646500000001
v 0.019186581829931895 0.10476400500000001 -0.14004646500000001
v 0.019453611829931907 0.038852000000000005 -0.18270447000000001
v 0.019463606829932003 0.10317300000000001 0.071602555000000123
v 0.019511591829931965 0.11370500500000001 0.053550570000000165
v 0.019584606829932041 0.10637000000000002 0.015169525000000128
v 0.019957606829931952 0.004484000000000001 -0.10850745999999988
v 0.020000636829931917 0.104298 0.03576957500000013
v 0.020951641829932033 0.108042 0.062436525000000034
v 0.021427641829931954 0.03321000000000001 -0.17245040999999992
v 0.022268626829931915 0.072028005000000006 0.075323565000000064
v 0.022408626829931944 0.10296400000000001 0.051178589999999961
v 0.022803601829931977 0.015710000000000002 0.057410585000000049
v 0.023031641829931983 0.089346000000000009 0.070486604999999966
v 0.023221616829931957 0.027824000000000002 -0.15962447999999993
v 0.02406764182993202 0.10109999500000003 0.029468535000000174
v 0.024190626829931984 0.09565799500000001 0.06064956499999994
v 0.02488162182993188 0.061618000000000006 0.071284560000000149
v 0.024950591829931937 0.016869000000000002 -0.12217345999999996
v 0.025248591829932023 0.10653900000000001 -0.12312843499999993
v 0.025248591829932023 0.10653900000000001 -0.12312843499999993
v 0.025577646829931935 0.097191 0.045616530000000211
v 0.026155651829931958 0.0046600000000000001 0.044317550000000067
v 0.026468611829932077 0.10708999500000001 0.0062505350000002131
v 0.026642636829931999 0.080459005000000014 0.066031569999999998
v 0.028129606829931843 0.088506995000000005 0.055076600000000121
v 0.028473616829931905 -0.002395 0.023772585000000037
v 0.028643596829931985 0.00019900000000000001 -0.075851439999999937
v 0.029220606829932105 -0.0059930000000000018 0.0018625650000000606
v 0.02939860182993206 -0.0049390000000000007 -0.050165404999999913
v 0.029404631829932006 0.10990200000000001 -0.0044734200000000612
v 0.029451626829931944 0.050308000000000012 0.064597550000000045
v 0.02956759182993194 -0.0060499999999999998 -0.02319244499999993
v 0.029836606829932055 0.093323000000000003 -0.18257240499999999
v 0.030084636829931899 0.09238500500000002 0.040165559999999982
v 0.030318631829932042 0.07171000000000001 0.061517565000000121
v 0.031363631829931918 0.10555500000000001 -0.10304542499999983
v 0.031363631829931918 0.10555500000000001 -0.10304542499999983
v 0.032056606829932034 0.11177399500000001 -0.015764464999999995
v 0.032250621829931971 0.10538200500000001 -0.086595460000000027
v 0.032257641829931939 0.056817000000000006 -0.19017341499999996
v 0.032738596829932035 0.081569005000000028 0.049699555000000117
v 0.032997616829931874 0.10662400000000001 -0.069804459999999943
v 0.033029581829931855 0.11134900000000002 -0.02822944500000002
v 0.033232601829931867 0.107384005 -0.057893449999999902
v 0.033361616829931953 0.039178000000000004 0.057267530000000025
v 0.033434626829931972 0.10884599500000001 -0.046027449999999887
v 0.033519621829932067 0.097946005000000003 -0.17254745499999996
v 0.035849636829931968 0.056577000000000002 -0.18055541999999997
v 0.036733656829931953 0.099593000000000015 0.018972550000000157
v 0.037158611829931854 0.11124599500000001 -0.15977142499999994
v 0.037253596829931991 0.10423699500000001 -0.16482040499999986
v 0.037777586829931931 0.063322000000000017 0.053615570000000196
v 0.039019651829931862 0.056720994999999996 -0.17060844500000005
v 0.040656611829931945 0.093392000000000017 -0.17890144499999999
v 0.041106596829931966 0.089202995000000007 0.030534590000000073
v 0.04112460182993205 0.029994000000000007 0.046533585000000072
v 0.041280621829932064 0.054930000000000007 -0.16034843499999987
v 0.042278621829932118 0.069388005000000016 -0.18274246000000005
v 0.04261462182993201 0.07611200500000001 0.040133589999999941
v 0.043121596829931885 0.053409000000000012 -0.14986541500000003
v 0.043143641829931939 0.12273599500000001 -0.15578246999999995
v 0.043143641829931939 0.12273599500000001 -0.15578246999999995
v 0.044740626829932052 0.11345400000000001 -0.17034546000000006
v 0.045156581829932124 0.054934000000000011 0.045513535000000084
v 0.045829646829931917 0.072630005000000011 -0.17583847000000008
v 0.046523616829931939 0.10135500000000003 -0.17325042499999999
v 0.046523616829931939 0.10135500000000003 -0.17325042499999999
v 0.046741591829931921 0.082689000000000012 -0.1812594599999999
v 0.046741591829931921 0.082689000000000012 -0.1812594599999999
v 0.046745631829931883 0.12268500500000001 -0.1712384049999999
v 0.046745631829931883 0.12268500500000001 -0.1712384049999999
v 0.046745631829931883 0.12268500500000001 -0.1712384049999999
v 0.046778591829931937 0.041659000000000002 -0.12623740999999988
v 0.047077586829931933 0.021803000000000003 0.034401550000000114
v 0.048386641829932048 0.12256900000000003 -0.13314941499999994
v 0.048386641829932048 0.12256900000000003 -0.13314941499999994
v 0.04865763682993203 0.079785000000000009 -0.17290642000000001
v 0.04931460182993197 0.030614000000000002 -0.10221145499999995
v 0.050190611829931966 0.091879005000000014 -0.178938445
v 0.050190611829931966 0.091879005000000014 -0.178938445
v 0.050190611829931966 0.091879005000000014 -0.178938445
v 0.050692621829931908 0.10006800500000002 0.009059599999999968
v 0.05080462182993193 0.088194000000000008 -0.16946044999999987
v 0.051233626829932093 0.016801 0.015558550000000082
v 0.051640576829932089 0.022749000000000005 -0.077628404999999928
v 0.052635601829932016 0.11082100000000002 -0.18138740499999992
v 0.052635601829932016 0.11082100000000002 -0.18138740499999992
v 0.052672606829931912 0.013685000000000001 -0.0042174549999998588
v 0.052726621829931999 0.015834999999999998 -0.052782440000000014
v 0.053043621829932081 0.070959000000000008 0.030790559999999981
v 0.053054606829932016 0.049695000000000003 0.035465545000000098
v 0.053433636829932053 0.086639994999999997 0.021145555000000017
v 0.053445616829932076 0.014277999999999999 -0.027995454999999937
v 0.054112651829932107 0.11999700499999999 -0.18298644999999994
v 0.054112651829932107 0.11999700499999999 -0.18298644999999994
v 0.054112651829932107 0.11999700499999999 -0.18298644999999994
v 0.055087611829932027 0.11565499500000001 -0.11073646499999992
v 0.055087611829932027 0.11565499500000001 -0.11073646499999992
v 0.0557416068299319 0.068997000000000017 -0.13943847500000003
v 0.055877636829931902 0.10448300500000002 -0.00093543999999994303
v 0.056768596829931989 0.11298099500000001 -0.14312141499999989
v 0.059473601829931957 0.044498000000000003 0.024307555000000036
v 0.059526621829931958 0.10241 -0.15102943499999988
v 0.05961062182993198 0.070006995000000002 0.021324539999999993
v 0.059629621829931971 0.11239799500000001 -0.092336424999999889
v 0.059629621829931971 0.11239799500000001 -0.092336424999999889
v 0.059700651829931943 0.052051000000000007 -0.10880042999999998
v 0.059895581829931911 0.088711005000000009 0.011504595000000074
v 0.06029459682993208 0.108019 -0.011384429999999847
v 0.06029459682993208 0.108019 -0.011384429999999847
v 0.060951641829932068 0.10955900000000002 -0.073911439999999828
v 0.060951641829932068 0.10955900000000002 -0.073911439999999828
v 0.061265591829932034 0.10481100000000002 -0.057877424999999864
v 0.061265591829932034 0.10481100000000002 -0.057877424999999864
v 0.061630581829931953 0.10775499500000002 -0.025176469999999895
v 0.061630581829931953 0.10775499500000002 -0.025176469999999895
v 0.06169161682993201 0.10530200000000001 -0.043839415000000062
v 0.06169161682993201 0.10530200000000001 -0.043839415000000062
v 0.062407636829931959 0.044558995000000004 -0.083724439999999956
v 0.063416621829931949 0.040189005 0.0060575849999999322
v 0.064031626829932006 0.037553000000000003 -0.058181459999999956
v 0.064546611829932043 0.036743000000000005 -0.013476409999999817
v 0.06490061682993202 0.075315000000000021 -0.11424941999999999
v 0.064923581829931992 0.036856 -0.035837399999999957
v 0.064925641829932088 0.068916000000000019 0.01123656999999998
v 0.06550158182993196 0.090136005000000019 0.0013025650000001222
v 0.065512646829932117 0.096933000000000019 -0.1131194299999999
v 0.066997631829931861 0.091682995000000003 -0.091235429999999881
v 0.067412596829932087 0.068494000000000013 -0.08867446999999995
v 0.068172636829932021 0.065862000000000004 -0.0053444649999999433
v 0.068584621829931885 0.088518000000000013 -0.014451444999999908
v 0.06892664682993202 0.061763000000000012 -0.062968444999999915
v 0.068962656829932009 0.062446000000000002 -0.024361419999999967
v 0.069096631829931976 0.08596400500000001 -0.06938941999999991
v 0.069271651829931988 0.085162000000000015 -0.050745469999999848
v 0.069455591829931954 0.085495005000000013 -0.03366340500000007
v 0.069489621829931902 0.062067000000000011 -0.043665464999999952
v -0.020353368170067922 0.29935499000000004 0.096969605000000139
v -0.019986393170068076 0.304317 0.091158599999999979
v -0.019965413170068037 0.29905399500000007 0.088435594999999978
v -0.019878358170068024 0.30375400500000005 0.10323059000000008
v -0.019604388170068088 0.30040401500000002 0.10408553999999999
v -0.019054383170068068 0.29711801500000007 0.10519455000000005
v -0.018985413170068011 0.30194600999999999 0.10891952500000013
v -0.018713353170068014 0.295986005 0.096813585000000132
v -0.017716418170067971 0.30540498500000002 0.10902557500000008
v -0.017251408170068049 0.299452 0.11390358000000021
v -0.017074403170067944 0.30884399500000004 0.10094154500000006
v -0.016997348170068084 0.30257898500000002 0.11486656000000012
v -0.016838353170067943 0.30224800000000002 0.078567579999999998
v -0.016817368170068025 0.31011699500000001 0.09219757000000009
v -0.016804398170067982 0.29287299999999999 0.079646530000000132
v -0.016744358170068009 0.29230600500000004 0.093671570000000065
v -0.016611378170068126 0.29343799500000006 0.10614959500000012
v -0.016261418170067987 0.29642200500000004 0.11342155500000005
v -0.016185353170067973 0.29025999000000002 0.10564552500000009
v -0.015876363170068065 0.30895502000000002 0.084543535000000072
v -0.015696383170068006 0.29611599000000005 0.07127754
v -0.015643358170068122 0.29904499000000001 0.12038154500000005
v -0.015396393170068114 0.29185501000000003 0.11052154500000011
v -0.01537335317006816 0.29637701 0.11858658000000021
v -0.014944353170068059 0.30660799000000005 0.118091585
v -0.014890413170067963 0.31092500500000003 0.10853958000000007
v -0.014758348170067936 0.29583200500000001 0.12461059500000005
v -0.014570363170067947 0.30410200000000004 0.12304153500000013
v -0.014546403170068079 0.28906500000000007 0.096385575000000057
v -0.014526413170067887 0.28668800500000002 0.064528580000000169
v -0.01450238317006809 0.28822401000000003 0.06952453500000004
v -0.014426393170067886 0.29447000500000003 0.12627655000000004
v -0.014426393170067886 0.29447000500000003 0.12627655000000004
v -0.01441739317006805 0.28800499000000002 0.07362053000000017
v -0.014300358170067985 0.28940799500000003 0.088253555000000011
v -0.014269383170068029 0.31591299 0.11315559500000011
v -0.014247408170068088 0.31001100500000001 0.11431358500000002
v -0.014242373170068046 0.31474300500000002 0.1136265550000001
v -0.01421734817006799 0.31591001500000004 0.11483459499999996
v -0.014200413170068149 0.29371198500000001 0.12207359499999999
v -0.01419537817006793 0.29386299000000005 0.11677253500000014
v -0.01419240317006798 0.29936100000000004 0.12740059000000006
v -0.014163408170068071 0.31380298500000003 0.10466354500000002
v -0.014079408170068053 0.31706800500000004 0.1136265550000001
v -0.014030353170068023 0.29733800999999999 0.12907653999999999
v -0.013934373170067982 0.31741602000000002 0.11414657500000019
v -0.01386441317006808 0.31435901500000002 0.11537559500000008
v -0.013839388170068023 0.31700001000000005 0.10108352499999995
v -0.013814363170067968 0.29233000000000003 0.12344154500000003
v -0.013780413170068062 0.29383400000000004 0.13399055500000009
v -0.013704348170068048 0.31470600000000004 0.11181061000000003
v -0.013675358170068021 0.31587202000000003 0.11158455000000007
v -0.013651398170068153 0.31739599000000002 0.11537559500000008
v -0.013646363170067934 0.29636801000000002 0.13599853500000006
v -0.013625383170067895 0.31341499500000003 0.11274856500000006
v -0.013625383170067895 0.31341499500000003 0.11274856500000006
v -0.013601353170067922 0.31523401500000003 0.11624458500000011
v -0.013542378170068137 0.31703001000000008 0.11181061000000003
v -0.01351338317006805 0.31649198500000009 0.11624458500000011
v -0.013482408170067918 0.31077200000000005 0.11842956500000011
v -0.013325398170068059 0.31800499000000004 0.11245353500000005
v -0.013296403170068151 0.30308399000000003 0.06126556500000007
v -0.013278398170068062 0.313021985 0.11470253000000011
v -0.013278398170068062 0.313021985 0.11470253000000011
v -0.013250398170068057 0.31642601000000004 0.095009534999999978
v -0.013226368170067905 0.29539999000000006 0.14247757000000014
v -0.013216373170067986 0.31451801499999998 0.11131653000000004
v -0.013216373170067986 0.31451801499999998 0.11131653000000004
v -0.013169373170067989 0.29311699000000008 0.14119354000000009
v -0.01307736317006798 0.31459400000000004 0.10774856499999999
v -0.013057378170068024 0.31864801500000001 0.11341659500000018
v -0.012958423170068034 0.29232799500000001 0.13222458000000012
v -0.012958423170068034 0.29232799500000001 0.13222458000000012
v -0.012908373170068099 0.31833299500000001 0.10582656999999998
v -0.012858403170068033 0.29163500000000003 0.12072159000000014
v -0.012858403170068033 0.31581398000000005 0.11071457000000003
v -0.012858403170068033 0.31581398000000005 0.11071457000000003
v -0.012787373170068062 0.31700302000000002 0.087283555000000138
v -0.012779358170068013 0.31886101 0.11455154500000014
v -0.012770358170067997 0.30066799 0.13167755000000003
v -0.012723363170068058 0.29823000000000005 0.05454757500000014
v -0.012709398170068109 0.29432800500000006 0.14903656000000007
v -0.012668353170067892 0.30359100500000002 0.12835457000000014
v -0.012577408170068072 0.31383402000000005 0.11671455500000008
v -0.012577408170068072 0.31383402000000005 0.11671455500000008
v -0.012569398170067903 0.29958000000000001 0.13792953499999996
v -0.012540408170068053 0.29220199500000005 0.14845855500000002
v -0.012540408170068053 0.29220199500000005 0.14845855500000002
v -0.012534383170067987 0.31861099000000004 0.1156865700000001
v -0.012505388170068077 0.29113901000000003 0.16192260500000019
v -0.012488373170068012 0.29287899000000001 0.15551559499999998
v -0.012411393170067965 0.29079500000000003 0.12209961000000008
v -0.012379353170067997 0.30982500000000002 0.068265535000000099
v -0.012369358170067901 0.31730100500000002 0.11079056000000005
v -0.012369358170067901 0.31730100500000002 0.11079056000000005
v -0.012359363170067984 0.317936995 0.11664856000000015
v -0.012311373170067964 0.29849699000000002 0.14381454500000004
v -0.012273378170068039 0.29082998500000001 0.15498955
v -0.012272388170068017 0.28569999500000004 0.079802550000000139
v -0.012246373170067937 0.32205799000000002 0.10851852500000021
v -0.012216388170068005 0.28911501000000006 0.16138351500000001
v -0.012176408170067977 0.29188200000000003 0.14026557999999997
v -0.012156418170067962 0.31036400000000008 0.12469154500000013
v -0.012140398170068158 0.31568500500000002 0.12141159000000012
v -0.012122393170068069 0.28975000500000003 0.16775955000000009
v -0.012109423170068023 0.29380199500000004 0.16195358500000001
v -0.011964388170067952 0.31847399000000004 0.11137054500000013
v -0.011964388170067952 0.31847399000000004 0.11137054500000013
v -0.011943408170068094 0.29730600500000004 0.14981956499999996
v -0.011904423170067969 0.29215999500000001 0.16755455000000002
v -0.011894353170068062 0.29571701000000006 0.1558835600000002
v -0.011786393170068001 0.28780498500000001 0.16720459000000007
v -0.011786393170068001 0.28780498500000001 0.16720459000000007
v -0.011761368170068121 0.28338600000000003 0.071982575000000007
v -0.01174237317006801 0.31546398000000003 0.11753952000000006
v -0.01174237317006801 0.31546398000000003 0.11753952000000006
v -0.011573383170068131 0.28334399999999998 0.074772570000000024
v -0.011524403170068087 0.31946701000000005 0.11286354000000004
v -0.011524403170068087 0.31946701000000005 0.11286354000000004
v -0.011492358170068063 0.29182100500000002 0.13210754500000005
v -0.011483353170067989 0.32497902000000006 0.089615555000000138
v -0.011472368170068048 0.32569102999999999 0.10404854000000015
v -0.011418353170067964 0.29153499500000002 0.11575653000000018
v -0.01141339317006791 0.29109800499999999 0.14812957999999998
v -0.011400348170068055 0.31696201500000004 0.11764358500000008
v -0.011400348170068055 0.31696201500000004 0.11764358500000008
v -0.011376393170068068 0.32800800500000005 0.1128445450000001
v -0.01137341817006794 0.32373298500000003 0.11579857000000011
v -0.01136937317006792 0.32190700500000002 0.11857055500000016
v -0.011367388170067994 0.31917000000000006 0.12060158000000012
v -0.011364413170068045 0.31745899000000005 0.12413559000000021
v -0.011351368170068011 0.31524399000000003 0.075457535000000145
v -0.011310398170067959 0.32524601000000003 0.096056520000000145
v -0.011238373170068084 0.28678798500000002 0.10630058500000016
v -0.011222353170067922 0.31971498500000006 0.11420654500000005
v -0.011222353170067922 0.31971498500000006 0.11420654500000005
v -0.011146363170068075 0.31837002000000003 0.11690552000000008
v -0.011146363170068075 0.31837002000000003 0.11690552000000008
v -0.011086398170068091 0.31942098500000005 0.11549156000000008
v -0.011086398170068091 0.31942098500000005 0.11549156000000008
v -0.011062363170068057 0.28977298500000004 0.15413757500000003
v -0.010896348170067949 0.28813099000000003 0.15999359000000002
v -0.010878418170068028 0.29465400500000005 0.16705559000000003
v -0.010848363170067987 0.29657301000000003 0.16178756500000022
v -0.010704393170068105 0.289350985 0.17252960000000003
v -0.010678378170068026 0.32211502000000003 0.08141456500000005
v -0.010634358170068038 0.28880600000000006 0.11503555500000005
v -0.010634358170068038 0.29163500000000003 0.14031952000000009
v -0.010616353170068128 0.30456098500000001 0.13355354500000019
v -0.010596363170068113 0.29138899000000001 0.17220955000000018
v -0.010596363170068113 0.30444801500000002 0.13615555000000015
v -0.01052937817006816 0.30290699000000004 0.1394665550000001
v -0.010427373170068055 0.28687900500000002 0.16535659999999996
v -0.010408373170068064 0.30168899500000002 0.14506157000000003
v -0.010397388170068123 0.28764799000000002 0.17201355000000015
v -0.010397388170068123 0.28764799000000002 0.17201355000000015
v -0.010275393170068004 0.31005100500000005 0.13028358500000012
v -0.010224353170068047 0.30041399000000002 0.15062958000000004
v -0.0098043531700679597 0.29349300500000003 0.17156257500000011
v -0.0097694131700680319 0.29059499500000002 0.14795356999999995
v -0.0097373681700680063 0.28749401000000002 0.1115935500000001
v -0.0096403981700681207 0.28369600500000003 0.09956756500000008
v -0.0095293931700680019 0.28879400500000002 0.12116554500000021
v -0.0094514181700680495 0.29203399500000005 0.17418953000000015
v -0.0094064031700679795 0.31581100500000003 0.12791557500000011
v -0.0093003581700679128 0.28692901500000006 0.12131355500000006
v -0.0092673981700680304 0.28952801000000006 0.15315956000000011
v -0.0091863731700679626 0.29136600500000004 0.14044258000000004
v -0.0091863731700679626 0.29136600500000004 0.14044258000000004
v -0.0091644031700680809 0.286721 0.16988052499999995
v -0.0091403681700680476 0.286848985 0.11642654500000021
v -0.0090213481700680553 0.28541601 0.1222745500000002
v -0.0089033981700681331 0.29049501500000002 0.17566757000000008
v -0.0088464081700679216 0.28532001500000004 0.11842956500000011
v -0.0088243581700679918 0.28813801000000006 0.15815460000000015
v -0.008790408170067909 0.29685100500000006 0.16672851499999997
v -0.0086533831700680072 0.31386200000000003 0.057686540000000092
v -0.0086363681700681212 0.32526298500000006 0.12327156000000006
v -0.0086193581700679377 0.29131401000000001 0.13216552500000009
v -0.0086193581700679377 0.29131401000000001 0.13216552500000009
v -0.0085934181700680241 0.28342899500000007 0.091074524999999976
v -0.0085533631700680079 0.28715101000000004 0.12936858999999998
v -0.008543368170067912 0.29892099500000002 0.16173256000000011
v -0.0083733831700679492 0.33148597500000004 0.084803545000000119
v -0.0082864081700679826 0.29046198000000006 0.14788253999999998
v -0.0082864081700679826 0.29046198000000006 0.14788253999999998
v -0.0082753481700680535 0.29411501000000001 0.1734215550000002
v -0.0081853981700679597 0.28704899000000006 0.1627775550000001
v -0.0081824231700680095 0.283670005 0.11053154000000021
v -0.00807835817006799 0.28912500499999999 0.17595253
v -0.00807835817006799 0.28912500499999999 0.17595253
v -0.008067368170067991 0.33239200500000005 0.11598755000000001
v -0.0080593581700679987 0.28383499000000006 0.1213565850000002
v -0.0080573781700679532 0.29539299000000002 0.1710995500000001
v -0.0079234031700679882 0.30111200500000002 0.1564675900000001
v -0.0079083731700680289 0.33417202000000007 0.10661056500000009
v -0.0078754131700679696 0.33310802500000003 0.095835570000000037
v -0.0077563981700680355 0.29308098000000005 0.17602455000000017
v -0.0076653781700680495 0.33343899000000005 0.088418580000000094
v -0.0076393631700679698 0.29004801000000002 0.15259758000000012
v -0.0076393631700679698 0.29004801000000002 0.15259758000000012
v -0.0075383481700680658 0.30293300500000009 0.15128753500000017
v -0.0075373581700680431 0.30874401000000007 0.13490555000000004
v -0.0075263681700680433 0.30807899500000002 0.13650360000000017
v -0.0075063831700680874 0.30562898500000002 0.14072754000000015
v -0.0074693781700680088 0.27770900500000001 0.071385575000000048
v -0.0074664031700678816 0.28803900000000004 0.14346153500000014
v -0.0073983481700680368 0.28217199500000006 0.10000358500000016
v -0.0072823831700680412 0.28797701000000003 0.17342453000000013
v -0.0072243981700681028 0.32311298500000007 0.065636595000000145
v -0.0071173581700679561 0.28808599500000004 0.14793555999999999
v -0.0071004231700679378 0.31488699000000003 0.13227554500000008
v -0.0070943931700679919 0.28688101000000005 0.16686752499999999
v -0.0070133681700681018 0.28661299000000001 0.14832458500000012
v -0.0070133681700681018 0.28661299000000001 0.14832458500000012
v -0.0069913981700680423 0.28174900000000003 0.10479454000000016
v -0.006922353170067997 0.32810199500000009 0.074027554999999981
v -0.0069113631700679972 0.28856300500000004 0.15654953000000021
v -0.0067623631700679532 0.292213 0.17808555500000001
v -0.0065704081700681096 0.28161699500000004 0.10992653000000008
v -0.0064083581700679739 0.28808799500000004 0.15315253999999998
v -0.0064024081700680751 0.28200901000000006 0.085370560000000151
v -0.0063834081700680839 0.29467100000000002 0.17496353000000014
v -0.0063053631700680235 0.28059000000000006 0.079287565000000101
v -0.0061604031700681185 0.27921100500000001 0.07484955000000007
v -0.0060873881700680421 0.28764299500000007 0.16048454500000009
v -0.0060863981700680194 0.31894800000000001 0.12891258000000008
v -0.0059843931700679148 0.28875101000000003 0.15619552500000006
v -0.0059843931700679148 0.28875101000000003 0.15619552500000006
v -0.0059283931700680808 0.29403999500000005 0.17743255500000005
v -0.0059243481700680615 0.28765699500000003 0.16936058000000004
v -0.0057294181700680907 0.28528299500000004 0.12954857000000006
v -0.005662358170067972 0.33352398000000005 0.08024254000000007
v -0.0055563831700680133 0.29143301000000005 0.17878052000000011
v -0.0055563831700680133 0.29143301000000005 0.17878052000000011
v -0.0054763531700680271 0.29030800000000001 0.17648453000000011
v -0.0052803531700679864 0.28737100500000001 0.1580605300000002
v -0.0052803531700679864 0.28737100500000001 0.1580605300000002
v -0.005228398170067994 0.28136501500000005 0.09366256500000017
v -0.0051593481700678906 0.28799000000000002 0.15949455500000004
v -0.0051593481700678906 0.28799000000000002 0.15949455500000004
v -0.0049893681700679876 0.28591099000000003 0.14266952500000016
v -0.0049633531700679079 0.29834800500000003 0.16666656500000007
v -0.00494236817006799 0.32992100000000008 0.12530654999999999
v -0.0047784131700681527 0.28921800500000006 0.17209854000000019
v -0.00470341817006803 0.30045000000000005 0.1618205250000001
v -0.004602403170068126 0.29674700000000004 0.17093956000000007
v -0.0045703631700679814 0.283223 0.12249252500000002
v -0.0045274081700680041 0.28628099500000004 0.14840652500000004
v -0.0044714081700679923 0.33693500500000001 0.084825589999999992
v -0.0044534031700679049 0.29376899500000003 0.17965957500000018
v -0.0044193731700681305 0.28117298000000002 0.096401520000000046
v -0.0043843581700680366 0.29441898500000002 0.1781305700000001
v -0.0042863931700680702 0.28780599500000004 0.16301254500000015
v -0.0042863931700680702 0.28780599500000004 0.16301254500000015
v -0.0042303931700680584 0.30261001500000001 0.15671753000000008
v -0.0042133831700680528 0.33787399500000004 0.089081575000000163
v -0.004151353170068095 0.28832901 0.16711159000000003
v -0.0041154181700680864 0.33754699500000007 0.11767555000000006
v -0.0040414131700679872 0.28672201000000003 0.15335457000000013
v -0.0039494031700679777 0.30438598500000008 0.15167160000000007
v -0.0039083581700681156 0.319366015 0.054933549999999977
v -0.0038613631700679996 0.33939201500000005 0.107557525
v -0.00382840317006794 0.30700599500000003 0.14157455500000005
v -0.0037814031700679433 0.28156900500000004 0.11613456500000013
v -0.0037773631700681598 0.30985298000000006 0.13761657500000002
v -0.0037553881700680414 0.31084499500000007 0.13608154500000005
v -0.0037133531700679792 0.28064600000000001 0.10468757499999999
v -0.0035294081700679492 0.29074999000000001 0.17431854000000016
v -0.0034893531700681104 0.29255399500000001 0.1786335750000001
v -0.0034743981700679607 0.31662300000000004 0.13391952500000012
v -0.003439378170067986 0.28075100000000003 0.10964653000000002
v -0.0031533531700680406 0.29585001000000005 0.1744046000000001
v -0.0030193831700679576 0.28917700000000002 0.16945457500000016
v -0.0029943581700679015 0.32753597499999998 0.06222053500000016
v -0.0028633581700680645 0.33210399500000004 0.069641570000000111
v -0.0028284181700679589 0.32005398000000002 0.12955154500000018
v -0.0028143781700680215 0.33581798500000004 0.077274550000000108
v -0.0027963731700681119 0.29355600500000006 0.18048050000000002
v -0.0027963731700681119 0.29355600500000006 0.18048050000000002
v -0.002149403170068087 0.29442600500000005 0.18026550500000021
v -0.0020483881700680052 0.291438005 0.17525955000000001
v -0.0019393631700681093 0.33839500500000003 0.083223570000000011
v -0.0018723781700679789 0.33954300000000009 0.087587584999999996
v -0.0013793681700680516 0.29510502 0.17741256500000022
v -0.0010654181700680888 0.29355100500000003 0.17944557000000005
v 0.00023661682993187939 0.27835199500000007 0.077738570000000173
v 0.00023661682993187939 0.27963001500000007 0.083056565000000054
v 0.00023661682993187939 0.27976999500000005 0.086388550000000217
v 0.00023661682993187939 0.280277995 0.1046535500000001
v 0.00023661682993187939 0.28040201000000003 0.10956558000000012
v 0.00023661682993187939 0.28052500000000002 0.090045545000000088
v 0.00023661682993187939 0.28063398500000009 0.10105957000000015
v 0.00023661682993187939 0.28066400500000005 0.097093579999999957
v 0.00023661682993187939 0.28127102000000004 0.11628258000000002
v 0.00023661682993187939 0.28301800000000005 0.12287056000000014
v 0.00023661682993187939 0.285207975 0.1301725750000001
v 0.00023661682993187939 0.28585699000000003 0.14286452999999996
v 0.00023661682993187939 0.28668499000000003 0.15335457000000013
v 0.00023661682993187939 0.28762901500000004 0.16161857499999999
v 0.00023661682993187939 0.28854200500000005 0.16677955500000011
v 0.00023661682993187939 0.28977701000000006 0.17079452500000017
v 0.00023661682993187939 0.290935 0.17396759000000017
v 0.00023661682993187939 0.29274601000000006 0.17790252500000003
v 0.00023661682993187939 0.29447698500000002 0.18103363000000014
v 0.00023661682993187939 0.29447698500000002 0.18103363000000014
v 0.00023661682993187939 0.29447698500000002 0.18103363000000014
v 0.00023661682993187939 0.29447698500000002 0.18103363000000014
v 0.00023661682993187939 0.29460201500000005 0.17950653000000011
v 0.00023661682993187939 0.29547798000000003 0.17568359500000011
v 0.00023661682993187939 0.29641300000000004 0.1732565300000001
v 0.00023661682993187939 0.29719902000000004 0.17088653500000017
v 0.00023661682993187939 0.29884601500000002 0.16664756999999997
v 0.00023661682993187939 0.30310800500000001 0.15679954499999998
v 0.00023661682993187939 0.30486801000000008 0.15179855500000006
v 0.00023661682993187939 0.30744400000000005 0.14186661000000012
v 0.00023661682993187939 0.31036001000000002 0.13802459500000008
v 0.00023661682993187939 0.31144100000000008 0.13653961000000001
v 0.00023661682993187939 0.31709999 0.13450157000000013
v 0.00023661682993187939 0.32042103 0.12978652999999998
v 0.00023661682993187939 0.32042103 0.12978652999999998
v 0.00023661682993187939 0.32279400000000003 0.055392530000000134
v 0.00023661682993187939 0.33052997499999998 0.064422530000000047
v 0.00023661682993187939 0.33162201000000008 0.12596756000000014
v 0.00023661682993187939 0.33409000500000002 0.069720535000000083
v 0.00023661682993187939 0.33409000500000002 0.069720535000000083
v 0.00023661682993187939 0.33909000500000003 0.081703570000000003
v 0.00023661682993187939 0.33918800500000007 0.11813255500000004
v 0.00023661682993187939 0.34099201000000007 0.10774559000000004
v 0.0015386468299319668 0.29355100500000003 0.17944557000000005
v 0.0018525968299321072 0.29510502 0.17741256500000022
v 0.0023456068299320346 0.33954300000000009 0.087587584999999996
v 0.0024125968299320458 0.33839500500000003 0.083223570000000011
v 0.002521616829932061 0.291438005 0.17525955000000001
v 0.0026226318299319654 0.29442600500000005 0.18026550500000021
v 0.003269606829932048 0.29355600500000006 0.18048050000000002
v 0.003269606829932048 0.29355600500000006 0.18048050000000002
v 0.003287611829931958 0.33581798500000004 0.077274550000000108
v 0.0033016468299320147 0.32005398000000002 0.12955154500000018
v 0.003336591829932001 0.33210399500000004 0.069641570000000111
v 0.0034675868299319569 0.32753597499999998 0.06222053500000016
v 0.0034926118299320134 0.28917700000000002 0.16945457500000016
v 0.0036265818299319186 0.29585001000000005 0.1744046000000001
v 0.0039126118299321003 0.28075100000000003 0.10964653000000002
v 0.0039476268299320164 0.31662300000000004 0.13391952500000012
v 0.0039625818299319883 0.29255399500000001 0.1786335750000001
v 0.0040026368299320046 0.29074999000000001 0.17431854000000016
v 0.0041865818299320345 0.28064600000000001 0.10468757499999999
v 0.0042286218299319783 0.31084499500000007 0.13608154500000005
v 0.00425059182993186 0.30985298000000006 0.13761657500000002
v 0.0042546368299318793 0.28156900500000004 0.11613456500000013
v 0.0043016318299319957 0.30700599500000003 0.14157455500000005
v 0.004334591829932055 0.33939201500000005 0.107557525
v 0.0043815868299319936 0.319366015 0.054933549999999977
v 0.0044226368299319146 0.30438598500000008 0.15167160000000007
v 0.0045146468299321011 0.28672201000000003 0.15335457000000013
v 0.0045886518299318446 0.33754699500000007 0.11767555000000006
v 0.0046245868299320319 0.28832901 0.16711159000000003
v 0.0046866118299319307 0.33787399500000004 0.089081575000000163
v 0.0047036268299319953 0.30261001500000001 0.15671753000000008
v 0.0047596268299320071 0.28780599500000004 0.16301254500000015
v 0.0047596268299320071 0.28780599500000004 0.16301254500000015
v 0.0048575868299319154 0.29441898500000002 0.1781305700000001
v 0.0048926068299320674 0.28117298000000002 0.096401520000000046
v 0.0049266318299319607 0.29376899500000003 0.17965957500000018
v 0.0049446368299320481 0.33693500500000001 0.084825589999999992
v 0.0050006368299320599 0.28628099500000004 0.14840652500000004
v 0.0050435918299320372 0.283223 0.12249252500000002
v 0.0050756368299318851 0.29674700000000004 0.17093956000000007
v 0.0051766468299319079 0.30045000000000005 0.1618205250000001
v 0.005251646829931911 0.28921800500000006 0.17209854000000019
v 0.0054156018299319269 0.32992100000000008 0.12530654999999999
v 0.0054365818299319637 0.29834800500000003 0.16666656500000007
v 0.0054625968299318655 0.28591099000000003 0.14266952500000016
v 0.0056325818299320044 0.28799000000000002 0.15949455500000004
v 0.0056325818299320044 0.28799000000000002 0.15949455500000004
v 0.0057016268299320497 0.28136501500000005 0.09366256500000017
v 0.0057535818299320422 0.28737100500000001 0.1580605300000002
v 0.0057535818299320422 0.28737100500000001 0.1580605300000002
v 0.0059495818299319051 0.29030800000000001 0.17648453000000011
v 0.0060296168299319502 0.29143301000000005 0.17878052000000011
v 0.0060296168299319502 0.29143301000000005 0.17878052000000011
v 0.0061355868299320278 0.33352398000000005 0.08024254000000007
v 0.0062026468299319687 0.28528299500000004 0.12954857000000006
v 0.0063975818299319975 0.28765699500000003 0.16936058000000004
v 0.0064016218299319588 0.29403999500000005 0.17743255500000005
v 0.0064576218299319706 0.28875101000000003 0.15619552500000006
v 0.0064576218299319706 0.28875101000000003 0.15619552500000006
v 0.0065596268299320751 0.31894800000000001 0.12891258000000008
v 0.006560621829931979 0.28764299500000007 0.16048454500000009
v 0.0066336318299319965 0.27921100500000001 0.07484955000000007
v 0.0067785918299320793 0.28059000000000006 0.079287565000000101
v 0.0068566418299318421 0.29467100000000002 0.17496353000000014
v 0.0068756368299319531 0.28200901000000006 0.085370560000000151
v 0.0068815868299320297 0.28808799500000004 0.15315253999999998
v 0.0070436368299319875 0.28161699500000004 0.10992653000000008
v 0.007235591829932009 0.292213 0.17808555500000001
v 0.0073845968299319333 0.28856300500000004 0.15654953000000021
v 0.007395581829931875 0.32810199500000009 0.074027554999999981
v 0.0074646268299319203 0.28174900000000003 0.10479454000000016
v 0.0074866018299320387 0.28661299000000001 0.14832458500000012
v 0.0074866018299320387 0.28661299000000001 0.14832458500000012
v 0.0075676218299320476 0.28688101000000005 0.16686752499999999
v 0.0075736518299319936 0.31488699000000003 0.13227554500000008
v 0.0075905868299320119 0.28808599500000004 0.14793555999999999
v 0.0076976268299319807 0.32311298500000007 0.065636595000000145
v 0.0077556118299319191 0.28797701000000003 0.17342453000000013
v 0.0078715818299319729 0.28217199500000006 0.10000358500000016
v 0.0079396318299319365 0.28803900000000004 0.14346153500000014
v 0.0079796118299319662 0.30562898500000002 0.14072754000000015
v 0.0079996018299319793 0.30807899500000002 0.13650360000000017
v 0.0080105868299319202 0.30874401000000007 0.13490555000000004
v 0.0080115768299321207 0.30293300500000009 0.15128753500000017
v 0.0081125918299320265 0.29004801000000002 0.15259758000000012
v 0.0081125918299320265 0.29004801000000002 0.15259758000000012
v 0.0081386068299319266 0.33343899000000005 0.088418580000000094
v 0.0082296268299319134 0.29308098000000005 0.17602455000000017
v 0.0083486468299319057 0.33310802500000003 0.095835570000000037
v 0.0083816068299319649 0.33417202000000007 0.10661056500000009
v 0.0083966318299320448 0.30111200500000002 0.1564675900000001
v 0.0085306068299320081 0.29539299000000002 0.1710995500000001
v 0.0085325918299319348 0.28383499000000006 0.1213565850000002
v 0.0085406018299319271 0.33239200500000005 0.11598755000000001
v 0.0085515868299320449 0.28912500499999999 0.17595253
v 0.0085515868299320449 0.28912500499999999 0.17595253
v 0.0086556518299318874 0.283670005 0.11053154000000021
v 0.0086586268299320146 0.28704899000000006 0.1627775550000001
v 0.0087485768299319314 0.29411501000000001 0.1734215550000002
v 0.0087596418299319186 0.29046198000000006 0.14788253999999998
v 0.0087596418299319186 0.29046198000000006 0.14788253999999998
v 0.008846616829931887 0.33148597500000004 0.084803545000000119
v 0.0090165968299319669 0.29892099500000002 0.16173256000000011
v 0.0090265918299320628 0.28715101000000004 0.12936858999999998
v 0.0090666468299319021 0.28342899500000007 0.091074524999999976
v 0.0090925868299319926 0.29131401000000001 0.13216552500000009
v 0.0090925868299319926 0.29131401000000001 0.13216552500000009
v 0.0091096018299318803 0.32526298500000006 0.12327156000000006
v 0.0091266168299319449 0.31386200000000003 0.057686540000000092
v 0.0092636368299319656 0.29685100500000006 0.16672851499999997
v 0.0092975918299319279 0.28813801000000006 0.15815460000000015
v 0.0093196368299319765 0.28532001500000004 0.11842956500000011
v 0.0093766318299320708 0.29049501500000002 0.17566757000000008
v 0.0094945818299319931 0.28541601 0.1222745500000002
v 0.0096135968299321042 0.286848985 0.11642654500000021
v 0.0096376318299319589 0.286721 0.16988052499999995
v 0.0096596018299320192 0.29136600500000004 0.14044258000000004
v 0.0096596018299320192 0.29136600500000004 0.14044258000000004
v 0.0097406268299320871 0.28952801000000006 0.15315956000000011
v 0.0097735868299319694 0.28692901500000006 0.12131355500000006
v 0.0098796368299319155 0.31581100500000003 0.12791557500000011
v 0.0099246518299319856 0.29203399500000005 0.17418953000000015
v 0.01000262182993188 0.28879400500000002 0.12116554500000021
v 0.01011363182993188 0.28369600500000003 0.09956756500000008
v 0.010210596829931884 0.28749401000000002 0.1115935500000001
v 0.010242641829932087 0.29059499500000002 0.14795356999999995
v 0.010277586829931896 0.29349300500000003 0.17156257500000011
v 0.010697581829931925 0.30041399000000002 0.15062958000000004
v 0.01074862182993206 0.31005100500000005 0.13028358500000012
v 0.010870616829932001 0.28764799000000002 0.17201355000000015
v 0.010870616829932001 0.28764799000000002 0.17201355000000015
v 0.010881606829932 0.30168899500000002 0.14506157000000003
v 0.010900601829931933 0.28687900500000002 0.16535659999999996
v 0.011002606829931861 0.30290699000000004 0.1394665550000001
v 0.011069591829931991 0.29138899000000001 0.17220955000000018
v 0.011069591829931991 0.30444801500000002 0.13615555000000015
v 0.011089581829932006 0.30456098500000001 0.13355354500000019
v 0.011107586829931916 0.28880600000000006 0.11503555500000005
v 0.011107586829931916 0.29163500000000003 0.14031952000000009
v 0.011151606829932083 0.32211502000000003 0.08141456500000005
v 0.011177626829932043 0.289350985 0.17252960000000003
v 0.011321591829932044 0.29657301000000003 0.16178756500000022
v 0.011351651829931964 0.29465400500000005 0.16705559000000003
v 0.011369581829931885 0.28813099000000003 0.15999359000000002
v 0.011535596829931993 0.28977298500000004 0.15413757500000003
v 0.011559626829931969 0.31942098500000005 0.11549156000000008
v 0.011559626829931969 0.31942098500000005 0.11549156000000008
v 0.011619596829932011 0.31837002000000003 0.11690552000000008
v 0.011619596829932011 0.31837002000000003 0.11690552000000008
v 0.011695586829932037 0.31971498500000006 0.11420654500000005
v 0.011695586829932037 0.31971498500000006 0.11420654500000005
v 0.01171160682993202 0.28678798500000002 0.10630058500000016
v 0.011783626829932016 0.32524601000000003 0.096056520000000145
v 0.011824596829931889 0.31524399000000003 0.075457535000000145
v 0.011837641829931923 0.31745899000000005 0.12413559000000021
v 0.01184061682993205 0.31917000000000006 0.12060158000000012
v 0.011842601829931977 0.32190700500000002 0.11857055500000016
v 0.011846646829931995 0.32373298500000003 0.11579857000000011
v 0.011849621829931946 0.32800800500000005 0.1128445450000001
v 0.011873576829931932 0.31696201500000004 0.11764358500000008
v 0.011873576829931932 0.31696201500000004 0.11764358500000008
v 0.011886626829932023 0.29109800499999999 0.14812957999999998
v 0.011891581829932019 0.29153499500000002 0.11575653000000018
v 0.011945601829931984 0.32569102999999999 0.10404854000000015
v 0.011956586829931927 0.32497902000000006 0.089615555000000138
v 0.011965586829931941 0.29182100500000002 0.13210754500000005
v 0.011997631829931965 0.31946701000000005 0.11286354000000004
v 0.011997631829931965 0.31946701000000005 0.11286354000000004
v 0.012046611829932009 0.28334399999999998 0.074772570000000024
v 0.012215601829932067 0.31546398000000003 0.11753952000000006
v 0.012215601829932067 0.31546398000000003 0.11753952000000006
v 0.01223460182993188 0.28338600000000003 0.071982575000000007
v 0.012259626829931937 0.28780498500000001 0.16720459000000007
v 0.012259626829931937 0.28780498500000001 0.16720459000000007
v 0.01236758182993194 0.29571701000000006 0.1558835600000002
v 0.012377651829932024 0.29215999500000001 0.16755455000000002
v 0.012416636829931972 0.29730600500000004 0.14981956499999996
v 0.01243762182993189 0.31847399000000004 0.11137054500000013
v 0.01243762182993189 0.31847399000000004 0.11137054500000013
v 0.012582651829931901 0.29380199500000004 0.16195358500000001
v 0.012595621829931947 0.28975000500000003 0.16775955000000009
v 0.012613631829931915 0.31568500500000002 0.12141159000000012
v 0.0126296518299319 0.31036400000000008 0.12469154500000013
v 0.012649641829931913 0.29188200000000003 0.14026557999999997
v 0.012689616829931883 0.28911501000000006 0.16138351500000001
v 0.012719601829931993 0.32205799000000002 0.10851852500000021
v 0.012745616829931895 0.28569999500000004 0.079802550000000139
v 0.012746611829931975 0.29082998500000001 0.15498955
v 0.012784601829932019 0.29849699000000002 0.14381454500000004
v 0.012832591829932039 0.317936995 0.11664856000000015
v 0.012842586829931958 0.31730100500000002 0.11079056000000005
v 0.012842586829931958 0.31730100500000002 0.11079056000000005
v 0.012852581829932054 0.30982500000000002 0.068265535000000099
v 0.012884626829931901 0.29079500000000003 0.12209961000000008
v 0.01296160682993195 0.29287899000000001 0.15551559499999998
v 0.012978621829932015 0.29113901000000003 0.16192260500000019
v 0.013007611829932042 0.31861099000000004 0.1156865700000001
v 0.013013636829931931 0.29220199500000005 0.14845855500000002
v 0.013013636829931931 0.29220199500000005 0.14845855500000002
v 0.013042631829932018 0.29958000000000001 0.13792953499999996
v 0.013050641829932009 0.31383402000000005 0.11671455500000008
v 0.013050641829932009 0.31383402000000005 0.11671455500000008
v 0.013141581829931949 0.30359100500000002 0.12835457000000014
v 0.013182631829932047 0.29432800500000006 0.14903656000000007
v 0.013243586829931875 0.30066799 0.13167755000000003
v 0.013252591829931949 0.31886101 0.11455154500000014
v 0.013260601829931939 0.31700302000000002 0.087283555000000138
v 0.01333163182993209 0.29163500000000003 0.12072159000000014
v 0.01333163182993209 0.31581398000000005 0.11071457000000003
v 0.01333163182993209 0.31581398000000005 0.11071457000000003
v 0.013381606829932037 0.31833299500000001 0.10582656999999998
v 0.013431651829932091 0.29232799500000001 0.13222458000000012
v 0.013431651829932091 0.29232799500000001 0.13222458000000012
v 0.01353060682993208 0.31864801500000001 0.11341659500000018
v 0.013550596829931916 0.31459400000000004 0.10774856499999999
v 0.013642606829932104 0.29311699000000008 0.14119354000000009
v 0.013689601829932042 0.31451801499999998 0.11131653000000004
v 0.013689601829932042 0.31451801499999998 0.11131653000000004
v 0.01369959682993196 0.29539999000000006 0.14247757000000014
v 0.013723631829931993 0.31642601000000004 0.095009534999999978
v 0.013751631829931998 0.313021985 0.11470253000000011
v 0.013751631829931998 0.313021985 0.11470253000000011
v 0.013769636829932087 0.30308399000000003 0.06126556500000007
v 0.013798626829932116 0.31800499000000004 0.11245353500000005
v 0.013955641829932031 0.31077200000000005 0.11842956500000011
v 0.013986616829931986 0.31649198500000009 0.11624458500000011
v 0.014015606829932015 0.31703001000000008 0.11181061000000003
v 0.014074581829931977 0.31523401500000003 0.11624458500000011
v 0.01409861682993201 0.31341499500000003 0.11274856500000006
v 0.01409861682993201 0.31341499500000003 0.11274856500000006
v 0.014119596829932047 0.29636801000000002 0.13599853500000006
v 0.014124631829931912 0.31739599000000002 0.11537559500000008
v 0.014148586829931899 0.31587202000000003 0.11158455000000007
v 0.014177576829931926 0.31470600000000004 0.11181061000000003
v 0.014253641829932119 0.29383400000000004 0.13399055500000009
v 0.014287596829932081 0.29233000000000003 0.12344154500000003
v 0.014312621829931961 0.31700001000000005 0.10108352499999995
v 0.014337641829931958 0.31435901500000002 0.11537559500000008
v 0.014407606829931918 0.31741602000000002 0.11414657500000019
v 0.014503581829931901 0.29733800999999999 0.12907653999999999
v 0.014552641829931989 0.31706800500000004 0.1136265550000001
v 0.014636641829932007 0.31380298500000003 0.10466354500000002
v 0.014665631829932036 0.29936100000000004 0.12740059000000006
v 0.014668606829931985 0.29386299000000005 0.11677253500000014
v 0.01467364182993185 0.29371198500000001 0.12207359499999999
v 0.014690581829931926 0.31591001500000004 0.11483459499999996
v 0.014715601829931924 0.31474300500000002 0.1136265550000001
v 0.014720641829931847 0.31001100500000001 0.11431358500000002
v 0.014742611829932084 0.31591299 0.11315559500000011
v 0.01477358682993204 0.28940799500000003 0.088253555000000011
v 0.014890621829931928 0.28800499000000002 0.07362053000000017
v 0.014899626829932001 0.29447000500000003 0.12627655000000004
v 0.014899626829932001 0.29447000500000003 0.12627655000000004
v 0.014975611829931968 0.28822401000000003 0.06952453500000004
v 0.014999646829932002 0.28668800500000002 0.064528580000000169
v 0.015019636829932015 0.28906500000000007 0.096385575000000057
v 0.015043591829932002 0.30410200000000004 0.12304153500000013
v 0.015045651829932095 0.29277399000000004 0.059716569999999969
v 0.015231581829932051 0.29583200500000001 0.12461059500000005
v 0.015363646829931899 0.31092500500000003 0.10853958000000007
v 0.015417586829931995 0.30660799000000005 0.118091585
v 0.015846586829931921 0.29637701 0.11858658000000021
v 0.015869626829932048 0.29185501000000003 0.11052154500000011
v 0.016116591829931883 0.29904499000000001 0.12038154500000005
v 0.016169611829931884 0.29611599000000005 0.07127754
v 0.016349591829931943 0.30895502000000002 0.084543535000000072
v 0.016658581829932028 0.29025999000000002 0.10564552500000009
v 0.016734646829932042 0.29642200500000004 0.11342155500000005
v 0.017084606829932004 0.29343799500000006 0.10614959500000012
v 0.017217586829931887 0.29230600500000004 0.093671570000000065
v 0.017277631829931916 0.29287299999999999 0.079646530000000132
v 0.017290601829931963 0.31011699500000001 0.09219757000000009
v 0.017311581829932001 0.30224800000000002 0.078567579999999998
v 0.017470576829931962 0.30257898500000002 0.11486656000000012
v 0.017547636829932056 0.30884399500000004 0.10094154500000006
v 0.017724636829932108 0.299452 0.11390358000000021
v 0.018189646829932026 0.30540498500000002 0.10902557500000008
v 0.019186581829931895 0.295986005 0.096813585000000132
v 0.019458646829931949 0.30194600999999999 0.10891952500000013
v 0.019527616829932006 0.29711801500000007 0.10519455000000005
v 0.020077616829931966 0.30040401500000002 0.10408553999999999
v 0.020351591829931959 0.30375400500000005 0.10323059000000008
v 0.020438641829932092 0.29905399500000007 0.088435594999999978
v 0.020459621829931954 0.304317 0.091158599999999979
v 0.020826596829931977 0.29935499000000004 0.096969605000000139
v -0.018990373170068065 0.10317300000000001 0.071602555000000123
v -0.017868393170067966 0.12056999 0.064340514999999959
v -0.017508363170068098 0.12506400000000001 0.055710524999999934
v -0.015619403170067958 0.11707000000000001 0.072607574999999966
v -0.015153398170068133 0.097850000000000006 0.079564590000000032
v -0.014863408170068038 0.14693400500000001 0.06121353000000003
v -0.014831363170068014 0.28093900500000002 0.05635559000000008
v -0.01462338317006795 0.15010300500000001 0.053594590000000157
v -0.014572423170068039 0.29277399000000004 0.059716569999999969
v -0.014358418170068089 0.12915200000000002 0.047709580000000078
v -0.014227418170067896 0.26940500500000003 0.052520600000000077
v -0.013766373170067948 0.28664699500000007 0.050430605000000031
v -0.013507358170067985 0.17538101000000003 0.051128540000000028
v -0.013329363170068033 0.27717399500000001 0.06134552000000007
v -0.013319368170068114 0.25057199499999999 0.051894530000000043
v -0.013286408170068055 0.17347200500000001 0.058316575000000093
v -0.013177388170068039 0.27368101 0.046399535000000117
v -0.012970398170067999 0.25376299000000002 0.045534590000000111
v -0.012933398170067979 0.23171499500000003 0.051311570000000022
v -0.012929353170067959 0.26694399000000008 0.057985535000000081
v -0.01282635817006801 0.14528701000000002 0.068468550000000059
v -0.012740373170068065 0.23380800000000002 0.04491859500000004
v -0.01272740317006802 0.20458999500000005 0.047952575000000053
v -0.012533388170068084 0.202580015 0.054729540000000125
v -0.012259418170067971 0.28201601000000004 0.068269575000000068
v -0.011959353170068089 0.15315000500000001 0.04666153000000009
v -0.011487398170068009 0.24941400500000005 0.057059555000000019
v -0.01130337817006799 0.17730899999999999 0.04451553500000003
v -0.011120348170067997 0.11316499500000002 0.079755555000000034
v -0.011058398170067908 0.23177900500000004 0.056814574999999937
v -0.010999348170067959 0.17364000500000001 0.064643554999999964
v -0.010778398170068027 0.20664100500000002 0.041825560000000199
v -0.010522358170068014 0.25694799499999998 0.039676590000000012
v -0.010424393170068047 0.20267400500000005 0.060359575000000026
v -0.010386403170068004 0.29221599500000001 0.044912565000000099
v -0.010324373170068048 0.23597200500000001 0.039098584999999991
v -0.010213368170067927 0.273725985 0.06576751500000011
v -0.0099043781700680188 0.26472500000000004 0.062758560000000158
v -0.0097774231700680225 0.27788099500000002 0.040952530000000036
v -0.0095074181700680604 0.30443800000000004 0.051743545000000071
v -0.0089124031700680284 0.14336800500000002 0.07480758499999994
v -0.0081274131700680204 0.24835899500000003 0.061607590000000025
v -0.008067368170067991 0.095325005000000004 0.085241545000000057
v -0.0080074031700680063 0.13197400000000001 0.041633530000000009
v -0.00757336817006804 0.23184900500000005 0.061547544999999995
v -0.0069173931700681202 0.17361099000000002 0.070069580000000006
v -0.0066613481700680491 0.20267499999999999 0.065252535000000125
v -0.0065213481700680202 0.15513900000000003 0.041634600000000077
v -0.0062434131700679352 0.17876199500000001 0.03956458999999999
v -0.0059193881700680077 0.11164400000000002 0.08414154000000007
v -0.0058033481700680237 0.20805500000000002 0.037050550000000015
v -0.0056703681700679635 0.23740000000000003 0.034623565000000057
v -0.0056353481700679893 0.25888801500000003 0.03517959500000014
v -0.0055804181700680466 0.29532799000000004 0.040941545000000093
v -0.0054443831700679906 0.27089899000000001 0.068967590000000106
v -0.0053433731700679669 0.28023201000000003 0.037022550000000008
v -0.0053143781700680575 0.26263500000000006 0.066325530000000119
v -0.0046143831700679707 0.14252099000000001 0.078658599999999981
v -0.0045903481700679373 0.30883800500000003 0.048118589999999989
v -0.0042583931700680647 0.247137985 0.064592590000000172
v -0.0040144081700680626 0.231378 0.06458854500000015
v -0.0036433881700680183 0.17339300000000002 0.073005524999999946
v -0.0034254181700680954 0.20232200500000005 0.068046570000000098
v 0.00023661682993187939 0.09260400000000002 0.087913590000000152
v 0.00023661682993187939 0.10971200000000002 0.086226580000000122
v 0.00023661682993187939 0.12494000500000002 0.036756590000000068
v 0.00023661682993187939 0.12494000500000002 0.036756590000000068
v 0.00023661682993187939 0.13415800000000003 0.039047545000000031
v 0.00023661682993187939 0.14135 0.080730590000000116
v 0.00023661682993187939 0.15720799500000002 0.039473570000000006
v 0.00023661682993187939 0.17288400500000004 0.074493559999999986
v 0.00023661682993187939 0.180399 0.037350540000000092
v 0.00023661682993187939 0.20175800500000005 0.069365540000000087
v 0.00023661682993187939 0.20965799500000004 0.03469558500000005
v 0.00023661682993187939 0.23081701500000001 0.066011579999999986
v 0.00023661682993187939 0.23893800500000004 0.032639540000000092
v 0.00023661682993187939 0.24603399500000001 0.065832520000000019
v 0.00023661682993187939 0.26068500500000003 0.032956545000000052
v 0.00023661682993187939 0.26103800000000005 0.067786560000000051
v 0.00023661682993187939 0.26906099500000003 0.070155565000000128
v 0.00023661682993187939 0.27556101000000005 0.073044585000000065
v 0.00023661682993187939 0.28224998500000004 0.035422590000000122
v 0.00023661682993187939 0.29767502000000001 0.039145584999999983
v 0.00023661682993187939 0.29767502000000001 0.039145584999999983
v 0.00023661682993187939 0.31269300500000008 0.047985535000000114
v 0.00023661682993187939 0.31269300500000008 0.047985535000000114
v 0.0038986468299319734 0.20232200500000005 0.068046570000000098
v 0.0041166218299319548 0.17339300000000002 0.073005524999999946
v 0.0044876368299319406 0.231378 0.06458854500000015
v 0.0047316268299320008 0.247137985 0.064592590000000172
v 0.0050635818299318743 0.30883800500000003 0.048118589999999989
v 0.0050876118299320264 0.14252099000000001 0.078658599999999981
v 0.0057876118299319936 0.26263500000000006 0.066325530000000119
v 0.0058166018299320226 0.28023201000000003 0.037022550000000008
v 0.0059176168299319267 0.27089899000000001 0.068967590000000106
v 0.0060536468299319246 0.29532799000000004 0.040941545000000093
v 0.0061085768299320442 0.25888801500000003 0.03517959500000014
v 0.0061435968299320192 0.23740000000000003 0.034623565000000057
v 0.0062765768299320795 0.20805500000000002 0.037050550000000015
v 0.0063926218299321215 0.11164400000000002 0.08414154000000007
v 0.0067166418299319909 0.17876199500000001 0.03956458999999999
v 0.0069945818299319562 0.15513900000000003 0.041634600000000077
v 0.0071345818299319852 0.20267499999999999 0.065252535000000125
v 0.0073906218299319981 0.17361099000000002 0.070069580000000006
v 0.0079426068299318867 0.27770900500000001 0.071385575000000048
v 0.0080465968299320966 0.23184900500000005 0.061547544999999995
v 0.0084806318299320612 0.13197400000000001 0.041633530000000009
v 0.0085406018299319271 0.095325005000000004 0.085241545000000057
v 0.0085486118299320964 0.12251699500000002 0.039377595000000022
v 0.0086006418299318984 0.24835899500000003 0.061607590000000025
v 0.009385631829932085 0.14336800500000002 0.07480758499999994
v 0.0099806468299319384 0.30443800000000004 0.051743545000000071
v 0.010250651829932079 0.27788099500000002 0.040952530000000036
v 0.010377606829931897 0.26472500000000004 0.062758560000000158
v 0.010686596829931984 0.273725985 0.06576751500000011
v 0.010797606829931984 0.23597200500000001 0.039098584999999991
v 0.010859631829931882 0.29221599500000001 0.044912565000000099
v 0.010897626829931985 0.20267400500000005 0.060359575000000026
v 0.010995586829932069 0.25694799499999998 0.039676590000000012
v 0.011251631829931963 0.20664100500000002 0.041825560000000199
v 0.011472576829932014 0.17364000500000001 0.064643554999999964
v 0.011531626829931963 0.23177900500000004 0.056814574999999937
v 0.011593581829931933 0.11316499500000002 0.079755555000000034
v 0.011776606829932047 0.17730899999999999 0.04451553500000003
v 0.011960631829931945 0.24941400500000005 0.057059555000000019
v 0.012432581829931967 0.15315000500000001 0.04666153000000009
v 0.012732646829932026 0.28201601000000004 0.068269575000000068
v 0.013006621829931841 0.202580015 0.054729540000000125
v 0.013196591829932115 0.29823000000000005 0.05454757500000014
v 0.013200636829931956 0.20458999500000005 0.047952575000000053
v 0.013213606829932001 0.23380800000000002 0.04491859500000004
v 0.013299586829931887 0.14528701000000002 0.068468550000000059
v 0.013402586829931895 0.26694399000000008 0.057985535000000081
v 0.013406626829932034 0.23171499500000003 0.051311570000000022
v 0.013443631829932114 0.25376299000000002 0.045534590000000111
v 0.013650616829931917 0.27368101 0.046399535000000117
v 0.013759641829931991 0.17347200500000001 0.058316575000000093
v 0.01379260182993205 0.25057199499999999 0.051894530000000043
v 0.013802596829931969 0.27717399500000001 0.06134552000000007
v 0.013980586829931863 0.17538101000000003 0.051128540000000028
v 0.014239606829931884 0.28664699500000007 0.050430605000000031
v 0.014700651829932011 0.26940500500000003 0.052520600000000077
v 0.014831646829931967 0.12915200000000002 0.047709580000000078
v 0.015096616829931887 0.15010300500000001 0.053594590000000157
v 0.015304591829931892 0.28093900500000002 0.05635559000000008
v 0.015336636829931916 0.14693400500000001 0.06121353000000003
v 0.016092631829932015 0.11707000000000001 0.072607574999999966
v 0.017981596829932035 0.12506400000000001 0.055710524999999934
v 0.018341626829931901 0.12056999 0.064340514999999959
v -0.036638383170068158 0.085732000000000017 -0.18611541499999992
v -0.034598363170068057 0.076973000000000014 -0.19994247499999995
v -0.031853383170067938 0.069224994999999998 -0.20274245999999999
v -0.031784413170068061 0.056817000000000006 -0.19017341499999996
v -0.031094408170068012 0.083493995000000015 -0.19907241999999992
v -0.029363373170068121 0.093323000000000003 -0.18257240499999999
v -0.028159383170067987 0.075290005000000007 -0.21374244499999995
v -0.026851398170067944 0.06219800000000001 -0.20389739999999998
v -0.025749408170068034 0.081890000000000018 -0.21342544500000005
v -0.025397388170068161 0.088939000000000018 -0.19677840999999996
v -0.023021363170067935 0.074538000000000007 -0.2226614399999999
v -0.023021363170067935 0.074538000000000007 -0.2226614399999999
v -0.022050373170068041 0.085632000000000014 -0.21189544499999988
v -0.021371358170067991 0.068114000000000008 -0.21699043499999995
v -0.020640383170068069 0.080596000000000001 -0.22165344000000006
v -0.016989413170068079 0.078606000000000009 -0.22959640500000003
v -0.016989413170068079 0.078606000000000009 -0.22959640500000003
v -0.014900408170068059 0.099948995000000013 -0.18282745499999997
v -0.013924378170067886 0.054021 -0.20687446499999995
v -0.012937363170068128 0.094135000000000024 -0.19781944499999984
v -0.011273393170068058 0.089044000000000012 -0.21391540500000003
v -0.011014378170067918 0.063529995000000006 -0.22025848499999992
v -0.01033635317006807 0.084296005000000007 -0.22372245999999996
v -0.010216418170068043 0.070127000000000009 -0.22734047000000004
v -0.0089623731700679173 0.078210005000000013 -0.23367645500000001
v -0.0089623731700679173 0.078210005000000013 -0.23367645500000001
v 0.00023661682993187939 0.049069000000000008 -0.20649947999999993
v 0.00023661682993187939 0.061142000000000009 -0.22101944000000007
v 0.00023661682993187939 0.069032999999999997 -0.22790344000000007
v 0.00023661682993187939 0.077326000000000006 -0.23431838999999999
v 0.00023661682993187939 0.077326000000000006 -0.23431838999999999
v 0.00023661682993187939 0.083807000000000006 -0.22444244499999988
v 0.00023661682993187939 0.090016995000000016 -0.21440444999999997
v 0.00023661682993187939 0.096600010000000014 -0.19737045499999992
v 0.0094356068299318533 0.078210005000000013 -0.23367645500000001
v 0.0094356068299318533 0.078210005000000013 -0.23367645500000001
v 0.010689646829931921 0.070127000000000009 -0.22734047000000004
v 0.010809581829931948 0.084296005000000007 -0.22372245999999996
v 0.011487606829931975 0.063529995000000006 -0.22025848499999992
v 0.011746626829931994 0.089044000000000012 -0.21391540500000003
v 0.013410596829932064 0.094135000000000024 -0.19781944499999984
v 0.014397611829932001 0.054021 -0.20687446499999995
v 0.017462641829931957 0.078606000000000009 -0.22959640500000003
v 0.017462641829931957 0.078606000000000009 -0.22959640500000003
v 0.021113611829932124 0.080596000000000001 -0.22165344000000006
v 0.021844586829931869 0.068114000000000008 -0.21699043499999995
v 0.022523601829931919 0.085632000000000014 -0.21189544499999988
v 0.023494596829932046 0.074538000000000007 -0.2226614399999999
v 0.023494596829932046 0.074538000000000007 -0.2226614399999999
v 0.025870616829931858 0.088939000000000018 -0.19677840999999996
v 0.026222636829931912 0.081890000000000018 -0.21342544500000005
v 0.027324626829931999 0.06219800000000001 -0.20389739999999998
v 0.028632611829932042 0.075290005000000007 -0.21374244499999995
v 0.03156764182993195 0.083493995000000015 -0.19907241999999992
v 0.032326611829931996 0.069224994999999998 -0.20274245999999999
v 0.035071591829932115 0.076973000000000014 -0.19994247499999995
v 0.037111616829931915 0.085732000000000017 -0.18611541499999992
v 0.038285626829932001 0.066323000000000007 -0.18950042499999997
v 0.042013651829932025 0.07664 -0.18660347000000002
vt 0.54098498821258545 0.2159460037946701
vt 0.51690399646759033 0.28180199861526489
vt 0.55803000926971436 0.28086599707603455
vt 0.60291701555252075 0.28312098979949951
vt 0.49450799822807312 0.21701200306415558
vt 0.58745801448822021 0.2150920033454895
vt 0.47064900398254395 0.29030001163482666
vt 0.44872298836708069 0.22661399841308594
vt 0.64934802055358887 0.23401300609111786
vt 0.65551400184631348 0.2991969883441925
vt 0.70820200443267822 0.31395399570465088
vt 0.43272000551223755 0.2948479950428009
vt 0.40880298614501953 0.23519900441169739
vt 0.52213799953460693 0.14507900178432465
vt 0.7109220027923584 0.25318598747253418
vt 0.46830201148986816 0.14476099610328674
vt 0.57593297958374023 0.14703799784183502
vt 0.42127200961112976 0.154448002576828
vt 0.63743001222610474 0.16673199832439423
vt 0.54140299558639526 0.33747899532318115
vt 0.54140299558639526 0.33747899532318115
vt 0.49647000432014465 0.34437501430511475
vt 0.49647000432014465 0.34437501430511475
vt 0.57520097494125366 0.33609899878501892
vt 0.57520097494125366 0.33609899878501892
vt 0.61380499601364136 0.34944599866867065
vt 0.61380499601364136 0.34944599866867065
vt 0.46326500177383423 0.3451170027256012
vt 0.46326500177383423 0.3451170027256012
vt 0.40815699100494385 0.29084199666976929
vt 0.69780302047729492 0.18779200315475464
vt 0.65816497802734375 0.3574259877204895
vt 0.65816497802734375 0.3574259877204895
vt 0.38451498746871948 0.23826600611209869
vt 0.79947400093078613 0.32934999465942383
vt 0.37733298540115356 0.16655999422073364
vt 0.7804340124130249 0.35906499624252319
vt 0.43810799717903137 0.33517700433731079
vt 0.77156698703765869 0.23542700707912445
vt 0.70246398448944092 0.36658200621604919
vt 0.70246398448944092 0.36658200621604919
vt 0.87641298770904541 0.37878701090812683
vt 0.87641298770904541 0.37878701090812683
vt 0.87641298770904541 0.37878701090812683
vt 0.50325697660446167 0.081611998379230499
vt 0.38494598865509033 0.28502100706100464
vt 0.35046899318695068 0.18116900324821472
vt 0.36172500252723694 0.24094200134277344
vt 0.5629349946975708 0.085988998413085938
vt 0.44600999355316162 0.079944998025894165
vt 0.87256300449371338 0.35299301147460938
vt 0.87256300449371338 0.35299301147460938
vt 0.62275397777557373 0.10542400181293488
vt 0.39839699864387512 0.088703997433185577
vt 0.84384799003601074 0.28938901424407959
vt 0.41404399275779724 0.3227669894695282
vt 0.86666697263717651 0.29974699020385742
vt 0.86666697263717651 0.29974699020385742
vt 0.86666697263717651 0.29974699020385742
vt 0.68194001913070679 0.12753200531005859
vt 0.85214501619338989 0.26575100421905518
vt 0.75642597675323486 0.38601699471473694
vt 0.75642597675323486 0.38601699471473694
vt 0.35303100943565369 0.10276500135660172
vt 0.73978400230407715 0.15858000516891479
vt 0.84812897443771362 0.38634300231933594
vt 0.84812897443771362 0.38634300231933594
vt 0.84812897443771362 0.38634300231933594
vt 0.87225502729415894 0.27391499280929565
vt 0.87225502729415894 0.27391499280929565
vt 0.85297298431396484 0.32638400793075562
vt 0.85297298431396484 0.32638400793075562
vt 0.8592039942741394 0.24563899636268616
vt 0.32627800107002258 0.19589599967002869
vt 0.84597897529602051 0.36039501428604126
vt 0.81091701984405518 0.3864859938621521
vt 0.81091701984405518 0.3864859938621521
vt 0.79667097330093384 0.19160899519920349
vt 0.3392300009727478 0.25542700290679932
vt 0.87582600116729736 0.2365259975194931
vt 0.88512098789215088 0.2569110095500946
vt 0.82191002368927002 0.19588400423526764
vt 0.32382199168205261 0.12578999996185303
vt 0.36234098672866821 0.29222500324249268
vt 0.86657798290252686 0.30400100350379944
vt 0.84661197662353516 0.20091900229454041
vt 0.89209598302841187 0.22790999710559845
vt 0.30677101016044617 0.21947400271892548
vt 0.83267700672149658 0.33448600769042969
vt 0.82052099704742432 0.35418799519538879
vt 0.39017799496650696 0.32143101096153259
vt 0.87055999040603638 0.20051400363445282
vt 0.85127997398376465 0.31680199503898621
vt 0.54667097330093384 0.34744200110435486
vt 0.29797899723052979 0.1516059935092926
vt 0.57524001598358154 0.34333199262619019
vt 0.50382101535797119 0.35447698831558228
vt 0.60391700267791748 0.34119498729705811
vt 0.31619900465011597 0.2707659900188446
vt 0.64434301853179932 0.33770400285720825
vt 0.47380998730659485 0.35567200183868408
vt 0.68394798040390015 0.33819100260734558
vt 0.68394798040390015 0.33819100260734558
vt 0.28774601221084595 0.24305300414562225
vt 0.339152991771698 0.3011699914932251
vt 0.49169400334358215 0.024469999596476555
vt 0.28033098578453064 0.18289199471473694
vt 0.44662600755691528 0.35041001439094543
vt 0.55663400888442993 0.027592999860644341
vt 0.43137198686599731 0.024630999192595482
vt 0.61847501993179321 0.042036000639200211
vt 0.37862101197242737 0.034745000302791595
vt 0.30325400829315186 0.29026898741722107
vt 0.27687901258468628 0.26764601469039917
vt 0.42080700397491455 0.34250500798225403
vt 0.32915699481964111 0.054575998336076736
vt 0.32602998614311218 0.31467899680137634
vt 0.73229897022247314 0.34095698595046997
vt 0.73229897022247314 0.34095698595046997
vt 0.73000001907348633 0.088895000517368317
vt 0.26423099637031555 0.21468399465084076
vt 0.28983598947525024 0.31036999821662903
vt 0.36490699648857117 0.32566800713539124
vt 0.82016700506210327 0.11969000101089478
vt 0.2661530077457428 0.2926270067691803
vt 0.29763400554656982 0.085637003183364868
vt 0.31263899803161621 0.33090698719024658
vt 0.25450700521469116 0.24394699931144714
vt 0.85104697942733765 0.13482999801635742
vt 0.28553399443626404 0.34518098831176758
vt 0.34973698854446411 0.33465701341629028
vt 0.6970980167388916 0.05408100038766861
vt 0.39933401346206665 0.34048199653625488
vt 0.30692800879478455 0.36109998822212219
vt 0.87573397159576416 0.15068900585174561
vt 0.77303099632263184 0.33596700429916382
vt 0.77303099632263184 0.33596700429916382
vt 0.24604000151157379 0.27326500415802002
vt 0.81394302845001221 0.31490200757980347
vt 0.81394302845001221 0.31490200757980347
vt 0.27253299951553345 0.12137100100517273
vt 0.80052602291107178 0.10659100115299225
vt 0.79767298698425293 0.32473999261856079
vt 0.79767298698425293 0.32473999261856079
vt 0.3349590003490448 0.34766098856925964
vt 0.90125197172164917 0.16751900315284729
vt 0.83983397483825684 0.30620399117469788
vt 0.83983397483825684 0.30620399117469788
vt 0.2564690113067627 0.15855400264263153
vt 0.32697299122810364 0.375093013048172
vt 0.24370899796485901 0.19723400473594666
vt 0.37689000368118286 0.3480600118637085
vt 0.23590800166130066 0.22992299497127533
vt 0.36364299058914185 0.35313698649406433
vt 0.23017600178718567 0.26341000199317932
vt 0.35042101144790649 0.36414700746536255
vt 0.34105101227760315 0.38587000966072083
vt 0.48080399632453918 0
vt 0.42035898566246033 0.0016479999758303165
vt 0.54793798923492432 0.0024240000639110804
vt 0.60837501287460327 0.0059460001066327095
vt 0.3682439923286438 0.010743999853730202
vt 0.66854602098464966 0.012484000064432621
vt 0.66854602098464966 0.012484000064432621
vt 0.7189679741859436 0.022493999451398849
vt 0.7189679741859436 0.022493999451398849
vt 0.3194350004196167 0.031272999942302704
vt 0.76726502180099487 0.039221998304128647
vt 0.76726502180099487 0.039221998304128647
vt 0.80307799577713013 0.061243999749422073
vt 0.80307799577713013 0.061243999749422073
vt 0.28766500949859619 0.061827998608350754
vt 0.28766500949859619 0.061827998608350754
vt 0.83659398555755615 0.086630001664161682
vt 0.83659398555755615 0.086630001664161682
vt 0.2626500129699707 0.1005999967455864
vt 0.2626500129699707 0.1005999967455864
vt 0.86696100234985352 0.11648499965667725
vt 0.24664899706840515 0.14038999378681183
vt 0.24664899706840515 0.14038999378681183
vt 0.89745098352432251 0.14619199931621552
vt 0.23560300469398499 0.1827709972858429
vt 0.22822099924087524 0.21785800158977509
vt 0.22399300336837769 0.25358501076698303
vt 0.87120997905731201 0.33367300033569336
vt 0.87120997905731201 0.33367300033569336
vt 0.87120997905731201 0.33367300033569336
vt 0.83907800912857056 0.3430820107460022
vt 0.83907800912857056 0.3430820107460022
vt 0.80998802185058594 0.356097012758255
vt 0.80998802185058594 0.356097012758255
vt 0.39003100991249084 0.3572939932346344
vt 0.41513898968696594 0.35916098952293396
vt 0.37359899282455444 0.36087000370025635
vt 0.78724497556686401 0.36120399832725525
vt 0.78724497556686401 0.36120399832725525
vt 0.76130801439285278 0.36183100938796997
vt 0.76130801439285278 0.36183100938796997
vt 0.43954300880432129 0.36588200926780701
vt 0.35929000377655029 0.37086498737335205
vt 0.35929000377655029 0.37086498737335205
vt 0.72610902786254883 0.37287500500679016
vt 0.72610902786254883 0.37287500500679016
vt 0.46844801306724548 0.37350499629974365
vt 0.68979299068450928 0.37406200170516968
vt 0.68979299068450928 0.37406200170516968
vt 0.65277200937271118 0.37733399868011475
vt 0.65277200937271118 0.37733399868011475
vt 0.49796599149703979 0.37841901183128357
vt 0.53368198871612549 0.38054600358009338
vt 0.58957898616790771 0.38153299689292908
vt 0.58957898616790771 0.38153299689292908
vt 0.56363999843597412 0.38169899582862854
vt 0.61552101373672485 0.3827190101146698
vt 0.61552101373672485 0.3827190101146698
vt 0.35042101144790649 0.36414700746536255
vt 0.23017600178718567 0.26341000199317932
vt 0.36364299058914185 0.35313698649406433
vt 0.23590800166130066 0.22992299497127533
vt 0.37689000368118286 0.3480600118637085
vt 0.24370899796485901 0.19723400473594666
vt 0.32697299122810364 0.375093013048172
vt 0.87603002786636353 0.3224320113658905
vt 0.24429699778556824 0.31653198599815369
vt 0.2564690113067627 0.15855400264263153
vt 0.83983397483825684 0.30620399117469788
vt 0.83983397483825684 0.30620399117469788
vt 0.90125197172164917 0.16751900315284729
vt 0.3349590003490448 0.34766098856925964
vt 0.79767298698425293 0.32473999261856079
vt 0.79767298698425293 0.32473999261856079
vt 0.80052602291107178 0.10659100115299225
vt 0.27253299951553345 0.12137100100517273
vt 0.81394302845001221 0.31490200757980347
vt 0.81394302845001221 0.31490200757980347
vt 0.24604000151157379 0.27326500415802002
vt 0.77303099632263184 0.33596700429916382
vt 0.77303099632263184 0.33596700429916382
vt 0.87573397159576416 0.15068900585174561
vt 0.2634660005569458 0.33149498701095581
vt 0.30692800879478455 0.36109998822212219
vt 0.39933401346206665 0.34048199653625488
vt 0.6970980167388916 0.05408100038766861
vt 0.34973698854446411 0.33465701341629028
vt 0.28553399443626404 0.34518098831176758
vt 0.85104697942733765 0.13482999801635742
vt 0.25450700521469116 0.24394699931144714
vt 0.31263899803161621 0.33090698719024658
vt 0.29763400554656982 0.085637003183364868
vt 0.2661530077457428 0.2926270067691803
vt 0.82016700506210327 0.11969000101089478
vt 0.36490699648857117 0.32566800713539124
vt 0.28983598947525024 0.31036999821662903
vt 0.26423099637031555 0.21468399465084076
vt 0.73000001907348633 0.088895000517368317
vt 0.73229897022247314 0.34095698595046997
vt 0.73229897022247314 0.34095698595046997
vt 0.32602998614311218 0.31467899680137634
vt 0.32915699481964111 0.054575998336076736
vt 0.42080700397491455 0.34250500798225403
vt 0.27687901258468628 0.26764601469039917
vt 0.30325400829315186 0.29026898741722107
vt 0.37862101197242737 0.034745000302791595
vt 0.61847501993179321 0.042036000639200211
vt 0.43137198686599731 0.024630999192595482
vt 0.55663400888442993 0.027592999860644341
vt 0.44662600755691528 0.35041001439094543
vt 0.28033098578453064 0.18289199471473694
vt 0.49169400334358215 0.024469999596476555
vt 0.87541598081588745 0.30380699038505554
vt 0.339152991771698 0.3011699914932251
vt 0.28774601221084595 0.24305300414562225
vt 0.68394798040390015 0.33819100260734558
vt 0.68394798040390015 0.33819100260734558
vt 0.47380998730659485 0.35567200183868408
vt 0.64434301853179932 0.33770400285720825
vt 0.89371699094772339 0.20118899643421173
vt 0.31619900465011597 0.2707659900188446
vt 0.60391700267791748 0.34119498729705811
vt 0.50382101535797119 0.35447698831558228
vt 0.57524001598358154 0.34333199262619019
vt 0.29797899723052979 0.1516059935092926
vt 0.54667097330093384 0.34744200110435486
vt 0.85127997398376465 0.31680199503898621
vt 0.87055999040603638 0.20051400363445282
vt 0.39017799496650696 0.32143101096153259
vt 0.82052099704742432 0.35418799519538879
vt 0.83267700672149658 0.33448600769042969
vt 0.30677101016044617 0.21947400271892548
vt 0.84661197662353516 0.20091900229454041
vt 0.86657798290252686 0.30400100350379944
vt 0.36234098672866821 0.29222500324249268
vt 0.32382199168205261 0.12578999996185303
vt 0.82191002368927002 0.19588400423526764
vt 0.87582600116729736 0.2365259975194931
vt 0.3392300009727478 0.25542700290679932
vt 0.79667097330093384 0.19160899519920349
vt 0.81091701984405518 0.3864859938621521
vt 0.81091701984405518 0.3864859938621521
vt 0.84597897529602051 0.36039501428604126
vt 0.32627800107002258 0.19589599967002869
vt 0.8592039942741394 0.24563899636268616
vt 0.85297298431396484 0.32638400793075562
vt 0.85297298431396484 0.32638400793075562
vt 0.87225502729415894 0.27391499280929565
vt 0.87225502729415894 0.27391499280929565
vt 0.84812897443771362 0.38634300231933594
vt 0.84812897443771362 0.38634300231933594
vt 0.84812897443771362 0.38634300231933594
vt 0.73978400230407715 0.15858000516891479
vt 0.35303100943565369 0.10276500135660172
vt 0.75642597675323486 0.38601699471473694
vt 0.75642597675323486 0.38601699471473694
vt 0.85214501619338989 0.26575100421905518
vt 0.68194001913070679 0.12753200531005859
vt 0.86666697263717651 0.29974699020385742
vt 0.86666697263717651 0.29974699020385742
vt 0.86666697263717651 0.29974699020385742
vt 0.41404399275779724 0.3227669894695282
vt 0.84384799003601074 0.28938901424407959
vt 0.39839699864387512 0.088703997433185577
vt 0.62275397777557373 0.10542400181293488
vt 0.87256300449371338 0.35299301147460938
vt 0.87256300449371338 0.35299301147460938
vt 0.44600999355316162 0.079944998025894165
vt 0.5629349946975708 0.085988998413085938
vt 0.36172500252723694 0.24094200134277344
vt 0.35046899318695068 0.18116900324821472
vt 0.38494598865509033 0.28502100706100464
vt 0.50325697660446167 0.081611998379230499
vt 0.87641298770904541 0.37878701090812683
vt 0.87641298770904541 0.37878701090812683
vt 0.87641298770904541 0.37878701090812683
vt 0.70246398448944092 0.36658200621604919
vt 0.70246398448944092 0.36658200621604919
vt 0.77156698703765869 0.23542700707912445
vt 0.43810799717903137 0.33517700433731079
vt 0.7804340124130249 0.35906499624252319
vt 0.37733298540115356 0.16655999422073364
vt 0.79947400093078613 0.32934999465942383
vt 0.38451498746871948 0.23826600611209869
vt 0.65816497802734375 0.3574259877204895
vt 0.65816497802734375 0.3574259877204895
vt 0.69780302047729492 0.18779200315475464
vt 0.40815699100494385 0.29084199666976929
vt 0.46326500177383423 0.3451170027256012
vt 0.46326500177383423 0.3451170027256012
vt 0.61380499601364136 0.34944599866867065
vt 0.61380499601364136 0.34944599866867065
vt 0.57520097494125366 0.33609899878501892
vt 0.57520097494125366 0.33609899878501892
vt 0.49647000432014465 0.34437501430511475
vt 0.49647000432014465 0.34437501430511475
vt 0.54140299558639526 0.33747899532318115
vt 0.54140299558639526 0.33747899532318115
vt 0.63743001222610474 0.16673199832439423
vt 0.42127200961112976 0.154448002576828
vt 0.57593297958374023 0.14703799784183502
vt 0.46830201148986816 0.14476099610328674
vt 0.7109220027923584 0.25318598747253418
vt 0.52213799953460693 0.14507900178432465
vt 0.40880298614501953 0.23519900441169739
vt 0.43272000551223755 0.2948479950428009
vt 0.70820200443267822 0.31395399570465088
vt 0.65551400184631348 0.2991969883441925
vt 0.64934802055358887 0.23401300609111786
vt 0.44872298836708069 0.22661399841308594
vt 0.47064900398254395 0.29030001163482666
vt 0.58745801448822021 0.2150920033454895
vt 0.49450799822807312 0.21701200306415558
vt 0.60291701555252075 0.28312098979949951
vt 0.55803000926971436 0.28086599707603455
vt 0.51690399646759033 0.28180199861526489
vt 0.54098498821258545 0.2159460037946701
vt 0.20239199697971344 0.88296002149581909
vt 0.21638299524784088 0.8969079852104187
vt 0.22293899953365326 0.8821139931678772
vt 0.18731799721717834 0.89532500505447388
vt 0.18525999784469604 0.88590800762176514
vt 0.18258999288082123 0.87667202949523926
vt 0.17362199723720551 0.89024299383163452
vt 0.2027679979801178 0.87348902225494385
vt 0.1733659952878952 0.89996600151062012
vt 0.16162200272083282 0.8832319974899292
vt 0.19282899796962738 0.90963298082351685
vt 0.15930399298667908 0.89202201366424561
vt 0.24669699370861053 0.89109200239181519
vt 0.2138810008764267 0.91321200132369995
vt 0.24409900605678558 0.86473900079727173
vt 0.21033300459384918 0.86314499378204346
vt 0.18029099702835083 0.86632698774337769
vt 0.16278299689292908 0.87471497058868408
vt 0.18150399625301361 0.85739398002624512
vt 0.2323089987039566 0.90994501113891602
vt 0.26424801349639893 0.87385499477386475
vt 0.14602600038051605 0.88208800554275513
vt 0.16976499557495117 0.86187702417373657
vt 0.15034699440002441 0.87458902597427368
vt 0.15153899788856506 0.90334802865982056
vt 0.17453600466251373 0.91548299789428711
vt 0.13584400713443756 0.87305700778961182
vt 0.13962200284004211 0.89630299806594849
vt 0.20379799604415894 0.85403501987457275
vt 0.28049701452255249 0.84735298156738281
vt 0.26846900582313538 0.85167098045349121
vt 0.13183300197124481 0.86922800540924072
vt 0.13183300197124481 0.86922800540924072
vt 0.25860700011253357 0.85105502605438232
vt 0.22337700426578522 0.85499900579452515
vt 0.16342300176620483 0.92950397729873657
vt 0.16063499450683594 0.912913978099823
vt 0.16228899359703064 0.92621499300003052
vt 0.15938100218772888 0.92949599027633667
vt 0.14195199310779572 0.86709702014923096
vt 0.15471500158309937 0.86752200126647949
vt 0.12912699580192566 0.88297700881958008
vt 0.18386800587177277 0.92357301712036133
vt 0.16228899359703064 0.93275099992752075
vt 0.12509199976921082 0.87729001045227051
vt 0.16103699803352356 0.93372899293899536
vt 0.15807799994945526 0.9251360297203064
vt 0.19248700141906738 0.9325600266456604
vt 0.13865800201892853 0.86321300268173218
vt 0.11326099932193756 0.86743998527526855
vt 0.16666099429130554 0.92611098289489746
vt 0.16720500588417053 0.92938899993896484
vt 0.15807799994945526 0.93367302417755127
vt 0.10842599719762802 0.87456297874450684
vt 0.16440300643444061 0.92248201370239258
vt 0.16440300643444061 0.92248201370239258
vt 0.1559859961271286 0.92759501934051514
vt 0.16666099429130554 0.93264400959014893
vt 0.1559859961271286 0.93113201856613159
vt 0.15072500705718994 0.91505300998687744
vt 0.16511300206184387 0.93538498878479004
vt 0.28835299611091614 0.89344197511672974
vt 0.1596979945898056 0.92137700319290161
vt 0.1596979945898056 0.92137700319290161
vt 0.20711100101470947 0.9309459924697876
vt 0.092826999723911285 0.87184202671051025
vt 0.16785100102424622 0.92558300495147705
vt 0.16785100102424622 0.92558300495147705
vt 0.095918998122215271 0.8654249906539917
vt 0.1764409989118576 0.92579597234725952
vt 0.16279500722885132 0.93719202280044556
vt 0.11751300096511841 0.86320698261260986
vt 0.11751300096511841 0.86320698261260986
vt 0.18106800317764282 0.93630701303482056
vt 0.1452070027589798 0.86125898361206055
vt 0.16930000483989716 0.92922598123550415
vt 0.16930000483989716 0.92922598123550415
vt 0.22571200132369995 0.9325680136680603
vt 0.16006200015544891 0.93779098987579346
vt 0.11883000284433365 0.88665097951889038
vt 0.30452701449394226 0.87979698181152344
vt 0.077036000788211823 0.86882901191711426
vt 0.12682999670505524 0.89486700296401978
vt 0.15485399961471558 0.92365998029708862
vt 0.15485399961471558 0.92365998029708862
vt 0.10377699881792068 0.88359200954437256
vt 0.078428000211715698 0.86285299062728882
vt 0.078428000211715698 0.86285299062728882
vt 0.15732899308204651 0.9370880126953125
vt 0.046011999249458313 0.85986500978469849
vt 0.061436999589204788 0.86475598812103271
vt 0.14188900589942932 0.85889798402786255
vt 0.27149999141693115 0.91239100694656372
vt 0.16911700367927551 0.93340599536895752
vt 0.16911700367927551 0.93340599536895752
vt 0.15501299500465393 0.93519300222396851
vt 0.089608997106552124 0.88054800033569336
vt 0.062703996896743774 0.85899597406387329
vt 0.24372400343418121 0.84457600116729736
vt 0.17458699643611908 0.94677799940109253
vt 0.047309000045061111 0.85417497158050537
vt 0.098153002560138702 0.8619530200958252
vt 0.13564899563789368 0.91390597820281982
vt 0.14354600012302399 0.92886298894882202
vt 0.03195900097489357 0.85596001148223877
vt 0.045937001705169678 0.86734998226165771
vt 0.16772100329399109 0.93670302629470825
vt 0.16772100329399109 0.93670302629470825
vt 0.075150996446609497 0.87720000743865967
vt 0.032451998442411423 0.86273497343063354
vt 0.060550998896360397 0.87273299694061279
vt 0.033295001834630966 0.85049301385879517
vt 0.033295001834630966 0.85049301385879517
vt 0.26255100965499878 0.83807098865509033
vt 0.15286800265312195 0.928242027759552
vt 0.15286800265312195 0.928242027759552
vt 0.25583401322364807 0.83795297145843506
vt 0.16412599384784698 0.93949401378631592
vt 0.16412599384784698 0.93949401378631592
vt 0.11779399961233139 0.8617820143699646
vt 0.22009800374507904 0.95498800277709961
vt 0.1853490024805069 0.95699000358581543
vt 0.15716099739074707 0.86097800731658936
vt 0.079219996929168701 0.85974901914596558
vt 0.15261800587177277 0.9324529767036438
vt 0.15261800587177277 0.9324529767036438
vt 0.16417199373245239 0.96350300312042236
vt 0.15705999732017517 0.95148599147796631
vt 0.15038600564002991 0.94635301828384399
vt 0.14549599587917328 0.93865901231765747
vt 0.13698799908161163 0.9338499903678894
vt 0.25418499112129211 0.92762297391891479
vt 0.20458999276161194 0.95573902130126953
vt 0.17992700636386871 0.84763401746749878
vt 0.16089299321174622 0.94019097089767456
vt 0.16089299321174622 0.94019097089767456
vt 0.15439499914646149 0.93641102313995361
vt 0.15439499914646149 0.93641102313995361
vt 0.15779900550842285 0.93936502933502197
vt 0.15779900550842285 0.93936502933502197
vt 0.064755000174045563 0.85602498054504395
vt 0.050655998289585114 0.85140901803970337
vt 0.033654000610113144 0.86974501609802246
vt 0.046337001025676727 0.87514001131057739
vt 0.02047399990260601 0.854839026927948
vt 0.2398419976234436 0.94693797826766968
vt 0.15889699757099152 0.85330700874328613
vt 0.098022997379302979 0.86125898361206055
vt 0.11431299895048141 0.89759397506713867
vt 0.021245000883936882 0.86056697368621826
vt 0.10804799944162369 0.89727598428726196
vt 0.10007700324058533 0.89294397830963135
vt 0.037744000554084778 0.84789001941680908
vt 0.08660600334405899 0.88952100276947021
vt 0.021717000752687454 0.85005098581314087
vt 0.021717000752687454 0.85005098581314087
vt 0.12218599766492844 0.91302597522735596
vt 0.073201000690460205 0.88593602180480957
vt 0.022802999243140221 0.86648201942443848
vt 0.079643003642559052 0.85833501815795898
vt 0.16718399524688721 0.84961897134780884
vt 0.19613699615001678 0.83894199132919312
vt 0.14413799345493317 0.85327297449111938
vt 0.016478000208735466 0.86238002777099609
vt 0.12788699567317963 0.92921698093414307
vt 0.14378200471401215 0.8480299711227417
vt 0.067110002040863037 0.85533601045608521
vt 0.097727000713348389 0.86050301790237427
vt 0.097727000713348389 0.86050301790237427
vt 0.026852000504732132 0.8474460244178772
vt 0.15554800629615784 0.84780597686767578
vt 0.14146800339221954 0.84377700090408325
vt 0.012919000349938869 0.85805398225784302
vt 0.15072500705718994 0.84350800514221191
vt 0.055084001272916794 0.85142898559570313
vt 0.034441001713275909 0.87592101097106934
vt 0.29697000980377197 0.92373901605606079
vt 0.13906799256801605 0.95578700304031372
vt 0.11765500158071518 0.86035698652267456
vt 0.11765500158071518 0.86035698652267456
vt 0.21658499538898468 0.83819198608398438
vt 0.12438900023698807 0.84865397214889526
vt 0.046468999236822128 0.88173997402191162
vt 0.23168300092220306 0.97327899932861328
vt 0.07981400191783905 0.85796201229095459
vt 0.07981400191783905 0.85796201229095459
vt 0.018326999619603157 0.86822998523712158
vt 0.043953001499176025 0.84836798906326294
vt 0.16974100470542908 0.83886897563934326
vt 0.012233000248670578 0.8542029857635498
vt 0.012233000248670578 0.8542029857635498
vt 0.15660500526428223 0.97582602500915527
vt 0.14367799460887909 0.83933299779891968
vt 0.023917000740766525 0.8718230128288269
vt 0.059144999831914902 0.88789898157119751
vt 0.17918099462985992 0.98083001375198364
vt 0.20512300729751587 0.97783899307250977
vt 0.012059999629855156 0.86532402038574219
vt 0.22297999262809753 0.97876900434494019
vt 0.068462997674942017 0.85679799318313599
vt 0.068462997674942017 0.85679799318313599
vt 0.071616999804973602 0.8930169939994812
vt 0.11105799674987793 0.90935200452804565
vt 0.10721000283956528 0.90748298168182373
vt 0.097041003406047821 0.900596022605896
vt 0.26398798823356628 0.82211297750473022
vt 0.090457998216152191 0.8511509895324707
vt 0.19508799910545349 0.83465898036956787
vt 0.018319999799132347 0.85097599029541016
vt 0.27782899141311646 0.94974297285079956
vt 0.079686999320983887 0.85128301382064819
vt 0.11738999933004379 0.9266200065612793
vt 0.034106001257896423 0.84789502620697021
vt 0.078749999403953552 0.84714198112487793
vt 0.078749999403953552 0.84714198112487793
vt 0.18355299532413483 0.83346998691558838
vt 0.25762701034545898 0.96376699209213257
vt 0.058947999030351639 0.85262399911880493
vt 0.007098000030964613 0.86288398504257202
vt 0.17119699716567993 0.83309799432754517
vt 0.067125998437404633 0.85128802061080933
vt 0.23031799495220184 0.83420002460479736
vt 0.014613999985158443 0.86979299783706665
vt 0.24496300518512726 0.83021199703216553
vt 0.25564798712730408 0.82633501291275024
vt 0.049474000930786133 0.85003697872161865
vt 0.12548699975013733 0.93803501129150391
vt 0.059799998998641968 0.85315197706222534
vt 0.059799998998641968 0.85315197706222534
vt 0.008670000359416008 0.8680189847946167
vt 0.02810399979352951 0.85007697343826294
vt 0.12395499646663666 0.84340399503707886
vt 0.24266399443149567 0.9790080189704895
vt 0.0054250000976026058 0.86069101095199585
vt 0.0054250000976026058 0.86069101095199585
vt 0.010951999574899673 0.85752898454666138
vt 0.055309999734163284 0.84927302598953247
vt 0.055309999734163284 0.84927302598953247
vt 0.21035400032997131 0.83239001035690308
vt 0.051856998354196548 0.85101300477981567
vt 0.051856998354196548 0.85101300477981567
vt 0.092364996671676636 0.84516900777816772
vt 0.034589998424053192 0.88012897968292236
vt 0.13416799902915955 0.96887999773025513
vt 0.021511999890208244 0.85446500778198242
vt 0.046257000416517258 0.88603800535202026
vt 0.024302000179886818 0.8756290078163147
vt 0.1409430056810379 0.83761298656463623
vt 0.078552998602390289 0.84620898962020874
vt 0.23162999749183655 0.98859697580337524
vt 0.0033080000430345535 0.86725801229476929
vt 0.20375999808311462 0.83184999227523804
vt 0.0069889998994767666 0.86908501386642456
vt 0.043386999517679214 0.85049599409103394
vt 0.043386999517679214 0.85049599409103394
vt 0.058543000370264053 0.89210999011993408
vt 0.22138300538063049 0.99123597145080566
vt 0.033518999814987183 0.85196602344512939
vt 0.15254099667072296 0.99031698703765869
vt 0.066639997065067291 0.84744900465011597
vt 0.070692002773284912 0.8971019983291626
vt 0.30359798669815063 0.93920999765396118
vt 0.17690099775791168 0.9955030083656311
vt 0.095002003014087677 0.90446698665618896
vt 0.15625099837779999 0.83296400308609009
vt 0.10453099757432938 0.91246902942657471
vt 0.10822600126266479 0.91525799036026001
vt 0.1838109940290451 0.83036899566650391
vt 0.016166999936103821 0.85877102613449097
vt 0.0057780002243816853 0.86384201049804688
vt 0.11343199759721756 0.93150001764297485
vt 0.17187100648880005 0.83066397905349731
vt 0.015960000455379486 0.87310701608657837
vt 0.027877999469637871 0.85434901714324951
vt 0.28605398535728455 0.96217602491378784
vt 0.26818698644638062 0.9750170111656189
vt 0.12394800037145615 0.94114398956298828
vt 0.24980999529361725 0.98545700311660767
vt 0.00133200001437217 0.86665898561477661
vt 0.00133200001437217 0.86665898561477661
vt 0.0018489999929443002 0.86910402774810791
vt 0.013902000151574612 0.86070501804351807
vt 0.23548699915409088 0.99270099401473999
vt 0.22497999668121338 0.99592798948287964
vt 0.0087179997935891151 0.87101298570632935
vt 0.003823000006377697 0.86664497852325439
vt 0.24869300425052643 0.82392102479934692
vt 0.2358890026807785 0.82751297950744629
vt 0.2278670072555542 0.82790601253509521
vt 0.18389199674129486 0.82933402061462402
vt 0.17206600308418274 0.82968300580978394
vt 0.21906299889087677 0.83002901077270508
vt 0.19254499673843384 0.83033502101898193
vt 0.20209400355815887 0.83042001724243164
vt 0.15589399635791779 0.83212602138519287
vt 0.14003300666809082 0.83703702688217163
vt 0.1224529966711998 0.84319299459457397
vt 0.091895997524261475 0.84501701593399048
vt 0.066639997065067291 0.84734398126602173
vt 0.046744000166654587 0.84999799728393555
vt 0.034318000078201294 0.85256499052047729
vt 0.024652000516653061 0.85603600740432739
vt 0.01701200008392334 0.85929101705551147
vt 0.0075380001217126846 0.86438202857971191
vt 0 0.86924797296524048
vt 0 0.86924797296524048
vt 0 0.86924797296524048
vt 0 0.86924797296524048
vt 0.0036770000588148832 0.86959898471832275
vt 0.012880999594926834 0.87206101417541504
vt 0.018724000081419945 0.87468999624252319
vt 0.02442999929189682 0.87689900398254395
vt 0.0346359983086586 0.88152897357940674
vt 0.05834599956870079 0.89350897073745728
vt 0.070385999977588654 0.89845699071884155
vt 0.094299003481864929 0.90569800138473511
vt 0.10354900360107422 0.91389501094818115
vt 0.10712400078773499 0.91693300008773804
vt 0.11202999949455261 0.93284100294113159
vt 0.12338200211524963 0.94217598438262939
vt 0.12338200211524963 0.94217598438262939
vt 0.30249300599098206 0.94884598255157471
vt 0.28075200319290161 0.97059202194213867
vt 0.13257700204849243 0.97366201877593994
vt 0.26799699664115906 0.98059898614883423
vt 0.26799699664115906 0.98059898614883423
vt 0.23914699256420135 0.99465399980545044
vt 0.15143999457359314 0.99493002891540527
vt 0.17644800245761871 1
vt 0.003823000006377697 0.86664497852325439
vt 0.0087179997935891151 0.87101298570632935
vt 0.22497999668121338 0.99592798948287964
vt 0.23548699915409088 0.99270099401473999
vt 0.013902000151574612 0.86070501804351807
vt 0.0018489999929443002 0.86910402774810791
vt 0.00133200001437217 0.86665898561477661
vt 0.00133200001437217 0.86665898561477661
vt 0.24980999529361725 0.98545700311660767
vt 0.12394800037145615 0.94114398956298828
vt 0.26818698644638062 0.9750170111656189
vt 0.28605398535728455 0.96217602491378784
vt 0.027877999469637871 0.85434901714324951
vt 0.015960000455379486 0.87310701608657837
vt 0.17187100648880005 0.83066397905349731
vt 0.11343199759721756 0.93150001764297485
vt 0.0057780002243816853 0.86384201049804688
vt 0.016166999936103821 0.85877102613449097
vt 0.1838109940290451 0.83036899566650391
vt 0.10822600126266479 0.91525799036026001
vt 0.10453099757432938 0.91246902942657471
vt 0.15625099837779999 0.83296400308609009
vt 0.095002003014087677 0.90446698665618896
vt 0.17690099775791168 0.9955030083656311
vt 0.30359798669815063 0.93920999765396118
vt 0.070692002773284912 0.8971019983291626
vt 0.066639997065067291 0.84744900465011597
vt 0.15254099667072296 0.99031698703765869
vt 0.033518999814987183 0.85196602344512939
vt 0.22138300538063049 0.99123597145080566
vt 0.058543000370264053 0.89210999011993408
vt 0.043386999517679214 0.85049599409103394
vt 0.043386999517679214 0.85049599409103394
vt 0.0069889998994767666 0.86908501386642456
vt 0.20375999808311462 0.83184999227523804
vt 0.0033080000430345535 0.86725801229476929
vt 0.23162999749183655 0.98859697580337524
vt 0.078552998602390289 0.84620898962020874
vt 0.1409430056810379 0.83761298656463623
vt 0.024302000179886818 0.8756290078163147
vt 0.046257000416517258 0.88603800535202026
vt 0.021511999890208244 0.85446500778198242
vt 0.13416799902915955 0.96887999773025513
vt 0.034589998424053192 0.88012897968292236
vt 0.092364996671676636 0.84516900777816772
vt 0.051856998354196548 0.85101300477981567
vt 0.051856998354196548 0.85101300477981567
vt 0.21035400032997131 0.83239001035690308
vt 0.055309999734163284 0.84927302598953247
vt 0.055309999734163284 0.84927302598953247
vt 0.010951999574899673 0.85752898454666138
vt 0.0054250000976026058 0.86069101095199585
vt 0.0054250000976026058 0.86069101095199585
vt 0.24266399443149567 0.9790080189704895
vt 0.12395499646663666 0.84340399503707886
vt 0.02810399979352951 0.85007697343826294
vt 0.008670000359416008 0.8680189847946167
vt 0.059799998998641968 0.85315197706222534
vt 0.059799998998641968 0.85315197706222534
vt 0.12548699975013733 0.93803501129150391
vt 0.049474000930786133 0.85003697872161865
vt 0.25564798712730408 0.82633501291275024
vt 0.24496300518512726 0.83021199703216553
vt 0.014613999985158443 0.86979299783706665
vt 0.23031799495220184 0.83420002460479736
vt 0.067125998437404633 0.85128802061080933
vt 0.17119699716567993 0.83309799432754517
vt 0.007098000030964613 0.86288398504257202
vt 0.058947999030351639 0.85262399911880493
vt 0.25762701034545898 0.96376699209213257
vt 0.18355299532413483 0.83346998691558838
vt 0.078749999403953552 0.84714198112487793
vt 0.078749999403953552 0.84714198112487793
vt 0.034106001257896423 0.84789502620697021
vt 0.11738999933004379 0.9266200065612793
vt 0.079686999320983887 0.85128301382064819
vt 0.27782899141311646 0.94974297285079956
vt 0.018319999799132347 0.85097599029541016
vt 0.19508799910545349 0.83465898036956787
vt 0.090457998216152191 0.8511509895324707
vt 0.097041003406047821 0.900596022605896
vt 0.10721000283956528 0.90748298168182373
vt 0.11105799674987793 0.90935200452804565
vt 0.071616999804973602 0.8930169939994812
vt 0.068462997674942017 0.85679799318313599
vt 0.068462997674942017 0.85679799318313599
vt 0.22297999262809753 0.97876900434494019
vt 0.012059999629855156 0.86532402038574219
vt 0.20512300729751587 0.97783899307250977
vt 0.17918099462985992 0.98083001375198364
vt 0.059144999831914902 0.88789898157119751
vt 0.023917000740766525 0.8718230128288269
vt 0.14367799460887909 0.83933299779891968
vt 0.15660500526428223 0.97582602500915527
vt 0.012233000248670578 0.8542029857635498
vt 0.012233000248670578 0.8542029857635498
vt 0.16974100470542908 0.83886897563934326
vt 0.043953001499176025 0.84836798906326294
vt 0.018326999619603157 0.86822998523712158
vt 0.07981400191783905 0.85796201229095459
vt 0.07981400191783905 0.85796201229095459
vt 0.23168300092220306 0.97327899932861328
vt 0.046468999236822128 0.88173997402191162
vt 0.12438900023698807 0.84865397214889526
vt 0.21658499538898468 0.83819198608398438
vt 0.11765500158071518 0.86035698652267456
vt 0.11765500158071518 0.86035698652267456
vt 0.13906799256801605 0.95578700304031372
vt 0.29697000980377197 0.92373901605606079
vt 0.034441001713275909 0.87592101097106934
vt 0.055084001272916794 0.85142898559570313
vt 0.15072500705718994 0.84350800514221191
vt 0.012919000349938869 0.85805398225784302
vt 0.14146800339221954 0.84377700090408325
vt 0.15554800629615784 0.84780597686767578
vt 0.026852000504732132 0.8474460244178772
vt 0.097727000713348389 0.86050301790237427
vt 0.097727000713348389 0.86050301790237427
vt 0.067110002040863037 0.85533601045608521
vt 0.14378200471401215 0.8480299711227417
vt 0.12788699567317963 0.92921698093414307
vt 0.016478000208735466 0.86238002777099609
vt 0.14413799345493317 0.85327297449111938
vt 0.19613699615001678 0.83894199132919312
vt 0.16718399524688721 0.84961897134780884
vt 0.079643003642559052 0.85833501815795898
vt 0.022802999243140221 0.86648201942443848
vt 0.073201000690460205 0.88593602180480957
vt 0.12218599766492844 0.91302597522735596
vt 0.021717000752687454 0.85005098581314087
vt 0.021717000752687454 0.85005098581314087
vt 0.08660600334405899 0.88952100276947021
vt 0.037744000554084778 0.84789001941680908
vt 0.10007700324058533 0.89294397830963135
vt 0.021245000883936882 0.86056697368621826
vt 0.10804799944162369 0.89727598428726196
vt 0.11431299895048141 0.89759397506713867
vt 0.15889699757099152 0.85330700874328613
vt 0.098022997379302979 0.86125898361206055
vt 0.2398419976234436 0.94693797826766968
vt 0.02047399990260601 0.854839026927948
vt 0.046337001025676727 0.87514001131057739
vt 0.033654000610113144 0.86974501609802246
vt 0.050655998289585114 0.85140901803970337
vt 0.064755000174045563 0.85602498054504395
vt 0.15779900550842285 0.93936502933502197
vt 0.15779900550842285 0.93936502933502197
vt 0.15439499914646149 0.93641102313995361
vt 0.15439499914646149 0.93641102313995361
vt 0.16089299321174622 0.94019097089767456
vt 0.16089299321174622 0.94019097089767456
vt 0.17992700636386871 0.84763401746749878
vt 0.20458999276161194 0.95573902130126953
vt 0.25418499112129211 0.92762297391891479
vt 0.13698799908161163 0.9338499903678894
vt 0.14549599587917328 0.93865901231765747
vt 0.15038600564002991 0.94635301828384399
vt 0.15705999732017517 0.95148599147796631
vt 0.16417199373245239 0.96350300312042236
vt 0.15261800587177277 0.9324529767036438
vt 0.15261800587177277 0.9324529767036438
vt 0.079219996929168701 0.85974901914596558
vt 0.15716099739074707 0.86097800731658936
vt 0.1853490024805069 0.95699000358581543
vt 0.22009800374507904 0.95498800277709961
vt 0.11779399961233139 0.8617820143699646
vt 0.16412599384784698 0.93949401378631592
vt 0.16412599384784698 0.93949401378631592
vt 0.25583401322364807 0.83795297145843506
vt 0.15286800265312195 0.928242027759552
vt 0.15286800265312195 0.928242027759552
vt 0.26255100965499878 0.83807098865509033
vt 0.033295001834630966 0.85049301385879517
vt 0.033295001834630966 0.85049301385879517
vt 0.060550998896360397 0.87273299694061279
vt 0.032451998442411423 0.86273497343063354
vt 0.075150996446609497 0.87720000743865967
vt 0.16772100329399109 0.93670302629470825
vt 0.16772100329399109 0.93670302629470825
vt 0.045937001705169678 0.86734998226165771
vt 0.03195900097489357 0.85596001148223877
vt 0.14354600012302399 0.92886298894882202
vt 0.13564899563789368 0.91390597820281982
vt 0.098153002560138702 0.8619530200958252
vt 0.047309000045061111 0.85417497158050537
vt 0.17458699643611908 0.94677799940109253
vt 0.24372400343418121 0.84457600116729736
vt 0.062703996896743774 0.85899597406387329
vt 0.089608997106552124 0.88054800033569336
vt 0.15501299500465393 0.93519300222396851
vt 0.16911700367927551 0.93340599536895752
vt 0.16911700367927551 0.93340599536895752
vt 0.27149999141693115 0.91239100694656372
vt 0.14188900589942932 0.85889798402786255
vt 0.061436999589204788 0.86475598812103271
vt 0.046011999249458313 0.85986500978469849
vt 0.15732899308204651 0.9370880126953125
vt 0.078428000211715698 0.86285299062728882
vt 0.078428000211715698 0.86285299062728882
vt 0.10377699881792068 0.88359200954437256
vt 0.15485399961471558 0.92365998029708862
vt 0.15485399961471558 0.92365998029708862
vt 0.12682999670505524 0.89486700296401978
vt 0.077036000788211823 0.86882901191711426
vt 0.11883000284433365 0.88665097951889038
vt 0.16006200015544891 0.93779098987579346
vt 0.22571200132369995 0.9325680136680603
vt 0.1452070027589798 0.86125898361206055
vt 0.16930000483989716 0.92922598123550415
vt 0.16930000483989716 0.92922598123550415
vt 0.18106800317764282 0.93630701303482056
vt 0.11751300096511841 0.86320698261260986
vt 0.11751300096511841 0.86320698261260986
vt 0.16279500722885132 0.93719202280044556
vt 0.1764409989118576 0.92579597234725952
vt 0.095918998122215271 0.8654249906539917
vt 0.16785100102424622 0.92558300495147705
vt 0.16785100102424622 0.92558300495147705
vt 0.092826999723911285 0.87184202671051025
vt 0.20711100101470947 0.9309459924697876
vt 0.1596979945898056 0.92137700319290161
vt 0.1596979945898056 0.92137700319290161
vt 0.28835299611091614 0.89344197511672974
vt 0.16511300206184387 0.93538498878479004
vt 0.15072500705718994 0.91505300998687744
vt 0.1559859961271286 0.93113201856613159
vt 0.16666099429130554 0.93264400959014893
vt 0.1559859961271286 0.92759501934051514
vt 0.16440300643444061 0.92248201370239258
vt 0.16440300643444061 0.92248201370239258
vt 0.10842599719762802 0.87456297874450684
vt 0.15807799994945526 0.93367302417755127
vt 0.16720500588417053 0.92938899993896484
vt 0.16666099429130554 0.92611098289489746
vt 0.11326099932193756 0.86743998527526855
vt 0.13865800201892853 0.86321300268173218
vt 0.19248700141906738 0.9325600266456604
vt 0.15807799994945526 0.9251360297203064
vt 0.16103699803352356 0.93372899293899536
vt 0.12509199976921082 0.87729001045227051
vt 0.16228899359703064 0.93275099992752075
vt 0.18386800587177277 0.92357301712036133
vt 0.12912699580192566 0.88297700881958008
vt 0.15471500158309937 0.86752200126647949
vt 0.14195199310779572 0.86709702014923096
vt 0.15938100218772888 0.92949599027633667
vt 0.16228899359703064 0.92621499300003052
vt 0.16063499450683594 0.912913978099823
vt 0.16342300176620483 0.92950397729873657
vt 0.22337700426578522 0.85499900579452515
vt 0.25860700011253357 0.85105502605438232
vt 0.13183300197124481 0.86922800540924072
vt 0.13183300197124481 0.86922800540924072
vt 0.26846900582313538 0.85167098045349121
vt 0.28049701452255249 0.84735298156738281
vt 0.20379799604415894 0.85403501987457275
vt 0.13962200284004211 0.89630299806594849
vt 0.29208201169967651 0.86446100473403931
vt 0.13584400713443756 0.87305700778961182
vt 0.17453600466251373 0.91548299789428711
vt 0.15153899788856506 0.90334802865982056
vt 0.15034699440002441 0.87458902597427368
vt 0.16976499557495117 0.86187702417373657
vt 0.14602600038051605 0.88208800554275513
vt 0.26424801349639893 0.87385499477386475
vt 0.2323089987039566 0.90994501113891602
vt 0.18150399625301361 0.85739398002624512
vt 0.16278299689292908 0.87471497058868408
vt 0.18029099702835083 0.86632698774337769
vt 0.21033300459384918 0.86314499378204346
vt 0.24409900605678558 0.86473900079727173
vt 0.2138810008764267 0.91321200132369995
vt 0.24669699370861053 0.89109200239181519
vt 0.15930399298667908 0.89202201366424561
vt 0.19282899796962738 0.90963298082351685
vt 0.16162200272083282 0.8832319974899292
vt 0.1733659952878952 0.89996600151062012
vt 0.2027679979801178 0.87348902225494385
vt 0.17362199723720551 0.89024299383163452
vt 0.18258999288082123 0.87667202949523926
vt 0.18525999784469604 0.88590800762176514
vt 0.18731799721717834 0.89532500505447388
vt 0.22293899953365326 0.8821139931678772
vt 0.21638299524784088 0.8969079852104187
vt 0.20239199697971344 0.88296002149581909
vt 0.2634660005569458 0.33149498701095581
vt 0.28095000982284546 0.38039800524711609
vt 0.30172699689865112 0.39302998781204224
vt 0.26104599237442017 0.37055900692939758
vt 0.24429699778556824 0.31653198599815369
vt 0.28847798705101013 0.45450600981712341
vt 0.30017399787902832 0.83119297027587891
vt 0.30682200193405151 0.46341401338577271
vt 0.29208201169967651 0.86446100473403931
vt 0.32098999619483948 0.40452098846435547
vt 0.30940800905227661 0.79877102375030518
vt 0.31443899869918823 0.84723800420761108
vt 0.31275901198387146 0.53447002172470093
vt 0.2881610095500946 0.82060897350311279
vt 0.31091499328613281 0.74583101272583008
vt 0.29545301198959351 0.52910399436950684
vt 0.32414400577545166 0.81079000234603882
vt 0.32622700929641724 0.75480097532272339
vt 0.31231799721717834 0.69282501935958862
vt 0.29624998569488525 0.79185301065444946
vt 0.27101099491119385 0.44987699389457703
vt 0.32771000266075134 0.69870799779891968
vt 0.32040500640869141 0.61657702922821045
vt 0.3040890097618103 0.61092698574066162
vt 0.27149000763893127 0.83421999216079712
vt 0.32351401448249817 0.47197899222373962
vt 0.29847899079322815 0.742576003074646
vt 0.32868000864982605 0.53988999128341675
vt 0.24383699893951416 0.35958200693130493
vt 0.29906898736953735 0.69300401210784912
vt 0.28022000193595886 0.52957701683044434
vt 0.33515700697898865 0.62234199047088623
vt 0.34033098816871643 0.76375401020050049
vt 0.29053398966789246 0.61119097471237183
vt 0.32772499322891235 0.86289197206497192
vt 0.34172201156616211 0.70479100942611694
vt 0.2775140106678009 0.81091701984405518
vt 0.28475901484489441 0.78561502695083618
vt 0.33725899457931519 0.82259702682495117
vt 0.31127798557281494 0.8972480297088623
vt 0.25574898719787598 0.44448199868202209
vt 0.28753000497817993 0.73961102962493896
vt 0.23062899708747864 0.30943399667739868
vt 0.3356190025806427 0.41245400905609131
vt 0.28767400979995728 0.69320100545883179
vt 0.26715698838233948 0.5294950008392334
vt 0.27875399589538574 0.61119401454925537
vt 0.33561700582504272 0.47757101058959961
vt 0.34060001373291016 0.54397398233413696
vt 0.23327699303627014 0.35530701279640198
vt 0.34665301442146301 0.62631702423095703
vt 0.35249599814414978 0.70880502462387085
vt 0.35115799307823181 0.76920801401138306
vt 0.33728501200675964 0.87164002656936646
vt 0.26980999112129211 0.80296999216079712
vt 0.34672001004219055 0.8292049765586853
vt 0.2761709988117218 0.77973997592926025
vt 0.24647800624370575 0.44210100173950195
vt 0.32000601291656494 0.90961599349975586
vt 0.28034299612045288 0.73617798089981079
vt 0.28035300970077515 0.69187700748443604
vt 0.2600879967212677 0.52888202667236328
vt 0.27202698588371277 0.61020100116729736
vt 0.22419600188732147 0.30178499221801758
vt 0.22825700044631958 0.34987598657608032
vt 0.3473609983921051 0.39268198609352112
vt 0.3473609983921051 0.39268198609352112
vt 0.34184500575065613 0.41859298944473267
vt 0.2414889931678772 0.43880999088287354
vt 0.34081900119781494 0.48338600993156433
vt 0.25650501251220703 0.52745097875595093
vt 0.34593099355697632 0.5485759973526001
vt 0.26885199546813965 0.60861599445343018
vt 0.35232299566268921 0.63082301616668701
vt 0.27692699432373047 0.69029998779296875
vt 0.35727301239967346 0.71312797069549561
vt 0.27735799551010132 0.73307502269744873
vt 0.35651001334190369 0.77425897121429443
vt 0.2726530134677887 0.77525097131729126
vt 0.26695001125335693 0.79780399799346924
vt 0.25999400019645691 0.81607502698898315
vt 0.35057300329208374 0.83487802743911743
vt 0.34160900115966797 0.87823700904846191
vt 0.34160900115966797 0.87823700904846191
vt 0.32032600045204163 0.92045301198959351
vt 0.32032600045204163 0.92045301198959351
vt 0.27202698588371277 0.61020100116729736
vt 0.2600879967212677 0.52888202667236328
vt 0.28035300970077515 0.69187700748443604
vt 0.28034299612045288 0.73617798089981079
vt 0.32000601291656494 0.90961599349975586
vt 0.24647800624370575 0.44210100173950195
vt 0.2761709988117218 0.77973997592926025
vt 0.34672001004219055 0.8292049765586853
vt 0.26980999112129211 0.80296999216079712
vt 0.33728501200675964 0.87164002656936646
vt 0.35115799307823181 0.76920801401138306
vt 0.35249599814414978 0.70880502462387085
vt 0.34665301442146301 0.62631702423095703
vt 0.23327699303627014 0.35530701279640198
vt 0.34060001373291016 0.54397398233413696
vt 0.33561700582504272 0.47757101058959961
vt 0.27875399589538574 0.61119401454925537
vt 0.26715698838233948 0.5294950008392334
vt 0.26398798823356628 0.82211297750473022
vt 0.28767400979995728 0.69320100545883179
vt 0.3356190025806427 0.41245400905609131
vt 0.23062899708747864 0.30943399667739868
vt 0.34105101227760315 0.38587000966072083
vt 0.28753000497817993 0.73961102962493896
vt 0.25574898719787598 0.44448199868202209
vt 0.31127798557281494 0.8972480297088623
vt 0.33725899457931519 0.82259702682495117
vt 0.28475901484489441 0.78561502695083618
vt 0.2775140106678009 0.81091701984405518
vt 0.34172201156616211 0.70479100942611694
vt 0.32772499322891235 0.86289197206497192
vt 0.29053398966789246 0.61119097471237183
vt 0.34033098816871643 0.76375401020050049
vt 0.33515700697898865 0.62234199047088623
vt 0.28022000193595886 0.52957701683044434
vt 0.29906898736953735 0.69300401210784912
vt 0.24383699893951416 0.35958200693130493
vt 0.32868000864982605 0.53988999128341675
vt 0.29847899079322815 0.742576003074646
vt 0.32351401448249817 0.47197899222373962
vt 0.27149000763893127 0.83421999216079712
vt 0.3040890097618103 0.61092698574066162
vt 0.30452701449394226 0.87979698181152344
vt 0.32040500640869141 0.61657702922821045
vt 0.32771000266075134 0.69870799779891968
vt 0.27101099491119385 0.44987699389457703
vt 0.29624998569488525 0.79185301065444946
vt 0.31231799721717834 0.69282501935958862
vt 0.32622700929641724 0.75480097532272339
vt 0.32414400577545166 0.81079000234603882
vt 0.29545301198959351 0.52910399436950684
vt 0.31091499328613281 0.74583101272583008
vt 0.2881610095500946 0.82060897350311279
vt 0.31275901198387146 0.53447002172470093
vt 0.31443899869918823 0.84723800420761108
vt 0.30940800905227661 0.79877102375030518
vt 0.32098999619483948 0.40452098846435547
vt 0.30682200193405151 0.46341401338577271
vt 0.30017399787902832 0.83119297027587891
vt 0.28847798705101013 0.45450600981712341
vt 0.26104599237442017 0.37055900692939758
vt 0.30172699689865112 0.39302998781204224
vt 0.28095000982284546 0.38039800524711609
vt 0.8839460015296936 0.28246799111366272
vt 0.91723597049713135 0.25784701108932495
vt 0.92397797107696533 0.23606699705123901
vt 0.89371699094772339 0.20118899643421173
vt 0.9151419997215271 0.27617698907852173
vt 0.87541598081588745 0.30380699038505554
vt 0.95046097040176392 0.25311601161956787
vt 0.92675799131393433 0.21631500124931335
vt 0.94969797134399414 0.27166900038719177
vt 0.90961897373199463 0.29148301482200623
vt 0.97193402051925659 0.25100201368331909
vt 0.97193402051925659 0.25100201368331909
vt 0.94601398706436157 0.28218701481819153
vt 0.95828098058700562 0.23294399678707123
vt 0.96950799226760864 0.26803100109100342
vt 0.98863101005554199 0.26243698596954346
vt 0.98863101005554199 0.26243698596954346
vt 0.87603002786636353 0.3224320113658905
vt 0.93392598628997803 0.19332900643348694
vt 0.91212499141693115 0.30608901381492615
vt 0.95087802410125732 0.29177799820899963
vt 0.9661489725112915 0.22005900740623474
vt 0.97448897361755371 0.27843201160430908
vt 0.98320001363754272 0.23860299587249756
vt 0.99845397472381592 0.26132398843765259
vt 0.99845397472381592 0.26132398843765259
vt 0.93302297592163086 0.17940899729728699
vt 0.96798098087310791 0.21334600448608398
vt 0.98455500602722168 0.23552800714969635
vt 1 0.25883901119232178
vt 1 0.25883901119232178
vt 0.97622197866439819 0.2770569920539856
vt 0.95205497741699219 0.29451298713684082
vt 0.91104400157928467 0.31301799416542053
vt 0.99845397472381592 0.26132398843765259
vt 0.99845397472381592 0.26132398843765259
vt 0.98320001363754272 0.23860299587249756
vt 0.97448897361755371 0.27843201160430908
vt 0.9661489725112915 0.22005900740623474
vt 0.95087802410125732 0.29177799820899963
vt 0.91212499141693115 0.30608901381492615
vt 0.93392598628997803 0.19332900643348694
vt 0.98863101005554199 0.26243698596954346
vt 0.98863101005554199 0.26243698596954346
vt 0.96950799226760864 0.26803100109100342
vt 0.95828098058700562 0.23294399678707123
vt 0.94601398706436157 0.28218701481819153
vt 0.97193402051925659 0.25100201368331909
vt 0.97193402051925659 0.25100201368331909
vt 0.90961897373199463 0.29148301482200623
vt 0.94969797134399414 0.27166900038719177
vt 0.92675799131393433 0.21631500124931335
vt 0.95046097040176392 0.25311601161956787
vt 0.9151419997215271 0.27617698907852173
vt 0.92397797107696533 0.23606699705123901
vt 0.91723597049713135 0.25784701108932495
vt 0.8839460015296936 0.28246799111366272
vt 0.89209598302841187 0.22790999710559845
vt 0.88512098789215088 0.2569110095500946
vn -0.99543768167495728 -0.095002971589565277 -0.0088459961116313934
vn -0.98462933301925659 0.17465305328369141 -0.001194000244140625
vn -0.98233401775360107 0.18636199831962585 -0.017002999782562256
vn -0.98485195636749268 0.17280198633670807 -0.014355001039803028
vn -0.99594080448150635 -0.08158198744058609 0.038029998540878296
vn -0.99151313304901123 -0.11446601152420044 -0.061638008803129196
vn -0.97778224945068359 0.19259804487228394 0.082752019166946411
vn -0.99075311422348022 -0.043931007385253906 0.12836802005767822
vn -0.98550635576248169 -0.12141004204750061 -0.11847704648971558
vn -0.9849281907081604 0.16689902544021606 -0.04540000855922699
vn -0.94312047958374023 0.32549118995666504 -0.06767003983259201
vn -0.88963890075683594 0.30815392732620239 0.33702194690704346
vn -0.93808960914611816 0.059461977332830429 0.34125089645385742
vn -0.94642001390457153 -0.32257199287414551 -0.015376999974250793
vn -0.97593009471893311 -0.12858499586582184 -0.17614302039146423
vn -0.95301264524459839 -0.29805487394332886 0.054130982607603073
vn -0.93268686532974243 -0.34612992405891418 -0.10143598169088364
vn -0.95037144422531128 -0.25513410568237305 0.1780470609664917
vn -0.91648787260055542 -0.35747000575065613 -0.17962498962879181
vn -0.13280899822711945 0.98599904775619507 -0.10083500295877457
vn -0.9339745044708252 0.35576987266540527 -0.033457983285188675
vn -0.13254599273204803 0.9897611141204834 -0.052957996726036072
vn -0.93527668714523315 0.35377883911132813 0.0099039962515234947
vn -0.10348395258188248 0.9938085675239563 0.040442980825901031
vn -0.93220281600952148 0.36156994104385376 0.016281995922327042
vn 0.03575599193572998 0.99117094278335571 0.12767799198627472
vn -0.94261062145233154 0.33328688144683838 0.020124992355704308
vn -0.86576008796691895 0.43962499499320984 0.2391430139541626
vn -0.10341105610132217 0.97947549819946289 0.1730140894651413
vn -0.74415230751037598 0.41735619306564331 0.52158522605895996
vn -0.89605081081390381 -0.36513090133666992 -0.25253194570541382
vn 0.18141695857048035 0.97763657569885254 0.10636996477842331
vn -0.91969186067581177 0.39042997360229492 -0.041608996689319611
vn -0.84287673234939575 0.17325595021247864 0.50945186614990234
vn -0.98014795780181885 0.11561199277639389 -0.16107098758220673
vn -0.89658492803573608 -0.15898299217224121 0.41335198283195496
vn -0.79555189609527588 0.60385888814926147 -0.049513991922140121
vn -0.41599312424659729 0.79324620962142944 0.44464612007141113
vn -0.88639086484909058 -0.32993897795677185 -0.32473295927047729
vn 0.28623297810554504 0.93619483709335327 0.20398500561714172
vn -0.86156457662582397 0.49440881609916687 -0.11517994850873947
vn -0.9472968578338623 -0.20369495451450348 -0.24725894629955292
vn -0.67425298690795898 0.68927699327468872 0.26510399580001831
vn 0.84212201833724976 0.041860997676849365 -0.53765994310379028
vn -0.78491568565368652 -0.6192438006401062 -0.021081991493701935
vn -0.63270074129104614 0.50984179973602295 0.58288174867630005
vn -0.82375705242156982 0.0045149996876716614 0.56692498922348022
vn -0.75223112106323242 0.28349307179450989 0.59479409456253052
vn -0.77897179126739502 -0.61446583271026611 -0.12503895163536072
vn -0.79282611608505249 -0.60458207130432129 0.0768590047955513
vn 0.81685805320739746 0.052177999168634415 -0.574474036693573
vn -0.97690969705581665 -0.1654619425535202 -0.13516592979431152
vn -0.78686606884002686 -0.57542902231216431 -0.22298698127269745
vn -0.79999756813049316 -0.55540972948074341 0.22698888182640076
vn -0.94225651025772095 -0.23978687822818756 -0.23378388583660126
vn -0.37593293190002441 0.78684180974960327 0.48944291472434998
vn -0.95451474189758301 -0.21656399965286255 -0.2049429714679718
vn -0.058320987969636917 0.3899819552898407 -0.91897374391555786
vn 0.81601119041442871 0.030702006071805954 -0.57722014188766479
vn -0.74469023942947388 -0.59781616926193237 -0.29673609137535095
vn -0.95828187465667725 -0.25140497088432312 -0.13598299026489258
vn 0.43626284599304199 0.8702806830406189 0.2286619246006012
vn -0.78420728445053101 0.61802124977111816 -0.055396012961864471
vn -0.75507199764251709 -0.47455298900604248 0.45239999890327454
vn -0.76250165700912476 -0.54509377479553223 -0.34851685166358948
vn -0.82756996154785156 0.56004196405410767 0.038482997566461563
vn -0.50543618202209473 0.85517024993896484 0.11497004330158234
vn 0.84923756122589111 0.20264390110969543 -0.48757672309875488
vn -0.36243107914924622 0.34540107846260071 -0.86564528942108154
vn -0.88763612508773804 -0.25148403644561768 -0.38582110404968262
vn 0.76586717367172241 0.045285012573003769 -0.64140218496322632
vn 0.13830499351024628 0.6389240026473999 -0.75673502683639526
vn -0.90526920557022095 -0.33677905797958374 -0.25897404551506042
vn -0.78387081623077393 0.048969987779855728 0.61898988485336304
vn 0.78406459093093872 0.13967292010784149 -0.60475963354110718
vn 0.67183113098144531 0.72225713729858398 -0.1642790287733078
vn -0.59235620498657227 0.80550020933151245 -0.016837006434798241
vn -0.85440587997436523 -0.47150492668151855 -0.21834297478199005
vn -0.73422086238861084 0.39303392171859741 0.55357390642166138
vn -0.87170583009719849 -0.34964087605476379 -0.34333691000938416
vn -0.83694177865982056 0.11234595626592636 -0.53563684225082397
vn -0.85082715749740601 -0.46955019235610962 -0.23583005368709564
vn -0.74385052919387817 -0.2257501631975174 0.62906539440155029
vn -0.59033888578414917 0.61506986618041992 0.52267485857009888
vn -0.096743009984493256 0.63823103904724121 -0.76374208927154541
vn -0.80642491579055786 -0.51945894956588745 -0.28256195783615112
vn -0.84249621629714966 -0.35127708315849304 -0.40841713547706604
vn -0.80436605215072632 0.17931699752807617 0.56642800569534302
vn 0.50241607427597046 0.57401806116104126 -0.64659208059310913
vn 0.71406584978103638 0.46697589755058289 -0.52157789468765259
vn -0.38004711270332336 0.82451117038726807 0.41922011971473694
vn -0.79248166084289551 -0.54441475868225098 -0.27492788434028625
vn 0.19486789405345917 0.88704854249954224 -0.41853481531143188
vn -0.23003499209880829 0.96938192844390869 -0.085921995341777802
vn -0.71386194229125977 -0.19060099124908447 0.67384892702102661
vn -0.20617499947547913 0.97838097810745239 -0.01620200090110302
vn -0.20381303131580353 0.97697001695632935 -0.063165001571178436
vn -0.1333719938993454 0.99096900224685669 -0.013871000148355961
vn -0.84137195348739624 0.36118295788764954 0.40204498171806335
vn -0.070444978773593903 0.99750864505767822 -0.003740999149158597
vn -0.16742701828479767 0.97825509309768677 0.12241401523351669
vn 0.38873201608657837 0.90024006366729736 0.19610001146793365
vn -0.3902648389339447 0.91927981376647949 -0.05116599053144455
vn -0.86078518629074097 0.16115002334117889 0.48278310894966125
vn -0.74672150611877441 0.59779858589172363 0.29162278771400452
vn -0.47531989216804504 -0.87968683242797852 -0.014902994967997074
vn -0.72863125801086426 -0.11151903867721558 0.6757662296295166
vn -0.19037002325057983 0.94043910503387451 0.28166201710700989
vn -0.49448299407958984 -0.86411499977111816 -0.093764998018741608
vn -0.48299780488014221 -0.87125664949417114 0.087320961058139801
vn -0.56737989187240601 -0.79566490650177002 -0.21212597191333771
vn -0.50574570894241333 -0.82768148183822632 0.24323785305023193
vn -0.89459347724914551 0.38258177042007446 0.23094087839126587
vn -0.89688307046890259 0.19044801592826843 0.39916202425956726
vn -0.23719611763954163 0.92696744203567505 0.29063612222671509
vn -0.48313805460929871 -0.74713510274887085 0.45647206902503967
vn -0.84382820129394531 0.53454709053039551 0.047046009451150894
vn -0.38975504040718079 0.90987199544906616 -0.14221101999282837
vn 0.52596586942672729 0.83821290731430054 0.14407996833324432
vn -0.6574019193649292 -0.67846894264221191 -0.32787597179412842
vn -0.74579137563705444 -0.048506021499633789 0.66441130638122559
vn -0.94118988513946533 0.2655329704284668 0.2089349776506424
vn -0.55420798063278198 0.81143397092819214 0.18554900586605072
vn -0.69777375459671021 -0.68073177337646484 -0.22297094762325287
vn -0.89052629470825195 0.18349505960941315 0.41628414392471313
vn -0.50155693292617798 -0.53743398189544678 0.67794197797775269
vn -0.93142604827880859 0.3635600209236145 -0.0164209995418787
vn -0.76318693161010742 -0.007522000465542078 0.64613395929336548
vn -0.61682480573654175 -0.65910476446151733 -0.43024185299873352
vn -0.96607387065887451 0.21613897383213043 0.14136898517608643
vn -0.73259103298187256 0.67576706409454346 -0.081543006002902985
vn -0.59530496597290039 -0.75050592422485352 -0.28697195649147034
vn -0.33142712712287903 0.93064945936203003 0.15507306158542633
vn -0.95972126722335815 0.23643903434276581 -0.15176200866699219
vn -0.60981971025466919 -0.67628961801528931 -0.4132218062877655
vn 0.61851716041564941 0.78443825244903564 -0.045751016587018967
vn -0.43852102756500244 0.87442398071289063 -0.20756199955940247
vn -0.74504667520523071 0.080227978527545929 0.66216987371444702
vn -0.57599824666976929 0.75709432363510132 -0.30827611684799194
vn 0.4715518057346344 0.7532646656036377 -0.45850983262062073
vn -0.52598792314529419 -0.35414198040962219 0.77325296401977539
vn -0.7067686915397644 -0.67521971464157104 -0.21108385920524597
vn 0.62694692611694336 0.65491998195648193 -0.4219210147857666
vn -0.54142099618911743 0.79113715887069702 -0.28454402089118958
vn -0.84660625457763672 0.4666961133480072 -0.25583705306053162
vn -0.45566290616989136 -0.7065998911857605 -0.54137593507766724
vn -0.48947584629058838 0.87158071994781494 0.027575993910431862
vn 0.28805795311927795 0.91966885328292847 -0.2668929398059845
vn -0.51636999845504761 -0.2660830020904541 0.81397902965545654
vn -0.84268361330032349 0.2704332172870636 -0.46556437015533447
vn -0.49738171696662903 -0.20373889803886414 0.84326857328414917
vn -0.4154420793056488 0.90677720308303833 -0.071854017674922943
vn -0.4802861213684082 -0.13999703526496887 0.8658672571182251
vn -0.50863915681838989 0.818004310131073 -0.26861709356307983
vn -0.45350104570388794 -0.02587500587105751 0.8908800482749939
vn -0.63387084007263184 0.58116680383682251 -0.51034587621688843
vn -0.56503814458847046 0.33757606148719788 -0.75284415483474731
vn 0 -0.99999994039535522 -0.00037899997550994158
vn 0 -0.99342495203018188 0.114485003054142
vn 0 -0.99914854764938354 -0.041256982833147049
vn 0 -0.99321305751800537 -0.11630900949239731
vn 0 -0.95916444063186646 0.28284910321235657
vn -0.47698974609375 -0.86496245861053467 -0.15595090389251709
vn 0.47698974609375 -0.86496245861053467 -0.15595090389251709
vn -0.59878814220428467 -0.7576291561126709 -0.25971305370330811
vn 0.59878814220428467 -0.7576291561126709 -0.25971305370330811
vn 0 -0.82473516464233398 0.56551909446716309
vn -0.65631604194641113 -0.69519907236099243 -0.29316803812980652
vn 0.65631604194641113 -0.69519907236099243 -0.29316803812980652
vn -0.6207350492477417 -0.73188304901123047 -0.28113201260566711
vn 0.6207350492477417 -0.73188304901123047 -0.28113201260566711
vn -0.36496993899345398 -0.64341479539871216 0.67291480302810669
vn 0.36496993899345398 -0.64341479539871216 0.67291480302810669
vn -0.47482103109359741 -0.73348808288574219 -0.48635402321815491
vn 0.47482103109359741 -0.73348808288574219 -0.48635402321815491
vn -0.3630141019821167 -0.48921406269073486 0.79302608966827393
vn 0.3630141019821167 -0.48921406269073486 0.79302608966827393
vn 0 -0.8020402193069458 -0.59727007150650024
vn -0.35621291399002075 -0.3471699059009552 0.86751681566238403
vn 0.35621291399002075 -0.3471699059009552 0.86751681566238403
vn 0 -0.78205609321594238 -0.62320804595947266
vn 0 -0.27774402499198914 0.9606550931930542
vn 0 -0.20183107256889343 0.97942036390304565
vn 0 -0.095326006412506104 0.99544608592987061
vn -0.46339309215545654 0.88384729623794556 0.063881024718284607
vn 0.46339309215545654 0.88384729623794556 0.063881024718284607
vn 0 0.91879111528396606 -0.39474406838417053
vn -0.58723878860473633 0.76484072208404541 -0.26489487290382385
vn 0.58723878860473633 0.76484072208404541 -0.26489487290382385
vn -0.56987971067428589 0.77986061573028564 -0.25894889235496521
vn 0.56987971067428589 0.77986061573028564 -0.25894889235496521
vn 0 0.9977036714553833 -0.067729979753494263
vn 0 0.98228579759597778 0.18738897144794464
vn 0 0.95343518257141113 -0.30159807205200195
vn -0.49967208504676819 0.84663718938827515 -0.18312102556228638
vn 0.49967208504676819 0.84663718938827515 -0.18312102556228638
vn -0.39901688694953918 0.90224575996398926 -0.16351795196533203
vn 0.39901688694953918 0.90224575996398926 -0.16351795196533203
vn 0 0.96756654977798462 0.25261613726615906
vn -0.39892607927322388 0.65102511644363403 -0.64577412605285645
vn 0.39892607927322388 0.65102511644363403 -0.64577412605285645
vn -0.39826297760009766 0.90749990940093994 -0.13353098928928375
vn 0.39826297760009766 0.90749990940093994 -0.13353098928928375
vn 0 0.98158049583435059 0.19104890525341034
vn -0.39254403114318848 0.91805100440979004 -0.055602002888917923
vn 0.39254403114318848 0.91805100440979004 -0.055602002888917923
vn -0.39966598153114319 0.91437393426895142 -0.064709998667240143
vn 0.39966598153114319 0.91437393426895142 -0.064709998667240143
vn 0 0.99820804595947266 0.059839002788066864
vn 0 0.99987530708312988 -0.015790009871125221
vn -0.39310994744300842 0.91941475868225098 -0.01187799870967865
vn 0.39310994744300842 0.91941475868225098 -0.01187799870967865
vn 0 0.99943149089813232 -0.033715013414621353
vn -0.41323369741439819 0.90901952981948853 -0.054049961268901825
vn 0.41323369741439819 0.90901952981948853 -0.054049961268901825
vn 0.63387084007263184 0.58116680383682251 -0.51034587621688843
vn 0.45350179076194763 -0.025874989107251167 0.89087969064712524
vn 0.50863915681838989 0.818004310131073 -0.26861709356307983
vn 0.4802861213684082 -0.13999703526496887 0.8658672571182251
vn 0.4154420793056488 0.90677720308303833 -0.071854017674922943
vn 0.49738171696662903 -0.20373889803886414 0.84326857328414917
vn 0.84268361330032349 0.2704332172870636 -0.46556437015533447
vn 0.34935691952705383 0.93050175905227661 -0.11007396876811981
vn 0.72689002752304077 0.15692800283432007 0.66858392953872681
vn 0.51636999845504761 -0.2660830020904541 0.81397902965545654
vn -0.28805795311927795 0.91966885328292847 -0.2668929398059845
vn 0.48947584629058838 0.87158071994781494 0.027575993910431862
vn 0.45566290616989136 -0.7065998911857605 -0.54137593507766724
vn 0.84660625457763672 0.4666961133480072 -0.25583705306053162
vn -0.62694692611694336 0.65491998195648193 -0.4219210147857666
vn 0.54142099618911743 0.79113715887069702 -0.28454402089118958
vn 0.7067686915397644 -0.67521971464157104 -0.21108385920524597
vn 0.52598869800567627 -0.35414180159568787 0.77325254678726196
vn 0.57599824666976929 0.75709432363510132 -0.30827611684799194
vn -0.4715518057346344 0.7532646656036377 -0.45850983262062073
vn 0.74504667520523071 0.080227978527545929 0.66216987371444702
vn -0.61851716041564941 0.78443825244903564 -0.045751016587018967
vn 0.43852102756500244 0.87442398071289063 -0.20756199955940247
vn 0.60981971025466919 -0.67628961801528931 -0.4132218062877655
vn 0.89098984003067017 0.19822393357753754 0.40846589207649231
vn 0.95972126722335815 0.23643903434276581 -0.15176200866699219
vn 0.33142712712287903 0.93064945936203003 0.15507306158542633
vn 0.59530496597290039 -0.75050592422485352 -0.28697195649147034
vn 0.73259103298187256 0.67576706409454346 -0.081543006002902985
vn 0.96607387065887451 0.21613897383213043 0.14136898517608643
vn 0.61682480573654175 -0.65910476446151733 -0.43024185299873352
vn 0.76318693161010742 -0.007522000465542078 0.64613395929336548
vn 0.93142604827880859 0.3635600209236145 -0.0164209995418787
vn 0.50155693292617798 -0.53743398189544678 0.67794197797775269
vn 0.89052629470825195 0.18349505960941315 0.41628414392471313
vn 0.69777423143386841 -0.68073123693466187 -0.22297108173370361
vn 0.55420798063278198 0.81143397092819214 0.18554900586605072
vn 0.94118988513946533 0.2655329704284668 0.2089349776506424
vn 0.74579137563705444 -0.048506021499633789 0.66441130638122559
vn 0.6574019193649292 -0.67846894264221191 -0.32787597179412842
vn 0.38975504040718079 0.90987199544906616 -0.14221101999282837
vn -0.52596586942672729 0.83821290731430054 0.14407996833324432
vn 0.84382820129394531 0.53454709053039551 0.047046009451150894
vn 0.48313805460929871 -0.74713510274887085 0.45647206902503967
vn 0.23719611763954163 0.92696744203567505 0.29063612222671509
vn 0.89688307046890259 0.19044801592826843 0.39916202425956726
vn 0.89459347724914551 0.38258177042007446 0.23094087839126587
vn 0.50574612617492676 -0.82768118381500244 0.24323804676532745
vn 0.56737989187240601 -0.79566490650177002 -0.21212597191333771
vn 0.48299780488014221 -0.87125664949417114 0.087320961058139801
vn 0.49448221921920776 -0.86411541700363159 -0.093765042722225189
vn 0.19037002325057983 0.94043910503387451 0.28166201710700989
vn 0.72863125801086426 -0.11151903867721558 0.6757662296295166
vn 0.47531989216804504 -0.87968683242797852 -0.014902994967997074
vn 0.3178439736366272 0.87265986204147339 -0.37072893977165222
vn 0.74672150611877441 0.59779858589172363 0.29162278771400452
vn 0.86078518629074097 0.16115002334117889 0.48278310894966125
vn 0.3902648389339447 0.91927981376647949 -0.05116599053144455
vn -0.38873201608657837 0.90024006366729736 0.19610001146793365
vn 0.16742701828479767 0.97825509309768677 0.12241401523351669
vn 0.070444978773593903 0.99750864505767822 -0.003740999149158597
vn 0.7107241153717041 -0.57555109262466431 -0.40449005365371704
vn 0.84137195348739624 0.36118295788764954 0.40204498171806335
vn 0.1333719938993454 0.99096900224685669 -0.013871000148355961
vn 0.20381303131580353 0.97697001695632935 -0.063165001571178436
vn 0.20617499947547913 0.97838097810745239 -0.01620200090110302
vn 0.71386146545410156 -0.19060112535953522 0.67384940385818481
vn 0.23003499209880829 0.96938192844390869 -0.085921995341777802
vn -0.19486789405345917 0.88704854249954224 -0.41853481531143188
vn 0.79248166084289551 -0.54441475868225098 -0.27492788434028625
vn 0.38004592061042786 0.8245118260383606 0.41921994090080261
vn -0.71406584978103638 0.46697589755058289 -0.52157789468765259
vn -0.50241607427597046 0.57401806116104126 -0.64659208059310913
vn 0.80436605215072632 0.17931699752807617 0.56642800569534302
vn 0.80642491579055786 -0.51945894956588745 -0.28256195783615112
vn 0.096743009984493256 0.63823103904724121 -0.76374208927154541
vn 0.59033888578414917 0.61506986618041992 0.52267485857009888
vn 0.74385052919387817 -0.2257501631975174 0.62906539440155029
vn 0.85082715749740601 -0.46955019235610962 -0.23583005368709564
vn 0.87170583009719849 -0.34964087605476379 -0.34333691000938416
vn 0.73422086238861084 0.39303392171859741 0.55357390642166138
vn 0.85440587997436523 -0.47150492668151855 -0.21834297478199005
vn -0.67183113098144531 0.72225713729858398 -0.1642790287733078
vn 0.59235620498657227 0.80550020933151245 -0.016837006434798241
vn -0.78406459093093872 0.13967292010784149 -0.60475963354110718
vn 0.78387081623077393 0.048969987779855728 0.61898988485336304
vn 0.90526890754699707 -0.33677995204925537 -0.25897395610809326
vn -0.76586717367172241 0.045285012573003769 -0.64140218496322632
vn -0.13830499351024628 0.6389240026473999 -0.75673502683639526
vn 0.36243107914924622 0.34540107846260071 -0.86564528942108154
vn 0.88763612508773804 -0.25148403644561768 -0.38582110404968262
vn 0.82756996154785156 0.56004196405410767 0.038482997566461563
vn 0.50543618202209473 0.85517024993896484 0.11497004330158234
vn -0.84923756122589111 0.20264390110969543 -0.48757672309875488
vn 0.76250165700912476 -0.54509377479553223 -0.34851685166358948
vn 0.75507199764251709 -0.47455298900604248 0.45239999890327454
vn -0.43626284599304199 0.8702806830406189 0.2286619246006012
vn 0.78420728445053101 0.61802124977111816 -0.055396012961864471
vn 0.95828187465667725 -0.25140497088432312 -0.13598299026489258
vn 0.74469023942947388 -0.59781616926193237 -0.29673609137535095
vn 0.95451474189758301 -0.21656399965286255 -0.2049429714679718
vn 0.058320987969636917 0.3899819552898407 -0.91897374391555786
vn -0.81601119041442871 0.030702006071805954 -0.57722014188766479
vn 0.37593293190002441 0.78684180974960327 0.48944291472434998
vn 0.94225651025772095 -0.23978687822818756 -0.23378388583660126
vn 0.79999756813049316 -0.55540972948074341 0.22698888182640076
vn 0.78686606884002686 -0.57542902231216431 -0.22298698127269745
vn -0.81685805320739746 0.052177999168634415 -0.574474036693573
vn 0.97690969705581665 -0.1654619425535202 -0.13516592979431152
vn 0.79282611608505249 -0.60458207130432129 0.0768590047955513
vn 0.77897179126739502 -0.61446583271026611 -0.12503895163536072
vn 0.75223112106323242 0.28349307179450989 0.59479409456253052
vn 0.82375705242156982 0.0045149996876716614 0.56692498922348022
vn 0.63270074129104614 0.50984179973602295 0.58288174867630005
vn 0.78491568565368652 -0.6192438006401062 -0.021081991493701935
vn 0.9472968578338623 -0.20369495451450348 -0.24725894629955292
vn 0.67425298690795898 0.68927699327468872 0.26510399580001831
vn -0.84212201833724976 0.041860997676849365 -0.53765994310379028
vn -0.28623297810554504 0.93619483709335327 0.20398500561714172
vn 0.86156457662582397 0.49440881609916687 -0.11517994850873947
vn 0.88639086484909058 -0.32993897795677185 -0.32473295927047729
vn 0.41599312424659729 0.79324620962142944 0.44464612007141113
vn 0.79555189609527588 0.60385888814926147 -0.049513991922140121
vn 0.89658492803573608 -0.15898299217224121 0.41335198283195496
vn 0.98014795780181885 0.11561199277639389 -0.16107098758220673
vn 0.84287673234939575 0.17325595021247864 0.50945186614990234
vn -0.18141695857048035 0.97763657569885254 0.10636996477842331
vn 0.91969186067581177 0.39042997360229492 -0.041608996689319611
vn 0.89605081081390381 -0.36513090133666992 -0.25253194570541382
vn 0.74415230751037598 0.41735619306564331 0.52158522605895996
vn 0.86576008796691895 0.43962499499320984 0.2391430139541626
vn 0.10341105610132217 0.97947549819946289 0.1730140894651413
vn -0.03575599193572998 0.99117094278335571 0.12767799198627472
vn 0.94261062145233154 0.33328688144683838 0.020124992355704308
vn 0.93220281600952148 0.36156994104385376 0.016281995922327042
vn 0.10348395258188248 0.9938085675239563 0.040442980825901031
vn 0.13254599273204803 0.9897611141204834 -0.052957996726036072
vn 0.93527668714523315 0.35377883911132813 0.0099039962515234947
vn 0.13280899822711945 0.98599904775619507 -0.10083500295877457
vn 0.9339745044708252 0.35576987266540527 -0.033457983285188675
vn 0.91648787260055542 -0.35747000575065613 -0.17962498962879181
vn 0.95037144422531128 -0.25513410568237305 0.1780470609664917
vn 0.93268674612045288 -0.34612992405891418 -0.10143698751926422
vn 0.95301264524459839 -0.29805487394332886 0.054130982607603073
vn 0.97593009471893311 -0.12858499586582184 -0.17614302039146423
vn 0.94642001390457153 -0.32257199287414551 -0.015376999974250793
vn 0.93808960914611816 0.059461977332830429 0.34125089645385742
vn 0.88963890075683594 0.30815392732620239 0.33702194690704346
vn 0.94312047958374023 0.32549118995666504 -0.06767003983259201
vn 0.9849281907081604 0.16689902544021606 -0.04540000855922699
vn 0.98550635576248169 -0.12141004204750061 -0.11847704648971558
vn 0.99075311422348022 -0.043931007385253906 0.12836802005767822
vn 0.97778224945068359 0.19259804487228394 0.082752019166946411
vn 0.99151313304901123 -0.11446601152420044 -0.061638008803129196
vn 0.99594080448150635 -0.08158198744058609 0.038029998540878296
vn 0.98485195636749268 0.17280198633670807 -0.014355001039803028
vn 0.98233401775360107 0.18636199831962585 -0.017002999782562256
vn 0.98462933301925659 0.17465305328369141 -0.001194000244140625
vn 0.99543768167495728 -0.095002971589565277 -0.0088459961116313934
vn -0.98524612188339233 -0.16823001205921173 0.031445004045963287
vn -0.96194404363632202 0.2639470100402832 -0.070679999887943268
vn -0.97153091430664063 -0.18681098520755768 -0.14570298790931702
vn -0.9591328501701355 0.25546196103096008 0.1216689795255661
vn -0.98889857530593872 -0.071439966559410095 0.13029193878173828
vn -0.92514044046401978 -0.34513881802558899 0.15809591114521027
vn -0.9677618145942688 0.068249985575675964 0.24244393408298492
vn -0.87907755374908447 -0.47652527689933777 0.012097007595002651
vn -0.89228862524032593 0.40179884433746338 0.20586091279983521
vn -0.95419305562973022 -0.18298500776290894 0.23671101033687592
vn -0.88909131288528442 0.4501931369304657 0.082721032202243805
vn -0.9512133002281189 0.15838004648685455 0.26478108763694763
vn -0.95748001337051392 0.18694299459457397 -0.21973699331283569
vn -0.87975966930389404 0.47207677364349365 -0.056270979344844818
vn -0.94393748044967651 -0.3190988302230835 -0.084604948759078979
vn -0.88167428970336914 -0.47080716490745544 -0.03148101270198822
vn -0.92410171031951904 -0.36141392588615417 0.12416096031665802
vn -0.86353808641433716 -0.46325603127479553 0.19923801720142365
vn -0.80834430456161499 -0.57232719659805298 0.13791704177856445
vn -0.91386622190475464 0.34839209914207458 -0.20849804580211639
vn -0.99390131235122681 -0.011143000796437263 -0.10970903187990189
vn -0.97882360219955444 -0.079220965504646301 0.18875491619110107
vn -0.80924475193023682 -0.48347485065460205 0.33372890949249268
vn -0.91984289884567261 -0.37710097432136536 0.10809198766946793
vn -0.92451143264770508 0.32044315338134766 0.20638509094715118
vn -0.90314215421676636 0.4142460823059082 0.11284701526165009
vn -0.98769581317901611 -0.12985597550868988 0.087145984172821045
vn -0.93614357709884644 0.21633288264274597 0.2771918773651123
vn -0.74069106578826904 -0.67176604270935059 -0.010349000804126263
vn -0.98183459043502808 -0.1630789190530777 0.09698496013879776
vn -0.94576704502105713 -0.31289300322532654 0.08730800449848175
vn -0.97292888164520264 -0.21233096718788147 0.09124099463224411
vn -0.33427584171295166 -0.91001558303833008 -0.24521686136722565
vn -0.91315293312072754 -0.40751495957374573 0.0091269994154572487
vn -0.77608919143676758 -0.63043516874313354 -0.015397002920508385
vn -0.98080486059188843 0.050974991172552109 -0.18821097910404205
vn -0.92694509029388428 0.33387306332588196 0.17117702960968018
vn -0.96778464317321777 -0.24984985589981079 -0.031111983582377434
vn -0.9714924693107605 0.087024956941604614 0.22051987051963806
vn -0.9226652979850769 -0.38353210687637329 -0.039898015558719635
vn -0.75673592090606689 -0.65052300691604614 -0.064580000936985016
vn -0.96256226301193237 0.13841700553894043 0.23305505514144897
vn -0.92155295610427856 0.3355720043182373 0.19527299702167511
vn -0.93199950456619263 0.33206415176391602 -0.14529407024383545
vn -0.98296242952346802 0.10512705147266388 0.15077507495880127
vn -0.88471418619155884 0.4554370641708374 0.099287018179893494
vn -0.87898313999176025 -0.32652905583381653 0.34751605987548828
vn -0.95850521326065063 0.2828240692615509 0.035753007978200912
vn -0.88395082950592041 -0.46748489141464233 0.0094259977340698242
vn -0.93465566635131836 -0.35161986947059631 0.052746981382369995
vn -0.85674601793289185 -0.18823300302028656 -0.48016101121902466
vn -0.86969435214996338 0.10471004247665405 -0.48235622048377991
vn -0.83120185136795044 0.43933993577957153 0.34071093797683716
vn -0.98977011442184448 0.11753400415182114 0.080875992774963379
vn -0.94253462553024292 0.30480489134788513 0.13682995736598969
vn -0.87994509935379028 -0.3981870710849762 -0.25912103056907654
vn -0.77289837598800659 -0.09599604457616806 0.62722629308700562
vn -0.79333716630935669 0.31681209802627563 -0.51985210180282593
vn -0.75232028961181641 0.2479701042175293 0.61034822463989258
vn -0.9522823691368103 0.27687808871269226 0.12844003736972809
vn -0.70158666372299194 0.59669572114944458 -0.38952580094337463
vn -0.94762402772903442 0.24277301132678986 -0.20753300189971924
vn -0.93677836656570435 0.27324113249778748 0.2185991108417511
vn -0.84567707777023315 -0.48936003446578979 0.2129720151424408
vn -0.94324833154678345 0.32963311672210693 -0.040306013077497482
vn -0.99250251054763794 0.088354960083961487 0.084451973438262939
vn -0.93163132667541504 0.36336615681648254 -0.0053000026382505894
vn -0.73417061567306519 -0.27965685725212097 -0.61869668960571289
vn -0.92722964286804199 -0.37275180220603943 0.036072980612516403
vn -0.95030993223190308 0.30046096444129944 0.081450991332530975
vn -0.6864628791809082 0.71940881013870239 -0.10592297464609146
vn -0.85550236701965332 -0.51609915494918823 0.041921019554138184
vn -0.27506303787231445 -0.95705109834671021 -0.091616012156009674
vn -0.9765515923500061 0.17213992774486542 0.12928593158721924
vn -0.7837640643119812 -0.61017405986785889 -0.11576499789953232
vn -0.95785814523696899 0.2835480272769928 -0.045916005969047546
vn -0.71839684247970581 0.061541985720396042 -0.69290584325790405
vn -0.93929833173751831 0.33256810903549194 -0.084363028407096863
vn -0.66479307413101196 0.72857207059860229 0.16502401232719421
vn -0.93688231706619263 0.3012830913066864 0.1774260550737381
vn -0.93151044845581055 0.22387111186981201 -0.28665316104888916
vn -0.99405509233474731 0.08626101166009903 0.066434018313884735
vn -0.91232484579086304 0.27382194995880127 0.30444192886352539
vn -0.93517899513244629 0.35082200169563293 0.048622999340295792
vn -0.68583476543426514 -0.35011884570121765 0.63800275325775146
vn -0.92609685659408569 0.36188003420829773 0.10671199858188629
vn -0.9950442910194397 -0.083286009728908539 0.054317004978656769
vn -0.70555019378662109 -0.70335912704467773 -0.086515016853809357
vn -0.58136403560638428 0.69408410787582397 0.42457398772239685
vn -0.99924314022064209 -0.02447100356221199 0.030237004160881042
vn -0.99734097719192505 0.068438999354839325 0.025042001157999039
vn -0.71971231698989868 -0.69128632545471191 -0.064323015511035919
vn -0.94152551889419556 0.28943216800689697 -0.17250710725784302
vn -0.97667759656906128 0.17279791831970215 0.12744295597076416
vn -0.64915972948074341 0.43203681707382202 -0.62604779005050659
vn -0.52774792909622192 0.47983294725418091 0.70088690519332886
vn -0.92712336778640747 0.35587212443351746 0.11746204644441605
vn -0.92265433073043823 -0.37836012244224548 -0.074516028165817261
vn -0.75063800811767578 -0.64507198333740234 0.14291499555110931
vn -0.98717010021209717 0.10472699999809265 0.12053001672029495
vn -0.85038626194000244 -0.51936215162277222 -0.084298022091388702
vn -0.53856277465820313 -0.84214168787002563 -0.027339991182088852
vn -0.93205791711807251 0.22125698626041412 0.28690299391746521
vn -0.96918171644210815 0.2453579306602478 0.022052988409996033
vn -0.97686964273452759 -0.060420975089073181 0.20512191951274872
vn -0.95233166217803955 0.29110291600227356 0.091232970356941223
vn -0.95490086078643799 0.13522599637508392 0.2643449604511261
vn -0.59888476133346558 0.64646977186203003 -0.47266677021980286
vn -0.9225461483001709 0.36795997619628906 0.11625000834465027
vn -0.94047927856445313 0.26909509301185608 0.2075730562210083
vn -0.94245225191116333 0.32374212145805359 0.083515025675296783
vn -0.97585570812225342 -0.18942293524742126 0.10874094814062119
vn -0.53963702917098999 -0.84135806560516357 0.03014100156724453
vn -0.79657286405563354 -0.57187789678573608 0.19602896273136139
vn -0.92269265651702881 0.36772283911705017 -0.11583694815635681
vn -0.58218908309936523 0.046561006456613541 0.81171911954879761
vn -0.72179204225540161 -0.678180992603302 0.13815499842166901
vn -0.97964596748352051 -0.02949799969792366 0.19855397939682007
vn -0.52755516767501831 0.809803307056427 -0.25671809911727905
vn -0.42666712403297424 -0.90237915515899658 0.060556009411811829
vn -0.95500952005386353 0.28783819079399109 -0.071456044912338257
vn -0.95496422052383423 0.29604405164718628 -0.020032001659274101
vn -0.80336582660675049 -0.55946296453475952 0.20397195219993591
vn -0.52524691820144653 -0.84553986787796021 -0.095801986753940582
vn -0.97708261013031006 0.18251591920852661 -0.10953295230865479
vn -0.52118611335754395 0.30198806524276733 0.79822820425033569
vn -0.9425971508026123 0.3120729923248291 0.11883199959993362
vn -0.98651158809661865 0.048232976347208023 0.15642394125461578
vn -0.99060153961181641 0.10286794602870941 0.090148955583572388
vn -0.97981095314025879 0.1902640163898468 0.061401005834341049
vn -0.9191545844078064 0.2399308979511261 0.31239086389541626
vn -0.92806512117385864 0.32266303896903992 -0.18596701323986053
vn -0.9461820125579834 0.32232001423835754 -0.029144000262022018
vn -0.72497099637985229 -0.67001801729202271 0.15966500341892242
vn -0.9809531569480896 -0.10230501741170883 0.16512003540992737
vn -0.46449002623558044 0.87892013788223267 0.10839001834392548
vn -0.99743753671646118 0.020583009347319603 -0.068518035113811493
vn -0.36927789449691772 0.62786179780960083 0.68514478206634521
vn -0.99840986728668213 -0.056056991219520569 -0.0059459991753101349
vn -0.39439401030540466 0.79458999633789063 0.46160599589347839
vn -0.49238911271095276 -0.84957712888717651 -0.18913401663303375
vn -0.46163910627365112 -0.86492025852203369 -0.19698303937911987
vn -0.78980922698974609 0.55630916357040405 0.25830510258674622
vn -0.80796396732330322 0.56246095895767212 0.17558999359607697
vn -0.88921040296554565 -0.095114044845104218 0.44750216603279114
vn -0.92794430255889893 0.31596410274505615 -0.1977020651102066
vn -0.81829184293746948 -0.53449094295501709 0.211465984582901
vn -0.18179494142532349 -0.9814026951789856 -0.061638981103897095
vn -0.88525760173797607 0.4075767993927002 0.22405387461185455
vn -0.90816992521286011 0.23662897944450378 0.34530296921730042
vn -0.83137887716293335 0.52972191572189331 0.16794002056121826
vn -0.80269640684127808 0.55543828010559082 0.21717910468578339
vn -0.33935189247131348 -0.93761461973190308 -0.075624972581863403
vn -0.79411691427230835 0.58735597133636475 0.15617698431015015
vn -0.21197499334812164 -0.93148303031921387 0.29564499855041504
vn -0.89077752828598022 -0.26787185668945313 0.36709678173065186
vn -0.86183828115463257 0.28833508491516113 0.41725015640258789
vn -0.78972524404525757 0.59142619371414185 0.16293904185295105
vn -0.77284920215606689 0.53551411628723145 0.34048309922218323
vn -0.12126404792070389 -0.98420840501785278 -0.12895303964614868
vn -0.75202107429504395 -0.63092303276062012 0.19078901410102844
vn -0.6559593677520752 -0.75474441051483154 -0.0088450042530894279
vn -0.77861893177032471 -0.62724792957305908 0.017679000273346901
vn -0.82414889335632324 0.34945091605186462 0.44571584463119507
vn -0.78328704833984375 0.34334003925323486 0.51824605464935303
vn -0.98885923624038696 -0.14509503543376923 0.033240001648664474
vn -0.071349985897541046 -0.96601384878158569 -0.2484479546546936
vn -0.88890290260314941 -0.45809292793273926 0.0015929997898638248
vn -0.17675894498825073 -0.98360663652420044 -0.035695988684892654
vn -0.068930983543395996 -0.98593562841415405 0.15224793553352356
vn -0.93387329578399658 -0.35683712363243103 0.023408008739352226
vn -0.92851048707962036 -0.36676117777824402 0.057918030768632889
vn -0.80681949853897095 0.022945012897253036 0.59035229682922363
vn -0.94536864757537842 -0.32523688673973083 -0.022339992225170135
vn -0.10508401691913605 -0.96510213613510132 -0.23986504971981049
vn -0.55154705047607422 0.77399402856826782 0.31101301312446594
vn -0.852061927318573 0.37106898427009583 -0.36918595433235168
vn -0.83918291330337524 0.34800601005554199 0.41792801022529602
vn -0.97931236028671265 -0.19391509890556335 0.057829029858112335
vn -0.17488002777099609 -0.97788017988204956 0.11474902182817459
vn -0.52497601509094238 -0.85016101598739624 -0.040329009294509888
vn -0.86128908395767212 -0.4853840172290802 0.15027801692485809
vn -0.53528016805648804 0.79524326324462891 0.28471609950065613
vn -0.87363380193710327 0.44509297609329224 -0.19661195576190948
vn -0.89943277835845947 -0.43096888065338135 0.072707988321781158
vn -0.12040002644062042 -0.98778820037841797 -0.098885029554367065
vn -0.67286497354507446 0.64164012670516968 0.36817201972007751
vn 0.014870999380946159 -0.98928499221801758 -0.145237997174263
vn -0.83867871761322021 -0.5402567982673645 0.068851977586746216
vn 0.17083002626895905 -0.88321119546890259 0.43675512075424194
vn -0.69639140367507935 -0.2883351743221283 0.6571924090385437
vn -0.82060056924819946 0.52113378047943115 0.23459388315677643
vn -0.6377788782119751 -0.75734388828277588 0.14024399220943451
vn -0.48431295156478882 0.80812489986419678 0.33522394299507141
vn -0.4916549026966095 0.82660490274429321 0.27386093139648438
vn -0.84993511438369751 0.52684104442596436 -0.0069870008155703545
vn -0.87885606288909912 0.47621402144432068 -0.028848001733422279
vn -0.74353104829788208 0.46205800771713257 0.48338803648948669
vn -0.85944682359695435 0.50905895233154297 -0.047011997550725937
vn -0.86971193552017212 -0.47293394804000854 0.14118999242782593
vn 0.088943034410476685 -0.96151840686798096 -0.25994512438774109
vn -0.54948586225509644 0.8065568208694458 0.21801695227622986
vn -0.72100991010665894 0.53177189826965332 0.44425591826438904
vn -0.6254580020904541 0.69082200527191162 0.3627220094203949
vn -0.57402712106704712 0.75183910131454468 0.32439306378364563
vn -0.59486627578735352 -0.54670929908752441 0.58927327394485474
vn -0.96441924571990967 -0.25880405306816101 0.054000012576580048
vn -0.58818107843399048 -0.80768507719039917 -0.041083004325628281
vn 0.26151511073112488 -0.90577822923660278 0.33343008160591125
vn -0.86492997407913208 0.42269200086593628 -0.27060601115226746
vn -0.94862991571426392 -0.30018401145935059 0.099954001605510712
vn -0.64860808849334717 0.42561006546020508 0.63100206851959229
vn 0.19314703345298767 -0.9810912013053894 0.012423000298440456
vn -0.98881024122238159 -0.087938018143177032 0.12050402909517288
vn -0.25529015064239502 -0.96470350027084351 0.064607031643390656
vn -0.54513812065124512 -0.8383411169052124 -0.0029300004243850708
vn -0.86958408355712891 0.43507906794548035 -0.23351600766181946
vn 0.071067966520786285 -0.9548155665397644 -0.2885768711566925
vn -0.70590305328369141 0.13002900779247284 0.69627100229263306
vn -0.47391602396965027 -0.8784710168838501 0.060764003545045853
vn -0.93850600719451904 -0.29933798313140869 0.17205600440502167
vn -0.46832725405693054 -0.87539047002792358 0.11983805894851685
vn -0.30039793252944946 0.90601980686187744 0.2981429398059845
vn -0.44605809450149536 -0.8640860915184021 0.23321107029914856
vn -0.47947588562965393 -0.80788880586624146 0.34266391396522522
vn 0.11640892922878265 -0.97668254375457764 -0.1803889125585556
vn -0.5353960394859314 0.52188307046890259 0.66407012939453125
vn -0.92697447538375854 -0.31855714321136475 0.1980900913476944
vn 0.076424986124038696 -0.94954687356948853 -0.30417096614837646
vn -0.52660590410232544 0.74901080131530762 0.40208092331886292
vn 0.43252384662628174 -0.88687270879745483 0.16241896152496338
vn -0.27886077761650085 -0.95352846384048462 0.11410592496395111
vn -0.79553091526031494 0.54302191734313965 -0.26880797743797302
vn 0.41280087828636169 -0.83159786462783813 0.37153792381286621
vn -0.53271204233169556 -0.15061505138874054 0.83278626203536987
vn 0.44047096371650696 -0.8188929557800293 0.36796697974205017
vn -0.94820308685302734 -0.25279602408409119 0.19236701726913452
vn -0.12489798665046692 -0.98677486181259155 0.10332398861646652
vn -0.37084501981735229 -0.92630010843276978 -0.066649004817008972
vn -0.94039291143417358 -0.27612295746803284 0.19853799045085907
vn 0.14780397713184357 -0.96811783313751221 -0.20224197208881378
vn -0.071751996874809265 -0.99564307928085327 0.059553004801273346
vn -0.25640606880187988 0.89627015590667725 0.36187806725502014
vn -0.5249180793762207 0.49636399745941162 0.6914360523223877
vn 0.48378410935401917 -0.83619225025177002 0.25833207368850708
vn -0.2302749902009964 0.90145093202590942 0.3665509819984436
vn -0.1991620659828186 0.9199022650718689 0.33780810236930847
vn -0.2083650678396225 -0.94309425354003906 0.259147047996521
vn -0.070314988493919373 -0.99388182163238525 0.085174985229969025
vn -0.71016883850097656 0.67704081535339355 -0.1930699348449707
vn -0.51675087213516235 0.47402188181877136 0.71293181180953979
vn -0.30542898178100586 -0.95173895359039307 -0.030101997777819633
vn -0.2800198495388031 0.91398859024047852 0.29362180829048157
vn -0.92544722557067871 -0.31315609812736511 0.21326205134391785
vn 0.17229802906513214 -0.982738196849823 0.067372016608715057
vn -0.24501009285449982 0.91006529331207275 0.33429214358329773
vn -0.7424699068069458 0.66710388660430908 -0.060916990041732788
vn 0.44661596417427063 -0.88137394189834595 0.15399396419525146
vn -0.56501901149749756 0.7652590274810791 0.30843499302864075
vn -0.06433502584695816 -0.99263030290603638 0.10269402712583542
vn -0.23329497873783112 0.93090301752090454 0.28105700016021729
vn -0.61527103185653687 0.51444405317306519 -0.59731805324554443
vn -0.64064353704452515 0.76684445142745972 0.039056971669197083
vn -0.27093100547790527 0.87002801895141602 0.41188299655914307
vn -0.1742209792137146 -0.96773803234100342 0.18201696872711182
vn -0.31760677695274353 0.78751754760742188 0.52814966440200806
vn -0.41476792097091675 0.60179394483566284 0.68250393867492676
vn -0.1922299861907959 -0.98111903667449951 -0.021285995841026306
vn 0.38444280624389648 -0.86281543970108032 0.32825782895088196
vn 0.35686302185058594 -0.85956692695617676 0.36577796936035156
vn -0.32770416140556335 0.56882816553115845 0.75435036420822144
vn -0.14644797146320343 -0.98644280433654785 0.07405100017786026
vn -0.15116298198699951 0.94185793399810791 0.30008897185325623
vn 0.19077298045158386 -0.9424508810043335 0.27457597851753235
vn -0.56111007928848267 0.64952903985977173 -0.51309603452682495
vn -0.64537113904953003 0.66520410776138306 -0.37549906969070435
vn -0.20951606333255768 0.33081910014152527 0.92014223337173462
vn -0.62497907876968384 0.71902310848236084 -0.30398502945899963
vn 0.30861398577690125 -0.88610798120498657 0.34578898549079895
vn -0.37608814239501953 0.26544409990310669 0.8877483606338501
vn -0.2190210372209549 0.85893106460571289 0.46289005875587463
vn 0.11095696687698364 -0.91396576166152954 0.39032691717147827
vn -0.57323503494262695 0.77946102619171143 -0.25267001986503601
vn -0.44689115881919861 0.88625621795654297 -0.12181203812360764
vn -0.033470019698143005 0.96337848901748657 0.26604816317558289
vn 0.14025808870792389 -0.89689052104949951 0.41942223906517029
vn 0 -0.9381142258644104 0.34632605314254761
vn 0 -0.98583924770355225 0.16769303381443024
vn 0 -0.99249845743179321 0.12225694209337234
vn 0 -0.99987667798995972 -0.015703996643424034
vn 0 -0.99704021215438843 0.076882012188434601
vn 0 -0.9999890923500061 0.0046689999289810658
vn 0 -0.99848687648773193 -0.054990991950035095
vn 0 -0.9999815821647644 0.0060720033943653107
vn 0 -0.98563319444656372 0.1689000278711319
vn 0 -0.96484595537185669 0.26281601190567017
vn 0 -0.98606306314468384 0.16637200117111206
vn 0 -0.99788194894790649 0.065050989389419556
vn 0 -0.99515771865844727 0.098290972411632538
vn 0 -0.98959046602249146 0.14391207695007324
vn 0 -0.97394394874572754 0.22678898274898529
vn 0 -0.94791108369827271 0.31853505969047546
vn 0 -0.92709314823150635 0.37483105063438416
vn 0 -0.89205837249755859 0.45192018151283264
vn 0 0.99666523933410645 0.081599034368991852
vn 0 -0.90457767248153687 0.42630884051322937
vn -0.28563892841339111 0.42471393942832947 0.85908585786819458
vn 0.28563892841339111 0.42471393942832947 0.85908585786819458
vn 0 0.98376214504241943 0.1794770359992981
vn 0 0.95651531219482422 0.29168209433555603
vn 0 0.94840312004089355 0.31706702709197998
vn 0 0.94721066951751709 0.32061189413070679
vn 0 0.92590564489364624 0.37775483727455139
vn 0 0.93318009376525879 0.35940912365913391
vn 0 0.95648634433746338 0.29177713394165039
vn 0 0.92706775665283203 0.37489387392997742
vn 0 0.80597990751266479 0.59194290637969971
vn 0 0.61543369293212891 0.788188636302948
vn 0 0.60621541738510132 0.79530048370361328
vn 0 0.32270818948745728 0.94649851322174072
vn 0 0.83170288801193237 0.55522096157073975
vn 0 0.68626528978347778 -0.72735130786895752
vn 0 0.81560051441192627 -0.57861542701721191
vn 0 0.47272616624832153 0.88120937347412109
vn -0.45094314217567444 0.79249423742294312 -0.41061311960220337
vn 0.45094314217567444 0.79249423742294312 -0.41061311960220337
vn 0 0.96661823987960815 -0.25622105598449707
vn 0 0.84130990505218506 0.54055303335189819
vn 0 0.99836283922195435 0.057197988033294678
vn -0.14025808870792389 -0.89689052104949951 0.41942223906517029
vn 0.033470019698143005 0.96337848901748657 0.26604816317558289
vn 0.44689115881919861 0.88625621795654297 -0.12181203812360764
vn 0.57323503494262695 0.77946102619171143 -0.25267001986503601
vn -0.11095696687698364 -0.91396576166152954 0.39032691717147827
vn 0.2190210372209549 0.85893106460571289 0.46289005875587463
vn -0.30861398577690125 -0.88610798120498657 0.34578898549079895
vn 0.37608814239501953 0.26544409990310669 0.8877483606338501
vn 0.62497907876968384 0.71902310848236084 -0.30398502945899963
vn 0.20951606333255768 0.33081910014152527 0.92014223337173462
vn 0.64537113904953003 0.66520410776138306 -0.37549906969070435
vn 0.56111007928848267 0.64952903985977173 -0.51309603452682495
vn -0.19077298045158386 -0.9424508810043335 0.27457597851753235
vn 0.15116298198699951 0.94185793399810791 0.30008897185325623
vn 0.14644797146320343 -0.98644280433654785 0.07405100017786026
vn 0.32770416140556335 0.56882816553115845 0.75435036420822144
vn -0.35686302185058594 -0.85956692695617676 0.36577796936035156
vn -0.38444197177886963 -0.86281579732894897 0.32825794816017151
vn 0.1922299861907959 -0.98111903667449951 -0.021285995841026306
vn 0.41476792097091675 0.60179394483566284 0.68250393867492676
vn 0.31760677695274353 0.78751754760742188 0.52814966440200806
vn 0.1742209792137146 -0.96773803234100342 0.18201696872711182
vn 0.27093100547790527 0.87002801895141602 0.41188299655914307
vn 0.64064294099807739 0.76684492826461792 0.039056997746229172
vn 0.61527103185653687 0.51444405317306519 -0.59731805324554443
vn 0.23329497873783112 0.93090301752090454 0.28105700016021729
vn 0.06433502584695816 -0.99263030290603638 0.10269402712583542
vn 0.56501901149749756 0.7652590274810791 0.30843499302864075
vn -0.44661596417427063 -0.88137394189834595 0.15399396419525146
vn 0.7424699068069458 0.66710388660430908 -0.060916990041732788
vn 0.24501009285449982 0.91006529331207275 0.33429214358329773
vn 0.92544722557067871 -0.31315609812736511 0.21326205134391785
vn -0.17229802906513214 -0.982738196849823 0.067372016608715057
vn 0.2800198495388031 0.91398859024047852 0.29362180829048157
vn 0.30542898178100586 -0.95173895359039307 -0.030101997777819633
vn 0.51675087213516235 0.47402188181877136 0.71293181180953979
vn 0.71016830205917358 0.67704129219055176 -0.19307008385658264
vn 0.070314988493919373 -0.99388182163238525 0.085174985229969025
vn 0.2083650678396225 -0.94309425354003906 0.259147047996521
vn 0.1991620659828186 0.9199022650718689 0.33780810236930847
vn 0.2302749902009964 0.90145093202590942 0.3665509819984436
vn -0.48378410935401917 -0.83619225025177002 0.25833207368850708
vn 0.5249180793762207 0.49636399745941162 0.6914360523223877
vn 0.25640606880187988 0.89627015590667725 0.36187806725502014
vn 0.071751996874809265 -0.99564307928085327 0.059553004801273346
vn 0.94039291143417358 -0.27612295746803284 0.19853799045085907
vn -0.14780397713184357 -0.96811783313751221 -0.20224197208881378
vn 0.37084501981735229 -0.92630010843276978 -0.066649004817008972
vn 0.94820308685302734 -0.25279602408409119 0.19236701726913452
vn 0.12489798665046692 -0.98677486181259155 0.10332398861646652
vn -0.44047096371650696 -0.8188929557800293 0.36796697974205017
vn -0.41280087828636169 -0.83159786462783813 0.37153792381286621
vn 0.53271204233169556 -0.15061505138874054 0.83278626203536987
vn 0.79553091526031494 0.54302191734313965 -0.26880797743797302
vn 0.27886110544204712 -0.95352834463119507 0.11410605162382126
vn -0.43252384662628174 -0.88687270879745483 0.16241896152496338
vn 0.52660590410232544 0.74901080131530762 0.40208092331886292
vn 0.92697447538375854 -0.31855714321136475 0.1980900913476944
vn -0.076424986124038696 -0.94954687356948853 -0.30417096614837646
vn 0.5353960394859314 0.52188307046890259 0.66407012939453125
vn -0.1164090558886528 -0.97668248414993286 -0.18038910627365112
vn 0.47947588562965393 -0.80788880586624146 0.34266391396522522
vn 0.44605809450149536 -0.8640860915184021 0.23321107029914856
vn 0.30039793252944946 0.90601980686187744 0.2981429398059845
vn 0.46832725405693054 -0.87539047002792358 0.11983805894851685
vn 0.93850600719451904 -0.29933798313140869 0.17205600440502167
vn 0.47391602396965027 -0.8784710168838501 0.060764003545045853
vn 0.70590305328369141 0.13002900779247284 0.69627100229263306
vn -0.071067966520786285 -0.9548155665397644 -0.2885768711566925
vn 0.86958408355712891 0.43507906794548035 -0.23351600766181946
vn 0.54513812065124512 -0.8383411169052124 -0.0029300004243850708
vn 0.98881024122238159 -0.087938018143177032 0.12050402909517288
vn 0.25529015064239502 -0.96470350027084351 0.064607031643390656
vn -0.19314703345298767 -0.9810912013053894 0.012423000298440456
vn 0.64860808849334717 0.42561006546020508 0.63100206851959229
vn 0.94862991571426392 -0.30018401145935059 0.099954001605510712
vn 0.86492997407913208 0.42269200086593628 -0.27060601115226746
vn -0.26151511073112488 -0.90577822923660278 0.33343008160591125
vn 0.58818107843399048 -0.80768507719039917 -0.041083004325628281
vn 0.96441924571990967 -0.25880405306816101 0.054000012576580048
vn 0.57402712106704712 0.75183910131454468 0.32439306378364563
vn 0.6254580020904541 0.69082200527191162 0.3627220094203949
vn 0.72100991010665894 0.53177189826965332 0.44425591826438904
vn 0.54948586225509644 0.8065568208694458 0.21801695227622986
vn 0.86971193552017212 -0.47293394804000854 0.14118999242782593
vn -0.088943034410476685 -0.96151840686798096 -0.25994512438774109
vn 0.85944682359695435 0.50905895233154297 -0.047011997550725937
vn 0.74353104829788208 0.46205800771713257 0.48338803648948669
vn 0.87885606288909912 0.47621402144432068 -0.028848001733422279
vn 0.84993511438369751 0.52684104442596436 -0.0069870008155703545
vn 0.4916549026966095 0.82660490274429321 0.27386093139648438
vn 0.48431295156478882 0.80812489986419678 0.33522394299507141
vn 0.6377788782119751 -0.75734388828277588 0.14024399220943451
vn 0.82060056924819946 0.52113378047943115 0.23459388315677643
vn -0.17083002626895905 -0.88321119546890259 0.43675512075424194
vn 0.69639140367507935 -0.2883351743221283 0.6571924090385437
vn 0.83867871761322021 -0.5402567982673645 0.068851977586746216
vn -0.014870999380946159 -0.98928499221801758 -0.145237997174263
vn 0.67286497354507446 0.64164012670516968 0.36817201972007751
vn 0.89943277835845947 -0.43096888065338135 0.072707988321781158
vn 0.12040002644062042 -0.98778820037841797 -0.098885029554367065
vn 0.87363380193710327 0.44509297609329224 -0.19661195576190948
vn 0.53528016805648804 0.79524326324462891 0.28471609950065613
vn 0.86128908395767212 -0.4853840172290802 0.15027801692485809
vn 0.52497601509094238 -0.85016101598739624 -0.040329009294509888
vn 0.97931236028671265 -0.19391509890556335 0.057829029858112335
vn 0.17488002777099609 -0.97788017988204956 0.11474902182817459
vn 0.83918291330337524 0.34800601005554199 0.41792801022529602
vn 0.852061927318573 0.37106898427009583 -0.36918595433235168
vn 0.55154705047607422 0.77399402856826782 0.31101301312446594
vn 0.10508401691913605 -0.96510213613510132 -0.23986504971981049
vn 0.94536864757537842 -0.32523688673973083 -0.022339992225170135
vn 0.80681949853897095 0.022945012897253036 0.59035229682922363
vn 0.92851048707962036 -0.36676117777824402 0.057918030768632889
vn 0.93387329578399658 -0.35683712363243103 0.023408008739352226
vn 0.068930983543395996 -0.98593562841415405 0.15224793553352356
vn 0.88890290260314941 -0.45809292793273926 0.0015929997898638248
vn 0.17675894498825073 -0.98360663652420044 -0.035695988684892654
vn 0.071349985897541046 -0.96601384878158569 -0.2484479546546936
vn 0.98885923624038696 -0.14509503543376923 0.033240001648664474
vn 0.78328704833984375 0.34334003925323486 0.51824605464935303
vn 0.82414889335632324 0.34945091605186462 0.44571584463119507
vn 0.77861893177032471 -0.62724792957305908 0.017679000273346901
vn 0.6559593677520752 -0.75474441051483154 -0.0088450042530894279
vn 0.75202107429504395 -0.63092303276062012 0.19078901410102844
vn 0.12126404792070389 -0.98420840501785278 -0.12895303964614868
vn 0.77284920215606689 0.53551411628723145 0.34048309922218323
vn 0.78972524404525757 0.59142619371414185 0.16293904185295105
vn 0.86183828115463257 0.28833508491516113 0.41725015640258789
vn 0.21197499334812164 -0.93148303031921387 0.29564499855041504
vn 0.89077752828598022 -0.26787185668945313 0.36709678173065186
vn 0.79411691427230835 0.58735597133636475 0.15617698431015015
vn 0.33935189247131348 -0.93761461973190308 -0.075624972581863403
vn 0.80269640684127808 0.55543828010559082 0.21717910468578339
vn 0.90817010402679443 0.23662802577018738 0.34530305862426758
vn 0.83137887716293335 0.52972191572189331 0.16794002056121826
vn 0.88525760173797607 0.4075767993927002 0.22405387461185455
vn 0.81829184293746948 -0.53449094295501709 0.211465984582901
vn 0.18179494142532349 -0.9814026951789856 -0.061638981103897095
vn 0.92794430255889893 0.31596410274505615 -0.1977020651102066
vn 0.88921040296554565 -0.095114044845104218 0.44750216603279114
vn 0.80796396732330322 0.56246095895767212 0.17558999359607697
vn 0.78980922698974609 0.55630916357040405 0.25830510258674622
vn 0.46163910627365112 -0.86492025852203369 -0.19698303937911987
vn 0.49238911271095276 -0.84957712888717651 -0.18913401663303375
vn 0.99840986728668213 -0.056056991219520569 -0.0059459991753101349
vn 0.39439401030540466 0.79458999633789063 0.46160599589347839
vn 0.99743753671646118 0.020583009347319603 -0.068518035113811493
vn 0.36927789449691772 0.62786179780960083 0.68514478206634521
vn 0.9809531569480896 -0.10230501741170883 0.16512003540992737
vn 0.46449002623558044 0.87892013788223267 0.10839001834392548
vn 0.72497099637985229 -0.67001801729202271 0.15966500341892242
vn 0.9461820125579834 0.32232001423835754 -0.029144000262022018
vn 0.92806512117385864 0.32266303896903992 -0.18596701323986053
vn 0.9191545844078064 0.2399308979511261 0.31239086389541626
vn 0.97981095314025879 0.1902640163898468 0.061401005834341049
vn 0.99060153961181641 0.10286794602870941 0.090148955583572388
vn 0.98651158809661865 0.048232976347208023 0.15642394125461578
vn 0.9425971508026123 0.3120729923248291 0.11883199959993362
vn 0.97708261013031006 0.18251591920852661 -0.10953295230865479
vn 0.52118611335754395 0.30198806524276733 0.79822820425033569
vn 0.52524691820144653 -0.84553986787796021 -0.095801986753940582
vn 0.80336582660675049 -0.55946296453475952 0.20397195219993591
vn 0.95496422052383423 0.29604405164718628 -0.020032001659274101
vn 0.95500963926315308 0.28783789277076721 -0.071455962955951691
vn 0.42666786909103394 -0.90237879753112793 0.060555987060070038
vn 0.97964596748352051 -0.02949799969792366 0.19855397939682007
vn 0.52755516767501831 0.809803307056427 -0.25671809911727905
vn 0.72179204225540161 -0.678180992603302 0.13815499842166901
vn 0.92269265651702881 0.36772283911705017 -0.11583694815635681
vn 0.58218908309936523 0.046561006456613541 0.81171911954879761
vn 0.79657286405563354 -0.57187789678573608 0.19602896273136139
vn 0.97585570812225342 -0.18942293524742126 0.10874094814062119
vn 0.53963702917098999 -0.84135806560516357 0.03014100156724453
vn 0.94245225191116333 0.32374212145805359 0.083515025675296783
vn 0.94047927856445313 0.26909509301185608 0.2075730562210083
vn 0.9225461483001709 0.36795997619628906 0.11625000834465027
vn 0.95490086078643799 0.13522599637508392 0.2643449604511261
vn 0.59888476133346558 0.64646977186203003 -0.47266677021980286
vn 0.95233166217803955 0.29110291600227356 0.091232970356941223
vn 0.97686964273452759 -0.060420975089073181 0.20512191951274872
vn 0.96918171644210815 0.2453579306602478 0.022052988409996033
vn 0.93205791711807251 0.22125698626041412 0.28690299391746521
vn 0.53856277465820313 -0.84214168787002563 -0.027339991182088852
vn 0.85038626194000244 -0.51936215162277222 -0.084298022091388702
vn 0.98717010021209717 0.10472699999809265 0.12053001672029495
vn 0.75063800811767578 -0.64507198333740234 0.14291499555110931
vn 0.92265433073043823 -0.37836012244224548 -0.074516028165817261
vn 0.92712336778640747 0.35587212443351746 0.11746204644441605
vn 0.52774792909622192 0.47983294725418091 0.70088690519332886
vn 0.97667759656906128 0.17279791831970215 0.12744295597076416
vn 0.64915972948074341 0.43203681707382202 -0.62604779005050659
vn 0.94152551889419556 0.28943216800689697 -0.17250710725784302
vn 0.71971231698989868 -0.69128632545471191 -0.064323015511035919
vn 0.99734097719192505 0.068438999354839325 0.025042001157999039
vn 0.99924314022064209 -0.02447100356221199 0.030237004160881042
vn 0.58136403560638428 0.69408410787582397 0.42457398772239685
vn 0.9950442910194397 -0.083286009728908539 0.054317004978656769
vn 0.70555019378662109 -0.70335912704467773 -0.086515016853809357
vn 0.92609721422195435 0.36187908053398132 0.10671203583478928
vn 0.93517899513244629 0.35082200169563293 0.048622999340295792
vn 0.68583476543426514 -0.35011884570121765 0.63800275325775146
vn 0.91232484579086304 0.27382194995880127 0.30444192886352539
vn 0.99405509233474731 0.08626101166009903 0.066434018313884735
vn 0.93688231706619263 0.3012830913066864 0.1774260550737381
vn 0.66479307413101196 0.72857207059860229 0.16502401232719421
vn 0.93929833173751831 0.33256810903549194 -0.084363028407096863
vn 0.7837640643119812 -0.61017405986785889 -0.11576499789953232
vn 0.95785814523696899 0.2835480272769928 -0.045916005969047546
vn 0.71839684247970581 0.061541985720396042 -0.69290584325790405
vn 0.9765515923500061 0.17213992774486542 0.12928593158721924
vn 0.85550236701965332 -0.51609915494918823 0.041921019554138184
vn 0.27506303787231445 -0.95705109834671021 -0.091616012156009674
vn 0.6864628791809082 0.71940881013870239 -0.10592297464609146
vn 0.95030993223190308 0.30046096444129944 0.081450991332530975
vn 0.92722964286804199 -0.37275180220603943 0.036072980612516403
vn 0.93163132667541504 0.36336615681648254 -0.0053000026382505894
vn 0.73417061567306519 -0.27965685725212097 -0.61869668960571289
vn 0.99250251054763794 0.088354960083961487 0.084451973438262939
vn 0.94324833154678345 0.32963311672210693 -0.040306013077497482
vn 0.93677836656570435 0.27324113249778748 0.2185991108417511
vn 0.84567707777023315 -0.48936003446578979 0.2129720151424408
vn 0.94762402772903442 0.24277301132678986 -0.20753300189971924
vn 0.70158666372299194 0.59669572114944458 -0.38952580094337463
vn 0.9522823691368103 0.27687808871269226 0.12844003736972809
vn 0.75232028961181641 0.2479701042175293 0.61034822463989258
vn 0.79333716630935669 0.31681209802627563 -0.51985210180282593
vn 0.77289837598800659 -0.09599604457616806 0.62722629308700562
vn 0.94253462553024292 0.30480489134788513 0.13682995736598969
vn 0.87994509935379028 -0.3981870710849762 -0.25912103056907654
vn 0.98977011442184448 0.11753400415182114 0.080875992774963379
vn 0.83120185136795044 0.43933993577957153 0.34071093797683716
vn 0.86969435214996338 0.10471004247665405 -0.48235622048377991
vn 0.85674601793289185 -0.18823300302028656 -0.48016101121902466
vn 0.93465566635131836 -0.35161986947059631 0.052746981382369995
vn 0.88395082950592041 -0.46748489141464233 0.0094259977340698242
vn 0.95850521326065063 0.2828240692615509 0.035753007978200912
vn 0.87898313999176025 -0.32652905583381653 0.34751605987548828
vn 0.88471418619155884 0.4554370641708374 0.099287018179893494
vn 0.98296242952346802 0.10512705147266388 0.15077507495880127
vn 0.93199950456619263 0.33206415176391602 -0.14529407024383545
vn 0.92155295610427856 0.3355720043182373 0.19527299702167511
vn 0.96256226301193237 0.13841700553894043 0.23305505514144897
vn 0.75673592090606689 -0.65052300691604614 -0.064580000936985016
vn 0.9226652979850769 -0.38353210687637329 -0.039898015558719635
vn 0.9714924693107605 0.087024956941604614 0.22051987051963806
vn 0.96778464317321777 -0.24984985589981079 -0.031111983582377434
vn 0.92694509029388428 0.33387306332588196 0.17117702960968018
vn 0.98080486059188843 0.050974991172552109 -0.18821097910404205
vn 0.77608919143676758 -0.63043516874313354 -0.015397002920508385
vn 0.91315293312072754 -0.40751495957374573 0.0091269994154572487
vn 0.97292888164520264 -0.21233096718788147 0.09124099463224411
vn 0.33427584171295166 -0.91001558303833008 -0.24521686136722565
vn 0.94576704502105713 -0.31289300322532654 0.08730800449848175
vn 0.98183459043502808 -0.1630789190530777 0.09698496013879776
vn 0.74069106578826904 -0.67176604270935059 -0.010349000804126263
vn 0.93614357709884644 0.21633288264274597 0.2771918773651123
vn 0.99055749177932739 0.07484397292137146 -0.11486595124006271
vn 0.98769581317901611 -0.12985597550868988 0.087145984172821045
vn 0.90314215421676636 0.4142460823059082 0.11284701526165009
vn 0.92451143264770508 0.32044315338134766 0.20638509094715118
vn 0.91984289884567261 -0.37710097432136536 0.10809198766946793
vn 0.80924475193023682 -0.48347485065460205 0.33372890949249268
vn 0.97882360219955444 -0.079220965504646301 0.18875491619110107
vn 0.99390131235122681 -0.011143000796437263 -0.10970903187990189
vn 0.91386622190475464 0.34839209914207458 -0.20849804580211639
vn 0.80834430456161499 -0.57232719659805298 0.13791704177856445
vn 0.86353808641433716 -0.46325603127479553 0.19923801720142365
vn 0.92410171031951904 -0.36141392588615417 0.12416096031665802
vn 0.88167428970336914 -0.47080716490745544 -0.03148101270198822
vn 0.94393748044967651 -0.3190988302230835 -0.084604948759078979
vn 0.87975966930389404 0.47207677364349365 -0.056270979344844818
vn 0.95748001337051392 0.18694299459457397 -0.21973699331283569
vn 0.9512133002281189 0.15838004648685455 0.26478108763694763
vn 0.88909131288528442 0.4501931369304657 0.082721032202243805
vn 0.95419305562973022 -0.18298500776290894 0.23671101033687592
vn 0.89228862524032593 0.40179884433746338 0.20586091279983521
vn 0.87907713651657104 -0.47652605175971985 0.012097001075744629
vn 0.9677618145942688 0.068249985575675964 0.24244393408298492
vn 0.92514044046401978 -0.34513881802558899 0.15809591114521027
vn 0.98889857530593872 -0.071439966559410095 0.13029193878173828
vn 0.9591328501701355 0.25546196103096008 0.1216689795255661
vn 0.97153109312057495 -0.18681001663208008 -0.1457030177116394
vn 0.96194404363632202 0.2639470100402832 -0.070679999887943268
vn 0.98524612188339233 -0.16823001205921173 0.031445004045963287
vn -0.89098984003067017 0.19822393357753754 0.40846589207649231
vn -0.97588694095611572 0.14863598346710205 0.15984998643398285
vn -0.97936058044433594 0.12662793695926666 -0.15753793716430664
vn -0.88223177194595337 0.16244694590568542 0.44190281629562378
vn -0.72689002752304077 0.15692800283432007 0.66858392953872681
vn -0.98135459423065186 0.10552595555782318 0.16064693033695221
vn -0.99929004907608032 -0.035816993564367294 -0.011686998419463634
vn -0.98448091745376587 0.066068992018699646 -0.1625799834728241
vn -0.99055749177932739 0.07484397292137146 -0.11486595124006271
vn -0.84626299142837524 0.11566600948572159 -0.52005797624588013
vn -0.99807900190353394 -0.053631998598575592 0.031013999134302139
vn -0.94963091611862183 0.10433100908994675 -0.29549300670623779
vn -0.98884004354476929 0.017733002081513405 -0.14792202413082123
vn -0.94087988138198853 -0.18864893913269043 0.28134796023368835
vn -0.9924960732460022 -0.042723000049591064 0.1145700067281723
vn -0.98070347309112549 0.061734970659017563 0.18549789488315582
vn -0.949485182762146 0.03073500469326973 -0.31230306625366211
vn -0.96928954124450684 -0.0080679962411522865 -0.24578985571861267
vn -0.98745638132095337 -0.011159003712236881 0.15749706327915192
vn -0.92511188983917236 -0.12067098915576935 0.36000898480415344
vn -0.88798397779464722 0.13766700029373169 0.43878498673439026
vn -0.9786226749420166 -0.014614998362958431 -0.20514395833015442
vn -0.98817944526672363 -0.0062530026771128178 -0.15317405760288239
vn -0.98145818710327148 0.027838004752993584 0.18964402377605438
vn -0.8640781044960022 -0.37849506735801697 0.33182907104492188
vn -0.83756500482559204 0.020445000380277634 -0.54595500230789185
vn -0.89452004432678223 -0.06808800995349884 0.44181209802627563
vn -0.8424379825592041 -0.030873008072376251 -0.53790807723999023
vn -0.71867954730987549 0.16810691356658936 0.67471456527709961
vn -0.88429152965545654 0.0028860019519925117 0.46692627668380737
vn -0.87844204902648926 0.10198002308607101 0.46684008836746216
vn -0.83651268482208252 -0.039295986294746399 -0.54653674364089966
vn -0.81199121475219727 0.029152009636163712 -0.58294117450714111
vn -0.87545645236968994 0.062365032732486725 0.479256272315979
vn -0.81408804655075073 0.21809601783752441 -0.53823304176330566
vn -0.82273703813552856 -0.02045300230383873 -0.56805408000946045
vn -0.78322118520736694 -0.29387104511260986 0.54790914058685303
vn -0.75756585597991943 -0.17473495006561279 0.62893694639205933
vn -0.79418712854385376 0.093954011797904968 -0.60036611557006836
vn -0.82336413860321045 0.34041702747344971 -0.4540790319442749
vn -0.73407202959060669 0.15842099487781525 0.66033405065536499
vn -0.72582679986953735 -0.077455975115299225 0.68350279331207275
vn -0.44644901156425476 0.09367901086807251 0.8898918628692627
vn -0.5324101448059082 0.12246304005384445 -0.83758115768432617
vn -0.72392994165420532 0.020329998806118965 0.68957388401031494
vn -0.73134523630142212 0.13432703912258148 0.66864818334579468
vn -0.72149831056594849 0.092058040201663971 0.68626928329467773
vn -0.50315010547637939 -0.017483003437519073 -0.86402219533920288
vn -0.50536006689071655 -0.06937900185585022 -0.8601149320602417
vn -0.46014091372489929 0.15087997913360596 0.87493175268173218
vn -0.51804691553115845 -0.068834990262985229 -0.85257792472839355
vn -0.51728516817092896 -0.024148009717464447 -0.85547232627868652
vn -0.52910619974136353 0.048310019075870514 -0.84717929363250732
vn -0.5649610161781311 0.30961298942565918 -0.76482599973678589
vn -0.48791489005088806 -0.34131491184234619 0.80339479446411133
vn -0.52976173162460327 0.14148892462253571 -0.8362615704536438
vn -0.48157000541687012 -0.20111498236656189 0.85302001237869263
vn -0.49315887689590454 0.17421893775463104 0.85231572389602661
vn -0.59524083137512207 0.43869885802268982 -0.6732248067855835
vn -0.4669918417930603 -0.070849977433681488 0.88141870498657227
vn -0.48112401366233826 0.043792001903057098 0.87555807828903198
vn -0.49709504842758179 0.16230502724647522 0.85238111019134521
vn -0.48938784003257751 0.12207496166229248 0.86347973346710205
vn 0 0.050469975918531418 0.99872559309005737
vn 0 0.12552998960018158 0.99208980798721313
vn -0.365835040807724 0.3172200620174408 -0.87494921684265137
vn 0.365835040807724 0.3172200620174408 -0.87494921684265137
vn 0 0.0932140052318573 -0.99564611911773682
vn 0 0.18498198688030243 0.98274189233779907
vn 0 -0.052378017455339432 -0.99862730503082275
vn 0 0.18655897676944733 0.98244374990463257
vn 0 -0.087411031126976013 -0.99617230892181396
vn 0 0.15367491543292999 0.98812144994735718
vn 0 -0.080347992479801178 -0.99676686525344849
vn 0 0.079531028866767883 0.99683237075805664
vn 0 -0.0099510038271546364 -0.99995046854019165
vn 0 -0.040770981460809708 0.9991685152053833
vn 0 0.073501996695995331 -0.997295081615448
vn 0 -0.18136093020439148 0.98341661691665649
vn 0 -0.33324301242828369 0.94284099340438843
vn 0 -0.66606169939041138 0.74589663743972778
vn 0 0.19793598353862762 -0.98021495342254639
vn 0.39836704730987549 0.38089606165885925 -0.83439910411834717
vn -0.39836704730987549 0.38089606165885925 -0.83439910411834717
vn -0.39828413724899292 0.50912618637084961 -0.76299428939819336
vn 0.39828413724899292 0.50912618637084961 -0.76299428939819336
vn 0.48938784003257751 0.12207496166229248 0.86347973346710205
vn 0.49709504842758179 0.16230502724647522 0.85238111019134521
vn 0.48112401366233826 0.043792001903057098 0.87555807828903198
vn 0.4669918417930603 -0.070849977433681488 0.88141870498657227
vn 0.59524083137512207 0.43869885802268982 -0.6732248067855835
vn 0.49315887689590454 0.17421893775463104 0.85231572389602661
vn 0.48157000541687012 -0.20111498236656189 0.85302001237869263
vn 0.52976173162460327 0.14148892462253571 -0.8362615704536438
vn 0.48791489005088806 -0.34131491184234619 0.80339479446411133
vn 0.56496173143386841 0.30961281061172485 -0.76482558250427246
vn 0.52910619974136353 0.048310019075870514 -0.84717929363250732
vn 0.51728516817092896 -0.024148009717464447 -0.85547232627868652
vn 0.51804691553115845 -0.068834990262985229 -0.85257792472839355
vn 0.46014091372489929 0.15087997913360596 0.87493175268173218
vn 0.50536006689071655 -0.06937900185585022 -0.8601149320602417
vn 0.50315010547637939 -0.017483003437519073 -0.86402219533920288
vn 0.72149831056594849 0.092058040201663971 0.68626928329467773
vn 0.73134523630142212 0.13432703912258148 0.66864818334579468
vn 0.59486693143844604 -0.54670900106430054 0.58927291631698608
vn 0.72392994165420532 0.020329998806118965 0.68957388401031494
vn 0.5324101448059082 0.12246304005384445 -0.83758115768432617
vn 0.44644901156425476 0.09367901086807251 0.8898918628692627
vn 0.56503814458847046 0.33757606148719788 -0.75284415483474731
vn 0.72582679986953735 -0.077455975115299225 0.68350279331207275
vn 0.73407202959060669 0.15842099487781525 0.66033405065536499
vn 0.82336413860321045 0.34041702747344971 -0.4540790319442749
vn 0.79418712854385376 0.093954011797904968 -0.60036611557006836
vn 0.75756585597991943 -0.17473495006561279 0.62893694639205933
vn 0.78322118520736694 -0.29387104511260986 0.54790914058685303
vn 0.82273751497268677 -0.020453013479709625 -0.56805336475372314
vn 0.81408804655075073 0.21809601783752441 -0.53823304176330566
vn 0.87545645236968994 0.062365032732486725 0.479256272315979
vn 0.81199121475219727 0.029152009636163712 -0.58294117450714111
vn 0.83651268482208252 -0.039295986294746399 -0.54653674364089966
vn 0.87844204902648926 0.10198002308607101 0.46684008836746216
vn 0.88429152965545654 0.0028860019519925117 0.46692627668380737
vn 0.71867954730987549 0.16810691356658936 0.67471456527709961
vn 0.8424379825592041 -0.030873008072376251 -0.53790807723999023
vn 0.89452004432678223 -0.06808800995349884 0.44181209802627563
vn 0.83756500482559204 0.020445000380277634 -0.54595500230789185
vn 0.8640781044960022 -0.37849506735801697 0.33182907104492188
vn 0.98145818710327148 0.027838004752993584 0.18964402377605438
vn 0.93151044845581055 0.22387111186981201 -0.28665316104888916
vn 0.98817944526672363 -0.0062530026771128178 -0.15317405760288239
vn 0.9786226749420166 -0.014614998362958431 -0.20514395833015442
vn 0.88798397779464722 0.13766700029373169 0.43878498673439026
vn 0.92511188983917236 -0.12067098915576935 0.36000898480415344
vn 0.98745638132095337 -0.011159003712236881 0.15749706327915192
vn 0.96928954124450684 -0.0080679962411522865 -0.24578985571861267
vn 0.949485182762146 0.03073500469326973 -0.31230306625366211
vn 0.98070347309112549 0.061734970659017563 0.18549789488315582
vn 0.9924960732460022 -0.042723000049591064 0.1145700067281723
vn 0.94087988138198853 -0.18864893913269043 0.28134796023368835
vn 0.98884004354476929 0.017733002081513405 -0.14792202413082123
vn 0.94963091611862183 0.10433100908994675 -0.29549300670623779
vn 0.99807900190353394 -0.053631998598575592 0.031013999134302139
vn 0.84626299142837524 0.11566600948572159 -0.52005797624588013
vn 0.98448091745376587 0.066068992018699646 -0.1625799834728241
vn 0.99929004907608032 -0.035816993564367294 -0.011686998419463634
vn 0.98135459423065186 0.10552595555782318 0.16064693033695221
vn 0.88223177194595337 0.16244694590568542 0.44190281629562378
vn 0.97936058044433594 0.12662793695926666 -0.15753793716430664
vn 0.97588711977005005 0.14863599836826324 0.15984901785850525
vn -0.55105388164520264 0.53072786331176758 -0.64394688606262207
vn -0.89136463403701782 0.13375395536422729 -0.43310382962226868
vn -0.81516969203948975 -0.34643986821174622 -0.46419581770896912
vn -0.7107241153717041 -0.57555109262466431 -0.40449005365371704
vn -0.68420916795730591 0.63059717416763306 -0.36634010076522827
vn -0.3178439736366272 0.87265986204147339 -0.37072893977165222
vn -0.87093687057495117 -0.1138719841837883 -0.47801896929740906
vn -0.6652989387512207 -0.55689293146133423 -0.49723997712135315
vn -0.74413621425628662 0.50464516878128052 -0.43771514296531677
vn -0.46584600210189819 0.81571012735366821 -0.34293505549430847
vn -0.56034308671951294 -0.59038406610488892 -0.58091503381729126
vn -0.78780031204223633 0.36515414714813232 -0.4960172176361084
vn -0.47536307573318481 0.804310142993927 -0.35653209686279297
vn -0.60263305902481079 -0.58576107025146484 -0.54195702075958252
vn -0.55335378646850586 0.68612974882125854 -0.47225579619407654
vn -0.49457517266273499 0.72080826759338379 -0.48562416434288025
vn -0.42687791585922241 -0.5349729061126709 -0.72909480333328247
vn -0.34935691952705383 0.93050175905227661 -0.11007396876811981
vn -0.39269727468490601 -0.71571546792984009 -0.5775294303894043
vn -0.27206087112426758 0.8979957103729248 -0.34581288695335388
vn -0.23879513144493103 0.8882375955581665 -0.39244222640991211
vn -0.28711700439453125 -0.70328801870346069 -0.65034592151641846
vn -0.18207597732543945 0.85817408561706543 -0.47998496890068054
vn -0.306162029504776 -0.62147212028503418 -0.72113609313964844
vn -0.061602029949426651 0.84113442897796631 -0.53730630874633789
vn -0.26279795169830322 -0.56965291500091553 -0.77873796224594116
vn 0 -0.77922201156616211 -0.62674802541732788
vn 0 -0.71535313129425049 -0.69876313209533691
vn 0 -0.66620326042175293 -0.74577021598815918
vn 0 0.836051344871521 -0.54865121841430664
vn 0 -0.608894944190979 -0.79325085878372192
vn 0 0.84671413898468018 -0.53204804658889771
vn 0 0.89572322368621826 -0.44461211562156677
vn 0 0.93238067626953125 -0.36147788166999817
vn 0.061602029949426651 0.84113442897796631 -0.53730630874633789
vn 0.26279795169830322 -0.56965291500091553 -0.77873796224594116
vn 0.306162029504776 -0.62147212028503418 -0.72113609313964844
vn 0.18207597732543945 0.85817408561706543 -0.47998496890068054
vn 0.28711700439453125 -0.70328801870346069 -0.65034592151641846
vn 0.23879513144493103 0.8882375955581665 -0.39244222640991211
vn 0.27206087112426758 0.8979957103729248 -0.34581288695335388
vn 0.39269727468490601 -0.71571546792984009 -0.5775294303894043
vn 0.49457517266273499 0.72080826759338379 -0.48562416434288025
vn 0.42687791585922241 -0.5349729061126709 -0.72909480333328247
vn 0.55335378646850586 0.68612974882125854 -0.47225579619407654
vn 0.60263305902481079 -0.58576107025146484 -0.54195702075958252
vn 0.47536307573318481 0.804310142993927 -0.35653209686279297
vn 0.56034308671951294 -0.59038406610488892 -0.58091503381729126
vn 0.78780031204223633 0.36515414714813232 -0.4960172176361084
vn 0.46584600210189819 0.81571012735366821 -0.34293505549430847
vn 0.74413621425628662 0.50464516878128052 -0.43771514296531677
vn 0.6652989387512207 -0.55689293146133423 -0.49723997712135315
vn 0.87093687057495117 -0.1138719841837883 -0.47801896929740906
vn 0.68420916795730591 0.63059717416763306 -0.36634010076522827
vn 0.81516969203948975 -0.34643986821174622 -0.46419581770896912
vn 0.89136463403701782 0.13375395536422729 -0.43310382962226868
vn 0.55105388164520264 0.53072786331176758 -0.64394688606262207
vn 0.84249621629714966 -0.35127708315849304 -0.40841713547706604
vn 0.83694177865982056 0.11234595626592636 -0.53563684225082397
f 117/117/117 113/113/113 127/127/127
f 117/117/117 105/105/105 113/113/113
f 131/131/131 117/117/117 145/145/145
f 117/117/117 127/127/127 145/145/145
f 122/122/122 127/127/127 113/113/113
f 117/117/117 131/131/131 105/105/105
f 122/122/122 130/130/130 127/127/127
f 123/123/123 105/105/105 131/131/131
f 134/134/134 127/127/127 130/130/130
f 1031/1031/1031 993/993/993 138/138/138
f 121/121/121 128/128/128 104/104/104
f 114/114/114 104/104/104 128/128/128
f 113/113/113 114/114/114 122/122/122
f 125/125/125 114/114/114 138/138/138
f 153/153/153 183/183/183 184/184/184
f 184/184/184 1052/1052/1052 155/155/155
f 155/155/155 1031/1031/1031 138/138/138
f 1031/1031/1031 155/155/155 1052/1052/1052
f 155/155/155 153/153/153 184/184/184
f 79/79/79 84/84/84 48/48/48
f 28/28/28 12/12/12 38/38/38
f 84/84/84 46/46/46 48/48/48
f 99/99/99 105/105/105 79/79/79
f 30/30/30 38/38/38 12/12/12
f 29/29/29 38/38/38 101/101/101
f 56/56/56 46/46/46 91/91/91
f 84/84/84 79/79/79 105/105/105
f 84/84/84 91/91/91 46/46/46
f 1046/1046/1046 1029/1029/1029 1017/1017/1017
f 989/989/989 125/125/125 993/993/993
f 114/114/114 113/113/113 99/99/99
f 99/99/99 113/113/113 105/105/105
f 138/138/138 993/993/993 125/125/125
f 114/114/114 125/125/125 122/122/122
f 989/989/989 130/130/130 122/122/122
f 1046/1046/1046 1038/1038/1038 1057/1057/1057
f 104/104/104 114/114/114 99/99/99
f 125/125/125 989/989/989 122/122/122
f 174/174/174 129/129/129 178/178/178
f 146/146/146 135/135/135 1141/1141/1141
f 135/135/135 178/178/178 129/129/129
f 124/124/124 129/129/129 174/174/174
f 1141/1141/1141 92/92/92 87/87/87
f 135/135/135 92/92/92 1141/1141/1141
f 181/181/181 178/178/178 146/146/146
f 80/80/80 87/87/87 92/92/92
f 135/135/135 146/146/146 178/178/178
f 135/135/135 129/129/129 86/86/86
f 100/100/100 102/102/102 40/40/40
f 100/100/100 98/98/98 214/214/214
f 202/202/202 118/118/118 205/205/205
f 118/118/118 103/103/103 205/205/205
f 205/205/205 103/103/103 207/207/207
f 100/100/100 32/32/32 98/98/98
f 92/92/92 135/135/135 86/86/86
f 207/207/207 100/100/100 214/214/214
f 26/26/26 98/98/98 32/32/32
f 153/153/153 128/128/128 121/121/121
f 182/182/182 183/183/183 151/151/151
f 124/124/124 170/170/170 142/142/142
f 82/82/82 124/124/124 78/78/78
f 151/151/151 153/153/153 121/121/121
f 153/153/153 151/151/151 183/183/183
f 114/114/114 128/128/128 138/138/138
f 138/138/138 128/128/128 155/155/155
f 153/153/153 155/155/155 128/128/128
f 124/124/124 142/142/142 78/78/78
f 111/111/111 53/53/53 60/60/60
f 111/111/111 109/109/109 49/49/49
f 170/170/170 124/124/124 174/174/174
f 132/132/132 111/111/111 60/60/60
f 111/111/111 161/161/161 109/109/109
f 86/86/86 129/129/129 82/82/82
f 124/124/124 82/82/82 129/129/129
f 53/53/53 111/111/111 49/49/49
f 168/168/168 142/142/142 170/170/170
f 91/91/91 84/84/84 123/123/123
f 194/194/194 154/154/154 200/200/200
f 145/145/145 156/156/156 131/131/131
f 154/154/154 156/156/156 200/200/200
f 192/192/192 152/152/152 194/194/194
f 154/154/154 131/131/131 156/156/156
f 47/47/47 36/36/36 83/83/83
f 149/149/149 107/107/107 95/95/95
f 95/95/95 74/74/74 83/83/83
f 47/47/47 83/83/83 74/74/74
f 154/154/154 152/152/152 123/123/123
f 172/172/172 126/126/126 167/167/167
f 156/156/156 157/157/157 200/200/200
f 126/126/126 116/116/116 167/167/167
f 141/141/141 126/126/126 176/176/176
f 157/157/157 1054/1054/1054 200/200/200
f 131/131/131 154/154/154 123/123/123
f 127/127/127 134/134/134 145/145/145
f 154/154/154 194/194/194 152/152/152
f 134/134/134 150/150/150 145/145/145
f 95/95/95 83/83/83 141/141/141
f 176/176/176 179/179/179 141/141/141
f 126/126/126 141/141/141 83/83/83
f 126/126/126 172/172/172 176/176/176
f 121/121/121 107/107/107 151/151/151
f 149/149/149 141/141/141 179/179/179
f 151/151/151 149/149/149 182/182/182
f 149/149/149 151/151/151 107/107/107
f 149/149/149 179/179/179 182/182/182
f 126/126/126 83/83/83 64/64/64
f 95/95/95 107/107/107 74/74/74
f 88/88/88 74/74/74 107/107/107
f 64/64/64 83/83/83 36/36/36
f 34/34/34 47/47/47 48/48/48
f 47/47/47 34/34/34 36/36/36
f 141/141/141 149/149/149 95/95/95
f 116/116/116 126/126/126 64/64/64
f 47/47/47 74/74/74 48/48/48
f 13/13/13 36/36/36 34/34/34
f 30/30/30 12/12/12 13/13/13
f 29/29/29 101/101/101 22/22/22
f 48/48/48 46/46/46 34/34/34
f 34/34/34 30/30/30 13/13/13
f 97/97/97 22/22/22 101/101/101
f 199/199/199 115/115/115 193/193/193
f 210/210/210 97/97/97 209/209/209
f 133/133/133 193/193/193 115/115/115
f 133/133/133 152/152/152 192/192/192
f 38/38/38 30/30/30 56/56/56
f 88/88/88 104/104/104 99/99/99
f 48/48/48 74/74/74 79/79/79
f 84/84/84 105/105/105 123/123/123
f 30/30/30 46/46/46 56/56/56
f 79/79/79 88/88/88 99/99/99
f 88/88/88 79/79/79 74/74/74
f 30/30/30 34/34/34 46/46/46
f 104/104/104 88/88/88 121/121/121
f 88/88/88 107/107/107 121/121/121
f 152/152/152 133/133/133 123/123/123
f 133/133/133 91/91/91 123/123/123
f 115/115/115 108/108/108 56/56/56
f 209/209/209 101/101/101 204/204/204
f 133/133/133 115/115/115 91/91/91
f 145/145/145 150/150/150 156/156/156
f 157/157/157 156/156/156 150/150/150
f 108/108/108 204/204/204 101/101/101
f 56/56/56 91/91/91 115/115/115
f 108/108/108 101/101/101 38/38/38
f 97/97/97 210/210/210 94/94/94
f 97/97/97 101/101/101 209/209/209
f 22/22/22 97/97/97 20/20/20
f 97/97/97 94/94/94 20/20/20
f 213/213/213 94/94/94 210/210/210
f 108/108/108 115/115/115 199/199/199
f 108/108/108 38/38/38 56/56/56
f 193/193/193 133/133/133 192/192/192
f 204/204/204 108/108/108 199/199/199
f 106/106/106 110/110/110 50/50/50
f 112/112/112 110/110/110 159/159/159
f 49/49/49 109/109/109 45/45/45
f 45/45/45 106/106/106 50/50/50
f 112/112/112 116/116/116 64/64/64
f 167/167/167 116/116/116 162/162/162
f 112/112/112 162/162/162 116/116/116
f 50/50/50 110/110/110 54/54/54
f 54/54/54 112/112/112 64/64/64
f 162/162/162 112/112/112 159/159/159
f 35/35/35 39/39/39 15/15/15
f 65/65/65 39/39/39 78/78/78
f 10/10/10 33/33/33 11/11/11
f 9/9/9 10/10/10 15/15/15
f 39/39/39 55/55/55 78/78/78
f 42/42/42 55/55/55 35/35/35
f 106/106/106 45/45/45 109/109/109
f 39/39/39 35/35/35 55/55/55
f 39/39/39 31/31/31 15/15/15
f 5/5/5 16/16/16 8/8/8
f 18/18/18 8/8/8 16/16/16
f 24/24/24 96/96/96 26/26/26
f 96/96/96 98/98/98 26/26/26
f 18/18/18 36/36/36 13/13/13
f 1/1/1 3/3/3 6/6/6
f 25/25/25 3/3/3 21/21/21
f 18/18/18 54/54/54 36/36/36
f 8/8/8 18/18/18 13/13/13
f 158/158/158 106/106/106 160/160/160
f 214/214/214 98/98/98 211/211/211
f 211/211/211 96/96/96 213/213/213
f 106/106/106 158/158/158 110/110/110
f 96/96/96 94/94/94 213/213/213
f 20/20/20 94/94/94 24/24/24
f 106/106/106 109/109/109 160/160/160
f 159/159/159 110/110/110 158/158/158
f 96/96/96 24/24/24 94/94/94
f 96/96/96 211/211/211 98/98/98
f 7/7/7 2/2/2 5/5/5
f 13/13/13 12/12/12 8/8/8
f 10/10/10 9/9/9 4/4/4
f 19/19/19 53/53/53 17/17/17
f 8/8/8 7/7/7 5/5/5
f 7/7/7 8/8/8 12/12/12
f 7/7/7 23/23/23 2/2/2
f 27/27/27 4/4/4 25/25/25
f 3/3/3 25/25/25 4/4/4
f 6/6/6 4/4/4 9/9/9
f 15/15/15 31/31/31 9/9/9
f 9/9/9 19/19/19 6/6/6
f 19/19/19 9/9/9 31/31/31
f 53/53/53 19/19/19 60/60/60
f 19/19/19 17/17/17 6/6/6
f 41/41/41 11/11/11 33/33/33
f 33/33/33 10/10/10 27/27/27
f 19/19/19 31/31/31 60/60/60
f 10/10/10 4/4/4 27/27/27
f 119/119/119 136/136/136 76/76/76
f 37/37/37 66/66/66 35/35/35
f 40/40/40 102/102/102 62/62/62
f 119/119/119 62/62/62 102/102/102
f 62/62/62 119/119/119 76/76/76
f 39/39/39 65/65/65 31/31/31
f 10/10/10 11/11/11 15/15/15
f 15/15/15 11/11/11 35/35/35
f 60/60/60 31/31/31 65/65/65
f 43/43/43 35/35/35 66/66/66
f 23/23/23 7/7/7 28/28/28
f 7/7/7 12/12/12 28/28/28
f 49/49/49 17/17/17 53/53/53
f 21/21/21 2/2/2 23/23/23
f 67/67/67 37/37/37 77/77/77
f 37/37/37 35/35/35 11/11/11
f 41/41/41 63/63/63 11/11/11
f 37/37/37 63/63/63 77/77/77
f 37/37/37 11/11/11 63/63/63
f 3/3/3 2/2/2 21/21/21
f 76/76/76 90/90/90 68/68/68
f 75/75/75 68/68/68 90/90/90
f 197/197/197 195/195/195 137/137/137
f 190/190/190 188/188/188 139/139/139
f 75/75/75 51/51/51 68/68/68
f 71/71/71 75/75/75 89/89/89
f 89/89/89 140/140/140 93/93/93
f 75/75/75 71/71/71 51/51/51
f 44/44/44 68/68/68 51/51/51
f 143/143/143 90/90/90 76/76/76
f 147/147/147 188/188/188 185/185/185
f 147/147/147 139/139/139 188/188/188
f 89/89/89 90/90/90 140/140/140
f 143/143/143 140/140/140 90/90/90
f 1155/1155/1155 147/147/147 185/185/185
f 144/144/144 195/195/195 190/190/190
f 144/144/144 137/137/137 195/195/195
f 136/136/136 143/143/143 76/76/76
f 139/139/139 144/144/144 190/190/190
f 161/161/161 111/111/111 163/163/163
f 78/78/78 142/142/142 65/65/65
f 111/111/111 132/132/132 163/163/163
f 160/160/160 109/109/109 161/161/161
f 120/120/120 65/65/65 142/142/142
f 32/32/32 100/100/100 40/40/40
f 137/137/137 118/118/118 197/197/197
f 100/100/100 207/207/207 103/103/103
f 118/118/118 202/202/202 197/197/197
f 120/120/120 132/132/132 60/60/60
f 75/75/75 90/90/90 89/89/89
f 93/93/93 148/148/148 1143/1143/1143
f 148/148/148 93/93/93 140/140/140
f 147/147/147 1155/1155/1155 1143/1143/1143
f 120/120/120 165/165/165 132/132/132
f 165/165/165 120/120/120 168/168/168
f 120/120/120 142/142/142 168/168/168
f 65/65/65 120/120/120 60/60/60
f 163/163/163 132/132/132 165/165/165
f 14/14/14 1/1/1 17/17/17
f 14/14/14 16/16/16 5/5/5
f 54/54/54 18/18/18 50/50/50
f 18/18/18 16/16/16 50/50/50
f 6/6/6 17/17/17 1/1/1
f 81/81/81 69/69/69 1138/1138/1138
f 73/73/73 61/61/61 57/57/57
f 85/85/85 1138/1138/1138 69/69/69
f 72/72/72 85/85/85 58/58/58
f 1/1/1 14/14/14 5/5/5
f 5/5/5 2/2/2 1/1/1
f 64/64/64 36/36/36 54/54/54
f 3/3/3 1/1/1 2/2/2
f 3/3/3 4/4/4 6/6/6
f 50/50/50 16/16/16 45/45/45
f 112/112/112 54/54/54 110/110/110
f 45/45/45 14/14/14 49/49/49
f 14/14/14 45/45/45 16/16/16
f 14/14/14 17/17/17 49/49/49
f 80/80/80 92/92/92 86/86/86
f 80/80/80 70/70/70 81/81/81
f 57/57/57 70/70/70 73/73/73
f 73/73/73 80/80/80 86/86/86
f 61/61/61 82/82/82 78/78/78
f 86/86/86 82/82/82 73/73/73
f 61/61/61 73/73/73 82/82/82
f 42/42/42 52/52/52 55/55/55
f 55/55/55 61/61/61 78/78/78
f 87/87/87 80/80/80 81/81/81
f 85/85/85 93/93/93 1143/1143/1143
f 59/59/59 51/51/51 71/71/71
f 61/61/61 52/52/52 57/57/57
f 85/85/85 69/69/69 58/58/58
f 1138/1138/1138 85/85/85 1143/1143/1143
f 61/61/61 55/55/55 52/52/52
f 80/80/80 73/73/73 70/70/70
f 93/93/93 85/85/85 89/89/89
f 85/85/85 72/72/72 89/89/89
f 366/366/366 356/356/356 344/344/344
f 271/271/271 258/258/258 262/262/262
f 248/248/248 253/253/253 262/262/262
f 248/248/248 258/258/258 229/229/229
f 262/262/262 258/258/258 248/248/248
f 271/271/271 252/252/252 244/244/244
f 245/245/245 253/253/253 248/248/248
f 262/262/262 278/278/278 271/271/271
f 248/248/248 241/241/241 245/245/245
f 244/244/244 258/258/258 271/271/271
f 258/258/258 244/244/244 229/229/229
f 272/272/272 261/261/261 247/247/247
f 183/183/183 219/219/219 184/184/184
f 261/261/261 250/250/250 236/236/236
f 247/247/247 254/254/254 272/272/272
f 217/217/217 1096/1096/1096 1052/1052/1052
f 1096/1096/1096 217/217/217 236/236/236
f 224/224/224 1096/1096/1096 236/236/236
f 219/219/219 217/217/217 184/184/184
f 1052/1052/1052 184/184/184 217/217/217
f 292/292/292 296/296/296 327/327/327
f 363/363/363 346/346/346 337/337/337
f 329/329/329 292/292/292 327/327/327
f 271/271/271 278/278/278 296/296/296
f 337/337/337 345/345/345 363/363/363
f 337/337/337 347/347/347 275/275/275
f 329/329/329 319/319/319 286/286/286
f 296/296/296 292/292/292 271/271/271
f 286/286/286 292/292/292 329/329/329
f 1099/1099/1099 1080/1080/1080 1111/1111/1111
f 262/262/262 261/261/261 278/278/278
f 250/250/250 261/261/261 253/253/253
f 224/224/224 236/236/236 250/250/250
f 250/250/250 240/240/240 224/224/224
f 261/261/261 272/272/272 278/278/278
f 1088/1088/1088 1080/1080/1080 1057/1057/1057
f 1057/1057/1057 1053/1053/1053 1088/1088/1088
f 240/240/240 250/250/250 253/253/253
f 245/245/245 240/240/240 253/253/253
f 239/239/239 228/228/228 277/277/277
f 285/285/285 277/277/277 1195/1195/1195
f 246/246/246 251/251/251 175/175/175
f 246/246/246 175/175/175 178/178/178
f 1195/1195/1195 295/295/295 285/285/285
f 178/178/178 181/181/181 228/228/228
f 251/251/251 171/171/171 175/175/175
f 228/228/228 239/239/239 178/178/178
f 285/285/285 239/239/239 277/277/277
f 178/178/178 239/239/239 246/246/246
f 279/279/279 276/276/276 215/215/215
f 273/273/273 206/206/206 208/208/208
f 273/273/273 256/256/256 206/206/206
f 274/274/274 276/276/276 334/334/334
f 276/276/276 208/208/208 215/215/215
f 239/239/239 285/285/285 290/290/290
f 246/246/246 239/239/239 290/290/290
f 279/279/279 348/348/348 342/342/342
f 342/342/342 276/276/276 279/279/279
f 183/183/183 182/182/182 221/221/221
f 219/219/219 221/221/221 254/254/254
f 251/251/251 294/294/294 297/297/297
f 247/247/247 219/219/219 254/254/254
f 247/247/247 236/236/236 217/217/217
f 247/247/247 261/261/261 236/236/236
f 261/261/261 262/262/262 253/253/253
f 217/217/217 219/219/219 247/247/247
f 221/221/221 219/219/219 183/183/183
f 171/171/171 251/251/251 232/232/232
f 266/266/266 264/264/264 326/326/326
f 161/161/161 264/264/264 266/266/266
f 264/264/264 243/243/243 315/315/315
f 322/322/322 264/264/264 315/315/315
f 264/264/264 322/322/322 326/326/326
f 294/294/294 251/251/251 246/246/246
f 232/232/232 251/251/251 297/297/297
f 232/232/232 169/169/169 171/171/171
f 246/246/246 290/290/290 294/294/294
f 292/292/292 286/286/286 252/252/252
f 218/218/218 194/194/194 201/201/201
f 216/216/216 229/229/229 244/244/244
f 216/216/216 218/218/218 201/201/201
f 220/220/220 192/192/192 194/194/194
f 244/244/244 218/218/218 216/216/216
f 339/339/339 328/328/328 293/293/293
f 268/268/268 225/225/225 282/282/282
f 301/301/301 282/282/282 293/293/293
f 293/293/293 328/328/328 301/301/301
f 220/220/220 218/218/218 252/252/252
f 249/249/249 173/173/173 167/167/167
f 1097/1097/1097 216/216/216 201/201/201
f 259/259/259 249/249/249 167/167/167
f 249/249/249 233/233/233 177/177/177
f 1055/1055/1055 1097/1097/1097 201/201/201
f 218/218/218 244/244/244 252/252/252
f 241/241/241 248/248/248 229/229/229
f 194/194/194 218/218/218 220/220/220
f 222/222/222 241/241/241 229/229/229
f 293/293/293 282/282/282 233/233/233
f 180/180/180 177/177/177 233/233/233
f 233/233/233 249/249/249 293/293/293
f 173/173/173 249/249/249 177/177/177
f 268/268/268 254/254/254 221/221/221
f 233/233/233 225/225/225 180/180/180
f 225/225/225 221/221/221 182/182/182
f 221/221/221 225/225/225 268/268/268
f 180/180/180 225/225/225 182/182/182
f 293/293/293 249/249/249 311/311/311
f 268/268/268 282/282/282 301/301/301
f 301/301/301 289/289/289 268/268/268
f 293/293/293 311/311/311 339/339/339
f 328/328/328 341/341/341 327/327/327
f 341/341/341 328/328/328 339/339/339
f 225/225/225 233/233/233 282/282/282
f 249/249/249 259/259/259 311/311/311
f 301/301/301 328/328/328 327/327/327
f 339/339/339 362/362/362 341/341/341
f 363/363/363 345/345/345 362/362/362
f 275/275/275 347/347/347 352/352/352
f 329/329/329 327/327/327 341/341/341
f 345/345/345 341/341/341 362/362/362
f 352/352/352 280/280/280 275/275/275
f 260/260/260 199/199/199 193/193/193
f 280/280/280 210/210/210 209/209/209
f 193/193/193 242/242/242 260/260/260
f 220/220/220 242/242/242 192/192/192
f 345/345/345 337/337/337 319/319/319
f 272/272/272 289/289/289 278/278/278
f 301/301/301 327/327/327 296/296/296
f 271/271/271 292/292/292 252/252/252
f 329/329/329 345/345/345 319/319/319
f 289/289/289 296/296/296 278/278/278
f 296/296/296 289/289/289 301/301/301
f 341/341/341 345/345/345 329/329/329
f 289/289/289 272/272/272 254/254/254
f 268/268/268 289/289/289 254/254/254
f 242/242/242 220/220/220 252/252/252
f 286/286/286 242/242/242 252/252/252
f 267/267/267 260/260/260 319/319/319
f 275/275/275 209/209/209 204/204/204
f 260/260/260 242/242/242 286/286/286
f 222/222/222 229/229/229 216/216/216
f 216/216/216 1097/1097/1097 222/222/222
f 204/204/204 267/267/267 275/275/275
f 286/286/286 319/319/319 260/260/260
f 275/275/275 267/267/267 337/337/337
f 210/210/210 280/280/280 283/283/283
f 275/275/275 280/280/280 209/209/209
f 280/280/280 352/352/352 354/354/354
f 283/283/283 280/280/280 354/354/354
f 283/283/283 213/213/213 210/210/210
f 260/260/260 267/267/267 199/199/199
f 337/337/337 267/267/267 319/319/319
f 242/242/242 193/193/193 192/192/192
f 267/267/267 204/204/204 199/199/199
f 265/265/265 263/263/263 159/159/159
f 259/259/259 263/263/263 311/311/311
f 269/269/269 330/330/330 325/325/325
f 265/265/265 269/269/269 325/325/325
f 265/265/265 325/325/325 321/321/321
f 162/162/162 263/263/263 259/259/259
f 158/158/158 269/269/269 265/265/265
f 263/263/263 321/321/321 311/311/311
f 259/259/259 167/167/167 162/162/162
f 266/266/266 326/326/326 330/330/330
f 336/336/336 310/310/310 297/297/297
f 320/320/320 336/336/336 297/297/297
f 365/365/365 366/366/366 360/360/360
f 336/336/336 340/340/340 360/360/360
f 340/340/340 336/336/336 320/320/320
f 330/330/330 269/269/269 266/266/266
f 263/263/263 162/162/162 159/159/159
f 344/344/344 336/336/336 360/360/360
f 320/320/320 331/331/331 340/340/340
f 367/367/367 357/357/357 359/359/359
f 339/339/339 357/357/357 362/362/362
f 279/279/279 281/281/281 348/348/348
f 359/359/359 370/370/370 367/367/367
f 321/321/321 357/357/357 339/339/339
f 372/372/372 350/350/350 355/355/355
f 373/373/373 372/372/372 355/355/355
f 357/357/357 367/367/367 362/362/362
f 372/372/372 374/374/374 369/369/369
f 281/281/281 351/351/351 348/348/348
f 281/281/281 212/212/212 213/213/213
f 283/283/283 354/354/354 351/351/351
f 283/283/283 281/281/281 213/213/213
f 279/279/279 215/215/215 212/212/212
f 351/351/351 281/281/281 283/283/283
f 265/265/265 159/159/159 158/158/158
f 269/269/269 158/158/158 160/160/160
f 212/212/212 281/281/281 279/279/279
f 266/266/266 269/269/269 160/160/160
f 363/363/363 362/362/362 367/367/367
f 368/368/368 367/367/367 370/370/370
f 322/322/322 356/356/356 358/358/358
f 373/373/373 368/368/368 370/370/370
f 371/371/371 349/349/349 350/350/350
f 353/353/353 368/368/368 373/373/373
f 358/358/358 326/326/326 322/322/322
f 350/350/350 372/372/372 371/371/371
f 367/367/367 368/368/368 363/363/363
f 366/366/366 365/365/365 371/371/371
f 356/356/356 366/366/366 369/369/369
f 358/358/358 356/356/356 369/369/369
f 356/356/356 322/322/322 315/315/315
f 344/344/344 360/360/360 366/366/366
f 344/344/344 356/356/356 315/315/315
f 365/365/365 343/343/343 349/349/349
f 371/371/371 369/369/369 366/366/366
f 371/371/371 365/365/365 349/349/349
f 364/364/364 335/335/335 343/343/343
f 307/307/307 338/338/338 340/340/340
f 257/257/257 312/312/312 298/298/298
f 312/312/312 257/257/257 274/274/274
f 237/237/237 257/257/257 298/298/298
f 364/364/364 360/360/360 340/340/340
f 364/364/364 365/365/365 360/360/360
f 343/343/343 365/365/365 364/364/364
f 344/344/344 315/315/315 310/310/310
f 310/310/310 336/336/336 344/344/344
f 274/274/274 334/334/334 312/312/312
f 363/363/363 368/368/368 346/346/346
f 338/338/338 308/308/308 299/299/299
f 373/373/373 355/355/355 353/353/353
f 368/368/368 353/353/353 346/346/346
f 313/313/313 338/338/338 299/299/299
f 313/313/313 335/335/335 364/364/364
f 340/340/340 332/332/332 307/307/307
f 364/364/364 338/338/338 313/313/313
f 340/340/340 338/338/338 364/364/364
f 374/374/374 372/372/372 373/373/373
f 309/309/309 300/300/300 287/287/287
f 323/323/323 300/300/300 309/309/309
f 189/189/189 191/191/191 234/234/234
f 287/287/287 298/298/298 309/309/309
f 303/303/303 300/300/300 323/323/323
f 235/235/235 288/288/288 284/284/284
f 284/284/284 226/226/226 235/235/235
f 309/309/309 333/333/333 323/323/323
f 300/300/300 303/303/303 288/288/288
f 196/196/196 198/198/198 238/238/238
f 234/234/234 227/227/227 189/189/189
f 227/227/227 223/223/223 186/186/186
f 235/235/235 230/230/230 287/287/287
f 189/189/189 227/227/227 186/186/186
f 230/230/230 237/237/237 298/298/298
f 238/238/238 231/231/231 196/196/196
f 287/287/287 230/230/230 298/298/298
f 231/231/231 234/234/234 191/191/191
f 196/196/196 231/231/231 191/191/191
f 232/232/232 297/297/297 310/310/310
f 310/310/310 255/255/255 232/232/232
f 266/266/266 160/160/160 161/161/161
f 264/264/264 161/161/161 164/164/164
f 208/208/208 276/276/276 273/273/273
f 256/256/256 238/238/238 198/198/198
f 256/256/256 203/203/203 206/206/206
f 203/203/203 256/256/256 198/198/198
f 276/276/276 342/342/342 334/334/334
f 243/243/243 264/264/264 164/164/164
f 226/226/226 284/284/284 270/270/270
f 166/166/166 255/255/255 243/243/243
f 223/223/223 227/227/227 270/270/270
f 287/287/287 300/300/300 288/288/288
f 255/255/255 310/310/310 315/315/315
f 232/232/232 255/255/255 169/169/169
f 243/243/243 255/255/255 315/315/315
f 243/243/243 164/164/164 166/166/166
f 255/255/255 166/166/166 169/169/169
f 359/359/359 361/361/361 370/370/370
f 358/358/358 369/369/369 374/374/374
f 359/359/359 357/357/357 325/325/325
f 374/374/374 361/361/361 358/358/358
f 1194/1194/1194 291/291/291 305/305/305
f 314/314/314 302/302/302 316/316/316
f 324/324/324 314/314/314 316/316/316
f 291/291/291 304/304/304 317/317/317
f 305/305/305 1196/1196/1196 1194/1194/1194
f 357/357/357 321/321/321 325/325/325
f 339/339/339 311/311/311 321/321/321
f 359/359/359 325/325/325 330/330/330
f 371/371/371 372/372/372 369/369/369
f 373/373/373 370/370/370 374/374/374
f 330/330/330 361/361/361 359/359/359
f 361/361/361 330/330/330 326/326/326
f 361/361/361 374/374/374 370/370/370
f 358/358/358 361/361/361 326/326/326
f 321/321/321 263/263/263 265/265/265
f 306/306/306 295/295/295 1196/1196/1196
f 294/294/294 314/314/314 297/297/297
f 295/295/295 302/302/302 290/290/290
f 285/285/285 295/295/295 290/290/290
f 324/324/324 331/331/331 320/320/320
f 302/302/302 314/314/314 294/294/294
f 287/287/287 288/288/288 235/235/235
f 314/314/314 320/320/320 297/297/297
f 294/294/294 290/290/290 302/302/302
f 306/306/306 316/316/316 302/302/302
f 323/323/323 318/318/318 303/303/303
f 291/291/291 1194/1194/1194 270/270/270
f 305/305/305 291/291/291 317/317/317
f 284/284/284 291/291/291 270/270/270
f 291/291/291 284/284/284 288/288/288
f 302/302/302 295/295/295 306/306/306
f 295/295/295 1195/1195/1195 1196/1196/1196
f 304/304/304 291/291/291 288/288/288
f 320/320/320 314/314/314 324/324/324
f 402/402/402 531/531/531 477/477/477
f 531/531/531 539/539/539 477/477/477
f 499/499/499 489/489/489 478/478/478
f 481/481/481 492/492/492 474/474/474
f 548/548/548 540/540/540 545/545/545
f 683/683/683 659/659/659 655/655/655
f 492/492/492 502/502/502 474/474/474
f 474/474/474 502/502/502 501/501/501
f 417/417/417 444/444/444 448/448/448
f 659/659/659 683/683/683 684/684/684
f 628/628/628 614/614/614 611/611/611
f 559/559/559 585/585/585 574/574/574
f 655/655/655 679/679/679 683/683/683
f 492/492/492 509/509/509 502/502/502
f 509/509/509 513/513/513 502/502/502
f 614/614/614 602/602/602 611/611/611
f 595/595/595 611/611/611 602/602/602
f 583/583/583 610/610/610 564/564/564
f 564/564/564 529/529/529 583/583/583
f 619/619/619 643/643/643 610/610/610
f 610/610/610 583/583/583 619/619/619
f 643/643/643 619/619/619 648/648/648
f 656/656/656 643/643/643 648/648/648
f 605/605/605 619/619/619 583/583/583
f 608/608/608 564/564/564 610/610/610
f 680/680/680 653/653/653 660/660/660
f 644/644/644 610/610/610 643/643/643
f 610/610/610 644/644/644 608/608/608
f 653/653/653 608/608/608 644/644/644
f 643/643/643 656/656/656 644/644/644
f 648/648/648 629/629/629 675/675/675
f 644/644/644 660/660/660 653/653/653
f 660/660/660 644/644/644 656/656/656
f 674/674/674 675/675/675 629/629/629
f 606/606/606 556/556/556 622/622/622
f 686/686/686 687/687/687 621/621/621
f 414/414/414 423/423/423 401/401/401
f 606/606/606 622/622/622 671/671/671
f 449/449/449 466/466/466 414/414/414
f 423/423/423 414/414/414 466/466/466
f 670/670/670 671/671/671 622/622/622
f 556/556/556 567/567/567 622/622/622
f 523/523/523 531/531/531 457/457/457
f 406/406/406 401/401/401 423/423/423
f 406/406/406 419/419/419 401/401/401
f 419/419/419 416/416/416 401/401/401
f 419/419/419 454/454/454 416/416/416
f 577/577/577 586/586/586 531/531/531
f 454/454/454 523/523/523 457/457/457
f 454/454/454 457/457/457 416/416/416
f 523/523/523 577/577/577 531/531/531
f 400/400/400 429/429/429 441/441/441
f 468/468/468 448/448/448 444/444/444
f 444/444/444 450/450/450 468/468/468
f 444/444/444 441/441/441 450/450/450
f 585/585/585 588/588/588 595/595/595
f 595/595/595 588/588/588 611/611/611
f 574/574/574 595/595/595 602/602/602
f 595/595/595 574/574/574 585/585/585
f 417/417/417 400/400/400 444/444/444
f 588/588/588 581/581/581 556/556/556
f 416/416/416 457/457/457 402/402/402
f 537/537/537 521/521/521 545/545/545
f 466/466/466 449/449/449 537/537/537
f 499/499/499 504/504/504 511/511/511
f 400/400/400 441/441/441 444/444/444
f 457/457/457 531/531/531 402/402/402
f 478/478/478 504/504/504 499/499/499
f 629/629/629 648/648/648 632/632/632
f 629/629/629 632/632/632 605/605/605
f 583/583/583 544/544/544 605/605/605
f 519/519/519 547/547/547 538/538/538
f 547/547/547 519/519/519 565/565/565
f 587/587/587 605/605/605 544/544/544
f 524/524/524 519/519/519 538/538/538
f 544/544/544 583/583/583 529/529/529
f 619/619/619 605/605/605 632/632/632
f 605/605/605 587/587/587 629/629/629
f 647/647/647 621/621/621 597/597/597
f 568/568/568 597/597/597 621/621/621
f 684/684/684 685/685/685 659/659/659
f 597/597/597 627/627/627 647/647/647
f 593/593/593 609/609/609 625/625/625
f 530/530/530 565/565/565 519/519/519
f 685/685/685 686/686/686 647/647/647
f 621/621/621 647/647/647 686/686/686
f 1028/1028/1028 551/551/551 1047/1047/1047
f 636/636/636 1047/1047/1047 551/551/551
f 649/649/649 636/636/636 584/584/584
f 636/636/636 551/551/551 584/584/584
f 591/591/591 650/650/650 584/584/584
f 636/636/636 649/649/649 696/696/696
f 697/697/697 696/696/696 649/649/649
f 636/636/636 696/696/696 1073/1073/1073
f 547/547/547 593/593/593 572/572/572
f 609/609/609 654/654/654 625/625/625
f 568/568/568 533/533/533 561/561/561
f 533/533/533 538/538/538 561/561/561
f 538/538/538 572/572/572 561/561/561
f 565/565/565 609/609/609 593/593/593
f 538/538/538 547/547/547 572/572/572
f 524/524/524 538/538/538 533/533/533
f 547/547/547 565/565/565 593/593/593
f 616/616/616 589/589/589 606/606/606
f 677/677/677 678/678/678 656/656/656
f 629/629/629 612/612/612 634/634/634
f 634/634/634 673/673/673 629/629/629
f 656/656/656 648/648/648 677/677/677
f 678/678/678 680/680/680 660/660/660
f 660/660/660 656/656/656 678/678/678
f 676/676/676 648/648/648 675/675/675
f 556/556/556 546/546/546 567/567/567
f 589/589/589 623/623/623 612/612/612
f 634/634/634 612/612/612 623/623/623
f 632/632/632 648/648/648 619/619/619
f 677/677/677 648/648/648 676/676/676
f 623/623/623 673/673/673 634/634/634
f 674/674/674 629/629/629 673/673/673
f 589/589/589 556/556/556 606/606/606
f 623/623/623 589/589/589 616/616/616
f 625/625/625 654/654/654 655/655/655
f 654/654/654 681/681/681 655/655/655
f 572/572/572 593/593/593 604/604/604
f 593/593/593 625/625/625 604/604/604
f 659/659/659 647/647/647 627/627/627
f 627/627/627 655/655/655 659/659/659
f 568/568/568 604/604/604 597/597/597
f 647/647/647 659/659/659 685/685/685
f 625/625/625 655/655/655 627/627/627
f 672/672/672 616/616/616 671/671/671
f 616/616/616 606/606/606 671/671/671
f 673/673/673 623/623/623 672/672/672
f 623/623/623 616/616/616 672/672/672
f 604/604/604 627/627/627 597/597/597
f 568/568/568 561/561/561 604/604/604
f 561/561/561 572/572/572 604/604/604
f 604/604/604 625/625/625 627/627/627
f 617/617/617 621/621/621 687/687/687
f 424/424/424 406/406/406 446/446/446
f 466/466/466 494/494/494 423/423/423
f 534/534/534 522/522/522 560/560/560
f 447/447/447 407/407/407 494/494/494
f 540/540/540 537/537/537 545/545/545
f 556/556/556 553/553/553 540/540/540
f 406/406/406 423/423/423 494/494/494
f 581/581/581 559/559/559 542/542/542
f 537/537/537 494/494/494 466/466/466
f 479/479/479 484/484/484 464/464/464
f 479/479/479 464/464/464 486/486/486
f 475/475/475 486/486/486 464/464/464
f 519/519/519 479/479/479 530/530/530
f 543/543/543 560/560/560 522/522/522
f 554/554/554 543/543/543 494/494/494
f 486/486/486 530/530/530 479/479/479
f 522/522/522 494/494/494 543/543/543
f 515/515/515 516/516/516 472/472/472
f 549/549/549 516/516/516 515/515/515
f 541/541/541 549/549/549 515/515/515
f 541/541/541 515/515/515 498/498/498
f 560/560/560 575/575/575 534/534/534
f 575/575/575 541/541/541 534/534/534
f 575/575/575 592/592/592 541/541/541
f 592/592/592 549/549/549 541/541/541
f 516/516/516 475/475/475 472/472/472
f 553/553/553 537/537/537 540/540/540
f 554/554/554 494/494/494 537/537/537
f 556/556/556 540/540/540 546/546/546
f 588/588/588 585/585/585 581/581/581
f 585/585/585 559/559/559 581/581/581
f 494/494/494 522/522/522 447/447/447
f 542/542/542 553/553/553 581/581/581
f 581/581/581 553/553/553 556/556/556
f 549/549/549 562/562/562 516/516/516
f 603/603/603 592/592/592 575/575/575
f 592/592/592 600/600/600 549/549/549
f 527/527/527 487/487/487 475/475/475
f 562/562/562 587/587/587 527/527/527
f 587/587/587 544/544/544 527/527/527
f 516/516/516 527/527/527 475/475/475
f 562/562/562 527/527/527 516/516/516
f 461/461/461 472/472/472 456/456/456
f 600/600/600 562/562/562 549/549/549
f 603/603/603 615/615/615 592/592/592
f 615/615/615 600/600/600 592/592/592
f 600/600/600 629/629/629 562/562/562
f 475/475/475 464/464/464 472/472/472
f 615/615/615 629/629/629 600/600/600
f 629/629/629 587/587/587 562/562/562
f 465/465/465 456/456/456 472/472/472
f 518/518/518 557/557/557 532/532/532
f 484/484/484 480/480/480 464/464/464
f 484/484/484 517/517/517 480/480/480
f 569/569/569 576/576/576 532/532/532
f 465/465/465 485/485/485 456/456/456
f 485/485/485 483/483/483 456/456/456
f 464/464/464 480/480/480 465/465/465
f 480/480/480 485/485/485 465/465/465
f 557/557/557 569/569/569 532/532/532
f 464/464/464 465/465/465 472/472/472
f 485/485/485 532/532/532 483/483/483
f 527/527/527 544/544/544 487/487/487
f 544/544/544 529/529/529 487/487/487
f 524/524/524 484/484/484 479/479/479
f 518/518/518 532/532/532 485/485/485
f 480/480/480 518/518/518 485/485/485
f 519/519/519 524/524/524 479/479/479
f 534/534/534 541/541/541 498/498/498
f 640/640/640 641/641/641 578/578/578
f 578/578/578 579/579/579 640/640/640
f 443/443/443 440/440/440 428/428/428
f 443/443/443 461/461/461 440/440/440
f 620/620/620 688/688/688 630/630/630
f 550/550/550 617/617/617 557/557/557
f 461/461/461 456/456/456 440/440/440
f 577/577/577 578/578/578 641/641/641
f 424/424/424 443/443/443 428/428/428
f 693/693/693 645/645/645 692/692/692
f 635/635/635 638/638/638 576/576/576
f 579/579/579 576/576/576 638/638/638
f 689/689/689 690/690/690 635/635/635
f 440/440/440 456/456/456 471/471/471
f 456/456/456 483/483/483 471/471/471
f 638/638/638 635/635/635 690/690/690
f 638/638/638 640/640/640 579/579/579
f 533/533/533 517/517/517 484/484/484
f 533/533/533 568/568/568 517/517/517
f 550/550/550 557/557/557 518/518/518
f 524/524/524 533/533/533 484/484/484
f 568/568/568 550/550/550 517/517/517
f 576/576/576 569/569/569 635/635/635
f 630/630/630 635/635/635 569/569/569
f 557/557/557 620/620/620 569/569/569
f 517/517/517 550/550/550 518/518/518
f 617/617/617 620/620/620 557/557/557
f 617/617/617 687/687/687 620/620/620
f 630/630/630 688/688/688 635/635/635
f 688/688/688 689/689/689 635/635/635
f 621/621/621 617/617/617 568/568/568
f 620/620/620 630/630/630 569/569/569
f 687/687/687 688/688/688 620/620/620
f 550/550/550 568/568/568 617/617/617
f 460/460/460 471/471/471 526/526/526
f 406/406/406 424/424/424 428/428/428
f 517/517/517 518/518/518 480/480/480
f 528/528/528 576/576/576 579/579/579
f 483/483/483 532/532/532 528/528/528
f 428/428/428 440/440/440 460/460/460
f 526/526/526 528/528/528 579/579/579
f 471/471/471 528/528/528 526/526/526
f 462/462/462 443/443/443 498/498/498
f 476/476/476 447/447/447 522/522/522
f 522/522/522 534/534/534 476/476/476
f 498/498/498 476/476/476 534/534/534
f 446/446/446 476/476/476 424/424/424
f 515/515/515 472/472/472 462/462/462
f 476/476/476 498/498/498 443/443/443
f 443/443/443 424/424/424 476/476/476
f 498/498/498 515/515/515 462/462/462
f 460/460/460 526/526/526 525/525/525
f 440/440/440 471/471/471 460/460/460
f 428/428/428 460/460/460 454/454/454
f 526/526/526 579/579/579 578/578/578
f 641/641/641 640/640/640 692/692/692
f 691/691/691 692/692/692 640/640/640
f 640/640/640 638/638/638 691/691/691
f 690/690/690 691/691/691 638/638/638
f 419/419/419 428/428/428 454/454/454
f 406/406/406 428/428/428 419/419/419
f 454/454/454 460/460/460 523/523/523
f 528/528/528 532/532/532 576/576/576
f 471/471/471 483/483/483 528/528/528
f 525/525/525 578/578/578 577/577/577
f 525/525/525 526/526/526 578/578/578
f 460/460/460 525/525/525 523/523/523
f 523/523/523 525/525/525 577/577/577
f 452/452/452 495/495/495 520/520/520
f 394/394/394 388/388/388 452/452/452
f 394/394/394 376/376/376 388/388/388
f 394/394/394 452/452/452 520/520/520
f 505/505/505 552/552/552 504/504/504
f 504/504/504 552/552/552 503/503/503
f 624/624/624 607/607/607 558/558/558
f 448/448/448 474/474/474 496/496/496
f 613/613/613 555/555/555 666/666/666
f 434/434/434 478/478/478 458/458/458
f 458/458/458 478/478/478 489/489/489
f 511/511/511 504/504/504 503/503/503
f 513/513/513 511/511/511 503/503/503
f 377/377/377 376/376/376 394/394/394
f 474/474/474 501/501/501 496/496/496
f 399/399/399 477/477/477 434/434/434
f 377/377/377 409/409/409 390/390/390
f 507/507/507 495/495/495 439/439/439
f 439/439/439 422/422/422 507/507/507
f 383/383/383 400/400/400 385/385/385
f 452/452/452 439/439/439 495/495/495
f 496/496/496 507/507/507 422/422/422
f 573/573/573 558/558/558 495/495/495
f 495/495/495 507/507/507 573/573/573
f 571/571/571 573/573/573 507/507/507
f 422/422/422 439/439/439 385/385/385
f 501/501/501 502/502/502 552/552/552
f 400/400/400 417/417/417 385/385/385
f 434/434/434 477/477/477 478/478/478
f 505/505/505 478/478/478 477/477/477
f 422/422/422 385/385/385 417/417/417
f 601/601/601 618/618/618 552/552/552
f 422/422/422 448/448/448 496/496/496
f 503/503/503 552/552/552 502/502/502
f 415/415/415 398/398/398 392/392/392
f 521/521/521 497/497/497 397/397/397
f 386/386/386 399/399/399 383/383/383
f 415/415/415 392/392/392 497/497/497
f 398/398/398 396/396/396 384/384/384
f 396/396/396 386/386/386 384/384/384
f 497/497/497 392/392/392 397/397/397
f 398/398/398 384/384/384 392/392/392
f 552/552/552 618/618/618 566/566/566
f 396/396/396 402/402/402 386/386/386
f 402/402/402 399/399/399 386/386/386
f 402/402/402 477/477/477 399/399/399
f 552/552/552 566/566/566 501/501/501
f 539/539/539 601/601/601 552/552/552
f 539/539/539 552/552/552 505/505/505
f 477/477/477 539/539/539 505/505/505
f 618/618/618 633/633/633 566/566/566
f 513/513/513 503/503/503 502/502/502
f 577/577/577 641/641/641 586/586/586
f 422/422/422 417/417/417 448/448/448
f 478/478/478 505/505/505 504/504/504
f 645/645/645 586/586/586 641/641/641
f 411/411/411 434/434/434 458/458/458
f 411/411/411 458/458/458 437/437/437
f 641/641/641 692/692/692 645/645/645
f 399/399/399 411/411/411 383/383/383
f 400/400/400 411/411/411 429/429/429
f 429/429/429 411/411/411 437/437/437
f 384/384/384 386/386/386 381/381/381
f 386/386/386 383/383/383 381/381/381
f 399/399/399 434/434/434 411/411/411
f 400/400/400 383/383/383 411/411/411
f 468/468/468 481/481/481 474/474/474
f 474/474/474 448/448/448 468/468/468
f 439/439/439 452/452/452 388/388/388
f 642/642/642 590/590/590 626/626/626
f 642/642/642 626/626/626 667/667/667
f 664/664/664 642/642/642 667/667/667
f 646/646/646 642/642/642 664/664/664
f 391/391/391 380/380/380 382/382/382
f 380/380/380 375/375/375 382/382/382
f 665/665/665 646/646/646 664/664/664
f 508/508/508 536/536/536 563/563/563
f 626/626/626 613/613/613 666/666/666
f 536/536/536 403/403/403 409/409/409
f 590/590/590 563/563/563 582/582/582
f 563/563/563 536/536/536 582/582/582
f 590/590/590 594/594/594 563/563/563
f 626/626/626 555/555/555 613/613/613
f 668/668/668 626/626/626 666/666/666
f 590/590/590 582/582/582 626/626/626
f 667/667/667 626/626/626 668/668/668
f 536/536/536 508/508/508 403/403/403
f 535/535/535 393/393/393 508/508/508
f 393/393/393 390/390/390 403/403/403
f 403/403/403 390/390/390 409/409/409
f 382/382/382 377/377/377 390/390/390
f 393/393/393 391/391/391 390/390/390
f 391/391/391 382/382/382 390/390/390
f 535/535/535 397/397/397 393/393/393
f 508/508/508 393/393/393 403/403/403
f 397/397/397 392/392/392 391/391/391
f 379/379/379 376/376/376 375/375/375
f 382/382/382 375/375/375 377/377/377
f 375/375/375 376/376/376 377/377/377
f 380/380/380 379/379/379 375/375/375
f 397/397/397 391/391/391 393/393/393
f 392/392/392 384/384/384 380/380/380
f 392/392/392 380/380/380 391/391/391
f 701/701/701 658/658/658 703/703/703
f 631/631/631 658/658/658 624/624/624
f 558/558/558 573/573/573 624/624/624
f 658/658/658 701/701/701 657/657/657
f 702/702/702 703/703/703 633/633/633
f 633/633/633 618/618/618 702/702/702
f 658/658/658 657/657/657 624/624/624
f 703/703/703 658/658/658 637/637/637
f 381/381/381 383/383/383 378/378/378
f 384/384/384 379/379/379 380/380/380
f 385/385/385 388/388/388 376/376/376
f 379/379/379 378/378/378 376/376/376
f 384/384/384 381/381/381 379/379/379
f 385/385/385 439/439/439 388/388/388
f 378/378/378 385/385/385 376/376/376
f 381/381/381 378/378/378 379/379/379
f 383/383/383 385/385/385 378/378/378
f 571/571/571 570/570/570 631/631/631
f 626/626/626 536/536/536 555/555/555
f 570/570/570 566/566/566 637/637/637
f 566/566/566 570/570/570 501/501/501
f 594/594/594 590/590/590 642/642/642
f 582/582/582 536/536/536 626/626/626
f 536/536/536 409/409/409 555/555/555
f 646/646/646 594/594/594 642/642/642
f 637/637/637 631/631/631 570/570/570
f 633/633/633 637/637/637 566/566/566
f 507/507/507 496/496/496 571/571/571
f 637/637/637 658/658/658 631/631/631
f 637/637/637 633/633/633 703/703/703
f 573/573/573 571/571/571 631/631/631
f 496/496/496 501/501/501 570/570/570
f 570/570/570 571/571/571 496/496/496
f 631/631/631 624/624/624 573/573/573
f 521/521/521 397/397/397 535/535/535
f 467/467/467 436/436/436 395/395/395
f 389/389/389 473/473/473 409/409/409
f 436/436/436 467/467/467 551/551/551
f 436/436/436 455/455/455 997/997/997
f 405/405/405 404/404/404 1013/1013/1013
f 491/491/491 408/408/408 488/488/488
f 405/405/405 488/488/488 408/408/408
f 405/405/405 408/408/408 395/395/395
f 584/584/584 551/551/551 467/467/467
f 488/488/488 405/405/405 1013/1013/1013
f 408/408/408 389/389/389 395/395/395
f 473/473/473 596/596/596 409/409/409
f 596/596/596 555/555/555 409/409/409
f 389/389/389 377/377/377 387/387/387
f 395/395/395 436/436/436 997/997/997
f 389/389/389 387/387/387 395/395/395
f 394/394/394 387/387/387 377/377/377
f 451/451/451 425/425/425 426/426/426
f 470/470/470 490/490/490 500/500/500
f 500/500/500 512/512/512 470/470/470
f 451/451/451 442/442/442 425/425/425
f 418/418/418 410/410/410 413/413/413
f 410/410/410 412/412/412 413/413/413
f 442/442/442 430/430/430 425/425/425
f 438/438/438 459/459/459 421/421/421
f 514/514/514 510/510/510 463/463/463
f 377/377/377 389/389/389 409/409/409
f 405/405/405 395/395/395 404/404/404
f 997/997/997 404/404/404 395/395/395
f 389/389/389 408/408/408 473/473/473
f 512/512/512 514/514/514 470/470/470
f 412/412/412 438/438/438 421/421/421
f 491/491/491 473/473/473 408/408/408
f 470/470/470 514/514/514 463/463/463
f 650/650/650 649/649/649 584/584/584
f 650/650/650 652/652/652 699/699/699
f 506/506/506 387/387/387 394/394/394
f 607/607/607 591/591/591 520/520/520
f 650/650/650 591/591/591 652/652/652
f 650/650/650 699/699/699 697/697/697
f 649/649/649 650/650/650 697/697/697
f 607/607/607 652/652/652 591/591/591
f 467/467/467 506/506/506 584/584/584
f 395/395/395 387/387/387 467/467/467
f 506/506/506 467/467/467 387/387/387
f 1047/1047/1047 636/636/636 1073/1073/1073
f 506/506/506 591/591/591 584/584/584
f 520/520/520 506/506/506 394/394/394
f 506/506/506 520/520/520 591/591/591
f 455/455/455 436/436/436 1028/1028/1028
f 436/436/436 551/551/551 1028/1028/1028
f 555/555/555 596/596/596 666/666/666
f 651/651/651 694/694/694 698/698/698
f 663/663/663 596/596/596 662/662/662
f 601/601/601 651/651/651 618/618/618
f 491/491/491 598/598/598 473/473/473
f 596/596/596 473/473/473 598/598/598
f 698/698/698 618/618/618 651/651/651
f 596/596/596 663/663/663 666/666/666
f 599/599/599 488/488/488 580/580/580
f 596/596/596 598/598/598 662/662/662
f 662/662/662 598/598/598 661/661/661
f 599/599/599 661/661/661 598/598/598
f 488/488/488 599/599/599 491/491/491
f 599/599/599 580/580/580 1069/1069/1069
f 1013/1013/1013 580/580/580 488/488/488
f 599/599/599 598/598/598 491/491/491
f 661/661/661 599/599/599 1069/1069/1069
f 427/427/427 420/420/420 413/413/413
f 426/426/426 410/410/410 418/418/418
f 435/435/435 418/418/418 445/445/445
f 420/420/420 445/445/445 418/418/418
f 432/432/432 426/426/426 418/418/418
f 622/622/622 567/567/567 639/639/639
f 567/567/567 563/563/563 594/594/594
f 435/435/435 432/432/432 418/418/418
f 618/618/618 698/698/698 702/702/702
f 510/510/510 453/453/453 463/463/463
f 470/470/470 433/433/433 490/490/490
f 470/470/470 463/463/463 433/433/433
f 463/463/463 427/427/427 433/433/433
f 463/463/463 453/453/453 427/427/427
f 445/445/445 420/420/420 453/453/453
f 482/482/482 435/435/435 493/493/493
f 425/425/425 410/410/410 426/426/426
f 427/427/427 453/453/453 420/420/420
f 520/520/520 558/558/558 607/607/607
f 701/701/701 699/699/699 652/652/652
f 607/607/607 624/624/624 657/657/657
f 558/558/558 520/520/520 495/495/495
f 652/652/652 657/657/657 701/701/701
f 665/665/665 669/669/669 646/646/646
f 639/639/639 646/646/646 669/669/669
f 669/669/669 670/670/670 639/639/639
f 657/657/657 652/652/652 607/607/607
f 548/548/548 563/563/563 567/567/567
f 535/535/535 508/508/508 563/563/563
f 646/646/646 639/639/639 594/594/594
f 567/567/567 594/594/594 639/639/639
f 545/545/545 535/535/535 563/563/563
f 622/622/622 639/639/639 670/670/670
f 545/545/545 521/521/521 535/535/535
f 548/548/548 545/545/545 563/563/563
f 531/531/531 586/586/586 539/539/539
f 695/695/695 601/601/601 645/645/645
f 398/398/398 414/414/414 396/396/396
f 401/401/401 396/396/396 414/414/414
f 645/645/645 693/693/693 695/695/695
f 414/414/414 398/398/398 449/449/449
f 586/586/586 645/645/645 601/601/601
f 586/586/586 601/601/601 539/539/539
f 416/416/416 402/402/402 396/396/396
f 433/433/433 427/427/427 413/413/413
f 431/431/431 421/421/421 459/459/459
f 420/420/420 418/418/418 413/413/413
f 412/412/412 421/421/421 413/413/413
f 432/432/432 451/451/451 426/426/426
f 401/401/401 416/416/416 396/396/396
f 421/421/421 431/431/431 413/413/413
f 431/431/431 433/433/433 413/413/413
f 445/445/445 493/493/493 435/435/435
f 430/430/430 438/438/438 412/412/412
f 453/453/453 510/510/510 445/445/445
f 493/493/493 445/445/445 510/510/510
f 430/430/430 412/412/412 425/425/425
f 490/490/490 433/433/433 431/431/431
f 459/459/459 490/490/490 431/431/431
f 410/410/410 425/425/425 412/412/412
f 537/537/537 415/415/415 497/497/497
f 469/469/469 451/451/451 432/432/432
f 435/435/435 469/469/469 432/432/432
f 482/482/482 469/469/469 435/435/435
f 546/546/546 548/548/548 567/567/567
f 415/415/415 449/449/449 398/398/398
f 521/521/521 537/537/537 497/497/497
f 546/546/546 540/540/540 548/548/548
f 449/449/449 415/415/415 537/537/537
f 832/832/832 960/960/960 886/886/886
f 824/824/824 832/832/832 886/886/886
f 873/873/873 863/863/863 885/885/885
f 870/870/870 881/881/881 889/889/889
f 823/823/823 815/815/815 818/818/818
f 705/705/705 683/683/683 709/709/709
f 861/861/861 870/870/870 889/889/889
f 861/861/861 889/889/889 862/862/862
f 918/918/918 945/945/945 914/914/914
f 683/683/683 705/705/705 684/684/684
f 749/749/749 735/735/735 752/752/752
f 779/779/779 803/803/803 788/788/788
f 679/679/679 709/709/709 683/683/683
f 853/853/853 870/870/870 861/861/861
f 849/849/849 853/853/853 861/861/861
f 761/761/761 749/749/749 752/752/752
f 752/752/752 769/769/769 761/761/761
f 754/754/754 781/781/781 798/798/798
f 833/833/833 798/798/798 781/781/781
f 721/721/721 745/745/745 754/754/754
f 781/781/781 754/754/754 745/745/745
f 745/745/745 721/721/721 716/716/716
f 721/721/721 708/708/708 716/716/716
f 745/745/745 759/759/759 781/781/781
f 798/798/798 755/755/755 754/754/754
f 710/710/710 680/680/680 704/704/704
f 754/754/754 720/720/720 721/721/721
f 720/720/720 754/754/754 755/755/755
f 755/755/755 710/710/710 720/720/720
f 708/708/708 721/721/721 720/720/720
f 736/736/736 716/716/716 675/675/675
f 704/704/704 720/720/720 710/710/710
f 720/720/720 704/704/704 708/708/708
f 675/675/675 674/674/674 736/736/736
f 807/807/807 758/758/758 742/742/742
f 687/687/687 686/686/686 743/743/743
f 939/939/939 948/948/948 962/962/962
f 742/742/742 758/758/758 671/671/671
f 897/897/897 911/911/911 948/948/948
f 948/948/948 939/939/939 897/897/897
f 671/671/671 670/670/670 742/742/742
f 796/796/796 807/807/807 742/742/742
f 832/832/832 840/840/840 906/906/906
f 962/962/962 955/955/955 939/939/939
f 943/943/943 955/955/955 962/962/962
f 946/946/946 943/943/943 962/962/962
f 908/908/908 943/943/943 946/946/946
f 778/778/778 786/786/786 832/832/832
f 840/840/840 908/908/908 906/906/906
f 906/906/906 908/908/908 946/946/946
f 786/786/786 840/840/840 832/832/832
f 932/932/932 963/963/963 920/920/920
f 914/914/914 894/894/894 918/918/918
f 912/912/912 918/918/918 894/894/894
f 920/920/920 918/918/918 912/912/912
f 775/775/775 779/779/779 769/769/769
f 775/775/775 769/769/769 752/752/752
f 769/769/769 788/788/788 761/761/761
f 788/788/788 769/769/769 779/779/779
f 963/963/963 945/945/945 918/918/918
f 783/783/783 775/775/775 807/807/807
f 906/906/906 946/946/946 960/960/960
f 841/841/841 826/826/826 818/818/818
f 911/911/911 897/897/897 826/826/826
f 859/859/859 863/863/863 851/851/851
f 920/920/920 963/963/963 918/918/918
f 832/832/832 906/906/906 960/960/960
f 859/859/859 885/885/885 863/863/863
f 716/716/716 736/736/736 732/732/732
f 732/732/732 736/736/736 759/759/759
f 819/819/819 781/781/781 759/759/759
f 816/816/816 844/844/844 825/825/825
f 844/844/844 816/816/816 799/799/799
f 759/759/759 777/777/777 819/819/819
f 844/844/844 838/838/838 825/825/825
f 781/781/781 819/819/819 833/833/833
f 759/759/759 745/745/745 732/732/732
f 777/777/777 759/759/759 736/736/736
f 743/743/743 717/717/717 767/767/767
f 767/767/767 795/795/795 743/743/743
f 685/685/685 684/684/684 705/705/705
f 737/737/737 767/767/767 717/717/717
f 756/756/756 771/771/771 739/739/739
f 799/799/799 834/834/834 844/844/844
f 686/686/686 685/685/685 717/717/717
f 717/717/717 743/743/743 686/686/686
f 812/812/812 1100/1100/1100 1079/1079/1079
f 1079/1079/1079 728/728/728 812/812/812
f 728/728/728 715/715/715 780/780/780
f 812/812/812 728/728/728 780/780/780
f 714/714/714 773/773/773 780/780/780
f 715/715/715 728/728/728 696/696/696
f 696/696/696 697/697/697 715/715/715
f 696/696/696 728/728/728 1074/1074/1074
f 771/771/771 816/816/816 791/791/791
f 711/711/711 756/756/756 739/739/739
f 830/830/830 795/795/795 802/802/802
f 825/825/825 830/830/830 802/802/802
f 791/791/791 825/825/825 802/802/802
f 756/756/756 799/799/799 771/771/771
f 816/816/816 825/825/825 791/791/791
f 825/825/825 838/838/838 830/830/830
f 799/799/799 816/816/816 771/771/771
f 776/776/776 748/748/748 758/758/758
f 678/678/678 677/677/677 708/708/708
f 753/753/753 736/736/736 730/730/730
f 673/673/673 730/730/730 736/736/736
f 716/716/716 708/708/708 677/677/677
f 680/680/680 678/678/678 704/704/704
f 708/708/708 704/704/704 678/678/678
f 716/716/716 676/676/676 675/675/675
f 817/817/817 807/807/807 796/796/796
f 741/741/741 776/776/776 753/753/753
f 753/753/753 730/730/730 741/741/741
f 716/716/716 732/732/732 745/745/745
f 716/716/716 677/677/677 676/676/676
f 673/673/673 741/741/741 730/730/730
f 736/736/736 674/674/674 673/673/673
f 807/807/807 776/776/776 758/758/758
f 776/776/776 741/741/741 748/748/748
f 711/711/711 739/739/739 709/709/709
f 682/682/682 711/711/711 709/709/709
f 771/771/771 791/791/791 760/760/760
f 739/739/739 771/771/771 760/760/760
f 717/717/717 705/705/705 737/737/737
f 709/709/709 737/737/737 705/705/705
f 760/760/760 795/795/795 767/767/767
f 705/705/705 717/717/717 685/685/685
f 709/709/709 739/739/739 737/737/737
f 748/748/748 672/672/672 671/671/671
f 758/758/758 748/748/748 671/671/671
f 741/741/741 673/673/673 672/672/672
f 748/748/748 741/741/741 672/672/672
f 737/737/737 760/760/760 767/767/767
f 802/802/802 795/795/795 760/760/760
f 791/791/791 802/802/802 760/760/760
f 739/739/739 760/760/760 737/737/737
f 743/743/743 747/747/747 687/687/687
f 955/955/955 938/938/938 915/915/915
f 869/869/869 897/897/897 939/939/939
f 842/842/842 829/829/829 804/804/804
f 956/956/956 916/916/916 869/869/869
f 826/826/826 823/823/823 818/818/818
f 809/809/809 807/807/807 823/823/823
f 939/939/939 955/955/955 869/869/869
f 803/803/803 783/783/783 820/820/820
f 869/869/869 826/826/826 897/897/897
f 879/879/879 884/884/884 899/899/899
f 899/899/899 884/884/884 876/876/876
f 876/876/876 888/888/888 899/899/899
f 884/884/884 844/844/844 834/834/834
f 804/804/804 821/821/821 842/842/842
f 821/821/821 810/810/810 869/869/869
f 834/834/834 876/876/876 884/884/884
f 869/869/869 842/842/842 821/821/821
f 847/847/847 848/848/848 891/891/891
f 847/847/847 814/814/814 848/848/848
f 814/814/814 822/822/822 848/848/848
f 848/848/848 822/822/822 865/865/865
f 789/789/789 804/804/804 829/829/829
f 822/822/822 789/789/789 829/829/829
f 772/772/772 789/789/789 822/822/822
f 814/814/814 772/772/772 822/822/822
f 888/888/888 847/847/847 891/891/891
f 826/826/826 809/809/809 823/823/823
f 869/869/869 810/810/810 826/826/826
f 823/823/823 807/807/807 817/817/817
f 779/779/779 775/775/775 783/783/783
f 803/803/803 779/779/779 783/783/783
f 842/842/842 869/869/869 916/916/916
f 809/809/809 820/820/820 783/783/783
f 809/809/809 783/783/783 807/807/807
f 801/801/801 814/814/814 847/847/847
f 772/772/772 762/762/762 789/789/789
f 764/764/764 772/772/772 814/814/814
f 877/877/877 836/836/836 888/888/888
f 777/777/777 801/801/801 836/836/836
f 819/819/819 777/777/777 836/836/836
f 836/836/836 847/847/847 888/888/888
f 836/836/836 801/801/801 847/847/847
f 891/891/891 901/901/901 907/907/907
f 801/801/801 764/764/764 814/814/814
f 750/750/750 762/762/762 772/772/772
f 764/764/764 750/750/750 772/772/772
f 736/736/736 764/764/764 801/801/801
f 899/899/899 888/888/888 891/891/891
f 736/736/736 750/750/750 764/764/764
f 777/777/777 736/736/736 801/801/801
f 907/907/907 898/898/898 891/891/891
f 806/806/806 845/845/845 831/831/831
f 883/883/883 879/879/879 899/899/899
f 846/846/846 879/879/879 883/883/883
f 787/787/787 794/794/794 831/831/831
f 878/878/878 898/898/898 907/907/907
f 880/880/880 878/878/878 907/907/907
f 883/883/883 899/899/899 898/898/898
f 878/878/878 883/883/883 898/898/898
f 794/794/794 806/806/806 831/831/831
f 898/898/898 899/899/899 891/891/891
f 831/831/831 878/878/878 880/880/880
f 819/819/819 836/836/836 877/877/877
f 833/833/833 819/819/819 877/877/877
f 879/879/879 838/838/838 884/884/884
f 831/831/831 845/845/845 878/878/878
f 845/845/845 883/883/883 878/878/878
f 838/838/838 844/844/844 884/884/884
f 822/822/822 829/829/829 865/865/865
f 723/723/723 724/724/724 785/785/785
f 784/784/784 785/785/785 724/724/724
f 922/922/922 919/919/919 934/934/934
f 901/901/901 919/919/919 922/922/922
f 688/688/688 744/744/744 734/734/734
f 747/747/747 813/813/813 806/806/806
f 907/907/907 901/901/901 922/922/922
f 785/785/785 786/786/786 723/723/723
f 919/919/919 938/938/938 934/934/934
f 719/719/719 693/693/693 692/692/692
f 726/726/726 729/729/729 787/787/787
f 787/787/787 784/784/784 726/726/726
f 690/690/690 689/689/689 729/729/729
f 907/907/907 922/922/922 892/892/892
f 880/880/880 907/907/907 892/892/892
f 729/729/729 726/726/726 690/690/690
f 724/724/724 726/726/726 784/784/784
f 846/846/846 830/830/830 879/879/879
f 795/795/795 830/830/830 846/846/846
f 806/806/806 813/813/813 845/845/845
f 830/830/830 838/838/838 879/879/879
f 813/813/813 795/795/795 846/846/846
f 794/794/794 787/787/787 729/729/729
f 729/729/729 734/734/734 794/794/794
f 744/744/744 806/806/806 794/794/794
f 813/813/813 846/846/846 845/845/845
f 744/744/744 747/747/747 806/806/806
f 687/687/687 747/747/747 744/744/744
f 688/688/688 734/734/734 729/729/729
f 689/689/689 688/688/688 729/729/729
f 747/747/747 743/743/743 795/795/795
f 734/734/734 744/744/744 794/794/794
f 688/688/688 687/687/687 744/744/744
f 795/795/795 813/813/813 747/747/747
f 892/892/892 903/903/903 837/837/837
f 938/938/938 955/955/955 934/934/934
f 845/845/845 846/846/846 883/883/883
f 787/787/787 835/835/835 784/784/784
f 831/831/831 880/880/880 835/835/835
f 922/922/922 934/934/934 903/903/903
f 835/835/835 837/837/837 784/784/784
f 835/835/835 892/892/892 837/837/837
f 919/919/919 902/902/902 865/865/865
f 916/916/916 887/887/887 842/842/842
f 829/829/829 842/842/842 887/887/887
f 887/887/887 865/865/865 829/829/829
f 887/887/887 915/915/915 938/938/938
f 891/891/891 848/848/848 902/902/902
f 865/865/865 887/887/887 919/919/919
f 938/938/938 919/919/919 887/887/887
f 848/848/848 865/865/865 902/902/902
f 837/837/837 903/903/903 839/839/839
f 892/892/892 922/922/922 903/903/903
f 903/903/903 934/934/934 908/908/908
f 784/784/784 837/837/837 785/785/785
f 724/724/724 723/723/723 692/692/692
f 692/692/692 691/691/691 724/724/724
f 726/726/726 724/724/724 691/691/691
f 691/691/691 690/690/690 726/726/726
f 934/934/934 943/943/943 908/908/908
f 934/934/934 955/955/955 943/943/943
f 903/903/903 908/908/908 840/840/840
f 831/831/831 835/835/835 787/787/787
f 880/880/880 892/892/892 835/835/835
f 785/785/785 839/839/839 786/786/786
f 837/837/837 839/839/839 785/785/785
f 839/839/839 903/903/903 840/840/840
f 839/839/839 840/840/840 786/786/786
f 868/868/868 910/910/910 843/843/843
f 975/975/975 969/969/969 910/910/910
f 987/987/987 969/969/969 975/975/975
f 910/910/910 969/969/969 843/843/843
f 811/811/811 858/858/858 859/859/859
f 811/811/811 859/859/859 860/860/860
f 757/757/757 740/740/740 805/805/805
f 889/889/889 914/914/914 867/867/867
f 808/808/808 751/751/751 666/666/666
f 885/885/885 928/928/928 904/904/904
f 885/885/885 904/904/904 873/873/873
f 859/859/859 851/851/851 860/860/860
f 851/851/851 849/849/849 860/860/860
f 987/987/987 986/986/986 969/969/969
f 862/862/862 889/889/889 867/867/867
f 886/886/886 964/964/964 928/928/928
f 953/953/953 986/986/986 973/973/973
f 868/868/868 856/856/856 923/923/923
f 940/940/940 923/923/923 856/856/856
f 963/963/963 980/980/980 978/978/978
f 923/923/923 910/910/910 868/868/868
f 856/856/856 867/867/867 940/940/940
f 805/805/805 790/790/790 868/868/868
f 856/856/856 868/868/868 790/790/790
f 790/790/790 792/792/792 856/856/856
f 923/923/923 940/940/940 978/978/978
f 861/861/861 862/862/862 811/811/811
f 945/945/945 963/963/963 978/978/978
f 886/886/886 928/928/928 885/885/885
f 885/885/885 858/858/858 886/886/886
f 978/978/978 940/940/940 945/945/945
f 746/746/746 763/763/763 811/811/811
f 914/914/914 940/940/940 867/867/867
f 811/811/811 860/860/860 861/861/861
f 965/965/965 947/947/947 971/971/971
f 866/866/866 841/841/841 966/966/966
f 964/964/964 977/977/977 980/980/980
f 971/971/971 947/947/947 866/866/866
f 967/967/967 965/965/965 979/979/979
f 977/977/977 967/967/967 979/979/979
f 971/971/971 866/866/866 966/966/966
f 979/979/979 965/965/965 971/971/971
f 746/746/746 811/811/811 797/797/797
f 960/960/960 967/967/967 977/977/977
f 964/964/964 960/960/960 977/977/977
f 886/886/886 960/960/960 964/964/964
f 797/797/797 811/811/811 862/862/862
f 763/763/763 824/824/824 811/811/811
f 811/811/811 824/824/824 858/858/858
f 824/824/824 886/886/886 858/858/858
f 731/731/731 746/746/746 797/797/797
f 860/860/860 849/849/849 861/861/861
f 723/723/723 786/786/786 778/778/778
f 945/945/945 940/940/940 914/914/914
f 858/858/858 885/885/885 859/859/859
f 778/778/778 719/719/719 723/723/723
f 928/928/928 951/951/951 904/904/904
f 904/904/904 951/951/951 924/924/924
f 692/692/692 723/723/723 719/719/719
f 951/951/951 964/964/964 980/980/980
f 951/951/951 963/963/963 932/932/932
f 951/951/951 932/932/932 924/924/924
f 977/977/977 979/979/979 982/982/982
f 980/980/980 977/977/977 982/982/982
f 928/928/928 964/964/964 951/951/951
f 980/980/980 963/963/963 951/951/951
f 881/881/881 894/894/894 889/889/889
f 914/914/914 889/889/889 894/894/894
f 910/910/910 923/923/923 975/975/975
f 774/774/774 722/722/722 738/738/738
f 738/738/738 722/722/722 667/667/667
f 722/722/722 664/664/664 667/667/667
f 722/722/722 718/718/718 664/664/664
f 983/983/983 972/972/972 981/981/981
f 988/988/988 983/983/983 981/981/981
f 718/718/718 665/665/665 664/664/664
f 827/827/827 855/855/855 800/800/800
f 751/751/751 738/738/738 666/666/666
f 959/959/959 827/827/827 953/953/953
f 800/800/800 774/774/774 782/782/782
f 827/827/827 800/800/800 782/782/782
f 770/770/770 774/774/774 800/800/800
f 808/808/808 738/738/738 751/751/751
f 738/738/738 668/668/668 666/666/666
f 782/782/782 774/774/774 738/738/738
f 738/738/738 667/667/667 668/668/668
f 855/855/855 827/827/827 959/959/959
f 970/970/970 828/828/828 855/855/855
f 973/973/973 970/970/970 959/959/959
f 973/973/973 959/959/959 953/953/953
f 986/986/986 981/981/981 973/973/973
f 972/972/972 970/970/970 973/973/973
f 981/981/981 972/972/972 973/973/973
f 966/966/966 828/828/828 970/970/970
f 970/970/970 855/855/855 959/959/959
f 971/971/971 966/966/966 972/972/972
f 987/987/987 984/984/984 988/988/988
f 988/988/988 981/981/981 986/986/986
f 987/987/987 988/988/988 986/986/986
f 984/984/984 983/983/983 988/988/988
f 972/972/972 966/966/966 970/970/970
f 979/979/979 971/971/971 983/983/983
f 983/983/983 971/971/971 972/972/972
f 706/706/706 701/701/701 703/703/703
f 706/706/706 733/733/733 740/740/740
f 790/790/790 805/805/805 740/740/740
f 701/701/701 706/706/706 707/707/707
f 703/703/703 702/702/702 731/731/731
f 746/746/746 731/731/731 702/702/702
f 707/707/707 706/706/706 740/740/740
f 706/706/706 703/703/703 727/727/727
f 980/980/980 982/982/982 985/985/985
f 984/984/984 979/979/979 983/983/983
f 975/975/975 978/978/978 987/987/987
f 985/985/985 984/984/984 987/987/987
f 982/982/982 979/979/979 984/984/984
f 923/923/923 978/978/978 975/975/975
f 978/978/978 985/985/985 987/987/987
f 985/985/985 982/982/982 984/984/984
f 978/978/978 980/980/980 985/985/985
f 793/793/793 792/792/792 733/733/733
f 827/827/827 738/738/738 808/808/808
f 797/797/797 793/793/793 727/727/727
f 793/793/793 797/797/797 862/862/862
f 774/774/774 770/770/770 722/722/722
f 827/827/827 782/782/782 738/738/738
f 953/953/953 827/827/827 808/808/808
f 770/770/770 718/718/718 722/722/722
f 733/733/733 727/727/727 793/793/793
f 727/727/727 731/731/731 797/797/797
f 867/867/867 856/856/856 792/792/792
f 706/706/706 727/727/727 733/733/733
f 731/731/731 727/727/727 703/703/703
f 792/792/792 790/790/790 733/733/733
f 862/862/862 867/867/867 793/793/793
f 792/792/792 793/793/793 867/867/867
f 740/740/740 733/733/733 790/790/790
f 966/966/966 841/841/841 828/828/828
f 926/926/926 896/896/896 968/968/968
f 890/890/890 974/974/974 953/953/953
f 896/896/896 926/926/926 812/812/812
f 1117/1117/1117 926/926/926 961/961/961
f 958/958/958 957/957/957 1115/1115/1115
f 954/954/954 872/872/872 875/875/875
f 875/875/875 957/957/957 954/954/954
f 954/954/954 957/957/957 968/968/968
f 812/812/812 780/780/780 896/896/896
f 957/957/957 875/875/875 1115/1115/1115
f 974/974/974 954/954/954 968/968/968
f 768/768/768 890/890/890 953/953/953
f 808/808/808 768/768/768 953/953/953
f 986/986/986 974/974/974 976/976/976
f 926/926/926 968/968/968 961/961/961
f 976/976/976 974/974/974 968/968/968
f 976/976/976 969/969/969 986/986/986
f 937/937/937 913/913/913 936/936/936
f 874/874/874 893/893/893 864/864/864
f 852/852/852 864/864/864 893/893/893
f 921/921/921 913/913/913 937/937/937
f 952/952/952 944/944/944 949/949/949
f 950/950/950 952/952/952 949/949/949
f 933/933/933 921/921/921 937/937/937
f 905/905/905 925/925/925 941/941/941
f 854/854/854 850/850/850 900/900/900
f 974/974/974 986/986/986 953/953/953
f 968/968/968 957/957/957 958/958/958
f 958/958/958 961/961/961 968/968/968
f 954/954/954 974/974/974 890/890/890
f 850/850/850 852/852/852 893/893/893
f 925/925/925 950/950/950 941/941/941
f 890/890/890 872/872/872 954/954/954
f 850/850/850 893/893/893 900/900/900
f 715/715/715 714/714/714 780/780/780
f 712/712/712 714/714/714 700/700/700
f 976/976/976 857/857/857 969/969/969
f 773/773/773 757/757/757 843/843/843
f 773/773/773 714/714/714 712/712/712
f 700/700/700 714/714/714 697/697/697
f 714/714/714 715/715/715 697/697/697
f 712/712/712 757/757/757 773/773/773
f 857/857/857 896/896/896 780/780/780
f 976/976/976 968/968/968 896/896/896
f 896/896/896 857/857/857 976/976/976
f 728/728/728 1079/1079/1079 1074/1074/1074
f 773/773/773 857/857/857 780/780/780
f 857/857/857 843/843/843 969/969/969
f 843/843/843 857/857/857 773/773/773
f 926/926/926 1117/1117/1117 1100/1100/1100
f 812/812/812 926/926/926 1100/1100/1100
f 768/768/768 808/808/808 666/666/666
f 694/694/694 713/713/713 698/698/698
f 768/768/768 663/663/663 662/662/662
f 713/713/713 763/763/763 746/746/746
f 766/766/766 872/872/872 890/890/890
f 890/890/890 768/768/768 766/766/766
f 746/746/746 698/698/698 713/713/713
f 663/663/663 768/768/768 666/666/666
f 875/875/875 765/765/765 1093/1093/1093
f 766/766/766 768/768/768 662/662/662
f 766/766/766 662/662/662 661/661/661
f 661/661/661 765/765/765 766/766/766
f 765/765/765 875/875/875 872/872/872
f 1093/1093/1093 765/765/765 1069/1069/1069
f 1093/1093/1093 1115/1115/1115 875/875/875
f 766/766/766 765/765/765 872/872/872
f 765/765/765 661/661/661 1069/1069/1069
f 942/942/942 935/935/935 949/949/949
f 952/952/952 936/936/936 944/944/944
f 944/944/944 927/927/927 917/917/917
f 917/917/917 942/942/942 944/944/944
f 936/936/936 930/930/930 944/944/944
f 796/796/796 742/742/742 725/725/725
f 800/800/800 796/796/796 770/770/770
f 930/930/930 927/927/927 944/944/944
f 698/698/698 746/746/746 702/702/702
f 909/909/909 854/854/854 900/900/900
f 929/929/929 893/893/893 874/874/874
f 900/900/900 893/893/893 929/929/929
f 935/935/935 900/900/900 929/929/929
f 909/909/909 900/900/900 935/935/935
f 942/942/942 917/917/917 909/909/909
f 927/927/927 882/882/882 871/871/871
f 952/952/952 937/937/937 936/936/936
f 909/909/909 935/935/935 942/942/942
f 805/805/805 843/843/843 757/757/757
f 700/700/700 701/701/701 712/712/712
f 740/740/740 757/757/757 707/707/707
f 843/843/843 805/805/805 868/868/868
f 707/707/707 712/712/712 701/701/701
f 669/669/669 665/665/665 718/718/718
f 718/718/718 725/725/725 669/669/669
f 670/670/670 669/669/669 725/725/725
f 712/712/712 707/707/707 757/757/757
f 800/800/800 815/815/815 796/796/796
f 855/855/855 828/828/828 800/800/800
f 725/725/725 718/718/718 770/770/770
f 770/770/770 796/796/796 725/725/725
f 828/828/828 818/818/818 800/800/800
f 725/725/725 742/742/742 670/670/670
f 841/841/841 818/818/818 828/828/828
f 818/818/818 815/815/815 800/800/800
f 778/778/778 832/832/832 824/824/824
f 763/763/763 695/695/695 719/719/719
f 948/948/948 965/965/965 967/967/967
f 967/967/967 962/962/962 948/948/948
f 693/693/693 719/719/719 695/695/695
f 965/965/965 948/948/948 911/911/911
f 719/719/719 778/778/778 763/763/763
f 763/763/763 778/778/778 824/824/824
f 960/960/960 946/946/946 967/967/967
f 935/935/935 929/929/929 949/949/949
f 941/941/941 931/931/931 905/905/905
f 944/944/944 942/942/942 949/949/949
f 941/941/941 950/950/950 949/949/949
f 913/913/913 930/930/930 936/936/936
f 946/946/946 962/962/962 967/967/967
f 931/931/931 941/941/941 949/949/949
f 929/929/929 931/931/931 949/949/949
f 871/871/871 917/917/917 927/927/927
f 925/925/925 933/933/933 950/950/950
f 854/854/854 909/909/909 917/917/917
f 917/917/917 871/871/871 854/854/854
f 950/950/950 933/933/933 937/937/937
f 929/929/929 874/874/874 931/931/931
f 874/874/874 905/905/905 931/931/931
f 937/937/937 952/952/952 950/950/950
f 947/947/947 826/826/826 866/866/866
f 913/913/913 895/895/895 930/930/930
f 895/895/895 927/927/927 930/930/930
f 895/895/895 882/882/882 927/927/927
f 815/815/815 817/817/817 796/796/796
f 911/911/911 947/947/947 965/965/965
f 826/826/826 841/841/841 866/866/866
f 823/823/823 817/817/817 815/815/815
f 947/947/947 911/911/911 826/826/826
f 1124/1124/1124 1129/1129/1129 1133/1133/1133
f 1129/1129/1129 1117/1117/1117 961/961/961
f 1133/1133/1133 1129/1129/1129 961/961/961
f 1105/1105/1105 1100/1100/1100 1117/1117/1117
f 1105/1105/1105 1129/1129/1129 1101/1101/1101
f 1133/1133/1133 1130/1130/1130 1124/1124/1124
f 1117/1117/1117 1129/1129/1129 1105/1105/1105
f 1129/1129/1129 1124/1124/1124 1101/1101/1101
f 1083/1083/1083 1081/1081/1081 1102/1102/1102
f 1068/1068/1068 1083/1083/1083 1069/1069/1069
f 1084/1084/1084 1082/1082/1082 1070/1070/1070
f 1093/1093/1093 1083/1083/1083 1103/1103/1103
f 1083/1083/1083 1093/1093/1093 1069/1069/1069
f 1084/1084/1084 1079/1079/1079 1100/1100/1100
f 1105/1105/1105 1084/1084/1084 1100/1100/1100
f 1071/1071/1071 1074/1074/1074 1079/1079/1079
f 1079/1079/1079 1084/1084/1084 1071/1071/1071
f 1121/1121/1121 1127/1127/1127 1103/1103/1103
f 1024/1024/1024 1020/1020/1020 1010/1010/1010
f 1011/1011/1011 1010/1010/1010 1020/1020/1020
f 1040/1040/1040 1039/1039/1039 1024/1024/1024
f 1039/1039/1039 1020/1020/1020 1024/1024/1024
f 1033/1033/1033 1035/1035/1035 1049/1049/1049
f 1039/1039/1039 1040/1040/1040 1062/1062/1062
f 1064/1064/1064 1062/1062/1062 1040/1040/1040
f 1051/1051/1051 1061/1061/1061 1063/1063/1063
f 1051/1051/1051 1049/1049/1049 1035/1035/1035
f 1103/1103/1103 1102/1102/1102 1121/1121/1121
f 1103/1103/1103 1127/1127/1127 1115/1115/1115
f 1127/1127/1127 958/958/958 1115/1115/1115
f 1103/1103/1103 1083/1083/1083 1102/1102/1102
f 1133/1133/1133 961/961/961 958/958/958
f 958/958/958 1127/1127/1127 1133/1133/1133
f 1127/1127/1127 1121/1121/1121 1130/1130/1130
f 1133/1133/1133 1127/1127/1127 1130/1130/1130
f 1106/1106/1106 1110/1110/1110 1094/1094/1094
f 1124/1124/1124 1123/1123/1123 1107/1107/1107
f 1113/1113/1113 1121/1121/1121 1102/1102/1102
f 1107/1107/1107 1123/1123/1123 1104/1104/1104
f 1118/1118/1118 1119/1119/1119 1122/1122/1122
f 1116/1116/1116 1118/1118/1118 1122/1122/1122
f 1123/1123/1123 1119/1119/1119 1104/1104/1104
f 1091/1091/1091 1106/1106/1106 1094/1094/1094
f 1066/1066/1066 1085/1085/1085 1064/1064/1064
f 1066/1066/1066 1070/1070/1070 1082/1082/1082
f 1085/1085/1085 1082/1082/1082 1101/1101/1101
f 1065/1065/1065 1063/1063/1063 1077/1077/1077
f 1107/1107/1107 1085/1085/1085 1101/1101/1101
f 1086/1086/1086 1085/1085/1085 1107/1107/1107
f 1085/1085/1085 1086/1086/1086 1064/1064/1064
f 1082/1082/1082 1085/1085/1085 1066/1066/1066
f 1107/1107/1107 1104/1104/1104 1086/1086/1086
f 1116/1116/1116 1122/1122/1122 1110/1110/1110
f 1082/1082/1082 1084/1084/1084 1105/1105/1105
f 1068/1068/1068 1067/1067/1067 1081/1081/1081
f 1126/1126/1126 1122/1122/1122 1119/1119/1119
f 1119/1119/1119 1123/1123/1123 1126/1126/1126
f 1081/1081/1081 1083/1083/1083 1068/1068/1068
f 1103/1103/1103 1115/1115/1115 1093/1093/1093
f 1071/1071/1071 1084/1084/1084 1070/1070/1070
f 1105/1105/1105 1101/1101/1101 1082/1082/1082
f 1126/1126/1126 1123/1123/1123 1130/1130/1130
f 1121/1121/1121 1113/1113/1113 1126/1126/1126
f 1113/1113/1113 1110/1110/1110 1122/1122/1122
f 1110/1110/1110 1106/1106/1106 1116/1116/1116
f 1107/1107/1107 1101/1101/1101 1124/1124/1124
f 1126/1126/1126 1113/1113/1113 1122/1122/1122
f 1123/1123/1123 1124/1124/1124 1130/1130/1130
f 1098/1098/1098 1113/1113/1113 1102/1102/1102
f 1126/1126/1126 1130/1130/1130 1121/1121/1121
f 1049/1049/1049 1051/1051/1051 1063/1063/1063
f 1043/1043/1043 1068/1068/1068 1069/1069/1069
f 1044/1044/1044 1042/1042/1042 1070/1070/1070
f 1043/1043/1043 580/580/580 1025/1025/1025
f 580/580/580 1043/1043/1043 1069/1069/1069
f 1047/1047/1047 1042/1042/1042 1028/1028/1028
f 1042/1042/1042 1023/1023/1023 1028/1028/1028
f 1073/1073/1073 1072/1072/1072 1047/1047/1047
f 1042/1042/1042 1047/1047/1047 1072/1072/1072
f 1013/1013/1013 1025/1025/1025 580/580/580
f 1006/1006/1006 1010/1010/1010 1003/1003/1003
f 1042/1042/1042 1044/1044/1044 1023/1023/1023
f 1006/1006/1006 1003/1003/1003 999/999/999
f 1007/1007/1007 1003/1003/1003 1010/1010/1010
f 1027/1027/1027 1023/1023/1023 1044/1044/1044
f 1043/1043/1043 1045/1045/1045 1068/1068/1068
f 1067/1067/1067 1068/1068/1068 1045/1045/1045
f 1042/1042/1042 1072/1072/1072 1070/1070/1070
f 1045/1045/1045 1043/1043/1043 1026/1026/1026
f 1026/1026/1026 1025/1025/1025 1008/1008/1008
f 1002/1002/1002 1025/1025/1025 1013/1013/1013
f 404/404/404 1002/1002/1002 1013/1013/1013
f 1043/1043/1043 1025/1025/1025 1026/1026/1026
f 997/997/997 995/995/995 404/404/404
f 1002/1002/1002 404/404/404 995/995/995
f 1008/1008/1008 1002/1002/1002 999/999/999
f 1002/1002/1002 995/995/995 999/999/999
f 1002/1002/1002 1008/1008/1008 1025/1025/1025
f 1000/1000/1000 1005/1005/1005 995/995/995
f 455/455/455 1000/1000/1000 997/997/997
f 1000/1000/1000 995/995/995 997/997/997
f 1028/1028/1028 1023/1023/1023 455/455/455
f 1000/1000/1000 1023/1023/1023 1027/1027/1027
f 999/999/999 995/995/995 1005/1005/1005
f 1000/1000/1000 455/455/455 1023/1023/1023
f 1005/1005/1005 1000/1000/1000 1027/1027/1027
f 1070/1070/1070 1066/1066/1066 1044/1044/1044
f 1044/1044/1044 1041/1041/1041 1027/1027/1027
f 1063/1063/1063 1065/1065/1065 1049/1049/1049
f 1041/1041/1041 1021/1021/1021 1027/1027/1027
f 1041/1041/1041 1040/1040/1040 1021/1021/1021
f 1040/1040/1040 1041/1041/1041 1064/1064/1064
f 1041/1041/1041 1044/1044/1044 1066/1066/1066
f 1024/1024/1024 1021/1021/1021 1040/1040/1040
f 1048/1048/1048 1030/1030/1030 1033/1033/1033
f 1048/1048/1048 1049/1049/1049 1065/1065/1065
f 1045/1045/1045 1048/1048/1048 1067/1067/1067
f 1048/1048/1048 1065/1065/1065 1067/1067/1067
f 1026/1026/1026 1030/1030/1030 1045/1045/1045
f 1015/1015/1015 1018/1018/1018 1030/1030/1030
f 1049/1049/1049 1048/1048/1048 1033/1033/1033
f 1048/1048/1048 1045/1045/1045 1030/1030/1030
f 1033/1033/1033 1030/1030/1030 1018/1018/1018
f 1041/1041/1041 1066/1066/1066 1064/1064/1064
f 1015/1015/1015 1008/1008/1008 1003/1003/1003
f 1018/1018/1018 1015/1015/1015 1007/1007/1007
f 1022/1022/1022 1018/1018/1018 1012/1012/1012
f 1027/1027/1027 1021/1021/1021 1005/1005/1005
f 1015/1015/1015 1003/1003/1003 1007/1007/1007
f 1005/1005/1005 1006/1006/1006 999/999/999
f 1015/1015/1015 1030/1030/1030 1026/1026/1026
f 999/999/999 1003/1003/1003 1008/1008/1008
f 1007/1007/1007 1012/1012/1012 1018/1018/1018
f 1018/1018/1018 1022/1022/1022 1033/1033/1033
f 1006/1006/1006 1005/1005/1005 1021/1021/1021
f 1008/1008/1008 1015/1015/1015 1026/1026/1026
f 1006/1006/1006 1021/1021/1021 1024/1024/1024
f 1010/1010/1010 1011/1011/1011 1007/1007/1007
f 1011/1011/1011 1012/1012/1012 1007/1007/1007
f 1010/1010/1010 1006/1006/1006 1024/1024/1024
f 1022/1022/1022 1035/1035/1035 1033/1033/1033
f 1098/1098/1098 1078/1078/1078 1094/1094/1094
f 1099/1099/1099 1111/1111/1111 1135/1135/1135
f 1132/1132/1132 1128/1128/1128 1125/1125/1125
f 1134/1134/1134 1120/1120/1120 1137/1137/1137
f 1120/1120/1120 1135/1135/1135 1137/1137/1137
f 224/224/224 240/240/240 1111/1111/1111
f 1135/1135/1135 240/240/240 245/245/245
f 1135/1135/1135 1120/1120/1120 1099/1099/1099
f 245/245/245 1137/1137/1137 1135/1135/1135
f 1134/1134/1134 1132/1132/1132 1125/1125/1125
f 1109/1109/1109 1120/1120/1120 1134/1134/1134
f 1128/1128/1128 1132/1132/1132 1114/1114/1114
f 1118/1118/1118 1128/1128/1128 1112/1112/1112
f 1109/1109/1109 1106/1106/1106 1091/1091/1091
f 1134/1134/1134 1137/1137/1137 1136/1136/1136
f 1114/1114/1114 1132/1132/1132 1131/1131/1131
f 1114/1114/1114 1112/1112/1112 1128/1128/1128
f 1132/1132/1132 1136/1136/1136 1131/1131/1131
f 240/240/240 1135/1135/1135 1111/1111/1111
f 1032/1032/1032 157/157/157 998/998/998
f 1056/1056/1056 1054/1054/1054 1032/1032/1032
f 998/998/998 150/150/150 991/991/991
f 157/157/157 1032/1032/1032 1054/1054/1054
f 1036/1036/1036 1037/1037/1037 1058/1058/1058
f 1036/1036/1036 1058/1058/1058 1056/1056/1056
f 157/157/157 150/150/150 998/998/998
f 1032/1032/1032 1036/1036/1036 1056/1056/1056
f 134/134/134 991/991/991 150/150/150
f 1088/1088/1088 1096/1096/1096 224/224/224
f 1091/1091/1091 1075/1075/1075 1092/1092/1092
f 245/245/245 241/241/241 1137/1137/1137
f 241/241/241 1136/1136/1136 1137/1137/1137
f 224/224/224 1111/1111/1111 1088/1088/1088
f 1052/1052/1052 1096/1096/1096 1053/1053/1053
f 1075/1075/1075 1076/1076/1076 1092/1092/1092
f 1096/1096/1096 1088/1088/1088 1053/1053/1053
f 1058/1058/1058 1060/1060/1060 1089/1089/1089
f 1114/1114/1114 1131/1131/1131 1095/1095/1095
f 1089/1089/1089 1087/1087/1087 1108/1108/1108
f 1108/1108/1108 1112/1112/1112 1089/1089/1089
f 1114/1114/1114 1090/1090/1090 1112/1112/1112
f 1090/1090/1090 1089/1089/1089 1112/1112/1112
f 1136/1136/1136 1132/1132/1132 1134/1134/1134
f 1095/1095/1095 1090/1090/1090 1114/1114/1114
f 1058/1058/1058 1090/1090/1090 1056/1056/1056
f 1095/1095/1095 1097/1097/1097 1055/1055/1055
f 1097/1097/1097 1095/1095/1095 1131/1131/1131
f 1136/1136/1136 241/241/241 222/222/222
f 222/222/222 1131/1131/1131 1136/1136/1136
f 1090/1090/1090 1095/1095/1095 1056/1056/1056
f 1089/1089/1089 1090/1090/1090 1058/1058/1058
f 1055/1055/1055 1056/1056/1056 1095/1095/1095
f 222/222/222 1097/1097/1097 1131/1131/1131
f 1087/1087/1087 1089/1089/1089 1060/1060/1060
f 1134/1134/1134 1125/1125/1125 1109/1109/1109
f 1099/1099/1099 1120/1120/1120 1092/1092/1092
f 1116/1116/1116 1125/1125/1125 1128/1128/1128
f 1120/1120/1120 1109/1109/1109 1092/1092/1092
f 1106/1106/1106 1109/1109/1109 1125/1125/1125
f 1091/1091/1091 1092/1092/1092 1109/1109/1109
f 1108/1108/1108 1118/1118/1118 1112/1112/1112
f 1116/1116/1116 1106/1106/1106 1125/1125/1125
f 1128/1128/1128 1118/1118/1118 1116/1116/1116
f 1076/1076/1076 1075/1075/1075 1061/1061/1061
f 1061/1061/1061 1059/1059/1059 1076/1076/1076
f 1080/1080/1080 1088/1088/1088 1111/1111/1111
f 1076/1076/1076 1080/1080/1080 1099/1099/1099
f 1057/1057/1057 1080/1080/1080 1059/1059/1059
f 1080/1080/1080 1076/1076/1076 1059/1059/1059
f 1099/1099/1099 1092/1092/1092 1076/1076/1076
f 1062/1062/1062 1087/1087/1087 1060/1060/1060
f 1039/1039/1039 1037/1037/1037 1020/1020/1020
f 1031/1031/1031 1038/1038/1038 993/993/993
f 1051/1051/1051 1035/1035/1035 1034/1034/1034
f 134/134/134 130/130/130 990/990/990
f 991/991/991 134/134/134 990/990/990
f 1017/1017/1017 993/993/993 1038/1038/1038
f 1031/1031/1031 1052/1052/1052 1053/1053/1053
f 1050/1050/1050 1051/1051/1051 1034/1034/1034
f 1038/1038/1038 1031/1031/1031 1053/1053/1053
f 992/992/992 989/989/989 1017/1017/1017
f 1017/1017/1017 1029/1029/1029 992/992/992
f 1001/1001/1001 996/996/996 1004/1004/1004
f 1009/1009/1009 994/994/994 990/990/990
f 992/992/992 1009/1009/1009 990/990/990
f 989/989/989 993/993/993 1017/1017/1017
f 989/989/989 992/992/992 130/130/130
f 1009/1009/1009 992/992/992 1029/1029/1029
f 990/990/990 130/130/130 992/992/992
f 1077/1077/1077 1075/1075/1075 1091/1091/1091
f 1077/1077/1077 1078/1078/1078 1065/1065/1065
f 1078/1078/1078 1081/1081/1081 1067/1067/1067
f 1065/1065/1065 1078/1078/1078 1067/1067/1067
f 1098/1098/1098 1102/1102/1102 1081/1081/1081
f 1110/1110/1110 1113/1113/1113 1098/1098/1098
f 1078/1078/1078 1077/1077/1077 1094/1094/1094
f 1081/1081/1081 1078/1078/1078 1098/1098/1098
f 1098/1098/1098 1094/1094/1094 1110/1110/1110
f 1075/1075/1075 1077/1077/1077 1063/1063/1063
f 1108/1108/1108 1104/1104/1104 1119/1119/1119
f 1119/1119/1119 1118/1118/1118 1108/1108/1108
f 1087/1087/1087 1086/1086/1086 1104/1104/1104
f 1108/1108/1108 1087/1087/1087 1104/1104/1104
f 1091/1091/1091 1094/1094/1094 1077/1077/1077
f 1086/1086/1086 1087/1087/1087 1062/1062/1062
f 1062/1062/1062 1064/1064/1064 1086/1086/1086
f 1061/1061/1061 1075/1075/1075 1063/1063/1063
f 1059/1059/1059 1061/1061/1061 1050/1050/1050
f 1034/1034/1034 1029/1029/1029 1050/1050/1050
f 1046/1046/1046 1050/1050/1050 1029/1029/1029
f 1051/1051/1051 1050/1050/1050 1061/1061/1061
f 1046/1046/1046 1057/1057/1057 1059/1059/1059
f 1050/1050/1050 1046/1046/1046 1059/1059/1059
f 1053/1053/1053 1057/1057/1057 1038/1038/1038
f 1039/1039/1039 1062/1062/1062 1060/1060/1060
f 1038/1038/1038 1046/1046/1046 1017/1017/1017
f 998/998/998 1014/1014/1014 1032/1032/1032
f 996/996/996 991/991/991 994/994/994
f 1016/1016/1016 1020/1020/1020 1037/1037/1037
f 1060/1060/1060 1058/1058/1058 1037/1037/1037
f 1037/1037/1037 1036/1036/1036 1016/1016/1016
f 1037/1037/1037 1039/1039/1039 1060/1060/1060
f 1036/1036/1036 1032/1032/1032 1014/1014/1014
f 1036/1036/1036 1014/1014/1014 1016/1016/1016
f 1011/1011/1011 1001/1001/1001 1012/1012/1012
f 996/996/996 1001/1001/1001 1014/1014/1014
f 1016/1016/1016 1014/1014/1014 1001/1001/1001
f 1022/1022/1022 1019/1019/1019 1035/1035/1035
f 1009/1009/1009 1019/1019/1019 994/994/994
f 996/996/996 1014/1014/1014 998/998/998
f 996/996/996 994/994/994 1004/1004/1004
f 991/991/991 996/996/996 998/998/998
f 990/990/990 994/994/994 991/991/991
f 1001/1001/1001 1011/1011/1011 1016/1016/1016
f 1004/1004/1004 994/994/994 1019/1019/1019
f 1009/1009/1009 1029/1029/1029 1034/1034/1034
f 1004/1004/1004 1012/1012/1012 1001/1001/1001
f 1019/1019/1019 1009/1009/1009 1034/1034/1034
f 1019/1019/1019 1022/1022/1022 1004/1004/1004
f 1034/1034/1034 1035/1035/1035 1019/1019/1019
f 1011/1011/1011 1020/1020/1020 1016/1016/1016
f 1022/1022/1022 1012/1012/1012 1004/1004/1004
f 1144/1144/1144 1148/1148/1148 1151/1151/1151
f 1145/1145/1145 1140/1140/1140 1151/1151/1151
f 1140/1140/1140 1144/1144/1144 1151/1151/1151
f 1141/1141/1141 87/87/87 1145/1145/1145
f 1140/1140/1140 1145/1145/1145 87/87/87
f 81/81/81 1139/1139/1139 87/87/87
f 1140/1140/1140 87/87/87 1139/1139/1139
f 1140/1140/1140 1139/1139/1139 1144/1144/1144
f 1146/1146/1146 1149/1149/1149 1144/1144/1144
f 1152/1152/1152 1146/1146/1146 1150/1150/1150
f 1149/1149/1149 1152/1152/1152 1153/1153/1153
f 1152/1152/1152 1149/1149/1149 1146/1146/1146
f 1144/1144/1144 1139/1139/1139 1146/1146/1146
f 1142/1142/1142 1146/1146/1146 1139/1139/1139
f 1138/1138/1138 1142/1142/1142 81/81/81
f 1142/1142/1142 1139/1139/1139 81/81/81
f 1147/1147/1147 1142/1142/1142 1143/1143/1143
f 1142/1142/1142 1138/1138/1138 1143/1143/1143
f 1146/1146/1146 1142/1142/1142 1150/1150/1150
f 1142/1142/1142 1147/1147/1147 1150/1150/1150
f 1143/1143/1143 1155/1155/1155 1147/1147/1147
f 1157/1157/1157 1147/1147/1147 1155/1155/1155
f 1171/1171/1171 1157/1157/1157 187/187/187
f 1157/1157/1157 1155/1155/1155 187/187/187
f 1170/1170/1170 1158/1158/1158 1171/1171/1171
f 1157/1157/1157 1171/1171/1171 1158/1158/1158
f 1147/1147/1147 1157/1157/1157 1150/1150/1150
f 1157/1157/1157 1158/1158/1158 1150/1150/1150
f 1150/1150/1150 1158/1158/1158 1152/1152/1152
f 1160/1160/1160 1152/1152/1152 1158/1158/1158
f 1169/1169/1169 1160/1160/1160 1170/1170/1170
f 1160/1160/1160 1158/1158/1158 1170/1170/1170
f 1167/1167/1167 1162/1162/1162 1169/1169/1169
f 1160/1160/1160 1169/1169/1169 1162/1162/1162
f 1152/1152/1152 1160/1160/1160 1153/1153/1153
f 1160/1160/1160 1162/1162/1162 1153/1153/1153
f 1163/1163/1163 1161/1161/1161 1154/1154/1154
f 1161/1161/1161 1148/1148/1148 1154/1154/1154
f 1166/1166/1166 1161/1161/1161 1168/1168/1168
f 1161/1161/1161 1163/1163/1163 1168/1168/1168
f 1165/1165/1165 1159/1159/1159 1166/1166/1166
f 1161/1161/1161 1166/1166/1166 1159/1159/1159
f 1148/1148/1148 1161/1161/1161 1151/1151/1151
f 1161/1161/1161 1159/1159/1159 1151/1151/1151
f 1159/1159/1159 1156/1156/1156 1151/1151/1151
f 1156/1156/1156 1145/1145/1145 1151/1151/1151
f 1165/1165/1165 1164/1164/1164 1159/1159/1159
f 1156/1156/1156 1159/1159/1159 1164/1164/1164
f 146/146/146 1156/1156/1156 181/181/181
f 1156/1156/1156 1164/1164/1164 181/181/181
f 1141/1141/1141 1145/1145/1145 146/146/146
f 1156/1156/1156 146/146/146 1145/1145/1145
f 1185/1185/1185 1190/1190/1190 1183/1183/1183
f 1192/1192/1192 1189/1189/1189 1183/1183/1183
f 1190/1190/1190 1192/1192/1192 1183/1183/1183
f 1195/1195/1195 277/277/277 1189/1189/1189
f 1189/1189/1189 1192/1192/1192 1195/1195/1195
f 1193/1193/1193 1196/1196/1196 1195/1195/1195
f 1195/1195/1195 1192/1192/1192 1193/1193/1193
f 1193/1193/1193 1192/1192/1192 1190/1190/1190
f 1186/1186/1186 1188/1188/1188 1190/1190/1190
f 1188/1188/1188 1182/1182/1182 1184/1184/1184
f 1182/1182/1182 1186/1186/1186 1180/1180/1180
f 1186/1186/1186 1182/1182/1182 1188/1188/1188
f 1193/1193/1193 1190/1190/1190 1188/1188/1188
f 1188/1188/1188 1191/1191/1191 1193/1193/1193
f 1191/1191/1191 1194/1194/1194 1196/1196/1196
f 1193/1193/1193 1191/1191/1191 1196/1196/1196
f 1191/1191/1191 1187/1187/1187 270/270/270
f 1194/1194/1194 1191/1191/1191 270/270/270
f 1191/1191/1191 1188/1188/1188 1184/1184/1184
f 1187/1187/1187 1191/1191/1191 1184/1184/1184
f 223/223/223 270/270/270 1187/1187/1187
f 1187/1187/1187 1178/1178/1178 223/223/223
f 1178/1178/1178 1171/1171/1171 187/187/187
f 223/223/223 1178/1178/1178 187/187/187
f 1177/1177/1177 1170/1170/1170 1171/1171/1171
f 1171/1171/1171 1178/1178/1178 1177/1177/1177
f 1178/1178/1178 1187/1187/1187 1184/1184/1184
f 1177/1177/1177 1178/1178/1178 1184/1184/1184
f 1177/1177/1177 1184/1184/1184 1182/1182/1182
f 1182/1182/1182 1175/1175/1175 1177/1177/1177
f 1175/1175/1175 1169/1169/1169 1170/1170/1170
f 1177/1177/1177 1175/1175/1175 1170/1170/1170
f 1172/1172/1172 1167/1167/1167 1169/1169/1169
f 1169/1169/1169 1175/1175/1175 1172/1172/1172
f 1175/1175/1175 1182/1182/1182 1180/1180/1180
f 1172/1172/1172 1175/1175/1175 1180/1180/1180
f 1174/1174/1174 1173/1173/1173 1181/1181/1181
f 1185/1185/1185 1174/1174/1174 1181/1181/1181
f 1174/1174/1174 1166/1166/1166 1168/1168/1168
f 1173/1173/1173 1174/1174/1174 1168/1168/1168
f 1176/1176/1176 1165/1165/1165 1166/1166/1166
f 1166/1166/1166 1174/1174/1174 1176/1176/1176
f 1174/1174/1174 1185/1185/1185 1183/1183/1183
f 1176/1176/1176 1174/1174/1174 1183/1183/1183
f 1179/1179/1179 1176/1176/1176 1183/1183/1183
f 1189/1189/1189 1179/1179/1179 1183/1183/1183
f 1164/1164/1164 1165/1165/1165 1176/1176/1176
f 1176/1176/1176 1179/1179/1179 1164/1164/1164
f 1179/1179/1179 228/228/228 181/181/181
f 1164/1164/1164 1179/1179/1179 181/181/181
f 1189/1189/1189 277/277/277 228/228/228
f 228/228/228 1179/1179/1179 1189/1189/1189
