# Rhino

mtllib uploads_files_2247259_bike.mtl
usemtl diffuse_0
v 0.0025581991672515873 0.041899929046630868 -0.018945694180933031
v 0.0025581988692283636 0.047405047416687017 -0.022469490977731738
v 0.0025581991672515873 0.049826607704162605 -0.017920211764780078
v 0.0025581991672515873 0.04461833477020264 -0.014808699103799852
v 0.0025581991672515873 0.053945837020874021 -0.018705737801996261
v 0.0025581991672515873 0.053331894874572766 -0.018795038672891649
v 0.0025581988692283636 0.052078094482421879 -0.020186702224222215
v 0.0025581988692283636 0.052017102241516115 -0.021602879973856005
v 0.0025581991672515873 0.054357538223266604 -0.02375318190714458
v 0.0025581991672515873 0.056031498908996585 -0.021118582698312793
v 0.0025581988692283636 0.0555301856994629 -0.019687222453561817
v 0.0025581991672515873 0.049855103492736821 0.01067008831838033
v 0.0025581991672515873 0.04461833477020264 0.0093976376328792285
v 0.0025581991672515873 0.013578833341598512 0.0025509486470546433
v 0.0025581988692283636 0.020066163539886477 0.003937730577978105
v 0.0025581991672515873 0.01413824200630188 0.0041287062440242481
v 0.0025581991672515873 0.014878103733062746 0.030887721565755817
v 0.0025581991672515873 0.012499917745590212 0.012251885918172806
v 0.0025581991672515873 0.017218555212020877 0.0084841332707729054
v 0.0025581991672515873 0.019509119987487795 0.02669100859502218
v 0.0025581991672515873 0.017247295379638674 0.031283124474081013
v 0.0025581988692283636 0.047583417892456063 0.015411637810262654
v 0.0025581991672515873 0.040517692565917973 0.013820746925863239
v 0.0025581991672515873 0.017218555212020877 0.0084841332707729054
v 0.0025582021474838262 0.01637747168540955 -0.027716206523386033
v 0.0025582021474838262 0.016164489984512333 -0.027805503818002734
v 0.0025582021474838262 0.015955842733383182 -0.027925197097269091
v 0.0025582021474838262 0.015755779743194583 -0.028072852107492479
v 0.00255820244550705 0.015568370819091799 -0.028245457622018848
v 0.00255820244550705 0.015568370819091799 -0.028245457622018848
v 0.00255820244550705 0.015397434234619143 -0.028439504119363818
v 0.00255820244550705 0.015246448516845704 -0.02865104100367168
v 0.00255820244550705 0.015118485689163208 -0.028875762435403858
v 0.00255820244550705 0.015016154050827027 -0.029109090777841601
v 0.00255820244550705 0.014941533803939819 -0.029346281501260792
v 0.00255820244550705 0.014896146059036256 -0.029582501861063037
v 0.00255820244550705 0.014880911111831666 -0.02981294057032207
v 0.00255820244550705 0.01489648461341858 -0.030169493171182667
v 0.00255820244550705 0.01489648461341858 -0.030169493171182667
v 0.00255820244550705 0.014943073987960818 -0.030506702872720753
v 0.00255820244550705 0.015020279884338381 -0.030827301951852834
v 0.00255820244550705 0.015127445459365847 -0.031128562900033983
v 0.00255820244550705 0.015263655185699465 -0.031407908412424121
v 0.00255820244550705 0.015427746772766116 -0.031662959071603811
v 0.00255820244550705 0.015618320703506473 -0.031891538115945847
v 0.0025582021474838262 0.01583375096321106 -0.032091692897287402
v 0.0025582021474838262 0.016072200536727907 -0.03226172110697368
v 0.0025582021474838262 0.016072200536727907 -0.03226172110697368
v 0.0025582021474838262 0.016331634521484378 -0.032400166007486381
v 0.0025582021474838262 0.01660983681678772 -0.032505849811044721
v 0.0025582021474838262 0.016904437541961671 -0.032577871295419725
v 0.0025582021474838262 0.017212923765182499 -0.032615612956491499
v 0.0025582021474838262 0.017532660961151126 -0.032618755313364063
v 0.0025582021474838262 0.017860921621322634 -0.032587269755807904
v 0.0025582021474838262 0.018194905519485476 -0.032521430465189016
v 0.0025582021474838262 0.018531763553619386 -0.032421788188425102
v 0.0025581988692283636 0.051897568702697766 0.016302171734365434
v 0.0025581991672515873 0.054738678932189949 0.01171355584004781
v 0.0025581988692283636 0.055200891494750985 0.013715423134359334
v -0.0025582027435302737 0.054728131294250498 -0.023695601436105759
v -0.0025582027435302737 0.055129003524780278 -0.023611201259103806
v 0.0025581991672515873 0.055129003524780278 -0.023611201259103806
v 0.0025581991672515873 0.054728131294250498 -0.023695601436105759
v 0.00255820244550705 0.015618320703506473 -0.031891538115945847
v -0.0025582000613212589 0.015618320703506473 -0.031891538115945847
v -0.002558200359344483 0.01583375096321106 -0.032091692897287402
v 0.0025582021474838262 0.01583375096321106 -0.032091692897287402
v 0.0025581991672515873 0.017218555212020877 0.0084841332707729054
v -0.0025581973791122441 0.017218555212020877 0.0084841332707729054
v -0.0025581973791122441 0.019509119987487795 0.02669100859502218
v 0.0025581991672515873 0.019509119987487795 0.02669100859502218
v -0.002558200359344483 0.016072200536727907 -0.03226172110697368
v 0.0025582021474838262 0.016072200536727907 -0.03226172110697368
v -0.002558200359344483 0.016331634521484378 -0.032400166007486381
v 0.0025582021474838262 0.016331634521484378 -0.032400166007486381
v 0.002558199465274811 0.011762708425521851 0.0069476328168239301
v -0.002558200359344483 0.01660983681678772 -0.032505849811044721
v 0.0025582021474838262 0.01660983681678772 -0.032505849811044721
v -0.002558200359344483 0.016904437541961671 -0.032577871295419725
v 0.0025582021474838262 0.016904437541961671 -0.032577871295419725
v -0.002558200359344483 0.017212923765182499 -0.032615612956491499
v 0.0025582021474838262 0.017212923765182499 -0.032615612956491499
v -0.0025581964850425725 0.011762708425521851 0.0069476328168239301
v -0.0025581964850425725 0.011731055974960328 0.0065421257291164124
v 0.002558199465274811 0.011731055974960328 0.0065421257291164124
v 0.002558199465274811 0.011762708425521851 0.0069476328168239301
v -0.002558200359344483 0.017532660961151126 -0.032618755313364063
v 0.0025582021474838262 0.017532660961151126 -0.032618755313364063
v 0.0025581991672515873 0.019509119987487795 0.02669100859502218
v -0.0025581973791122441 0.019509119987487795 0.02669100859502218
v -0.0025582009553909305 0.040517692565917973 0.013820746925863239
v 0.0025581991672515873 0.040517692565917973 0.013820746925863239
v -0.002558200359344483 0.017860921621322634 -0.032587269755807904
v 0.0025582021474838262 0.017860921621322634 -0.032587269755807904
v -0.002558200359344483 0.018194905519485476 -0.032521430465189016
v 0.0025582021474838262 0.018194905519485476 -0.032521430465189016
v 0.0025581988692283636 0.047583417892456063 0.015411637810262654
v 0.0025581991672515873 0.018964706659317019 0.03285305359700582
v -0.002558200359344483 0.018531763553619386 -0.032421788188425102
v 0.0025582021474838262 0.018531763553619386 -0.032421788188425102
v 0.0025581988692283636 0.051897568702697766 0.016302171734365434
v -0.00255820244550705 0.051897568702697766 0.016302171734365434
v -0.0025582018494606021 0.047583417892456063 0.015411637810262654
v 0.0025581988692283636 0.047583417892456063 0.015411637810262654
v 0.0025582021474838262 0.018531763553619386 -0.032421788188425102
v -0.0025582018494606021 0.047405047416687017 -0.022469490977731738
v 0.0025581988692283636 0.047405047416687017 -0.022469490977731738
v 0.0025581991672515873 0.041899929046630868 -0.018945694180933031
v -0.0025582009553909305 0.041899929046630868 -0.018945694180933031
v -0.002558200359344483 0.01637747168540955 -0.027716206523386033
v 0.0025582021474838262 0.01637747168540955 -0.027716206523386033
v -0.002558200359344483 0.016164489984512333 -0.027805503818002734
v 0.0025582021474838262 0.016164489984512333 -0.027805503818002734
v -0.002558200359344483 0.015955842733383182 -0.027925197097269091
v 0.0025582021474838262 0.015955842733383182 -0.027925197097269091
v 0.0025581988692283636 0.020066163539886477 0.003937730577978105
v -0.0025581976771354678 0.020066163539886477 0.003937730577978105
v -0.0025582015514373779 0.04461833477020264 0.0093976376328792285
v 0.0025581991672515873 0.04461833477020264 0.0093976376328792285
v -0.002558200359344483 0.015755779743194583 -0.028072852107492479
v 0.0025582021474838262 0.015755779743194583 -0.028072852107492479
v -0.0025581973791122441 0.018964706659317019 0.03285305359700582
v -0.0025581973791122441 0.018452837467193606 0.033119648483785603
v 0.0025581991672515873 0.018452837467193606 0.033119648483785603
v 0.0025581991672515873 0.018964706659317019 0.03285305359700582
v -0.0025582000613212589 0.015568370819091799 -0.028245457622018848
v 0.00255820244550705 0.015568370819091799 -0.028245457622018848
v 0.0025581991672515873 0.040517692565917973 0.013820746925863239
v -0.0025582009553909305 0.040517692565917973 0.013820746925863239
v -0.0025581973791122441 0.017218555212020877 0.0084841332707729054
v 0.0025581991672515873 0.017218555212020877 0.0084841332707729054
v -0.0025582000613212589 0.015397434234619143 -0.028439504119363818
v 0.00255820244550705 0.015397434234619143 -0.028439504119363818
v 0.0025581991672515873 0.059808797836303718 -0.021370614978281053
v -0.0025582039356231694 0.059808797836303718 -0.021370614978281053
v -0.0025582039356231694 0.060055570602417001 -0.021177128764596972
v 0.0025581991672515873 0.060055570602417001 -0.021177128764596972
v -0.0025582000613212589 0.015246448516845704 -0.02865104100367168
v 0.00255820244550705 0.015246448516845704 -0.02865104100367168
v -0.0025582000613212589 0.015118485689163208 -0.028875762435403858
v 0.00255820244550705 0.015118485689163208 -0.028875762435403858
v -0.0025582039356231694 0.06027600765228272 -0.020956076594797167
v 0.0025581991672515873 0.06027600765228272 -0.020956076594797167
v -0.0025582000613212589 0.015016154050827027 -0.029109090777841601
v 0.00255820244550705 0.015016154050827027 -0.029109090777841601
v -0.0025582039356231694 0.060466890335083012 -0.020710681888071091
v 0.0025581991672515873 0.060466890335083012 -0.020710681888071091
v -0.0025582000613212589 0.014941533803939819 -0.029346281501260792
v 0.00255820244550705 0.014941533803939819 -0.029346281501260792
v -0.0025582039356231694 0.060625429153442392 -0.020444523307291063
v 0.0025581991672515873 0.060625429153442392 -0.020444523307291063
v -0.0025582000613212589 0.014896146059036256 -0.029582501861063037
v 0.00255820244550705 0.014896146059036256 -0.029582501861063037
v -0.0025582039356231694 0.060749316215515138 -0.020161484691110641
v 0.0025581991672515873 0.060749316215515138 -0.020161484691110641
v 0.0025581988692283636 0.051804122924804685 0.021996048477682086
v -0.00255820244550705 0.051804122924804685 0.021996048477682086
v -0.00255820244550705 0.051897568702697766 0.016302171734365434
v 0.0025581988692283636 0.051897568702697766 0.016302171734365434
v -0.0025582039356231694 0.060836753845214857 -0.019865690680948289
v 0.0025581991672515873 0.060836753845214857 -0.019865690680948289
v 0.0025581991672515873 0.057110223770141605 0.021995686081441854
v -0.0025582033395767216 0.057110223770141605 0.021995686081441854
v -0.0025582033395767216 0.057082939147949222 0.022377115276845903
v 0.0025581991672515873 0.057082939147949222 0.022377115276845903
v -0.0025582039356231694 0.06088644981384278 -0.019561453076807053
v 0.0025581991672515873 0.06088644981384278 -0.019561453076807053
v 0.0025581988692283636 0.051804122924804685 0.021996048477682086
v 0.0025581991672515873 0.057110223770141605 0.014645355728658646
v 0.0025581991672515873 0.057110223770141605 0.021995686081441854
v 0.0025581991672515873 0.057110223770141605 0.021995686081441854
v 0.0025581991672515873 0.057082939147949222 0.022377115276845903
v 0.0025581991672515873 0.057001657485961921 0.022750781563314414
v 0.0025581991672515873 0.056868019104003908 0.023109077003988239
v 0.0025581991672515873 0.056684751510620128 0.023444703606161091
v 0.0025581988692283636 0.056455583572387703 0.023750833061727497
v 0.0025581988692283636 0.056185183525085447 0.024021235493215533
v 0.0025581988692283636 0.055879054069519041 0.024250401047262164
v 0.0025581988692283636 0.055543427467346196 0.024433668640645952
v 0.0025581988692283636 0.055543427467346196 0.024433668640645952
v 0.0025581991672515873 0.05518513202667237 0.024567304638418171
v 0.0025581991672515873 0.054811468124389653 0.024648591068777058
v 0.0025581991672515873 0.054430036544799811 0.024675870922597862
v 0.0025581991672515873 0.054059343338012704 0.024648595837148644
v 0.0025581991672515873 0.053687009811401371 0.024567321327718709
v 0.0025581991672515873 0.053330907821655275 0.024433702019247029
v 0.0025581991672515873 0.052998285293579112 0.024250458267721146
v 0.0025581991672515873 0.052695918083190921 0.024021323708089799
v 0.0025581991672515873 0.052695918083190921 0.024021323708089799
v 0.0025581991672515873 0.052429952621459969 0.023750959423574421
v 0.0025581988692283636 0.052205810546875002 0.023444868114980671
v 0.0025581988692283636 0.052028050422668462 0.023109286812337849
v 0.0025581988692283636 0.051900291442871095 0.02275103905537984
v 0.0025581988692283636 0.051825141906738287 0.02237742522099874
v -0.0025582039356231694 0.060897693634033218 -0.019253213616815597
v 0.0025581991672515873 0.060897693634033218 -0.019253213616815597
v -0.0025582033395767216 0.057001657485961921 0.022750781563314414
v 0.0025581991672515873 0.057001657485961921 0.022750781563314414
v -0.0025582039356231694 0.060870313644409181 -0.018945462914911303
v 0.0025581991672515873 0.060870313644409181 -0.018945462914911303
v -0.0025582033395767216 0.056868019104003908 0.023109077003988239
v 0.0025581991672515873 0.056868019104003908 0.023109077003988239
v -0.0025582039356231694 0.060804710388183608 -0.018642690392938643
v 0.0025581991672515873 0.060804710388183608 -0.018642690392938643
v -0.0025582033395767216 0.056684751510620128 0.023444703606161091
v 0.0025581991672515873 0.056684751510620128 0.023444703606161091
v -0.0025582039356231694 0.060701847076416016 -0.018349309178796798
v 0.0025581991672515873 0.060701847076416016 -0.018349309178796798
v -0.0025582030415534974 0.056455583572387703 0.023750833061727497
v 0.0025581988692283636 0.056455583572387703 0.023750833061727497
v -0.0025582039356231694 0.060563211441040044 -0.018069600078073532
v 0.0025581991672515873 0.060563211441040044 -0.018069600078073532
v -0.0025582030415534974 0.056185183525085447 0.024021235493215533
v 0.0025581988692283636 0.056185183525085447 0.024021235493215533
v 0.0025581991672515873 0.054430036544799811 0.024675870922597862
v -0.0025582027435302737 0.054430036544799811 0.024675870922597862
v -0.0025582027435302737 0.054059343338012704 0.024648595837148644
v 0.0025581991672515873 0.054059343338012704 0.024648595837148644
v -0.0025582030415534974 0.055879054069519041 0.024250401047262164
v 0.0025581988692283636 0.055879054069519041 0.024250401047262164
v 0.0025581991672515873 0.051002569198608405 -0.018503995152917896
v 0.0025581988692283636 0.047405047416687017 -0.022469490977731738
v 0.0025581991672515873 0.049602389335632324 -0.023241692992654831
v -0.0025582030415534974 0.055543427467346196 0.024433668640645952
v 0.0025581988692283636 0.055543427467346196 0.024433668640645952
v 0.0025581991672515873 0.06039019584655763 -0.017806774589029344
v -0.0025582039356231694 0.06039019584655763 -0.017806774589029344
v -0.0025582039356231694 0.060181846618652349 -0.017561404916254075
v 0.0025581991672515873 0.060181846618652349 -0.017561404916254075
v -0.0025582027435302737 0.05518513202667237 0.024567304638418171
v 0.0025581991672515873 0.05518513202667237 0.024567304638418171
v -0.0025582039356231694 0.059945030212402356 -0.017343512984720262
v 0.0025581991672515873 0.059945030212402356 -0.017343512984720262
v -0.0025582027435302737 0.054811468124389653 0.024648591068777058
v 0.0025581991672515873 0.054811468124389653 0.024648591068777058
v -0.0025582039356231694 0.059683198928833017 -0.017156276914087325
v 0.0025581991672515873 0.059683198928833017 -0.017156276914087325
v -0.0025582039356231694 0.059400167465209965 -0.017002425404993089
v 0.0025581991672515873 0.059400167465209965 -0.017002425404993089
v -0.0025582027435302737 0.053687009811401371 0.024567321327718709
v 0.0025581991672515873 0.053687009811401371 0.024567321327718709
v -0.0025582036375999453 0.05910005569458008 -0.016884204360452681
v 0.002558199465274811 0.05910005569458008 -0.016884204360452681
v -0.0025582027435302737 0.053330907821655275 0.024433702019247029
v 0.0025581991672515873 0.053330907821655275 0.024433702019247029
v -0.0025582036375999453 0.05878725051879883 -0.016803335162607222
v 0.002558199465274811 0.05878725051879883 -0.016803335162607222
v -0.0025582027435302737 0.052998285293579112 0.024250458267721146
v 0.0025581991672515873 0.052998285293579112 0.024250458267721146
v -0.0025582033395767216 0.058466315269470215 -0.016761000367609056
v 0.0025581991672515873 0.058466315269470215 -0.016761000367609056
v -0.0025582027435302737 0.052695918083190921 0.024021323708089799
v 0.0025581991672515873 0.052695918083190921 0.024021323708089799
v -0.0025582033395767216 0.058141918182373055 -0.016757812711206466
v 0.0025581991672515873 0.058141918182373055 -0.016757812711206466
v -0.0025582027435302737 0.052429952621459969 0.023750959423574421
v 0.0025581991672515873 0.052429952621459969 0.023750959423574421
v -0.0025582033395767216 0.057818799018859869 -0.016793821069208174
v 0.0025581991672515873 0.057818799018859869 -0.016793821069208174
v -0.00255820244550705 0.052205810546875002 0.023444868114980671
v 0.0025581988692283636 0.052205810546875002 0.023444868114980671
v -0.0025582033395767216 0.05750166893005372 -0.016868503304925949
v 0.0025581991672515873 0.05750166893005372 -0.016868503304925949
v -0.00255820244550705 0.052028050422668462 0.023109286812337849
v 0.0025581988692283636 0.052028050422668462 0.023109286812337849
v -0.0025582033395767216 0.057195148468017577 -0.016980763884988814
v 0.0025581991672515873 0.057195148468017577 -0.016980763884988814
v 0.0025581991672515873 0.056631598472595218 -0.017310962888208423
v -0.0025582033395767216 0.056631598472595218 -0.017310962888208423
v -0.0025582033395767216 0.056120543479919439 -0.017794792863336593
v 0.0025581991672515873 0.056120543479919439 -0.017794792863336593
v -0.00255820244550705 0.051900291442871095 0.02275103905537984
v 0.0025581988692283636 0.051900291442871095 0.02275103905537984
v -0.0025582033395767216 0.056903705596923829 -0.01712897202631572
v 0.0025581991672515873 0.056903705596923829 -0.01712897202631572
v -0.00255820244550705 0.051825141906738287 0.02237742522099874
v 0.0025581988692283636 0.051825141906738287 0.02237742522099874
v 0.00255820244550705 0.014880911111831666 -0.02981294057032207
v -0.0025582000613212589 0.014880911111831666 -0.02981294057032207
v -0.0025582000613212589 0.01489648461341858 -0.030169493171182667
v 0.00255820244550705 0.01489648461341858 -0.030169493171182667
v -0.0025582000613212589 0.014943073987960818 -0.030506702872720753
v 0.00255820244550705 0.014943073987960818 -0.030506702872720753
v 0.0025581991672515873 0.054127163887023932 -0.018673311683145555
v -0.0025582027435302737 0.054127163887023932 -0.018673311683145555
v -0.0025582027435302737 0.053945837020874021 -0.018705737801996261
v 0.0025581991672515873 0.053945837020874021 -0.018705737801996261
v -0.0025582000613212589 0.015020279884338381 -0.030827301951852834
v 0.00255820244550705 0.015020279884338381 -0.030827301951852834
v 0.0025581991672515873 0.057086086273193365 0.014295075920614214
v -0.0025582033395767216 0.057086086273193365 0.014295075920614214
v -0.0025582033395767216 0.057110223770141605 0.014645355728658646
v 0.0025581991672515873 0.057110223770141605 0.014645355728658646
v -0.0025582000613212589 0.015127445459365847 -0.031128562900033983
v 0.00255820244550705 0.015127445459365847 -0.031128562900033983
v 0.0025581991672515873 0.049826607704162605 -0.017920211764780078
v -0.0025582021474838262 0.049826607704162605 -0.017920211764780078
v -0.0025582021474838262 0.049855103492736821 0.01067008831838033
v 0.0025581991672515873 0.049855103492736821 0.01067008831838033
v -0.0025582000613212589 0.015263655185699465 -0.031407908412424121
v 0.00255820244550705 0.015263655185699465 -0.031407908412424121
v 0.0025581991672515873 0.04461833477020264 -0.014808699103799852
v -0.0025582015514373779 0.04461833477020264 -0.014808699103799852
v -0.0025581976771354678 0.020066163539886477 0.003937730577978105
v 0.0025581988692283636 0.020066163539886477 0.003937730577978105
v -0.0025582000613212589 0.015427746772766116 -0.031662959071603811
v 0.00255820244550705 0.015427746772766116 -0.031662959071603811
v 0.0025581991672515873 0.055076189041137702 0.011810356167348834
v 0.0025581988692283636 0.05540681838989258 0.011954549339803666
v 0.0025581988692283636 0.055723857879638676 0.012143207577260944
v 0.0025581991672515873 0.056020832061767584 0.012372485188039753
v 0.0025581991672515873 0.056291713714599616 0.012637716320547075
v 0.0025581991672515873 0.05653097152709962 0.012933500793966265
v 0.0025581991672515873 0.056733751296997072 0.013253820923360797
v 0.0025581991672515873 0.056895914077758791 0.01359215119222066
v 0.0025581991672515873 0.057014160156250007 0.013941608456167195
v 0.0025581991672515873 0.057086086273193365 0.014295075920614214
v 0.0025581991672515873 0.057014160156250007 0.013941608456167195
v -0.0025582033395767216 0.057014160156250007 0.013941608456167195
v 0.0025581991672515873 0.056895914077758791 0.01359215119222066
v -0.0025582033395767216 0.056895914077758791 0.01359215119222066
v 0.0025581991672515873 0.056733751296997072 0.013253820923360797
v -0.0025582033395767216 0.056733751296997072 0.013253820923360797
v 0.0025581991672515873 0.05653097152709962 0.012933500793966265
v -0.0025582033395767216 0.05653097152709962 0.012933500793966265
v 0.0025581991672515873 0.056291713714599616 0.012637716320547075
v -0.0025582033395767216 0.056291713714599616 0.012637716320547075
v 0.0025581991672515873 0.056020832061767584 0.012372485188039753
v -0.0025582033395767216 0.056020832061767584 0.012372485188039753
v 0.0025581988692283636 0.055723857879638676 0.012143207577260944
v -0.0025582030415534974 0.055723857879638676 0.012143207577260944
v 0.0025581988692283636 0.05540681838989258 0.011954549339803666
v -0.0025582030415534974 0.05540681838989258 0.011954549339803666
v 0.0025581991672515873 0.055076189041137702 0.011810356167348834
v -0.0025582027435302737 0.055076189041137702 0.011810356167348834
v 0.0025581991672515873 0.054738678932189949 0.01171355584004781
v -0.0025582027435302737 0.054738678932189949 0.01171355584004781
v 0.0025581991672515873 0.049855103492736821 0.01067008831838033
v -0.0025582021474838262 0.049855103492736821 0.01067008831838033
v 0.0025581991672515873 0.018452837467193606 0.033119648483785603
v 0.0025581991672515873 0.017940647602081302 0.033296659973653768
v 0.0025581991672515873 0.017438564300537109 0.033380473640951133
v 0.0025581991672515873 0.016956809759140015 0.03336939194539449
v 0.0025581991672515873 0.01650518894195557 0.033263629463705036
v 0.0025581988692283636 0.016092896461486816 0.033065351036581009
v 0.0025581988692283636 0.015728325843811036 0.032778590706380818
v 0.0025581991672515873 0.01541889548301697 0.032409175423177693
v 0.0025581991672515873 0.015170910358428958 0.03196463921407125
v 0.0025581991672515873 0.014989414215087891 0.03145402291158101
v -0.0025581973791122441 0.017940647602081302 0.033296659973653768
v 0.0025581991672515873 0.017940647602081302 0.033296659973653768
v -0.0025581973791122441 0.017438564300537109 0.033380473640951133
v 0.0025581991672515873 0.017438564300537109 0.033380473640951133
v -0.0025581973791122441 0.016956809759140015 0.03336939194539449
v 0.0025581991672515873 0.016956809759140015 0.03336939194539449
v -0.0025581973791122441 0.01650518894195557 0.033263629463705036
v 0.0025581991672515873 0.01650518894195557 0.033263629463705036
v -0.0025581970810890199 0.016092896461486816 0.033065351036581009
v 0.0025581988692283636 0.016092896461486816 0.033065351036581009
v -0.0025581970810890199 0.015728325843811036 0.032778590706380818
v 0.0025581988692283636 0.015728325843811036 0.032778590706380818
v -0.0025581967830657962 0.01541889548301697 0.032409175423177693
v 0.0025581991672515873 0.01541889548301697 0.032409175423177693
v -0.0025581967830657962 0.015170910358428958 0.03196463921407125
v 0.0025581991672515873 0.015170910358428958 0.03196463921407125
v -0.0025581967830657962 0.014989414215087891 0.03145402291158101
v 0.0025581991672515873 0.014989414215087891 0.03145402291158101
v 0.0025581991672515873 0.014989414215087891 0.03145402291158101
v -0.0025581967830657962 0.014878103733062746 0.030887721565755817
v 0.0025581991672515873 0.014878103733062746 0.030887721565755817
v 0.0025581991672515873 0.014878103733062746 0.030887721565755817
v -0.0025581967830657962 0.012499917745590212 0.012251885918172806
v 0.0025581991672515873 0.012499917745590212 0.012251885918172806
v 0.0025581988692283636 0.047583417892456063 0.015411637810262654
v -0.0025582018494606021 0.047583417892456063 0.015411637810262654
v 0.002558199465274811 0.011731055974960328 0.0065421257291164124
v 0.002558199465274811 0.011744742393493653 0.006110949305089923
v 0.0025581991672515873 0.011803489923477174 0.005662878540548295
v 0.0025581991672515873 0.011906102895736695 0.0052070377145137497
v 0.0025581991672515873 0.012050492763519289 0.0047527036938991244
v 0.0025581991672515873 0.012233719825744629 0.0043091283116664589
v 0.0025581991672515873 0.012452054023742677 0.0038853392873134315
v 0.0025581991672515873 0.01270105004310608 0.0034899626050319387
v 0.0025581991672515873 0.012975640296936037 0.0031310508523311326
v 0.0025581991672515873 0.013270233869552615 0.0028159079823817917
v -0.0025581964850425725 0.011744742393493653 0.006110949305089923
v 0.002558199465274811 0.011744742393493653 0.006110949305089923
v -0.0025581967830657962 0.011803489923477174 0.005662878540548295
v 0.0025581991672515873 0.011803489923477174 0.005662878540548295
v -0.0025581967830657962 0.011906102895736695 0.0052070377145137497
v 0.0025581991672515873 0.011906102895736695 0.0052070377145137497
v -0.0025581967830657962 0.012050492763519289 0.0047527036938991244
v 0.0025581991672515873 0.012050492763519289 0.0047527036938991244
v -0.0025581967830657962 0.012233719825744629 0.0043091283116664589
v 0.0025581991672515873 0.012233719825744629 0.0043091283116664589
v -0.0025581967830657962 0.012452054023742677 0.0038853392873134315
v 0.0025581991672515873 0.012452054023742677 0.0038853392873134315
v -0.0025581967830657962 0.01270105004310608 0.0034899626050319387
v 0.0025581991672515873 0.01270105004310608 0.0034899626050319387
v -0.0025581967830657962 0.012975640296936037 0.0031310508523311326
v 0.0025581991672515873 0.012975640296936037 0.0031310508523311326
v -0.0025581967830657962 0.013270233869552615 0.0028159079823817917
v 0.0025581991672515873 0.013270233869552615 0.0028159079823817917
v 0.0025581991672515873 0.013270233869552615 0.0028159079823817917
v -0.0025581967830657962 0.013578833341598512 0.0025509486470546433
v 0.0025581991672515873 0.013578833341598512 0.0025509486470546433
v 0.0025581991672515873 0.013578833341598512 0.0025509486470546433
v -0.0025582009553909305 0.041899929046630868 -0.018945694180933031
v 0.0025581991672515873 0.041899929046630868 -0.018945694180933031
v 0.0025581991672515873 0.049956755638122567 -0.023354436370340379
v 0.0025581991672515873 0.050353498458862313 -0.023458744498697313
v 0.0025581991672515873 0.050784544944763192 -0.023552485915628467
v 0.0025581991672515873 0.051241111755371098 -0.023633750888315236
v 0.0025581988692283636 0.051713910102844242 -0.023700891944376024
v 0.0025581988692283636 0.052193317413330081 -0.023752535792795213
v 0.0025581988692283636 0.052669563293457039 -0.023787635776010542
v 0.0025581988692283636 0.053132963180541996 -0.023805474254098923
v 0.0025581991672515873 0.053574080467224131 -0.023805691215005906
v 0.0025581991672515873 0.053983936309814455 -0.023788277121988326
v 0.0025581991672515873 0.054357538223266604 -0.02375318190714458
v 0.0025581991672515873 0.054728131294250498 -0.023695601436105759
v 0.0025581991672515873 0.055129003524780278 -0.023611201259103806
v 0.0025581991672515873 0.055555362701416026 -0.023501285525766406
v 0.0025581991672515873 0.055998520851135263 -0.023368090602365527
v 0.0025581991672515873 0.056449451446533211 -0.023214327308145558
v 0.0025581991672515873 0.056898989677429207 -0.023043130847421676
v 0.0025581991672515873 0.057337970733642586 -0.022857982131448774
v 0.0025581991672515873 0.057757463455200199 -0.02266265294214824
v 0.002558199465274811 0.058148927688598639 -0.022461115333047899
v 0.002558199465274811 0.058504390716552737 -0.02225747487207988
v 0.002558199465274811 0.058816623687744145 -0.022055875274148973
v 0.002558199465274811 0.058816623687744145 -0.022055875274148973
v -0.0025582036375999453 0.058816623687744145 -0.022055875274148973
v -0.0025582033395767216 0.055555362701416026 -0.023501285525766406
v 0.0025581991672515873 0.055555362701416026 -0.023501285525766406
v -0.0025582033395767216 0.055998520851135263 -0.023368090602365527
v 0.0025581991672515873 0.055998520851135263 -0.023368090602365527
v -0.0025582033395767216 0.056449451446533211 -0.023214327308145558
v 0.0025581991672515873 0.056449451446533211 -0.023214327308145558
v -0.0025582033395767216 0.056898989677429207 -0.023043130847421676
v 0.0025581991672515873 0.056898989677429207 -0.023043130847421676
v -0.0025582033395767216 0.057337970733642586 -0.022857982131448774
v 0.0025581991672515873 0.057337970733642586 -0.022857982131448774
v -0.0025582033395767216 0.057757463455200199 -0.02266265294214824
v 0.0025581991672515873 0.057757463455200199 -0.02266265294214824
v -0.0025582036375999453 0.058148927688598639 -0.022461115333047899
v 0.002558199465274811 0.058148927688598639 -0.022461115333047899
v -0.0025582036375999453 0.058504390716552737 -0.02225747487207988
v 0.002558199465274811 0.058504390716552737 -0.02225747487207988
v 0.0025581991672515873 0.053983936309814455 -0.023788277121988326
v -0.0025582027435302737 0.053983936309814455 -0.023788277121988326
v -0.0025582027435302737 0.054357538223266604 -0.02375318190714458
v 0.0025581991672515873 0.054357538223266604 -0.02375318190714458
v 0.0025581991672515873 0.053574080467224131 -0.023805691215005906
v -0.0025582027435302737 0.053574080467224131 -0.023805691215005906
v 0.0025581988692283636 0.053132963180541996 -0.023805474254098923
v -0.00255820244550705 0.053132963180541996 -0.023805474254098923
v 0.0025581988692283636 0.052669563293457039 -0.023787635776010542
v -0.00255820244550705 0.052669563293457039 -0.023787635776010542
v 0.0025581988692283636 0.052193317413330081 -0.023752535792795213
v -0.00255820244550705 0.052193317413330081 -0.023752535792795213
v 0.0025581988692283636 0.051713910102844242 -0.023700891944376024
v -0.00255820244550705 0.051713910102844242 -0.023700891944376024
v 0.0025581991672515873 0.051241111755371098 -0.023633750888315236
v -0.0025582021474838262 0.051241111755371098 -0.023633750888315236
v 0.0025581991672515873 0.050784544944763192 -0.023552485915628467
v -0.0025582021474838262 0.050784544944763192 -0.023552485915628467
v 0.0025581991672515873 0.050353498458862313 -0.023458744498697313
v -0.0025582021474838262 0.050353498458862313 -0.023458744498697313
v 0.0025581991672515873 0.049956755638122567 -0.023354436370340379
v -0.0025582021474838262 0.049956755638122567 -0.023354436370340379
v 0.0025581991672515873 0.049602389335632324 -0.023241692992654831
v -0.0025582021474838262 0.049602389335632324 -0.023241692992654831
v 0.0025581988692283636 0.047405047416687017 -0.022469490977731738
v -0.0025582018494606021 0.047405047416687017 -0.022469490977731738
v 0.0025581991672515873 0.053148994445800783 -0.018815230342355761
v 0.0025581991672515873 0.052946925163269043 -0.018825520488229781
v 0.0025581991672515873 0.052729797363281254 -0.018825696917978321
v 0.0025581988692283636 0.052502040863037114 -0.018815757247415577
v 0.0025581988692283636 0.052268276214599611 -0.018795904132333785
v 0.0025581988692283636 0.052033271789550785 -0.018766540500131639
v 0.0025581988692283636 0.051801815032958991 -0.018728265973535569
v 0.0025581988692283636 0.051578612327575692 -0.018681858989206344
v 0.0025581988692283636 0.051368203163146976 -0.018628262492624316
v 0.0025581991672515873 0.05117487907409668 -0.018568569632974659
v 0.0025581991672515873 0.056120543479919439 -0.017794792863336593
v 0.0025581991672515873 0.055970239639282229 -0.017901280137506519
v 0.0025581991672515873 0.055798473358154299 -0.018009165736642869
v 0.0025581988692283636 0.055608739852905278 -0.018116255017725021
v 0.0025581988692283636 0.055404891967773442 -0.0182203664507542
v 0.0025581988692283636 0.05519109249114991 -0.018319382878747972
v 0.0025581991672515873 0.05497169017791749 -0.018411287280527149
v 0.0025581991672515873 0.054751148223876958 -0.018494209262338669
v 0.0025581991672515873 0.054533958435058594 -0.018566458436456712
v 0.0025581991672515873 0.054324541091918949 -0.018626568528619797
v 0.0025581991672515873 0.054127163887023932 -0.018673311683145555
v 0.0025581991672515873 0.054324541091918949 -0.018626568528619797
v -0.0025582027435302737 0.054324541091918949 -0.018626568528619797
v 0.0025581991672515873 0.054533958435058594 -0.018566458436456712
v -0.0025582027435302737 0.054533958435058594 -0.018566458436456712
v 0.0025581991672515873 0.054751148223876958 -0.018494209262338669
v -0.0025582027435302737 0.054751148223876958 -0.018494209262338669
v 0.0025581991672515873 0.05497169017791749 -0.018411287280527149
v -0.0025582027435302737 0.05497169017791749 -0.018411287280527149
v 0.0025581988692283636 0.05519109249114991 -0.018319382878747972
v -0.0025582030415534974 0.05519109249114991 -0.018319382878747972
v 0.0025581988692283636 0.055404891967773442 -0.0182203664507542
v -0.0025582030415534974 0.055404891967773442 -0.0182203664507542
v 0.0025581988692283636 0.055608739852905278 -0.018116255017725021
v -0.0025582030415534974 0.055608739852905278 -0.018116255017725021
v 0.0025581991672515873 0.055798473358154299 -0.018009165736642869
v -0.0025582033395767216 0.055798473358154299 -0.018009165736642869
v 0.0025581991672515873 0.055970239639282229 -0.017901280137506519
v -0.0025582033395767216 0.055970239639282229 -0.017901280137506519
v -0.0025582027435302737 0.053331894874572766 -0.018795038672891649
v -0.0025582027435302737 0.053148994445800783 -0.018815230342355761
v 0.0025581991672515873 0.053148994445800783 -0.018815230342355761
v 0.0025581991672515873 0.053331894874572766 -0.018795038672891649
v -0.0025582027435302737 0.052946925163269043 -0.018825520488229781
v 0.0025581991672515873 0.052946925163269043 -0.018825520488229781
v -0.0025582027435302737 0.052729797363281254 -0.018825696917978321
v 0.0025581991672515873 0.052729797363281254 -0.018825696917978321
v -0.00255820244550705 0.052502040863037114 -0.018815757247415577
v 0.0025581988692283636 0.052502040863037114 -0.018815757247415577
v -0.00255820244550705 0.052268276214599611 -0.018795904132333785
v 0.0025581988692283636 0.052268276214599611 -0.018795904132333785
v -0.00255820244550705 0.052033271789550785 -0.018766540500131639
v 0.0025581988692283636 0.052033271789550785 -0.018766540500131639
v -0.00255820244550705 0.051801815032958991 -0.018728265973535569
v 0.0025581988692283636 0.051801815032958991 -0.018728265973535569
v -0.00255820244550705 0.051578612327575692 -0.018681858989206344
v 0.0025581988692283636 0.051578612327575692 -0.018681858989206344
v -0.00255820244550705 0.051368203163146976 -0.018628262492624316
v 0.0025581988692283636 0.051368203163146976 -0.018628262492624316
v -0.0025582021474838262 0.05117487907409668 -0.018568569632974659
v 0.0025581991672515873 0.05117487907409668 -0.018568569632974659
v -0.0025582021474838262 0.051002569198608405 -0.018503995152917896
v 0.0025581991672515873 0.051002569198608405 -0.018503995152917896
v -0.0025582021474838262 0.049826607704162605 -0.017920211764780078
v 0.0025581991672515873 0.049826607704162605 -0.017920211764780078
v 0.0025581991672515873 0.056441307067871094 -0.020435070010629684
v 0.0025581991672515873 0.056559877395629891 -0.020596517535654099
v 0.010858968496322632 0.056559877395629891 -0.020596517535654099
v 0.010858968496322632 0.056441307067871094 -0.020435070010629684
v 0.0025581991672515873 0.059808797836303718 -0.021370614978281053
v 0.0025581991672515873 0.057570276260375974 -0.021148947688547165
v 0.002558199465274811 0.057383108139038089 -0.021117071124521287
v 0.0025581988692283636 0.056202573776245129 -0.019702815028635058
v 0.002558199465274811 0.057198600769042977 -0.021059047194925341
v 0.0025581991672515873 0.056223974227905274 -0.019891463729349169
v 0.0025581991672515873 0.056271629333496102 -0.02007891556879619
v 0.002558199465274811 0.057020511627197269 -0.020976060840097462
v 0.0025581991672515873 0.056852455139160166 -0.020869795295206099
v 0.0025581991672515873 0.056344566345214842 -0.020261355849710498
v 0.0025581991672515873 0.056441307067871094 -0.020435070010629684
v 0.0025581991672515873 0.056697859764099127 -0.020742417785135303
v 0.0025581991672515873 0.056559877395629891 -0.020596517535654099
v 0.014616911411285403 0.056631598472595218 -0.017310962888208423
v 0.014616911411285403 0.056120543479919439 -0.017794792863336593
v 0.014616911411285403 0.056202573776245129 -0.019702815028635058
v 0.014616911411285403 0.056223974227905274 -0.019891463729349169
v 0.014616911411285403 0.056271629333496102 -0.02007891556879619
v 0.014616911411285403 0.056344566345214842 -0.020261355849710498
v 0.014616911411285403 0.056441307067871094 -0.020435070010629684
v 0.014616911411285403 0.056559877395629891 -0.020596517535654099
v 0.014616911411285403 0.056697859764099127 -0.020742417785135303
v 0.014616911411285403 0.056697859764099127 -0.020742417785135303
v 0.014616911411285403 0.056852455139160166 -0.020869795295206099
v 0.014616912603378296 0.057020511627197269 -0.020976060840097462
v 0.014616912603378296 0.057198600769042977 -0.021059047194925341
v 0.014616912603378296 0.057383108139038089 -0.021117071124521287
v 0.014616911411285403 0.057570276260375974 -0.021148947688547165
v 0.014616912603378296 0.059808797836303718 -0.021370614978281053
v 0.014616912603378296 0.060055570602417001 -0.021177128764596972
v 0.014616912603378296 0.06027600765228272 -0.020956076594797167
v 0.014616912603378296 0.06027600765228272 -0.020956076594797167
v 0.014616912603378296 0.060466890335083012 -0.020710681888071091
v 0.014616912603378296 0.060625429153442392 -0.020444523307291063
v 0.014616912603378296 0.060749316215515138 -0.020161484691110641
v 0.014616912603378296 0.060836753845214857 -0.019865690680948289
v 0.014616912603378296 0.06088644981384278 -0.019561453076807053
v 0.014616912603378296 0.060897693634033218 -0.019253213616815597
v 0.014616912603378296 0.060870313644409181 -0.018945462914911303
v 0.014616912603378296 0.060804710388183608 -0.018642690392938643
v 0.014616912603378296 0.060804710388183608 -0.018642690392938643
v 0.014616912603378296 0.060701847076416016 -0.018349309178796798
v 0.014616912603378296 0.060563211441040044 -0.018069600078073532
v 0.014616912603378296 0.06039019584655763 -0.017806774589029344
v 0.014616912603378296 0.060181846618652349 -0.017561404916254075
v 0.014616912603378296 0.059945030212402356 -0.017343512984720262
v 0.014616912603378296 0.059683198928833017 -0.017156276914087325
v 0.014616912603378296 0.059400167465209965 -0.017002425404993089
v 0.014616912603378296 0.05910005569458008 -0.016884204360452681
v 0.014616912603378296 0.05910005569458008 -0.016884204360452681
v 0.014616912603378296 0.05878725051879883 -0.016803335162607222
v 0.014616911411285403 0.058466315269470215 -0.016761000367609056
v 0.014616911411285403 0.058141918182373055 -0.016757812711206466
v 0.014616911411285403 0.057818799018859869 -0.016793821069208174
v 0.014616911411285403 0.05750166893005372 -0.016868503304925949
v 0.014616911411285403 0.057195148468017577 -0.016980763884988814
v 0.014616911411285403 0.056903705596923829 -0.01712897202631572
v 0.010858969688415529 0.05910005569458008 -0.016884204360452681
v 0.010858969688415529 0.059400167465209965 -0.017002425404993089
v 0.010858969688415529 0.060749316215515138 -0.020161484691110641
v 0.010858969688415529 0.060625429153442392 -0.020444523307291063
v 0.013849408626556398 0.059400167465209965 -0.017002425404993089
v 0.013849408626556398 0.05910005569458008 -0.016884204360452681
v 0.014616912603378296 0.05910005569458008 -0.016884204360452681
v 0.014616912603378296 0.059400167465209965 -0.017002425404993089
v 0.010858969688415529 0.059683198928833017 -0.017156276914087325
v 0.010858969688415529 0.060466890335083012 -0.020710681888071091
v 0.013849408626556398 0.05878725051879883 -0.016803335162607222
v 0.014616912603378296 0.05878725051879883 -0.016803335162607222
v 0.010858969688415529 0.05878725051879883 -0.016803335162607222
v 0.0025581991672515873 0.056120543479919439 -0.017794792863336593
v 0.0025581988692283636 0.056202573776245129 -0.019702815028635058
v 0.010858968496322632 0.056202573776245129 -0.019702815028635058
v 0.010858968496322632 0.056120543479919439 -0.017794792863336593
v 0.010858969688415529 0.060836753845214857 -0.019865690680948289
v 0.013849407434463501 0.058466315269470215 -0.016761000367609056
v 0.014616911411285403 0.058466315269470215 -0.016761000367609056
v 0.010858968496322632 0.058466315269470215 -0.016761000367609056
v 0.010858969688415529 0.06088644981384278 -0.019561453076807053
v 0.010858968496322632 0.056120543479919439 -0.017794792863336593
v 0.010858968496322632 0.056631598472595218 -0.017310962888208423
v 0.010858968496322632 0.058141918182373055 -0.016757812711206466
v 0.010858969688415529 0.060897693634033218 -0.019253213616815597
v 0.010858968496322632 0.057818799018859869 -0.016793821069208174
v 0.010858969688415529 0.060055570602417001 -0.021177128764596972
v 0.010858969688415529 0.059808797836303718 -0.021370614978281053
v 0.010858969688415529 0.060870313644409181 -0.018945462914911303
v 0.010858968496322632 0.05750166893005372 -0.016868503304925949
v 0.013849408626556398 0.060870313644409181 -0.018945462914911303
v 0.013849408626556398 0.060804710388183608 -0.018642690392938643
v 0.014616912603378296 0.060804710388183608 -0.018642690392938643
v 0.014616912603378296 0.060870313644409181 -0.018945462914911303
v 0.010858969688415529 0.060804710388183608 -0.018642690392938643
v 0.010858968496322632 0.057195148468017577 -0.016980763884988814
v 0.013849408626556398 0.060701847076416016 -0.018349309178796798
v 0.014616912603378296 0.060701847076416016 -0.018349309178796798
v 0.010858969688415529 0.060181846618652349 -0.017561404916254075
v 0.010858969688415529 0.06039019584655763 -0.017806774589029344
v 0.010858969688415529 0.060701847076416016 -0.018349309178796798
v 0.010858968496322632 0.056903705596923829 -0.01712897202631572
v 0.013849408626556398 0.06039019584655763 -0.017806774589029344
v 0.013849408626556398 0.060181846618652349 -0.017561404916254075
v 0.014616912603378296 0.060181846618652349 -0.017561404916254075
v 0.014616912603378296 0.06039019584655763 -0.017806774589029344
v 0.0025581991672515873 0.056852455139160166 -0.020869795295206099
v 0.002558199465274811 0.057020511627197269 -0.020976060840097462
v 0.010858969688415529 0.057020511627197269 -0.020976060840097462
v 0.010858968496322632 0.056852455139160166 -0.020869795295206099
v 0.013849408626556398 0.060836753845214857 -0.019865690680948289
v 0.013849408626556398 0.06088644981384278 -0.019561453076807053
v 0.014616912603378296 0.06088644981384278 -0.019561453076807053
v 0.014616912603378296 0.060836753845214857 -0.019865690680948289
v 0.0025581991672515873 0.056697859764099127 -0.020742417785135303
v 0.010858968496322632 0.056697859764099127 -0.020742417785135303
v 0.010858969688415529 0.060563211441040044 -0.018069600078073532
v 0.0025581991672515873 0.057570276260375974 -0.021148947688547165
v 0.0025581991672515873 0.059808797836303718 -0.021370614978281053
v 0.010858969688415529 0.059808797836303718 -0.021370614978281053
v 0.010858968496322632 0.057570276260375974 -0.021148947688547165
v 0.013849408626556398 0.059945030212402356 -0.017343512984720262
v 0.014616912603378296 0.059945030212402356 -0.017343512984720262
v 0.010858969688415529 0.059945030212402356 -0.017343512984720262
v 0.010858969688415529 0.06027600765228272 -0.020956076594797167
v 0.0025581991672515873 0.056344566345214842 -0.020261355849710498
v 0.010858968496322632 0.056344566345214842 -0.020261355849710498
v 0.013849408626556398 0.060625429153442392 -0.020444523307291063
v 0.013849408626556398 0.060749316215515138 -0.020161484691110641
v 0.014616912603378296 0.060749316215515138 -0.020161484691110641
v 0.014616912603378296 0.060625429153442392 -0.020444523307291063
v 0.0025581991672515873 0.056223974227905274 -0.019891463729349169
v 0.0025581991672515873 0.056271629333496102 -0.02007891556879619
v 0.010858968496322632 0.056271629333496102 -0.02007891556879619
v 0.010858968496322632 0.056223974227905274 -0.019891463729349169
v 0.013849408626556398 0.06027600765228272 -0.020956076594797167
v 0.013849408626556398 0.060466890335083012 -0.020710681888071091
v 0.014616912603378296 0.060466890335083012 -0.020710681888071091
v 0.014616912603378296 0.06027600765228272 -0.020956076594797167
v 0.013849408626556398 0.059683198928833017 -0.017156276914087325
v 0.014616912603378296 0.059683198928833017 -0.017156276914087325
v 0.013849408626556398 0.060055570602417001 -0.021177128764596972
v 0.014616912603378296 0.060055570602417001 -0.021177128764596972
v 0.013849407434463501 0.056559877395629891 -0.020596517535654099
v 0.013849407434463501 0.056697859764099127 -0.020742417785135303
v 0.014616911411285403 0.056697859764099127 -0.020742417785135303
v 0.014616911411285403 0.056559877395629891 -0.020596517535654099
v 0.002558199465274811 0.057383108139038089 -0.021117071124521287
v 0.010858969688415529 0.057383108139038089 -0.021117071124521287
v 0.013849407434463501 0.056852455139160166 -0.020869795295206099
v 0.014616911411285403 0.056852455139160166 -0.020869795295206099
v 0.013849408626556398 0.057020511627197269 -0.020976060840097462
v 0.014616912603378296 0.057020511627197269 -0.020976060840097462
v 0.013849407434463501 0.056903705596923829 -0.01712897202631572
v 0.013849407434463501 0.056631598472595218 -0.017310962888208423
v 0.014616911411285403 0.056631598472595218 -0.017310962888208423
v 0.014616911411285403 0.056631598472595218 -0.017310962888208423
v 0.014616911411285403 0.056903705596923829 -0.01712897202631572
v 0.013849408626556398 0.060563211441040044 -0.018069600078073532
v 0.014616912603378296 0.060563211441040044 -0.018069600078073532
v 0.013849408626556398 0.057198600769042977 -0.021059047194925341
v 0.014616912603378296 0.057198600769042977 -0.021059047194925341
v 0.002558199465274811 0.057198600769042977 -0.021059047194925341
v 0.010858969688415529 0.057198600769042977 -0.021059047194925341
v 0.013849407434463501 0.057195148468017577 -0.016980763884988814
v 0.014616911411285403 0.057195148468017577 -0.016980763884988814
v 0.013849408626556398 0.057383108139038089 -0.021117071124521287
v 0.014616912603378296 0.057383108139038089 -0.021117071124521287
v 0.013849407434463501 0.05750166893005372 -0.016868503304925949
v 0.014616911411285403 0.05750166893005372 -0.016868503304925949
v 0.013849407434463501 0.057570276260375974 -0.021148947688547165
v 0.014616911411285403 0.057570276260375974 -0.021148947688547165
v 0.013849408626556398 0.059808797836303718 -0.021370614978281053
v 0.014616912603378296 0.059808797836303718 -0.021370614978281053
v 0.013849407434463501 0.057818799018859869 -0.016793821069208174
v 0.014616911411285403 0.057818799018859869 -0.016793821069208174
v 0.013849408626556398 0.059808797836303718 -0.021370614978281053
v 0.014616912603378296 0.059808797836303718 -0.021370614978281053
v 0.013849408626556398 0.060897693634033218 -0.019253213616815597
v 0.014616912603378296 0.060897693634033218 -0.019253213616815597
v 0.013849407434463501 0.058141918182373055 -0.016757812711206466
v 0.014616911411285403 0.058141918182373055 -0.016757812711206466
v 0.013849407434463501 0.056120543479919439 -0.017794792863336593
v 0.013849407434463501 0.056202573776245129 -0.019702815028635058
v 0.014616911411285403 0.056202573776245129 -0.019702815028635058
v 0.014616911411285403 0.056120543479919439 -0.017794792863336593
v 0.013849407434463501 0.056223974227905274 -0.019891463729349169
v 0.014616911411285403 0.056223974227905274 -0.019891463729349169
v 0.013849407434463501 0.056120543479919439 -0.017794792863336593
v 0.014616911411285403 0.056120543479919439 -0.017794792863336593
v 0.013849407434463501 0.056271629333496102 -0.02007891556879619
v 0.014616911411285403 0.056271629333496102 -0.02007891556879619
v 0.013849407434463501 0.056344566345214842 -0.020261355849710498
v 0.014616911411285403 0.056344566345214842 -0.020261355849710498
v 0.013849407434463501 0.056441307067871094 -0.020435070010629684
v 0.014616911411285403 0.056441307067871094 -0.020435070010629684
v 0.010858968496322632 0.057818799018859869 -0.016793821069208174
v 0.010858968496322632 0.05750166893005372 -0.016868503304925949
v 0.010858968496322632 0.057633523941040044 -0.017308483334985764
v 0.010858968496322632 0.057897019386291507 -0.017246426555124317
v 0.013849407434463501 0.056223974227905274 -0.019891463729349169
v 0.013849407434463501 0.056202573776245129 -0.019702815028635058
v 0.013849407434463501 0.05666049957275391 -0.019667042705026658
v 0.013849407434463501 0.05667579174041748 -0.019808804007974655
v 0.013849407434463501 0.056441307067871094 -0.020435070010629684
v 0.013849407434463501 0.056344566345214842 -0.020261355849710498
v 0.013849407434463501 0.056759300231933596 -0.020063964339700729
v 0.013849407434463501 0.056827812194824225 -0.020186904880014449
v 0.010858969688415529 0.059683198928833017 -0.017156276914087325
v 0.010858969688415529 0.059400167465209965 -0.017002425404993089
v 0.010858969688415529 0.059205946922302244 -0.017418657752481491
v 0.010858969688415529 0.059439473152160652 -0.017545594188180955
v 0.013849408626556398 0.06027600765228272 -0.020956076594797167
v 0.013849408626556398 0.060055570602417001 -0.021177128764596972
v 0.013849408626556398 0.059750680923461919 -0.020833598586526905
v 0.013849408626556398 0.059931459426879885 -0.020652333709207566
v 0.013849408626556398 0.060563211441040044 -0.018069600078073532
v 0.013849408626556398 0.060701847076416016 -0.018349309178796798
v 0.013849408626556398 0.06027855396270753 -0.018527618857828172
v 0.013849408626556398 0.060164880752563481 -0.018298289987054857
v 0.013849407434463501 0.05750166893005372 -0.016868503304925949
v 0.013849407434463501 0.057818799018859869 -0.016793821069208174
v 0.013849407434463501 0.057897019386291507 -0.017246426555124317
v 0.013849407434463501 0.057633523941040044 -0.017308483334985764
v 0.010858969688415529 0.05878725051879883 -0.016803335162607222
v 0.010858968496322632 0.058466315269470215 -0.016761000367609056
v 0.010858968496322632 0.058433966636657723 -0.017219175311533004
v 0.010858969688415529 0.058699569702148437 -0.017254204961267505
v 0.013849408626556398 0.059400167465209965 -0.017002425404993089
v 0.013849408626556398 0.059683198928833017 -0.017156276914087325
v 0.013849408626556398 0.059439473152160652 -0.017545594188180955
v 0.013849408626556398 0.059205946922302244 -0.017418657752481491
v 0.010858968496322632 0.056441307067871094 -0.020435070010629684
v 0.010858968496322632 0.056559877395629891 -0.020596517535654099
v 0.010858968496322632 0.056912512779235848 -0.020302208873239549
v 0.010858968496322632 0.056827812194824225 -0.020186904880014449
v 0.010858969688415529 0.057383108139038089 -0.021117071124521287
v 0.010858968496322632 0.057570276260375974 -0.021148947688547165
v 0.010858968496322632 0.05763150215148926 -0.020693730327096971
v 0.010858969688415529 0.057490806579589854 -0.02067056080957988
v 0.010858969688415529 0.060466890335083012 -0.020710681888071091
v 0.010858969688415529 0.060625429153442392 -0.020444523307291063
v 0.010858969688415529 0.060216941833496102 -0.020234500380960495
v 0.010858969688415529 0.060087580680847179 -0.020451652022806202
v 0.010858968496322632 0.056903705596923829 -0.01712897202631572
v 0.010858968496322632 0.056631598472595218 -0.017310962888208423
v 0.010858968496322632 0.056918182373046883 -0.017669906827417405
v 0.010858968496322632 0.057135896682739266 -0.017525279733148609
v 0.013849407434463501 0.057570276260375974 -0.021148947688547165
v 0.013849408626556398 0.057383108139038089 -0.021117071124521287
v 0.013849408626556398 0.057490806579589854 -0.02067056080957988
v 0.013849407434463501 0.05763150215148926 -0.020693730327096971
v 0.013849407434463501 0.058466315269470215 -0.016761000367609056
v 0.013849408626556398 0.05878725051879883 -0.016803335162607222
v 0.013849408626556398 0.058699569702148437 -0.017254204961267505
v 0.013849407434463501 0.058433966636657723 -0.017219175311533004
v 0.013849408626556398 0.060625429153442392 -0.020444523307291063
v 0.013849408626556398 0.060466890335083012 -0.020710681888071091
v 0.013849408626556398 0.060087580680847179 -0.020451652022806202
v 0.013849408626556398 0.060216941833496102 -0.020234500380960495
v 0.013849407434463501 0.056559877395629891 -0.020596517535654099
v 0.013849407434463501 0.056912512779235848 -0.020302208873239549
v 0.010858969688415529 0.060836753845214857 -0.019865690680948289
v 0.010858969688415529 0.06088644981384278 -0.019561453076807053
v 0.010858969688415529 0.060429391860961926 -0.019515967580286057
v 0.010858969688415529 0.060388975143432624 -0.019763366195169482
v 0.010858968496322632 0.056271629333496102 -0.02007891556879619
v 0.010858968496322632 0.056344566345214842 -0.020261355849710498
v 0.010858968496322632 0.056759300231933596 -0.020063964339700729
v 0.010858968496322632 0.056708397865295412 -0.019936772796121629
v 0.013849407434463501 0.056631598472595218 -0.017310962888208423
v 0.013849407434463501 0.056903705596923829 -0.01712897202631572
v 0.013849407434463501 0.057135896682739266 -0.017525279733148609
v 0.013849407434463501 0.056918182373046883 -0.017669906827417405
v 0.010858969688415529 0.060870313644409181 -0.018945462914911303
v 0.010858969688415529 0.060804710388183608 -0.018642690392938643
v 0.010858969688415529 0.06036269187927247 -0.018767549010721238
v 0.010858969688415529 0.060416231155395517 -0.019014579268899948
v 0.013849407434463501 0.056271629333496102 -0.02007891556879619
v 0.013849407434463501 0.056708397865295412 -0.019936772796121629
v 0.010858969688415529 0.059945030212402356 -0.017343512984720262
v 0.010858969688415529 0.059655399322509774 -0.017700001212564501
v 0.013849408626556398 0.06088644981384278 -0.019561453076807053
v 0.013849408626556398 0.060836753845214857 -0.019865690680948289
v 0.013849408626556398 0.060388975143432624 -0.019763366195169482
v 0.013849408626556398 0.060429391860961926 -0.019515967580286057
v 0.010858968496322632 0.056852455139160166 -0.020869795295206099
v 0.010858969688415529 0.057020511627197269 -0.020976060840097462
v 0.010858969688415529 0.057240695953369149 -0.020572964164224654
v 0.010858968496322632 0.057121763229370119 -0.02049771449228862
v 0.013849408626556398 0.060804710388183608 -0.018642690392938643
v 0.013849408626556398 0.060870313644409181 -0.018945462914911303
v 0.013849408626556398 0.060416231155395517 -0.019014579268899948
v 0.013849408626556398 0.06036269187927247 -0.018767549010721238
v 0.010858968496322632 0.056120543479919439 -0.017794792863336593
v 0.010858968496322632 0.056202573776245129 -0.019702815028635058
v 0.010858968496322632 0.05666049957275391 -0.019667042705026658
v 0.010858968496322632 0.056546258926391604 -0.017967248174158131
v 0.010858969688415529 0.05910005569458008 -0.016884204360452681
v 0.010858969688415529 0.058958139419555668 -0.017321043225732836
v 0.013849408626556398 0.059945030212402356 -0.017343512984720262
v 0.013849408626556398 0.059655399322509774 -0.017700001212564501
v 0.013849408626556398 0.057020511627197269 -0.020976060840097462
v 0.013849407434463501 0.056852455139160166 -0.020869795295206099
v 0.013849407434463501 0.057121763229370119 -0.02049771449228862
v 0.013849408626556398 0.057240695953369149 -0.020572964164224654
v 0.010858968496322632 0.057195148468017577 -0.016980763884988814
v 0.010858968496322632 0.057378559112548834 -0.017401871892419846
v 0.013849407434463501 0.056120543479919439 -0.017794792863336593
v 0.013849407434463501 0.056546258926391604 -0.017967248174158131
v 0.013849408626556398 0.05910005569458008 -0.016884204360452681
v 0.013849408626556398 0.058958139419555668 -0.017321043225732836
v 0.010858969688415529 0.06027600765228272 -0.020956076594797167
v 0.010858969688415529 0.059931459426879885 -0.020652333709207566
v 0.010858968496322632 0.056697859764099127 -0.020742417785135303
v 0.010858968496322632 0.057011356353759771 -0.020406724425760303
v 0.013849407434463501 0.057195148468017577 -0.016980763884988814
v 0.013849407434463501 0.057378559112548834 -0.017401871892419846
v 0.010858969688415529 0.060749316215515138 -0.020161484691110641
v 0.010858969688415529 0.060317850112915045 -0.020003990146127734
v 0.013849407434463501 0.056697859764099127 -0.020742417785135303
v 0.013849407434463501 0.057011356353759771 -0.020406724425760303
v 0.010858969688415529 0.057198600769042977 -0.021059047194925341
v 0.010858969688415529 0.057364854812622074 -0.020630878421274215
v 0.010858968496322632 0.058141918182373055 -0.016757812711206466
v 0.010858968496322632 0.058165140151977546 -0.017216540786233935
v 0.013849408626556398 0.060087580680847179 -0.020451652022806202
v 0.013849408626556398 0.059931459426879885 -0.020652333709207566
v 0.010858969688415529 0.059931459426879885 -0.020652333709207566
v 0.010858969688415529 0.060087580680847179 -0.020451652022806202
v 0.013849408626556398 0.059439473152160652 -0.017545594188180955
v 0.013849408626556398 0.059655399322509774 -0.017700001212564501
v 0.010858969688415529 0.059655399322509774 -0.017700001212564501
v 0.010858969688415529 0.059439473152160652 -0.017545594188180955
v 0.013849407434463501 0.056912512779235848 -0.020302208873239549
v 0.013849407434463501 0.056827812194824225 -0.020186904880014449
v 0.010858968496322632 0.056827812194824225 -0.020186904880014449
v 0.010858968496322632 0.056912512779235848 -0.020302208873239549
v 0.013849408626556398 0.059750680923461919 -0.020833598586526905
v 0.010858969688415529 0.059750680923461919 -0.020833598586526905
v 0.013849408626556398 0.059850664138793953 -0.017879657956567797
v 0.010858969688415529 0.059850664138793953 -0.017879657956567797
v 0.013849407434463501 0.057011356353759771 -0.020406724425760303
v 0.010858968496322632 0.057011356353759771 -0.020406724425760303
v 0.013849408626556398 0.059680485725402833 -0.020929588290658982
v 0.010858969688415529 0.059680485725402833 -0.020929588290658982
v 0.013849408626556398 0.060022625923156749 -0.018082210036722217
v 0.010858969688415529 0.060022625923156749 -0.018082210036722217
v 0.013849407434463501 0.057121763229370119 -0.02049771449228862
v 0.010858968496322632 0.057121763229370119 -0.02049771449228862
v 0.013849408626556398 0.057240695953369149 -0.020572964164224654
v 0.010858969688415529 0.057240695953369149 -0.020572964164224654
v 0.013849407434463501 0.056918182373046883 -0.017669906827417405
v 0.013849407434463501 0.057135896682739266 -0.017525279733148609
v 0.010858968496322632 0.057135896682739266 -0.017525279733148609
v 0.010858968496322632 0.056918182373046883 -0.017669906827417405
v 0.013849408626556398 0.060164880752563481 -0.018298289987054857
v 0.013849408626556398 0.06027855396270753 -0.018527618857828172
v 0.010858969688415529 0.06027855396270753 -0.018527618857828172
v 0.010858969688415529 0.060164880752563481 -0.018298289987054857
v 0.013849408626556398 0.057364854812622074 -0.020630878421274215
v 0.010858969688415529 0.057364854812622074 -0.020630878421274215
v 0.013849407434463501 0.057378559112548834 -0.017401871892419846
v 0.010858968496322632 0.057378559112548834 -0.017401871892419846
v 0.013849408626556398 0.06036269187927247 -0.018767549010721238
v 0.010858969688415529 0.06036269187927247 -0.018767549010721238
v 0.013849408626556398 0.057490806579589854 -0.02067056080957988
v 0.010858969688415529 0.057490806579589854 -0.02067056080957988
v 0.013849407434463501 0.057633523941040044 -0.017308483334985764
v 0.010858968496322632 0.057633523941040044 -0.017308483334985764
v 0.013849408626556398 0.060416231155395517 -0.019014579268899948
v 0.010858969688415529 0.060416231155395517 -0.019014579268899948
v 0.013849407434463501 0.05763150215148926 -0.020693730327096971
v 0.010858968496322632 0.05763150215148926 -0.020693730327096971
v 0.013849407434463501 0.057897019386291507 -0.017246426555124317
v 0.010858968496322632 0.057897019386291507 -0.017246426555124317
v 0.013849408626556398 0.060438532829284679 -0.019265215608087572
v 0.010858969688415529 0.060438532829284679 -0.019265215608087572
v 0.013849408626556398 0.059680485725402833 -0.020929588290658982
v 0.010858969688415529 0.059680485725402833 -0.020929588290658982
v 0.013849407434463501 0.058165140151977546 -0.017216540786233935
v 0.010858968496322632 0.058165140151977546 -0.017216540786233935
v 0.013849408626556398 0.060429391860961926 -0.019515967580286057
v 0.010858969688415529 0.060429391860961926 -0.019515967580286057
v 0.013849407434463501 0.058433966636657723 -0.017219175311533004
v 0.010858968496322632 0.058433966636657723 -0.017219175311533004
v 0.013849407434463501 0.05666049957275391 -0.019667042705026658
v 0.013849407434463501 0.056546258926391604 -0.017967248174158131
v 0.010858968496322632 0.056546258926391604 -0.017967248174158131
v 0.010858968496322632 0.05666049957275391 -0.019667042705026658
v 0.013849408626556398 0.060388975143432624 -0.019763366195169482
v 0.010858969688415529 0.060388975143432624 -0.019763366195169482
v 0.013849408626556398 0.058699569702148437 -0.017254204961267505
v 0.010858969688415529 0.058699569702148437 -0.017254204961267505
v 0.013849407434463501 0.05667579174041748 -0.019808804007974655
v 0.010858968496322632 0.05667579174041748 -0.019808804007974655
v 0.013849408626556398 0.060317850112915045 -0.020003990146127734
v 0.010858969688415529 0.060317850112915045 -0.020003990146127734
v 0.013849407434463501 0.056546258926391604 -0.017967248174158131
v 0.010858968496322632 0.056546258926391604 -0.017967248174158131
v 0.013849408626556398 0.058958139419555668 -0.017321043225732836
v 0.010858969688415529 0.058958139419555668 -0.017321043225732836
v 0.013849407434463501 0.056708397865295412 -0.019936772796121629
v 0.010858968496322632 0.056708397865295412 -0.019936772796121629
v 0.013849408626556398 0.060216941833496102 -0.020234500380960495
v 0.010858969688415529 0.060216941833496102 -0.020234500380960495
v 0.013849408626556398 0.059205946922302244 -0.017418657752481491
v 0.010858969688415529 0.059205946922302244 -0.017418657752481491
v 0.013849407434463501 0.056759300231933596 -0.020063964339700729
v 0.010858968496322632 0.056759300231933596 -0.020063964339700729
v 0.010858969688415529 0.060701847076416016 -0.018349309178796798
v 0.010858969688415529 0.060563211441040044 -0.018069600078073532
v 0.010858969688415529 0.060164880752563481 -0.018298289987054857
v 0.010858969688415529 0.06027855396270753 -0.018527618857828172
v 0.010858969688415529 0.060055570602417001 -0.021177128764596972
v 0.010858969688415529 0.059750680923461919 -0.020833598586526905
v 0.010858968496322632 0.056223974227905274 -0.019891463729349169
v 0.010858968496322632 0.05667579174041748 -0.019808804007974655
v 0.013849408626556398 0.060897693634033218 -0.019253213616815597
v 0.013849408626556398 0.060438532829284679 -0.019265215608087572
v 0.013849408626556398 0.060181846618652349 -0.017561404916254075
v 0.013849408626556398 0.059850664138793953 -0.017879657956567797
v 0.013849408626556398 0.060749316215515138 -0.020161484691110641
v 0.013849408626556398 0.060317850112915045 -0.020003990146127734
v 0.013849408626556398 0.057198600769042977 -0.021059047194925341
v 0.013849408626556398 0.057364854812622074 -0.020630878421274215
v 0.010858969688415529 0.060897693634033218 -0.019253213616815597
v 0.010858969688415529 0.060438532829284679 -0.019265215608087572
v 0.010858969688415529 0.060181846618652349 -0.017561404916254075
v 0.010858969688415529 0.059850664138793953 -0.017879657956567797
v 0.013849408626556398 0.059808797836303718 -0.021370614978281053
v 0.013849408626556398 0.059680485725402833 -0.020929588290658982
v 0.010858969688415529 0.059808797836303718 -0.021370614978281053
v 0.010858969688415529 0.059680485725402833 -0.020929588290658982
v 0.013849407434463501 0.058141918182373055 -0.016757812711206466
v 0.013849407434463501 0.058165140151977546 -0.017216540786233935
v 0.013849408626556398 0.06039019584655763 -0.017806774589029344
v 0.013849408626556398 0.060022625923156749 -0.018082210036722217
v 0.010858969688415529 0.06039019584655763 -0.017806774589029344
v 0.010858969688415529 0.060022625923156749 -0.018082210036722217
v -0.0025582009553909305 0.041899929046630868 -0.018945694180933031
v -0.0025582015514373779 0.04461833477020264 -0.014808699103799852
v -0.0025582021474838262 0.049826607704162605 -0.017920211764780078
v -0.0025582018494606021 0.047405047416687017 -0.022469490977731738
v -0.00255820244550705 0.052078094482421879 -0.020186702224222215
v -0.0025582027435302737 0.053331894874572766 -0.018795038672891649
v -0.0025582027435302737 0.053945837020874021 -0.018705737801996261
v -0.0025582030415534974 0.0555301856994629 -0.019687222453561817
v -0.0025582033395767216 0.056031498908996585 -0.021118582698312793
v -0.0025582027435302737 0.054357538223266604 -0.02375318190714458
v -0.00255820244550705 0.052017102241516115 -0.021602879973856005
v -0.0025582015514373779 0.04461833477020264 0.0093976376328792285
v -0.0025582021474838262 0.049855103492736821 0.01067008831838033
v -0.0025581967830657962 0.013578833341598512 0.0025509486470546433
v -0.0025581967830657962 0.01413824200630188 0.0041287062440242481
v -0.0025581976771354678 0.020066163539886477 0.003937730577978105
v -0.0025581973791122441 0.017218555212020877 0.0084841332707729054
v -0.0025581967830657962 0.012499917745590212 0.012251885918172806
v -0.0025581967830657962 0.014878103733062746 0.030887721565755817
v -0.0025581973791122441 0.017247295379638674 0.031283124474081013
v -0.0025581973791122441 0.019509119987487795 0.02669100859502218
v -0.0025582009553909305 0.040517692565917973 0.013820746925863239
v -0.0025582018494606021 0.047583417892456063 0.015411637810262654
v -0.002558200359344483 0.01637747168540955 -0.027716206523386033
v -0.002558200359344483 0.018531763553619386 -0.032421788188425102
v -0.002558200359344483 0.018194905519485476 -0.032521430465189016
v -0.002558200359344483 0.017860921621322634 -0.032587269755807904
v -0.002558200359344483 0.017532660961151126 -0.032618755313364063
v -0.002558200359344483 0.017212923765182499 -0.032615612956491499
v -0.002558200359344483 0.016904437541961671 -0.032577871295419725
v -0.002558200359344483 0.01660983681678772 -0.032505849811044721
v -0.002558200359344483 0.016331634521484378 -0.032400166007486381
v -0.002558200359344483 0.016072200536727907 -0.03226172110697368
v -0.002558200359344483 0.01583375096321106 -0.032091692897287402
v -0.0025582000613212589 0.015618320703506473 -0.031891538115945847
v -0.0025582000613212589 0.015427746772766116 -0.031662959071603811
v -0.0025582000613212589 0.015263655185699465 -0.031407908412424121
v -0.0025582000613212589 0.015127445459365847 -0.031128562900033983
v -0.0025582000613212589 0.015020279884338381 -0.030827301951852834
v -0.0025582000613212589 0.014943073987960818 -0.030506702872720753
v -0.0025582000613212589 0.01489648461341858 -0.030169493171182667
v -0.0025582000613212589 0.014880911111831666 -0.02981294057032207
v -0.0025582000613212589 0.014896146059036256 -0.029582501861063037
v -0.0025582000613212589 0.014941533803939819 -0.029346281501260792
v -0.0025582000613212589 0.015016154050827027 -0.029109090777841601
v -0.0025582000613212589 0.015118485689163208 -0.028875762435403858
v -0.0025582000613212589 0.015246448516845704 -0.02865104100367168
v -0.0025582000613212589 0.015397434234619143 -0.028439504119363818
v -0.0025582000613212589 0.015568370819091799 -0.028245457622018848
v -0.002558200359344483 0.015755779743194583 -0.028072852107492479
v -0.002558200359344483 0.015955842733383182 -0.027925197097269091
v -0.002558200359344483 0.016164489984512333 -0.027805503818002734
v -0.00255820244550705 0.051897568702697766 0.016302171734365434
v -0.0025582030415534974 0.055200891494750985 0.013715423134359334
v -0.0025582027435302737 0.054738678932189949 0.01171355584004781
v -0.0025581964850425725 0.011762708425521851 0.0069476328168239301
v -0.0025581973791122441 0.018964706659317019 0.03285305359700582
v -0.00255820244550705 0.051804122924804685 0.021996048477682086
v -0.00255820244550705 0.051825141906738287 0.02237742522099874
v -0.00255820244550705 0.051900291442871095 0.02275103905537984
v -0.00255820244550705 0.051900291442871095 0.02275103905537984
v -0.00255820244550705 0.052028050422668462 0.023109286812337849
v -0.00255820244550705 0.052205810546875002 0.023444868114980671
v -0.0025582027435302737 0.052429952621459969 0.023750959423574421
v -0.0025582027435302737 0.052695918083190921 0.024021323708089799
v -0.0025582027435302737 0.052998285293579112 0.024250458267721146
v -0.0025582027435302737 0.053330907821655275 0.024433702019247029
v -0.0025582027435302737 0.053687009811401371 0.024567321327718709
v -0.0025582027435302737 0.054059343338012704 0.024648595837148644
v -0.0025582027435302737 0.054430036544799811 0.024675870922597862
v -0.0025582027435302737 0.054811468124389653 0.024648591068777058
v -0.0025582027435302737 0.05518513202667237 0.024567304638418171
v -0.0025582030415534974 0.055543427467346196 0.024433668640645952
v -0.0025582030415534974 0.055879054069519041 0.024250401047262164
v -0.0025582030415534974 0.056185183525085447 0.024021235493215533
v -0.0025582030415534974 0.056455583572387703 0.023750833061727497
v -0.0025582033395767216 0.056684751510620128 0.023444703606161091
v -0.0025582033395767216 0.056868019104003908 0.023109077003988239
v -0.0025582033395767216 0.057001657485961921 0.022750781563314414
v -0.0025582033395767216 0.057082939147949222 0.022377115276845903
v -0.0025582033395767216 0.057110223770141605 0.021995686081441854
v -0.0025582033395767216 0.057110223770141605 0.014645355728658646
v -0.0025582021474838262 0.051002569198608405 -0.018503995152917896
v -0.0025582021474838262 0.049602389335632324 -0.023241692992654831
v -0.0025582027435302737 0.055076189041137702 0.011810356167348834
v -0.0025582030415534974 0.05540681838989258 0.011954549339803666
v -0.0025582030415534974 0.055723857879638676 0.012143207577260944
v -0.0025582033395767216 0.056020832061767584 0.012372485188039753
v -0.0025582033395767216 0.056291713714599616 0.012637716320547075
v -0.0025582033395767216 0.05653097152709962 0.012933500793966265
v -0.0025582033395767216 0.056733751296997072 0.013253820923360797
v -0.0025582033395767216 0.056895914077758791 0.01359215119222066
v -0.0025582033395767216 0.057014160156250007 0.013941608456167195
v -0.0025582033395767216 0.057086086273193365 0.014295075920614214
v -0.0025581973791122441 0.018452837467193606 0.033119648483785603
v -0.0025581973791122441 0.017940647602081302 0.033296659973653768
v -0.0025581973791122441 0.017438564300537109 0.033380473640951133
v -0.0025581973791122441 0.016956809759140015 0.03336939194539449
v -0.0025581973791122441 0.01650518894195557 0.033263629463705036
v -0.0025581970810890199 0.016092896461486816 0.033065351036581009
v -0.0025581970810890199 0.015728325843811036 0.032778590706380818
v -0.0025581967830657962 0.01541889548301697 0.032409175423177693
v -0.0025581967830657962 0.015170910358428958 0.03196463921407125
v -0.0025581967830657962 0.014989414215087891 0.03145402291158101
v -0.0025581964850425725 0.011731055974960328 0.0065421257291164124
v -0.0025581964850425725 0.011744742393493653 0.006110949305089923
v -0.0025581967830657962 0.011803489923477174 0.005662878540548295
v -0.0025581967830657962 0.011906102895736695 0.0052070377145137497
v -0.0025581967830657962 0.012050492763519289 0.0047527036938991244
v -0.0025581967830657962 0.012233719825744629 0.0043091283116664589
v -0.0025581967830657962 0.012452054023742677 0.0038853392873134315
v -0.0025581967830657962 0.01270105004310608 0.0034899626050319387
v -0.0025581967830657962 0.012975640296936037 0.0031310508523311326
v -0.0025581967830657962 0.013270233869552615 0.0028159079823817917
v -0.0025582021474838262 0.049956755638122567 -0.023354436370340379
v -0.0025582021474838262 0.050353498458862313 -0.023458744498697313
v -0.0025582021474838262 0.050784544944763192 -0.023552485915628467
v -0.0025582021474838262 0.051241111755371098 -0.023633750888315236
v -0.00255820244550705 0.051713910102844242 -0.023700891944376024
v -0.00255820244550705 0.052193317413330081 -0.023752535792795213
v -0.00255820244550705 0.052669563293457039 -0.023787635776010542
v -0.00255820244550705 0.053132963180541996 -0.023805474254098923
v -0.0025582027435302737 0.053574080467224131 -0.023805691215005906
v -0.0025582027435302737 0.053983936309814455 -0.023788277121988326
v -0.0025582027435302737 0.054728131294250498 -0.023695601436105759
v -0.0025582027435302737 0.055129003524780278 -0.023611201259103806
v -0.0025582033395767216 0.055555362701416026 -0.023501285525766406
v -0.0025582033395767216 0.055998520851135263 -0.023368090602365527
v -0.0025582033395767216 0.056449451446533211 -0.023214327308145558
v -0.0025582033395767216 0.056898989677429207 -0.023043130847421676
v -0.0025582033395767216 0.057337970733642586 -0.022857982131448774
v -0.0025582033395767216 0.057757463455200199 -0.02266265294214824
v -0.0025582036375999453 0.058148927688598639 -0.022461115333047899
v -0.0025582036375999453 0.058504390716552737 -0.02225747487207988
v -0.0025582036375999453 0.058816623687744145 -0.022055875274148973
v -0.0025582027435302737 0.053148994445800783 -0.018815230342355761
v -0.0025582027435302737 0.052946925163269043 -0.018825520488229781
v -0.0025582027435302737 0.052729797363281254 -0.018825696917978321
v -0.00255820244550705 0.052502040863037114 -0.018815757247415577
v -0.00255820244550705 0.052268276214599611 -0.018795904132333785
v -0.00255820244550705 0.052033271789550785 -0.018766540500131639
v -0.00255820244550705 0.051801815032958991 -0.018728265973535569
v -0.00255820244550705 0.051578612327575692 -0.018681858989206344
v -0.00255820244550705 0.051368203163146976 -0.018628262492624316
v -0.0025582021474838262 0.05117487907409668 -0.018568569632974659
v -0.0025582033395767216 0.056120543479919439 -0.017794792863336593
v -0.0025582033395767216 0.055970239639282229 -0.017901280137506519
v -0.0025582033395767216 0.055798473358154299 -0.018009165736642869
v -0.0025582030415534974 0.055608739852905278 -0.018116255017725021
v -0.0025582030415534974 0.055404891967773442 -0.0182203664507542
v -0.0025582030415534974 0.05519109249114991 -0.018319382878747972
v -0.0025582027435302737 0.05497169017791749 -0.018411287280527149
v -0.0025582027435302737 0.054751148223876958 -0.018494209262338669
v -0.0025582027435302737 0.054533958435058594 -0.018566458436456712
v -0.0025582027435302737 0.054324541091918949 -0.018626568528619797
v -0.0025582027435302737 0.054127163887023932 -0.018673311683145555
v -0.0025582033395767216 0.056441307067871094 -0.020435070010629684
v -0.010858973264694215 0.056441307067871094 -0.020435070010629684
v -0.010858973264694215 0.056559877395629891 -0.020596517535654099
v -0.0025582033395767216 0.056559877395629891 -0.020596517535654099
v -0.0025582033395767216 0.057570276260375974 -0.021148947688547165
v -0.0025582039356231694 0.059808797836303718 -0.021370614978281053
v -0.0025582030415534974 0.056202573776245129 -0.019702815028635058
v -0.0025582036375999453 0.057383108139038089 -0.021117071124521287
v -0.0025582033395767216 0.056223974227905274 -0.019891463729349169
v -0.0025582033395767216 0.056271629333496102 -0.02007891556879619
v -0.0025582036375999453 0.057198600769042977 -0.021059047194925341
v -0.0025582036375999453 0.057020511627197269 -0.020976060840097462
v -0.0025582033395767216 0.056344566345214842 -0.020261355849710498
v -0.0025582033395767216 0.056441307067871094 -0.020435070010629684
v -0.0025582033395767216 0.056852455139160166 -0.020869795295206099
v -0.0025582033395767216 0.056697859764099127 -0.020742417785135303
v -0.0025582033395767216 0.056559877395629891 -0.020596517535654099
v -0.014616916179656984 0.056202573776245129 -0.019702815028635058
v -0.014616916179656984 0.056120543479919439 -0.017794792863336593
v -0.014616916179656984 0.056631598472595218 -0.017310962888208423
v -0.014616916179656984 0.056903705596923829 -0.01712897202631572
v -0.014616916179656984 0.057195148468017577 -0.016980763884988814
v -0.014616916179656984 0.05750166893005372 -0.016868503304925949
v -0.014616916179656984 0.057818799018859869 -0.016793821069208174
v -0.014616916179656984 0.058141918182373055 -0.016757812711206466
v -0.014616916179656984 0.058466315269470215 -0.016761000367609056
v -0.014616916179656984 0.058466315269470215 -0.016761000367609056
v -0.014616917371749881 0.05878725051879883 -0.016803335162607222
v -0.014616917371749881 0.05910005569458008 -0.016884204360452681
v -0.014616917371749881 0.059400167465209965 -0.017002425404993089
v -0.014616917371749881 0.059683198928833017 -0.017156276914087325
v -0.014616917371749881 0.059945030212402356 -0.017343512984720262
v -0.014616917371749881 0.060181846618652349 -0.017561404916254075
v -0.014616917371749881 0.06039019584655763 -0.017806774589029344
v -0.014616917371749881 0.060563211441040044 -0.018069600078073532
v -0.014616917371749881 0.060563211441040044 -0.018069600078073532
v -0.014616917371749881 0.060701847076416016 -0.018349309178796798
v -0.014616917371749881 0.060804710388183608 -0.018642690392938643
v -0.014616917371749881 0.060870313644409181 -0.018945462914911303
v -0.014616917371749881 0.060897693634033218 -0.019253213616815597
v -0.014616917371749881 0.06088644981384278 -0.019561453076807053
v -0.014616917371749881 0.060836753845214857 -0.019865690680948289
v -0.014616917371749881 0.060749316215515138 -0.020161484691110641
v -0.014616917371749881 0.060625429153442392 -0.020444523307291063
v -0.014616917371749881 0.060625429153442392 -0.020444523307291063
v -0.014616917371749881 0.060466890335083012 -0.020710681888071091
v -0.014616917371749881 0.06027600765228272 -0.020956076594797167
v -0.014616917371749881 0.060055570602417001 -0.021177128764596972
v -0.014616917371749881 0.059808797836303718 -0.021370614978281053
v -0.014616916179656984 0.057570276260375974 -0.021148947688547165
v -0.014616917371749881 0.057383108139038089 -0.021117071124521287
v -0.014616917371749881 0.057198600769042977 -0.021059047194925341
v -0.014616917371749881 0.057020511627197269 -0.020976060840097462
v -0.014616917371749881 0.057020511627197269 -0.020976060840097462
v -0.014616916179656984 0.056852455139160166 -0.020869795295206099
v -0.014616916179656984 0.056697859764099127 -0.020742417785135303
v -0.014616916179656984 0.056559877395629891 -0.020596517535654099
v -0.014616916179656984 0.056441307067871094 -0.020435070010629684
v -0.014616916179656984 0.056344566345214842 -0.020261355849710498
v -0.014616916179656984 0.056271629333496102 -0.02007891556879619
v -0.014616916179656984 0.056223974227905274 -0.019891463729349169
v -0.01085897445678711 0.059400167465209965 -0.017002425404993089
v -0.01085897445678711 0.05910005569458008 -0.016884204360452681
v -0.01085897445678711 0.060625429153442392 -0.020444523307291063
v -0.01085897445678711 0.060749316215515138 -0.020161484691110641
v -0.013849413394927979 0.059400167465209965 -0.017002425404993089
v -0.014616917371749881 0.059400167465209965 -0.017002425404993089
v -0.014616917371749881 0.05910005569458008 -0.016884204360452681
v -0.013849413394927979 0.05910005569458008 -0.016884204360452681
v -0.01085897445678711 0.059683198928833017 -0.017156276914087325
v -0.01085897445678711 0.060466890335083012 -0.020710681888071091
v -0.014616917371749881 0.05878725051879883 -0.016803335162607222
v -0.013849413394927979 0.05878725051879883 -0.016803335162607222
v -0.01085897445678711 0.05878725051879883 -0.016803335162607222
v -0.0025582033395767216 0.056120543479919439 -0.017794792863336593
v -0.010858973264694215 0.056120543479919439 -0.017794792863336593
v -0.010858973264694215 0.056202573776245129 -0.019702815028635058
v -0.0025582030415534974 0.056202573776245129 -0.019702815028635058
v -0.01085897445678711 0.060836753845214857 -0.019865690680948289
v -0.014616916179656984 0.058466315269470215 -0.016761000367609056
v -0.013849412202835086 0.058466315269470215 -0.016761000367609056
v -0.010858973264694215 0.058466315269470215 -0.016761000367609056
v -0.01085897445678711 0.06088644981384278 -0.019561453076807053
v -0.010858973264694215 0.056631598472595218 -0.017310962888208423
v -0.010858973264694215 0.056120543479919439 -0.017794792863336593
v -0.010858973264694215 0.058141918182373055 -0.016757812711206466
v -0.01085897445678711 0.060897693634033218 -0.019253213616815597
v -0.010858973264694215 0.057818799018859869 -0.016793821069208174
v -0.01085897445678711 0.059808797836303718 -0.021370614978281053
v -0.01085897445678711 0.060055570602417001 -0.021177128764596972
v -0.01085897445678711 0.060870313644409181 -0.018945462914911303
v -0.010858973264694215 0.05750166893005372 -0.016868503304925949
v -0.013849413394927979 0.060870313644409181 -0.018945462914911303
v -0.014616917371749881 0.060870313644409181 -0.018945462914911303
v -0.014616917371749881 0.060804710388183608 -0.018642690392938643
v -0.013849413394927979 0.060804710388183608 -0.018642690392938643
v -0.01085897445678711 0.060804710388183608 -0.018642690392938643
v -0.010858973264694215 0.057195148468017577 -0.016980763884988814
v -0.014616917371749881 0.060701847076416016 -0.018349309178796798
v -0.013849413394927979 0.060701847076416016 -0.018349309178796798
v -0.01085897445678711 0.06039019584655763 -0.017806774589029344
v -0.01085897445678711 0.060181846618652349 -0.017561404916254075
v -0.01085897445678711 0.060701847076416016 -0.018349309178796798
v -0.010858973264694215 0.056903705596923829 -0.01712897202631572
v -0.013849413394927979 0.06039019584655763 -0.017806774589029344
v -0.014616917371749881 0.06039019584655763 -0.017806774589029344
v -0.014616917371749881 0.060181846618652349 -0.017561404916254075
v -0.013849413394927979 0.060181846618652349 -0.017561404916254075
v -0.0025582033395767216 0.056852455139160166 -0.020869795295206099
v -0.010858973264694215 0.056852455139160166 -0.020869795295206099
v -0.01085897445678711 0.057020511627197269 -0.020976060840097462
v -0.0025582036375999453 0.057020511627197269 -0.020976060840097462
v -0.013849413394927979 0.060836753845214857 -0.019865690680948289
v -0.014616917371749881 0.060836753845214857 -0.019865690680948289
v -0.014616917371749881 0.06088644981384278 -0.019561453076807053
v -0.013849413394927979 0.06088644981384278 -0.019561453076807053
v -0.0025582033395767216 0.056697859764099127 -0.020742417785135303
v -0.010858973264694215 0.056697859764099127 -0.020742417785135303
v -0.01085897445678711 0.060563211441040044 -0.018069600078073532
v -0.0025582033395767216 0.057570276260375974 -0.021148947688547165
v -0.010858973264694215 0.057570276260375974 -0.021148947688547165
v -0.01085897445678711 0.059808797836303718 -0.021370614978281053
v -0.0025582033395767216 0.057570276260375974 -0.021148947688547165
v -0.0025582039356231694 0.059808797836303718 -0.021370614978281053
v -0.014616917371749881 0.059945030212402356 -0.017343512984720262
v -0.013849413394927979 0.059945030212402356 -0.017343512984720262
v -0.01085897445678711 0.059945030212402356 -0.017343512984720262
v -0.01085897445678711 0.06027600765228272 -0.020956076594797167
v -0.0025582033395767216 0.056344566345214842 -0.020261355849710498
v -0.010858973264694215 0.056344566345214842 -0.020261355849710498
v -0.013849413394927979 0.060625429153442392 -0.020444523307291063
v -0.014616917371749881 0.060625429153442392 -0.020444523307291063
v -0.014616917371749881 0.060749316215515138 -0.020161484691110641
v -0.013849413394927979 0.060749316215515138 -0.020161484691110641
v -0.0025582033395767216 0.056223974227905274 -0.019891463729349169
v -0.010858973264694215 0.056223974227905274 -0.019891463729349169
v -0.010858973264694215 0.056271629333496102 -0.02007891556879619
v -0.0025582033395767216 0.056271629333496102 -0.02007891556879619
v -0.013849413394927979 0.06027600765228272 -0.020956076594797167
v -0.014616917371749881 0.06027600765228272 -0.020956076594797167
v -0.014616917371749881 0.060466890335083012 -0.020710681888071091
v -0.013849413394927979 0.060466890335083012 -0.020710681888071091
v -0.014616917371749881 0.059683198928833017 -0.017156276914087325
v -0.013849413394927979 0.059683198928833017 -0.017156276914087325
v -0.013849413394927979 0.060055570602417001 -0.021177128764596972
v -0.014616917371749881 0.060055570602417001 -0.021177128764596972
v -0.013849412202835086 0.056559877395629891 -0.020596517535654099
v -0.014616916179656984 0.056559877395629891 -0.020596517535654099
v -0.014616916179656984 0.056697859764099127 -0.020742417785135303
v -0.013849412202835086 0.056697859764099127 -0.020742417785135303
v -0.0025582036375999453 0.057383108139038089 -0.021117071124521287
v -0.01085897445678711 0.057383108139038089 -0.021117071124521287
v -0.014616916179656984 0.056852455139160166 -0.020869795295206099
v -0.013849412202835086 0.056852455139160166 -0.020869795295206099
v -0.014616917371749881 0.057020511627197269 -0.020976060840097462
v -0.013849413394927979 0.057020511627197269 -0.020976060840097462
v -0.013849412202835086 0.056903705596923829 -0.01712897202631572
v -0.014616916179656984 0.056903705596923829 -0.01712897202631572
v -0.014616916179656984 0.056631598472595218 -0.017310962888208423
v -0.013849412202835086 0.056631598472595218 -0.017310962888208423
v -0.014616917371749881 0.060563211441040044 -0.018069600078073532
v -0.013849413394927979 0.060563211441040044 -0.018069600078073532
v -0.014616917371749881 0.057198600769042977 -0.021059047194925341
v -0.013849413394927979 0.057198600769042977 -0.021059047194925341
v -0.01085897445678711 0.057198600769042977 -0.021059047194925341
v -0.0025582036375999453 0.057198600769042977 -0.021059047194925341
v -0.013849412202835086 0.057195148468017577 -0.016980763884988814
v -0.014616916179656984 0.057195148468017577 -0.016980763884988814
v -0.014616917371749881 0.057383108139038089 -0.021117071124521287
v -0.013849413394927979 0.057383108139038089 -0.021117071124521287
v -0.013849412202835086 0.05750166893005372 -0.016868503304925949
v -0.014616916179656984 0.05750166893005372 -0.016868503304925949
v -0.014616916179656984 0.057570276260375974 -0.021148947688547165
v -0.013849412202835086 0.057570276260375974 -0.021148947688547165
v -0.013849413394927979 0.059808797836303718 -0.021370614978281053
v -0.014616917371749881 0.059808797836303718 -0.021370614978281053
v -0.013849412202835086 0.057818799018859869 -0.016793821069208174
v -0.014616916179656984 0.057818799018859869 -0.016793821069208174
v -0.014616917371749881 0.059808797836303718 -0.021370614978281053
v -0.013849413394927979 0.059808797836303718 -0.021370614978281053
v -0.013849413394927979 0.060897693634033218 -0.019253213616815597
v -0.014616917371749881 0.060897693634033218 -0.019253213616815597
v -0.013849412202835086 0.058141918182373055 -0.016757812711206466
v -0.014616916179656984 0.058141918182373055 -0.016757812711206466
v -0.013849412202835086 0.056120543479919439 -0.017794792863336593
v -0.014616916179656984 0.056120543479919439 -0.017794792863336593
v -0.014616916179656984 0.056202573776245129 -0.019702815028635058
v -0.014616916179656984 0.056202573776245129 -0.019702815028635058
v -0.013849412202835086 0.056202573776245129 -0.019702815028635058
v -0.014616916179656984 0.056223974227905274 -0.019891463729349169
v -0.013849412202835086 0.056223974227905274 -0.019891463729349169
v -0.014616916179656984 0.056120543479919439 -0.017794792863336593
v -0.013849412202835086 0.056120543479919439 -0.017794792863336593
v -0.014616916179656984 0.056271629333496102 -0.02007891556879619
v -0.013849412202835086 0.056271629333496102 -0.02007891556879619
v -0.014616916179656984 0.056344566345214842 -0.020261355849710498
v -0.013849412202835086 0.056344566345214842 -0.020261355849710498
v -0.014616916179656984 0.056441307067871094 -0.020435070010629684
v -0.013849412202835086 0.056441307067871094 -0.020435070010629684
v -0.010858973264694215 0.057818799018859869 -0.016793821069208174
v -0.010858973264694215 0.057897019386291507 -0.017246426555124317
v -0.010858973264694215 0.057633523941040044 -0.017308483334985764
v -0.010858973264694215 0.05750166893005372 -0.016868503304925949
v -0.013849412202835086 0.056223974227905274 -0.019891463729349169
v -0.013849412202835086 0.05667579174041748 -0.019808804007974655
v -0.013849412202835086 0.05666049957275391 -0.019667042705026658
v -0.013849412202835086 0.056202573776245129 -0.019702815028635058
v -0.013849412202835086 0.056441307067871094 -0.020435070010629684
v -0.013849412202835086 0.056827812194824225 -0.020186904880014449
v -0.013849412202835086 0.056759300231933596 -0.020063964339700729
v -0.013849412202835086 0.056344566345214842 -0.020261355849710498
v -0.01085897445678711 0.059683198928833017 -0.017156276914087325
v -0.01085897445678711 0.059439473152160652 -0.017545594188180955
v -0.01085897445678711 0.059205946922302244 -0.017418657752481491
v -0.01085897445678711 0.059400167465209965 -0.017002425404993089
v -0.013849413394927979 0.06027600765228272 -0.020956076594797167
v -0.013849413394927979 0.059931459426879885 -0.020652333709207566
v -0.013849413394927979 0.059750680923461919 -0.020833598586526905
v -0.013849413394927979 0.060055570602417001 -0.021177128764596972
v -0.013849413394927979 0.060563211441040044 -0.018069600078073532
v -0.013849413394927979 0.060164880752563481 -0.018298289987054857
v -0.013849413394927979 0.06027855396270753 -0.018527618857828172
v -0.013849413394927979 0.060701847076416016 -0.018349309178796798
v -0.013849412202835086 0.05750166893005372 -0.016868503304925949
v -0.013849412202835086 0.057633523941040044 -0.017308483334985764
v -0.013849412202835086 0.057897019386291507 -0.017246426555124317
v -0.013849412202835086 0.057818799018859869 -0.016793821069208174
v -0.01085897445678711 0.05878725051879883 -0.016803335162607222
v -0.01085897445678711 0.058699569702148437 -0.017254204961267505
v -0.010858973264694215 0.058433966636657723 -0.017219175311533004
v -0.010858973264694215 0.058466315269470215 -0.016761000367609056
v -0.013849413394927979 0.059400167465209965 -0.017002425404993089
v -0.013849413394927979 0.059205946922302244 -0.017418657752481491
v -0.013849413394927979 0.059439473152160652 -0.017545594188180955
v -0.013849413394927979 0.059683198928833017 -0.017156276914087325
v -0.010858973264694215 0.056441307067871094 -0.020435070010629684
v -0.010858973264694215 0.056827812194824225 -0.020186904880014449
v -0.010858973264694215 0.056912512779235848 -0.020302208873239549
v -0.010858973264694215 0.056559877395629891 -0.020596517535654099
v -0.01085897445678711 0.057383108139038089 -0.021117071124521287
v -0.01085897445678711 0.057490806579589854 -0.02067056080957988
v -0.010858973264694215 0.05763150215148926 -0.020693730327096971
v -0.010858973264694215 0.057570276260375974 -0.021148947688547165
v -0.01085897445678711 0.060466890335083012 -0.020710681888071091
v -0.01085897445678711 0.060087580680847179 -0.020451652022806202
v -0.01085897445678711 0.060216941833496102 -0.020234500380960495
v -0.01085897445678711 0.060625429153442392 -0.020444523307291063
v -0.010858973264694215 0.056903705596923829 -0.01712897202631572
v -0.010858973264694215 0.057135896682739266 -0.017525279733148609
v -0.010858973264694215 0.056918182373046883 -0.017669906827417405
v -0.010858973264694215 0.056631598472595218 -0.017310962888208423
v -0.013849412202835086 0.057570276260375974 -0.021148947688547165
v -0.013849412202835086 0.05763150215148926 -0.020693730327096971
v -0.013849413394927979 0.057490806579589854 -0.02067056080957988
v -0.013849413394927979 0.057383108139038089 -0.021117071124521287
v -0.013849412202835086 0.058466315269470215 -0.016761000367609056
v -0.013849412202835086 0.058433966636657723 -0.017219175311533004
v -0.013849413394927979 0.058699569702148437 -0.017254204961267505
v -0.013849413394927979 0.05878725051879883 -0.016803335162607222
v -0.013849413394927979 0.060625429153442392 -0.020444523307291063
v -0.013849413394927979 0.060216941833496102 -0.020234500380960495
v -0.013849413394927979 0.060087580680847179 -0.020451652022806202
v -0.013849413394927979 0.060466890335083012 -0.020710681888071091
v -0.013849412202835086 0.056559877395629891 -0.020596517535654099
v -0.013849412202835086 0.056912512779235848 -0.020302208873239549
v -0.01085897445678711 0.060836753845214857 -0.019865690680948289
v -0.01085897445678711 0.060388975143432624 -0.019763366195169482
v -0.01085897445678711 0.060429391860961926 -0.019515967580286057
v -0.01085897445678711 0.06088644981384278 -0.019561453076807053
v -0.010858973264694215 0.056271629333496102 -0.02007891556879619
v -0.010858973264694215 0.056708397865295412 -0.019936772796121629
v -0.010858973264694215 0.056759300231933596 -0.020063964339700729
v -0.010858973264694215 0.056344566345214842 -0.020261355849710498
v -0.013849412202835086 0.056631598472595218 -0.017310962888208423
v -0.013849412202835086 0.056918182373046883 -0.017669906827417405
v -0.013849412202835086 0.057135896682739266 -0.017525279733148609
v -0.013849412202835086 0.056903705596923829 -0.01712897202631572
v -0.01085897445678711 0.060870313644409181 -0.018945462914911303
v -0.01085897445678711 0.060416231155395517 -0.019014579268899948
v -0.01085897445678711 0.06036269187927247 -0.018767549010721238
v -0.01085897445678711 0.060804710388183608 -0.018642690392938643
v -0.013849412202835086 0.056708397865295412 -0.019936772796121629
v -0.013849412202835086 0.056271629333496102 -0.02007891556879619
v -0.01085897445678711 0.059945030212402356 -0.017343512984720262
v -0.01085897445678711 0.059655399322509774 -0.017700001212564501
v -0.013849413394927979 0.06088644981384278 -0.019561453076807053
v -0.013849413394927979 0.060429391860961926 -0.019515967580286057
v -0.013849413394927979 0.060388975143432624 -0.019763366195169482
v -0.013849413394927979 0.060836753845214857 -0.019865690680948289
v -0.010858973264694215 0.056852455139160166 -0.020869795295206099
v -0.010858973264694215 0.057121763229370119 -0.02049771449228862
v -0.01085897445678711 0.057240695953369149 -0.020572964164224654
v -0.01085897445678711 0.057020511627197269 -0.020976060840097462
v -0.013849413394927979 0.060804710388183608 -0.018642690392938643
v -0.013849413394927979 0.06036269187927247 -0.018767549010721238
v -0.013849413394927979 0.060416231155395517 -0.019014579268899948
v -0.013849413394927979 0.060870313644409181 -0.018945462914911303
v -0.010858973264694215 0.056120543479919439 -0.017794792863336593
v -0.010858973264694215 0.056546258926391604 -0.017967248174158131
v -0.010858973264694215 0.05666049957275391 -0.019667042705026658
v -0.010858973264694215 0.056202573776245129 -0.019702815028635058
v -0.01085897445678711 0.058958139419555668 -0.017321043225732836
v -0.01085897445678711 0.05910005569458008 -0.016884204360452681
v -0.013849413394927979 0.059655399322509774 -0.017700001212564501
v -0.013849413394927979 0.059945030212402356 -0.017343512984720262
v -0.013849413394927979 0.057020511627197269 -0.020976060840097462
v -0.013849413394927979 0.057240695953369149 -0.020572964164224654
v -0.013849412202835086 0.057121763229370119 -0.02049771449228862
v -0.013849412202835086 0.056852455139160166 -0.020869795295206099
v -0.010858973264694215 0.057378559112548834 -0.017401871892419846
v -0.010858973264694215 0.057195148468017577 -0.016980763884988814
v -0.013849412202835086 0.056546258926391604 -0.017967248174158131
v -0.013849412202835086 0.056120543479919439 -0.017794792863336593
v -0.013849413394927979 0.05910005569458008 -0.016884204360452681
v -0.013849413394927979 0.058958139419555668 -0.017321043225732836
v -0.01085897445678711 0.06027600765228272 -0.020956076594797167
v -0.01085897445678711 0.059931459426879885 -0.020652333709207566
v -0.010858973264694215 0.056697859764099127 -0.020742417785135303
v -0.010858973264694215 0.057011356353759771 -0.020406724425760303
v -0.013849412202835086 0.057195148468017577 -0.016980763884988814
v -0.013849412202835086 0.057378559112548834 -0.017401871892419846
v -0.01085897445678711 0.060317850112915045 -0.020003990146127734
v -0.01085897445678711 0.060749316215515138 -0.020161484691110641
v -0.013849412202835086 0.057011356353759771 -0.020406724425760303
v -0.013849412202835086 0.056697859764099127 -0.020742417785135303
v -0.01085897445678711 0.057198600769042977 -0.021059047194925341
v -0.01085897445678711 0.057364854812622074 -0.020630878421274215
v -0.010858973264694215 0.058165140151977546 -0.017216540786233935
v -0.010858973264694215 0.058141918182373055 -0.016757812711206466
v -0.013849413394927979 0.060087580680847179 -0.020451652022806202
v -0.01085897445678711 0.060087580680847179 -0.020451652022806202
v -0.01085897445678711 0.059931459426879885 -0.020652333709207566
v -0.013849413394927979 0.059931459426879885 -0.020652333709207566
v -0.013849413394927979 0.059439473152160652 -0.017545594188180955
v -0.01085897445678711 0.059439473152160652 -0.017545594188180955
v -0.01085897445678711 0.059655399322509774 -0.017700001212564501
v -0.013849413394927979 0.059655399322509774 -0.017700001212564501
v -0.013849412202835086 0.056912512779235848 -0.020302208873239549
v -0.010858973264694215 0.056912512779235848 -0.020302208873239549
v -0.010858973264694215 0.056827812194824225 -0.020186904880014449
v -0.013849412202835086 0.056827812194824225 -0.020186904880014449
v -0.01085897445678711 0.059750680923461919 -0.020833598586526905
v -0.013849413394927979 0.059750680923461919 -0.020833598586526905
v -0.01085897445678711 0.059850664138793953 -0.017879657956567797
v -0.013849413394927979 0.059850664138793953 -0.017879657956567797
v -0.013849412202835086 0.057011356353759771 -0.020406724425760303
v -0.010858973264694215 0.057011356353759771 -0.020406724425760303
v -0.01085897445678711 0.059680485725402833 -0.020929588290658982
v -0.013849413394927979 0.059680485725402833 -0.020929588290658982
v -0.01085897445678711 0.060022625923156749 -0.018082210036722217
v -0.013849413394927979 0.060022625923156749 -0.018082210036722217
v -0.013849412202835086 0.057121763229370119 -0.02049771449228862
v -0.010858973264694215 0.057121763229370119 -0.02049771449228862
v -0.013849413394927979 0.057240695953369149 -0.020572964164224654
v -0.01085897445678711 0.057240695953369149 -0.020572964164224654
v -0.013849412202835086 0.056918182373046883 -0.017669906827417405
v -0.010858973264694215 0.056918182373046883 -0.017669906827417405
v -0.010858973264694215 0.057135896682739266 -0.017525279733148609
v -0.013849412202835086 0.057135896682739266 -0.017525279733148609
v -0.013849413394927979 0.060164880752563481 -0.018298289987054857
v -0.01085897445678711 0.060164880752563481 -0.018298289987054857
v -0.01085897445678711 0.06027855396270753 -0.018527618857828172
v -0.013849413394927979 0.06027855396270753 -0.018527618857828172
v -0.013849413394927979 0.057364854812622074 -0.020630878421274215
v -0.01085897445678711 0.057364854812622074 -0.020630878421274215
v -0.010858973264694215 0.057378559112548834 -0.017401871892419846
v -0.013849412202835086 0.057378559112548834 -0.017401871892419846
v -0.01085897445678711 0.06036269187927247 -0.018767549010721238
v -0.013849413394927979 0.06036269187927247 -0.018767549010721238
v -0.013849413394927979 0.057490806579589854 -0.02067056080957988
v -0.01085897445678711 0.057490806579589854 -0.02067056080957988
v -0.010858973264694215 0.057633523941040044 -0.017308483334985764
v -0.013849412202835086 0.057633523941040044 -0.017308483334985764
v -0.01085897445678711 0.060416231155395517 -0.019014579268899948
v -0.013849413394927979 0.060416231155395517 -0.019014579268899948
v -0.013849412202835086 0.05763150215148926 -0.020693730327096971
v -0.010858973264694215 0.05763150215148926 -0.020693730327096971
v -0.010858973264694215 0.057897019386291507 -0.017246426555124317
v -0.013849412202835086 0.057897019386291507 -0.017246426555124317
v -0.01085897445678711 0.060438532829284679 -0.019265215608087572
v -0.013849413394927979 0.060438532829284679 -0.019265215608087572
v -0.013849413394927979 0.059680485725402833 -0.020929588290658982
v -0.01085897445678711 0.059680485725402833 -0.020929588290658982
v -0.010858973264694215 0.058165140151977546 -0.017216540786233935
v -0.013849412202835086 0.058165140151977546 -0.017216540786233935
v -0.01085897445678711 0.060429391860961926 -0.019515967580286057
v -0.013849413394927979 0.060429391860961926 -0.019515967580286057
v -0.010858973264694215 0.058433966636657723 -0.017219175311533004
v -0.013849412202835086 0.058433966636657723 -0.017219175311533004
v -0.013849412202835086 0.05666049957275391 -0.019667042705026658
v -0.010858973264694215 0.05666049957275391 -0.019667042705026658
v -0.010858973264694215 0.056546258926391604 -0.017967248174158131
v -0.013849412202835086 0.056546258926391604 -0.017967248174158131
v -0.01085897445678711 0.060388975143432624 -0.019763366195169482
v -0.013849413394927979 0.060388975143432624 -0.019763366195169482
v -0.01085897445678711 0.058699569702148437 -0.017254204961267505
v -0.013849413394927979 0.058699569702148437 -0.017254204961267505
v -0.013849412202835086 0.05667579174041748 -0.019808804007974655
v -0.010858973264694215 0.05667579174041748 -0.019808804007974655
v -0.01085897445678711 0.060317850112915045 -0.020003990146127734
v -0.013849413394927979 0.060317850112915045 -0.020003990146127734
v -0.013849412202835086 0.056546258926391604 -0.017967248174158131
v -0.010858973264694215 0.056546258926391604 -0.017967248174158131
v -0.01085897445678711 0.058958139419555668 -0.017321043225732836
v -0.013849413394927979 0.058958139419555668 -0.017321043225732836
v -0.013849412202835086 0.056708397865295412 -0.019936772796121629
v -0.010858973264694215 0.056708397865295412 -0.019936772796121629
v -0.01085897445678711 0.060216941833496102 -0.020234500380960495
v -0.013849413394927979 0.060216941833496102 -0.020234500380960495
v -0.01085897445678711 0.059205946922302244 -0.017418657752481491
v -0.013849413394927979 0.059205946922302244 -0.017418657752481491
v -0.013849412202835086 0.056759300231933596 -0.020063964339700729
v -0.010858973264694215 0.056759300231933596 -0.020063964339700729
v -0.01085897445678711 0.060701847076416016 -0.018349309178796798
v -0.01085897445678711 0.06027855396270753 -0.018527618857828172
v -0.01085897445678711 0.060164880752563481 -0.018298289987054857
v -0.01085897445678711 0.060563211441040044 -0.018069600078073532
v -0.01085897445678711 0.060055570602417001 -0.021177128764596972
v -0.01085897445678711 0.059750680923461919 -0.020833598586526905
v -0.010858973264694215 0.05667579174041748 -0.019808804007974655
v -0.010858973264694215 0.056223974227905274 -0.019891463729349169
v -0.013849413394927979 0.060438532829284679 -0.019265215608087572
v -0.013849413394927979 0.060897693634033218 -0.019253213616815597
v -0.013849413394927979 0.059850664138793953 -0.017879657956567797
v -0.013849413394927979 0.060181846618652349 -0.017561404916254075
v -0.013849413394927979 0.060317850112915045 -0.020003990146127734
v -0.013849413394927979 0.060749316215515138 -0.020161484691110641
v -0.013849413394927979 0.057198600769042977 -0.021059047194925341
v -0.013849413394927979 0.057364854812622074 -0.020630878421274215
v -0.01085897445678711 0.060897693634033218 -0.019253213616815597
v -0.01085897445678711 0.060438532829284679 -0.019265215608087572
v -0.01085897445678711 0.060181846618652349 -0.017561404916254075
v -0.01085897445678711 0.059850664138793953 -0.017879657956567797
v -0.013849413394927979 0.059808797836303718 -0.021370614978281053
v -0.013849413394927979 0.059680485725402833 -0.020929588290658982
v -0.01085897445678711 0.059680485725402833 -0.020929588290658982
v -0.01085897445678711 0.059808797836303718 -0.021370614978281053
v -0.013849412202835086 0.058165140151977546 -0.017216540786233935
v -0.013849412202835086 0.058141918182373055 -0.016757812711206466
v -0.013849413394927979 0.06039019584655763 -0.017806774589029344
v -0.013849413394927979 0.060022625923156749 -0.018082210036722217
v -0.01085897445678711 0.060022625923156749 -0.018082210036722217
v -0.01085897445678711 0.06039019584655763 -0.017806774589029344
v 0.0025581991672515873 0.04461833477020264 0.0093976376328792285
v -0.0025582015514373779 0.04461833477020264 0.0093976376328792285
v -0.0025582015514373779 0.04461833477020264 -0.014808699103799852
v 0.0025581991672515873 0.04461833477020264 -0.014808699103799852
vn 1 2.5997934471888584E-08 -1.6714665207473445E-09
vn 1 6.7352054600178235E-08 1.2736542487346014E-08
vn 1 -4.1554626406536954E-09 -3.0543059637011538E-08
vn 1 8.8373202089542247E-09 1.4223826561021724E-08
vn 1 3.7866218605131508E-08 -2.4274154952763638E-07
vn 1 3.1049516735492944E-08 -2.4212255311795161E-07
vn 1 4.0685776525606343E-08 -7.6047790287248063E-09
vn 1 1.0574425779452667E-08 3.3733435600424855E-08
vn 1 -8.9154490012788301E-08 8.5431750562747766E-08
vn 1 -2.4939163267845288E-07 4.2336772310136439E-08
vn 1 -3.7231099980772342E-08 -7.3934124600327777E-08
vn 1 1.7575789712509504E-09 4.7140133574430365E-08
vn 1 5.3519266796087095E-10 -1.6052645435138402E-08
vn 1 0 0
vn 1 3.4773069756965924E-08 -4.543819098756785E-09
vn 1 1.9713108923014033E-09 -4.0555750757675924E-08
vn 1 0 0
vn 1 5.4975750174435234E-08 1.1087789353325661E-08
vn 1 9.8309049789691016E-09 -6.9527663626445246E-09
vn 1 0 0
vn 1 -2.0822113810936571E-08 2.8117620232137597E-08
vn 1 1.5311767853631864E-08 5.8468607733175304E-08
vn 1 1.1548397793603726E-08 2.3641774760108092E-08
vn 1 1.0703853359217419E-09 -3.2105290870276804E-08
vn 1 -1.3517333741219772E-07 5.1259905831102515E-07
vn 1 0 0
vn 1 -2.5222800559276948E-06 3.6719945910590468E-06
vn 1 -6.414565632439917E-06 8.6913223640294746E-06
vn 1 -1.4431976751438924E-06 2.2244435058382805E-06
vn 1 0 0
vn 1 0 0
vn 1 0 0
vn 1 0 0
vn 1 0 0
vn 1 0 0
vn 1 0 0
vn 1 0 0
vn 1 9.9060912361892406E-08 -2.0493331476245658E-09
vn 1 0 0
vn 1 0 0
vn 1 0 0
vn 1 0 0
vn 1 4.3408067540440243E-07 2.7144668024448038E-07
vn 1 0 0
vn 1 -9.7741656190919457E-07 -1.7351196675008396E-06
vn 1 -4.5660640353162307E-06 -6.4035020841402002E-06
vn 1 -4.0088042396746459E-07 -8.6568644519502413E-07
vn 1 0 0
vn 1 0 0
vn 1 0 0
vn 1 0 0
vn 1 0 0
vn 1 0 0
vn 1 0 0
vn 1 0 0
vn 1 6.2756377872119629E-08 4.6843340317792581E-10
vn 1 6.8217689275229532E-09 3.2802944360810216E-08
vn 1 -3.9592954692579951E-08 1.5801427366568532E-07
vn 1 -8.2674468160348624E-08 4.493358574109152E-08
vn 0 0.18858662247657776 -0.98205655813217163
vn 0 0.23515300452709198 -0.97195833921432495
vn 0 0.22061175107955933 -0.97536170482635498
vn 0 0.17108345031738281 -0.98525655269622803
vn 0 -0.71107131242752075 -0.70311987400054932
vn 0 -0.74026179313659668 -0.67231875658035278
vn 0 -0.6484987735748291 -0.7612156867980957
vn 0 -0.61507660150527954 -0.78846734762191772
vn 0 0.99217891693115234 -0.12482374161481857
vn 0 0.99217891693115234 -0.12482374161481857
vn 0 0.99217891693115234 -0.12482374161481857
vn 0 0.99217891693115234 -0.12482374161481857
vn 0 -0.54499483108520508 -0.83843940496444702
vn 0 -0.50833505392074585 -0.86115938425064087
vn 0 -0.43301796913146973 -0.90138530731201172
vn 0 -0.39438873529434204 -0.91894370317459106
vn 1 1.3987362024181493E-07 1.2150462858073752E-08
vn 0 -0.31644046306610107 -0.94861239194869995
vn 0 -0.2771599292755127 -0.96082377433776855
vn 0 -0.19910643994808197 -0.97997784614562988
vn 0 -0.16036690771579742 -0.98705744743347168
vn 0 -0.084352672100067139 -0.99643594026565552
vn 0 -0.047096904367208481 -0.99889034032821655
vn 0 -0.99417376518249512 0.10778938233852386
vn 0 -0.99998849630355835 0.0047956150956451893
vn 0 -0.99914431571960449 0.041359692811965942
vn 0 -0.99417376518249512 0.10778938233852386
vn 0 0.025305658578872681 -0.99967974424362183
vn 0 0.060450941324234009 -0.99817115068435669
vn 0 -0.52238619327545166 -0.85270899534225464
vn 0 -0.52238619327545166 -0.85270899534225464
vn 0 -0.52238619327545166 -0.85270899534225464
vn 0 -0.52238619327545166 -0.85270899534225464
vn 0 0.12826204299926758 -0.99174028635025024
vn 0 0.16094186902046204 -0.98696386814117432
vn 0 0.22370526194572449 -0.97465682029724121
vn 0 0.25381386280059814 -0.96725308895111084
vn 1 6.2480487450500277E-09 -6.835002785976485E-09
vn 1 3.1240243725250139E-09 -3.4175013929882425E-09
vn 0 0.29778945446014404 -0.95463156700134277
vn 0 0.28364992141723633 -0.95892792940139771
vn 0 -0.20215955376625061 0.97935259342193604
vn 0 -0.20215955376625061 0.97935259342193604
vn 0 -0.20215955376625061 0.97935259342193604
vn 0 -0.20215955376625061 0.97935259342193604
vn 0 0.32587340474128723 -0.94541341066360474
vn 0 0.32587340474128723 -0.94541341066360474
vn 0 0.32587340474128723 -0.94541341066360474
vn 0 -0.32498589158058167 0.94571888446807861
vn 0 -0.32498589158058167 0.94571888446807861
vn 0 -0.34571191668510437 0.93834072351455688
vn 0 -0.36628049612045288 0.93050450086593628
vn 0 -0.42436355352401733 0.90549188852310181
vn 0 -0.46140599250793457 0.88718909025192261
vn 0 -0.53045350313186646 0.84771406650543213
vn 0 -0.56257575750350952 0.82674574851989746
vn 0 0.21707704663276672 -0.97615444660186768
vn 0 0.21707704663276672 -0.97615444660186768
vn 0 0.21707704663276672 -0.97615444660186768
vn 0 0.21707704663276672 -0.97615444660186768
vn 0 -0.62251681089401245 0.78260642290115356
vn 0 -0.65043127536773682 0.75956511497497559
vn 0 0.49144741892814636 0.8709072470664978
vn 0 0.3726363480091095 0.92797744274139404
vn 0 0.41784164309501648 0.90851986408233643
vn 0 0.49144741892814636 0.8709072470664978
vn 0 -0.7026141881942749 0.71157097816467285
vn 0 -0.72694957256317139 0.68669086694717407
vn 0 -0.22326597571372986 0.97475755214691162
vn 0 -0.22326597571372986 0.97475755214691162
vn 0 -0.22326597571372986 0.97475755214691162
vn 0 -0.22326597571372986 0.97475755214691162
vn 0 -0.77246081829071045 0.63506239652633667
vn 0 -0.79367244243621826 0.60834532976150513
vn 0 0.60745269060134888 -0.79435586929321289
vn 0 0.59779274463653564 -0.80165070295333862
vn 0 0.66378670930862427 -0.74792194366455078
vn 0 0.67885327339172363 -0.73427391052246094
vn 0 -0.83325642347335815 0.5528867244720459
vn 0 -0.85162889957427979 0.52414524555206299
vn 0 -0.88566321134567261 0.46432814002037048
vn 0 -0.901283860206604 0.43322905898094177
vn 0 0.75012212991714478 -0.66129934787750244
vn 0 0.76352536678314209 -0.64577782154083252
vn 0 -0.92971593141555786 0.36827749013900757
vn 0 -0.94243651628494263 0.33438503742218018
vn 0 0.82581156492233276 -0.5639461874961853
vn 0 0.83729076385498047 -0.54675787687301636
vn 0 -0.96470046043395996 0.26334971189498901
vn 0 -0.97409051656723022 0.22615861892700195
vn 0 0.88933837413787842 -0.45724964141845703
vn 0 0.89865469932556152 -0.43865668773651123
vn 0 -0.98898214101791382 0.14803500473499298
vn 0 -0.99425274133682251 0.10705814510583878
vn 0 0.93937277793884277 -0.34289759397506714
vn 0 0.94632875919342041 -0.3232056200504303
vn 0 -0.99997258186340332 0.00740789994597435
vn 0 -0.99951207637786865 0.031234534457325935
vn 0 -0.99986535310745239 -0.016409415751695633
vn 0 -0.99986535310745239 -0.016409415751695633
vn 0 0.97486835718154907 -0.22278174757957458
vn 0 0.97931963205337524 -0.2023191899061203
vn 0 0.99886679649353027 0.047593813389539719
vn 0 0.99971681833267212 0.023796906694769859
vn 0 0.99293172359466553 0.11868691444396973
vn 0 0.98614901304244995 0.16586166620254517
vn 0 0.99508482217788696 -0.099026106297969818
vn 0 0.99693959951400757 -0.078175321221351624
vn 1 -2.808334365056453E-08 -3.971539985769823E-09
vn 1 -1.5879793124895514E-07 5.5646993679658863E-09
vn 1 -8.80112267509503E-08 -4.9530200385561329E-08
vn 1 -6.7668551650967856E-08 1.7632928006605653E-08
vn 1 0 0
vn 1 0 0
vn 1 0 0
vn 1 8.5439216945815133E-07 9.8723273822542978E-07
vn 1 3.8725024751329329E-06 3.8724683690816164E-06
vn 1 1.5407300679726177E-06 1.6796669797258801E-06
vn 1 0 0
vn 1 1.0528996341463426E-07 -8.0266943314200034E-08
vn 1 -1.164093646366382E-06 -5.3511980695475359E-06
vn 1 -1.164093646366382E-06 -5.3511980695475359E-06
vn 1 -3.8803415236543515E-07 -2.2459610136138508E-06
vn 1 0 0
vn 1 3.054521613421457E-08 -3.4373320545455499E-07
vn 1 0 0
vn 1 0 0
vn 1 0 0
vn 1 -1.8544797342201491E-07 3.5762507621939221E-08
vn 1 3.8719836084055714E-06 -3.8089863210188923E-06
vn 1 3.8719836084055714E-06 -3.8089863210188923E-06
vn 1 8.7020970340745407E-07 -1.0845215001609176E-06
vn 1 0 0
vn 1 -2.802287895065092E-07 7.6068303656029457E-08
vn 1 0 0
vn 0 0.99965846538543701 0.02613355964422226
vn 0 0.99889445304870605 0.047009434551000595
vn 0 0.96593689918518066 0.25877776741981506
vn 0 0.95250630378723145 0.3045189380645752
vn 0 0.98861277103424072 0.15048176050186157
vn 0 0.98526954650878906 0.17100854218006134
vn 0 0.9192732572555542 0.39361989498138428
vn 0 0.89947128295898438 0.43697991967201233
vn 0 0.96234399080276489 0.27183452248573303
vn 0 0.95652168989181519 0.29166111350059509
vn 0 0.85389792919158936 0.52044051885604858
vn 0 0.82812660932540894 0.56054109334945679
vn 0 0.92157107591629028 0.38820970058441162
vn 0 0.91341477632522583 0.40703001618385315
vn 0 0.77114152908325195 0.63666373491287231
vn 0 0.73992800712585449 0.67268604040145874
vn 0 0.86723804473876953 0.49789375066757202
vn 0 0.85692179203033447 0.51544642448425293
vn 0 0.67268913984298706 0.73992520570755005
vn 0 0.63666343688964844 0.77114176750183105
vn 0 -0.025199716910719872 0.99968242645263672
vn 0 0.023152157664299011 0.99973195791244507
vn 0 -0.12027496099472046 0.99274063110351563
vn 0 -0.16700625419616699 0.98595583438873291
vn 0 0.56053829193115234 0.82812851667404175
vn 0 0.52043908834457397 0.85389882326126099
vn 1 4.0905835163584925E-08 -9.6622763123832556E-08
vn 1 -1.8651121536095161E-08 3.6354347088263239E-08
vn 1 -3.9308734045562232E-09 1.8764504261525872E-07
vn 0 0.43697819113731384 0.89947211742401123
vn 0 0.39361631870269775 0.91927480697631836
vn 0 0.7878991961479187 0.61580425500869751
vn 0 0.80025064945220947 0.59966570138931274
vn 0 0.72104352712631226 0.6928897500038147
vn 0 0.70667153596878052 0.70754176378250122
vn 0 0.3045194149017334 0.95250612497329712
vn 0 0.25878459215164185 0.96593505144119263
vn 0 0.63057708740234375 0.77612662315368652
vn 0 0.61451518535614014 0.78890502452850342
vn 0 0.16586633026599884 0.98614823818206787
vn 0 0.11868283897638321 0.99293220043182373
vn 0 0.53063291311264038 0.84760177135467529
vn 0 0.51314347982406616 0.85830283164978027
vn 0 0.42284330725669861 0.90620279312133789
vn 0 0.40421152114868164 0.91466552019119263
vn 0 -0.25987732410430908 0.96564161777496338
vn 0 -0.3059995174407959 0.95203167200088501
vn 0 0.30898278951644897 0.95106762647628784
vn 0 0.2895176112651825 0.957172691822052
vn 0 -0.39596849679946899 0.91826409101486206
vn 0 -0.4398094117641449 0.89809113740921021
vn 0 0.19089280068874359 0.98161089420318604
vn 0 0.17090018093585968 0.98528832197189331
vn 0 -0.52423232793807983 0.85157525539398193
vn 0 -0.56480836868286133 0.82522207498550415
vn 0 0.070431441068649292 0.99751663208007813
vn 0 0.050225339829921722 0.99873793125152588
vn 0 -0.6417766809463501 0.76689159870147705
vn 0 -0.67816507816314697 0.73490965366363525
vn 0 -0.050556372851133347 0.99872118234634399
vn 0 -0.070675432682037354 0.99749934673309326
vn 0 -0.74593746662139893 0.66601598262786865
vn 0 -0.77732115983963013 0.62910395860671997
vn 0 -0.17029693722724915 0.98539280891418457
vn 0 -0.19003935158252716 0.98177647590637207
vn 0 -0.83438146114349365 0.55118745565414429
vn 0 -0.86006349325180054 0.51018697023391724
vn 0 -0.28707811236381531 0.95790719985961914
vn 0 -0.30616450309753418 0.95197862386703491
vn 0 -0.90518635511398315 0.4250149130821228
vn 0 -0.92463737726211548 0.38084873557090759
vn 0 -0.39930635690689087 0.91681754589080811
vn 0 -0.41748687624931335 0.90868294239044189
vn 0 -0.64568251371383667 0.76360595226287842
vn 0 -0.62393361330032349 0.78147733211517334
vn 0 -0.6613919734954834 0.75004041194915771
vn 0 -0.63438856601715088 0.77301430702209473
vn 0 -0.95692533254623413 0.29033422470092773
vn 0 -0.96977740526199341 0.24399128556251526
vn 0 -0.50550854206085205 0.86282157897949219
vn 0 -0.52254438400268555 0.85261207818984985
vn 0 -0.98866349458694458 0.15014821290969849
vn 0 -0.9947172999382019 0.10265207290649414
vn 0 -0.99997472763061523 -0.0071108308620750904
vn 0 -0.99956560134887695 0.029473096132278442
vn 0 -0.99719971418380737 -0.074784219264984131
vn 0 -0.99437791109085083 -0.10588951408863068
vn 0 -0.98553586006164551 -0.16946698725223541
vn 0 -0.9794013500213623 -0.20192332565784454
vn 0 -0.19423867762088776 0.98095428943634033
vn 0 -0.21238258481025696 0.97718662023544312
vn 0 -0.16535569727420807 0.98623400926589966
vn 0 -0.15465638041496277 0.9879683256149292
vn 0 -0.9633825421333313 -0.26813080906867981
vn 0 -0.95335614681243896 -0.30184763669967651
vn 0 0.99365001916885376 -0.11251525580883026
vn 0 0.98773318529129028 -0.1561511754989624
vn 0 0.99894809722900391 -0.045854892581701279
vn 0 0.99973714351654053 -0.02292744442820549
vn 0 -0.92901557683944702 -0.37004056572914124
vn 0 -0.91455382108688354 -0.40446415543556213
vn 0 0.9999995231628418 -0.00099669373594224453
vn 0 0.9999995231628418 -0.00099669373594224453
vn 0 0.9999995231628418 -0.00099669373594224453
vn 0 0.9999995231628418 -0.00099669373594224453
vn 0 -0.88091695308685303 -0.47327083349227905
vn 0 -0.86160135269165039 -0.50758558511734009
vn 0 0.60686248540878296 0.7948068380355835
vn 0 0.60686248540878296 0.7948068380355835
vn 0 0.60686248540878296 0.7948068380355835
vn 0 0.60686248540878296 0.7948068380355835
vn 0 -0.81805932521820068 -0.57513386011123657
vn 0 -0.79371404647827148 -0.60829108953475952
vn 1 4.0595722339276108E-07 1.2986386366264924E-07
vn 1 4.2882010120592895E-07 5.0148731389754175E-08
vn 1 -3.9923929762153421E-07 -1.3279904464980063E-07
vn 1 -4.6723488367206301E-07 -6.3354846702168288E-08
vn 1 -1.4392234959359484E-07 1.3086075512092066E-07
vn 1 -1.5757341031985561E-07 1.1310326897273626E-07
vn 1 -1.6659679147323914E-07 9.2403574569743796E-08
vn 1 -1.7075001323973993E-07 6.9749027886700787E-08
vn 1 -1.7011859654303407E-07 4.6189946090180456E-08
vn 1 -1.6507280520272616E-07 2.2722478121295353E-08
vn 0 0.97072494029998779 -0.24019385874271393
vn 0 0.95981389284133911 -0.28063735365867615
vn 0 0.93359410762786865 -0.3583323061466217
vn 0 0.91841155290603638 -0.39562639594078064
vn 0 0.88417458534240723 -0.46715664863586426
vn 0 0.86519813537597656 -0.50143015384674072
vn 0 0.82367175817489624 -0.56706690788269043
vn 0 0.80115789175033569 -0.59845304489135742
vn 0 0.75264930725097656 -0.65842163562774658
vn 0 0.72665399312973022 -0.68700361251831055
vn 0 0.67114067077636719 -0.74133002758026123
vn 0 0.64159363508224487 -0.76704472303390503
vn 0 0.57880008220672607 -0.81546950340270996
vn 0 0.54550045728683472 -0.83811050653457642
vn 0 0.47499781847000122 -0.87998700141906738
vn 0 0.4377267062664032 -0.89910805225372314
vn 0 0.35909482836723328 -0.93330109119415283
vn 0 0.31766054034233093 -0.94820451736450195
vn 0 0.25357893109321594 -0.96731472015380859
vn 0 0.2313205748796463 -0.97287756204605103
vn 0 0.20895220339298248 -0.97792583703994751
vn 0 0.20895220339298248 -0.97792583703994751
vn 1 0 0
vn 1 0 0
vn 1 0 0
vn 1 0 0
vn 1 -3.0623741054114362E-07 -1.1474888594875665E-07
vn 1 -3.4980524787897593E-07 -5.9359230419886444E-08
vn 1 1.2031442508941836E-07 3.2148983564184164E-07
vn 1 1.638822766381054E-07 2.6610015879668936E-07
vn 1 0 0
vn 1 0 0
vn 0 0.21933111548423767 0.97565048933029175
vn 0 0.27349543571472168 0.96187329292297363
vn 0 0.039709806442260742 0.99921125173568726
vn 0 0.10250727832317352 0.99473226070404053
vn 0 -0.16043896973133087 0.9870457649230957
vn 0 -0.091772802174091339 0.99577999114990234
vn 0 -0.36687889695167542 0.93026870489120483
vn 0 -0.29805269837379456 0.95454943180084229
vn 0 -0.55958294868469238 0.82877433300018311
vn 0 -0.49764406681060791 0.86738133430480957
vn 0 -0.72057473659515381 0.69337725639343262
vn 0 -0.67088353633880615 0.74156272411346436
vn 0 -0.84105134010314941 0.5409553050994873
vn 0 -0.80534297227859497 0.59280914068222046
vn 0 -0.92213326692581177 0.38687235116958618
vn 0 -0.89908069372177124 0.43778297305107117
vn 0 -0.97057521343231201 0.24079813063144684
vn 0 -0.96435534954071045 0.2646106481552124
vn 0 -0.94224750995635986 0.33491739630699158
vn 0 -0.98714667558670044 0.15981689095497131
vn 0 -0.98887413740158081 0.14875473082065582
vn 0 -0.98122495412826538 0.19286665320396423
vn 0 -0.99147719144821167 0.1302802562713623
vn 0 -0.99098515510559082 0.13397175073623657
vn 0 0.52041125297546387 0.8539157509803772
vn 0 0.52041125297546387 0.8539157509803772
vn 1 1.213475968597777E-07 -2.4517121666178809E-09
vn 1 -1.7519235484542151E-07 -3.6188600915920688E-07
vn 1 -2.3912994606689608E-07 -3.6391551816450374E-07
vn 1 0 0
vn 1 0 0
vn 1 0 0
vn 1 0 0
vn 1 0 0
vn 1 0 0
vn 1 0 0
vn 0 -0.99525052309036255 -0.097346939146518707
vn 0 -0.99791425466537476 -0.064553670585155487
vn 0 -0.981800377368927 -0.18991579115390778
vn 0 -0.98711419105529785 -0.16001759469509125
vn 0 -0.96134394407272339 -0.27535030245780945
vn 0 -0.96886956691741943 -0.24757184088230133
vn 0 -0.93457800149917603 -0.35575821995735168
vn 0 -0.94417756795883179 -0.32943692803382874
vn 0 -0.90143024921417236 -0.43292441964149475
vn 0 -0.91320431232452393 -0.40750199556350708
vn 0 -0.86115163564682007 -0.50834816694259644
vn 0 -0.87542307376861572 -0.48335748910903931
vn 0 -0.81228846311569214 -0.58325588703155518
vn 0 -0.82962405681610107 -0.55832242965698242
vn 0 -0.75256884098052979 -0.65851354598999023
vn 0 -0.77382445335388184 -0.63340014219284058
vn 0 -0.67869538068771362 -0.73441988229751587
vn 0 -0.69201207160949707 -0.72188591957092285
vn 0 -0.73052287101745605 -0.6828882098197937
vn 0 -0.62829333543777466 -0.77797651290893555
vn 0 -0.62045389413833618 -0.78424292802810669
vn 0 -0.65142256021499634 -0.75871515274047852
vn 0 -0.60459482669830322 -0.79653316736221313
vn 0 -0.60459482669830322 -0.79653316736221313
vn 1 3.67792480915341E-08 1.268844300739147E-07
vn 1 3.1696380631274224E-08 1.3217183436609048E-07
vn 1 2.684097388794271E-08 1.3589422565019049E-07
vn 1 3.2105978675645019E-07 2.4070407889098533E-08
vn 1 3.0883160206940374E-07 -4.4630496631725691E-08
vn 1 0 0
vn 1 0 0
vn 1 -3.3788916198318475E-07 -1.7117874051564286E-07
vn 1 -3.4067952014993352E-07 -1.0550489548677433E-07
vn 1 -8.6962153034164658E-09 1.2854377473558998E-07
vn 1 0 0
vn 1 0 0
vn 1 0 0
vn 1 0 0
vn 1 0 0
vn 1 0 0
vn 1 0 0
vn 1 0 0
vn 1 -2.4161042233572516E-07 -2.700725474369392E-07
vn 1 -2.7501454269440728E-07 -2.1176427367208817E-07
vn 1 -6.8575047862395877E-08 1.1278025624505972E-07
vn 1 4.747728326037759E-07 8.5976091668271692E-07
vn 0 0.55542963743209839 -0.83156353235244751
vn 0 0.55542963743209839 -0.83156353235244751
vn 0 0.27515327930450439 -0.96140038967132568
vn 0 0.26241776347160339 -0.96495437622070313
vn 0 0.31115487217903137 -0.95035922527313232
vn 0 0.2995181679725647 -0.95409059524536133
vn 0 0.34489098191261292 -0.93864274024963379
vn 0 0.33383947610855103 -0.94262993335723877
vn 0 0.37776187062263489 -0.92590278387069702
vn 0 0.36685216426849365 -0.93027925491333008
vn 0 0.41101065278053284 -0.91163057088851929
vn 0 0.39984318614006042 -0.91658353805541992
vn 0 0.44593682885169983 -0.89506441354751587
vn 0 0.43406280875205994 -0.90088260173797607
vn 0 0.48408034443855286 -0.87502354383468628
vn 0 0.47095662355422974 -0.8821563720703125
vn 0 0.52748209238052368 -0.84956616163253784
vn 0 0.51236546039581299 -0.85876750946044922
vn 0 0.076522782444953918 -0.99706780910491943
vn 0 0.059492595493793488 -0.99822872877120972
vn 0 0.12358519434928894 -0.99233394861221313
vn 0 0.12358519434928894 -0.99233394861221313
vn 0 0.028141846880316734 -0.99960392713546753
vn 0 0.013824949972331524 -0.99990445375442505
vn 0 -0.013152102008461952 -0.99991351366043091
vn 0 -0.025812281295657158 -0.99966681003570557
vn 0 -0.050151735544204712 -0.99874162673950195
vn 0 -0.061831917613744736 -0.99808657169342041
vn 0 -0.084713630378246307 -0.99640536308288574
vn 0 -0.095915943384170532 -0.99538946151733398
vn 0 -0.11828386038541794 -0.99297982454299927
vn 0 -0.12944944202899933 -0.99158602952957153
vn 0 -0.15216469764709473 -0.98835515975952148
vn 0 -0.16371296346187592 -0.98650801181793213
vn 0 -0.18769055604934692 -0.98222821950912476
vn 0 -0.20011572539806366 -0.97977226972579956
vn 0 -0.22647437453269958 -0.97401714324951172
vn 0 -0.24039833247661591 -0.97067433595657349
vn 0 -0.27065157890319824 -0.96267735958099365
vn 0 -0.28695967793464661 -0.9579426646232605
vn 0 -0.31266742944717407 -0.94986265897750854
vn 0 -0.32212436199188232 -0.94669735431671143
vn 0 -0.33154827356338501 -0.94343823194503784
vn 0 -0.33154827356338501 -0.94343823194503784
vn 1 1.8888290043150846E-08 -2.3205048194085975E-07
vn 1 5.8510378764253801E-09 -2.2267913379891979E-07
vn 1 -6.4545736222498817E-07 9.0097536542543821E-08
vn 1 -6.455463790189242E-07 1.9962658370786812E-07
vn 1 0 0
vn 1 0 0
vn 1 0 0
vn 1 0 0
vn 1 8.9694083271751879E-07 4.0856920691112464E-07
vn 1 8.533012305633747E-07 2.9212165486569575E-07
vn 1 6.0976611848673201E-07 -8.2444309157381213E-08
vn 1 1.3361530193378712E-07 -1.9979434284778108E-07
vn 1 -7.4618151302274782E-07 -5.8300724248283586E-08
vn 1 -8.0818256265047239E-07 4.0412103885500983E-08
vn 1 0 0
vn 1 6.1527805428340798E-07 1.5253003482484928E-07
vn 1 6.5298331719532143E-07 5.2247976611852209E-08
vn 1 7.1840091209196544E-08 -2.0289557767227961E-07
vn 1 6.4540095934262354E-08 -2.0854221816080099E-07
vn 1 5.6619590793616226E-08 -2.1662120275323105E-07
vn 1 4.728258318209555E-08 -2.2850602476864879E-07
vn 0 -0.24565662443637848 0.96935689449310303
vn 0 -0.26080942153930664 0.96539032459259033
vn 0 -0.28920134902000427 0.95726829767227173
vn 0 -0.30245506763458252 0.95316362380981445
vn 0 -0.32779836654663086 0.9447476863861084
vn 0 -0.33989682793617249 0.94046270847320557
vn 0 -0.36346635222434998 0.93160730600357056
vn 0 -0.37494179606437683 0.92704838514328003
vn 0 -0.3977150022983551 0.91750901937484741
vn 0 -0.40901285409927368 0.9125286340713501
vn 0 -0.43184962868690491 0.90194559097290039
vn 0 -0.44338351488113403 0.8963320255279541
vn 0 -0.46716204285621643 0.88417172431945801
vn 0 -0.47939363121986389 0.87760001420974731
vn 0 -0.50510501861572266 0.86305791139602661
vn 0 -0.51855897903442383 0.85504186153411865
vn 0 -0.54747527837753296 0.83682185411453247
vn 0 -0.5628853440284729 0.82653498649597168
vn 0 -0.12685418128967285 0.99192136526107788
vn 0 -0.070509441196918488 0.99751108884811401
vn 0 -0.090141206979751587 0.99592900276184082
vn 0 -0.12685418128967285 0.99192136526107788
vn 0 -0.017499232664704323 0.99984687566757202
vn 0 -0.034185674041509628 0.99941551685333252
vn 0 0.028802230954170227 0.99958515167236328
vn 0 0.013994747772812843 0.99990206956863403
vn 0 0.070962131023406982 0.99747902154922485
vn 0 0.05728524923324585 0.99835783243179321
vn 0 0.11088380962610245 0.99383336305618286
vn 0 0.097760863602161407 0.99520993232727051
vn 0 0.15011985599994659 0.98866778612136841
vn 0 0.13706332445144653 0.99056226015090942
vn 0 0.19012556970119476 0.98175978660583496
vn 0 0.17665213346481323 0.98427337408065796
vn 0 0.2324664443731308 0.97260439395904541
vn 0 0.21803590655326843 0.9759407639503479
vn 0 0.27904340624809265 0.96027851104736328
vn 0 0.2629774808883667 0.96480196714401245
vn 0 0.33242106437683105 0.94313108921051025
vn 0 0.31378138065338135 0.94949525594711304
vn 0 0.39830958843231201 0.91725105047225952
vn 0 0.39830958843231201 0.91725105047225952
vn 0 0.44465413689613342 0.89570236206054688
vn 0 0.44465413689613342 0.89570236206054688
vn 0 -0.82999259233474731 -0.55777442455291748
vn 0 -0.75431603193283081 -0.65651148557662964
vn 0 -0.78084152936935425 -0.62472915649414063
vn 0 -0.85258954763412476 -0.52258116006851196
vn 1 3.7665721208668401E-08 3.8036972682675696E-07
vn 1 1.0947762802970828E-06 1.8331063529331004E-06
vn 1 5.7068456271736068E-07 7.5035785584987025E-07
vn 1 -1.8031976196652977E-06 4.2839300817831827E-07
vn 1 -2.2493573226256558E-07 -5.9628814597090241E-07
vn 1 -2.9223542696854565E-06 4.5837532525183633E-07
vn 1 0 0
vn 1 -4.0234962739305047E-07 7.0098519699968165E-07
vn 1 -2.8727080803037097E-07 9.4794495453243144E-07
vn 1 0 0
vn 1 0 0
vn 1 0 0
vn 1 0 0
vn 1 -1.9928037886529637E-07 2.1237065084278584E-07
vn 1 0 0
vn 1 0 0
vn 1 0 0
vn 1 0 0
vn 1 0 0
vn 1 0 0
vn 1 0 0
vn 1 6.3194164567903499E-07 2.3170553049567388E-06
vn 1 -3.0500590582960285E-05 -3.7017918657511473E-05
vn 1 -3.0500590582960285E-05 -3.7017918657511473E-05
vn 1 -8.738226824789308E-06 -8.6656827988917939E-06
vn 1 0 0
vn 1 -1.1988975074928021E-06 -1.658152905292809E-05
vn 1 -1.0119681064679753E-05 -9.6816416771616787E-05
vn 1 -3.373227173142368E-06 -3.2272138923872262E-05
vn 1 0 0
vn 1 -1.3631786544010538E-07 3.9266060980480688E-07
vn 1 0 0
vn 1 0 0
vn 1 0 0
vn 1 0 0
vn 1 0 0
vn 1 0 0
vn 1 0 0
vn 1 0 0
vn 1 0 0
vn 1 0 0
vn 1 0 0
vn 1 0 0
vn 1 0 0
vn 1 0 0
vn 1 0 0
vn 1 0 0
vn 1 0 0
vn 1 -2.3567289986203832E-07 1.3400234593063942E-06
vn 1 -7.584126251458656E-06 -2.9335691579035483E-05
vn 1 -7.584126251458656E-06 -2.9335691579035483E-05
vn 1 -2.6577124572213506E-06 -7.2203110903501511E-06
vn 1 0 0
vn 1 -2.3794909509433637E-07 1.902600388348219E-06
vn 1 0 0
vn 1 0 0
vn 1 0 0
vn 0 0.32831931114196777 0.94456678628921509
vn 0 0.44129803776741028 0.89736056327819824
vn 0 0.93200713396072388 -0.36243999004364014
vn 0 0.87963742017745972 -0.47564485669136047
vn 0 0.40421152114868164 0.91466552019119263
vn 0 0.2895176112651825 0.957172691822052
vn 0 0.32831931114196777 0.94456678628921509
vn 0 0.44129803776741028 0.89736056327819824
vn 0 0.54789918661117554 0.83654433488845825
vn 0 0.81397956609725952 -0.58089351654052734
vn 0 0.17090016603469849 0.98528832197189331
vn 0 0.21080653369426727 0.97752779722213745
vn 0 0.21080653369426727 0.97752779722213745
vn 0 -0.99907708168029785 -0.042952649295330048
vn 0 -0.99598580598831177 -0.089511476457118988
vn 0 -0.9978034496307373 -0.066243752837181091
vn 0 -0.99907708168029785 -0.042952649295330048
vn 0 0.96998953819274902 -0.24314658343791962
vn 0 0.050225339829921722 0.99873793125152588
vn 0 0.090608656406402588 0.99588656425476074
vn 0 0.090608656406402588 0.99588656425476074
vn 0 0.9927939772605896 -0.11983349919319153
vn 0 -0.68749946355819702 0.7261849045753479
vn 0 -0.60169029235839844 0.79872947931289673
vn 0 -0.030416775494813919 0.99953728914260864
vn 0 0.99998623132705688 0.0052462797611951828
vn 0 -0.15048596262931824 0.98861217498779297
vn 0 0.64844584465026855 -0.76126080751419067
vn 0 0.61701935529708862 -0.78694796562194824
vn 0 0.99152845144271851 0.12988989055156708
vn 0 -0.26787704229354858 0.96345311403274536
vn 0 0.98526954650878906 0.17100854218006134
vn 0 0.95652168989181519 0.29166114330291748
vn 0 0.96775537729263306 0.25189182162284851
vn 0 0.99152845144271851 0.12988989055156708
vn 0 0.96775537729263306 0.25189182162284851
vn 0 -0.38096752762794495 0.92458844184875488
vn 0 0.91341477632522583 0.40703001618385315
vn 0 0.92933958768844604 0.36922609806060791
vn 0 0.73511171340942383 0.67794597148895264
vn 0 0.81227147579193115 0.58327955007553101
vn 0 0.92933958768844604 0.36922609806060791
vn 0 -0.48827329277992249 0.87269079685211182
vn 0 0.7878991961479187 0.61580425500869751
vn 0 0.70667153596878052 0.70754176378250122
vn 0 0.73511171340942383 0.67794597148895264
vn 0 0.81227147579193115 0.58327955007553101
vn 0 -0.56925243139266968 -0.82216280698776245
vn 0 -0.46056598424911499 -0.88762545585632324
vn 0 -0.49798893928527832 -0.8671833872795105
vn 0 -0.60313010215759277 -0.79764282703399658
vn 0 0.97931963205337524 -0.20231923460960388
vn 0 0.99693959951400757 -0.078175321221351624
vn 0 0.9927939772605896 -0.11983349919319153
vn 0 0.96998953819274902 -0.24314658343791962
vn 0 -0.6672547459602356 -0.74482959508895874
vn 0 -0.69752317667007446 -0.71656221151351929
vn 0 0.87719476222991943 0.48013466596603394
vn 0 -0.12172501534223557 -0.99256384372711182
vn 0 -0.098542019724845886 -0.99513286352157593
vn 0 -0.098542019724845886 -0.99513286352157593
vn 0 -0.14485438168048859 -0.98945295810699463
vn 0 0.61451518535614014 0.78890502452850342
vn 0 0.64637333154678345 0.76302129030227661
vn 0 0.64637333154678345 0.76302129030227661
vn 0 0.73640340566635132 -0.67654269933700562
vn 0 -0.89357578754425049 -0.44891238212585449
vn 0 -0.91190421581268311 -0.4104030430316925
vn 0 0.89865469932556152 -0.43865668773651123
vn 0 0.94632875919342041 -0.3232056200504303
vn 0 0.93200713396072388 -0.36243999004364014
vn 0 0.87963742017745972 -0.47564485669136047
vn 0 -0.97933453321456909 -0.20224693417549133
vn 0 -0.94389635324478149 -0.33024179935455322
vn 0 -0.95746433734893799 -0.28855165839195251
vn 0 -0.9875032901763916 -0.15759839117527008
vn 0 0.76352542638778687 -0.64577776193618774
vn 0 0.83729076385498047 -0.54675787687301636
vn 0 0.81397956609725952 -0.58089351654052734
vn 0 0.73640340566635132 -0.67654269933700562
vn 0 0.51314347982406616 0.85830283164978027
vn 0 0.54789918661117554 0.83654433488845825
vn 0 0.67885327339172363 -0.73427397012710571
vn 0 0.64844584465026855 -0.76126080751419067
vn 0 -0.75431603193283081 -0.65651148557662964
vn 0 -0.6672547459602356 -0.74482959508895874
vn 0 -0.69752311706542969 -0.71656227111816406
vn 0 -0.78084152936935425 -0.62472915649414063
vn 0 -0.21236288547515869 -0.97719085216522217
vn 0 -0.25648790597915649 -0.96654742956161499
vn 0 -0.56925249099731445 -0.82216274738311768
vn 0 -0.60313010215759277 -0.79764282703399658
vn 0 -0.46056598424911499 -0.88762545585632324
vn 0 -0.49798893928527832 -0.8671833872795105
vn 0 -0.52254438400268555 0.85261207818984985
vn 0 -0.64568251371383667 0.76360601186752319
vn 0 -0.62393361330032349 0.78147733211517334
vn 0 -0.55593913793563843 0.8312230110168457
vn 0 -0.48827329277992249 0.87269079685211182
vn 0 0.85692179203033447 0.51544648408889771
vn 0 0.87719476222991943 0.48013466596603394
vn 0 -0.34144344925880432 -0.93990230560302734
vn 0 -0.38231521844863892 -0.92403197288513184
vn 0 -0.34144344925880432 -0.93990230560302734
vn 0 -0.38231521844863892 -0.92403197288513184
vn 0 -0.41748687624931335 0.90868294239044189
vn 0 -0.38096749782562256 0.92458844184875488
vn 0 -0.2123628556728363 -0.97719085216522217
vn 0 -0.25648790597915649 -0.96654742956161499
vn 0 -0.30616450309753418 0.95197862386703491
vn 0 -0.26787704229354858 0.96345311403274536
vn 0 -0.12172501534223557 -0.99256384372711182
vn 0 -0.14485438168048859 -0.98945295810699463
vn 0 0.61701935529708862 -0.78694796562194824
vn 0 0.61701935529708862 -0.78694796562194824
vn 0 -0.19003935158252716 0.98177647590637207
vn 0 -0.15048594772815704 0.98861217498779297
vn 0 -0.098542019724845886 -0.99513286352157593
vn 0 -0.098542019724845886 -0.99513286352157593
vn 0 0.99889445304870605 0.047009434551000595
vn 0 0.99998623132705688 0.0052462797611951828
vn 0 -0.070675432682037354 0.99749934673309326
vn 0 -0.030416781082749367 0.99953728914260864
vn 0 -0.99907708168029785 -0.042952649295330048
vn 0 -0.99598580598831177 -0.089511476457118988
vn 0 -0.9978034496307373 -0.066243752837181091
vn 0 -0.99907708168029785 -0.042952649295330048
vn 0 -0.97933459281921387 -0.20224685966968536
vn 0 -0.9875032901763916 -0.15759839117527008
vn 0 -0.68749946355819702 0.7261849045753479
vn 0 -0.68749946355819702 0.7261849045753479
vn 0 -0.94389635324478149 -0.33024179935455322
vn 0 -0.95746433734893799 -0.28855165839195251
vn 0 -0.89357578754425049 -0.44891238212585449
vn 0 -0.91190421581268311 -0.4104030430316925
vn 0 -0.82999259233474731 -0.55777442455291748
vn 0 -0.85258954763412476 -0.52258116006851196
vn 1 0 0
vn 1 0 0
vn 1 0 0
vn 1 0 0
vn -1 0 0
vn -1 0 0
vn -1 0 0
vn -1 0 0
vn -1 0 0
vn -1 0 0
vn -1 0 0
vn -1 0 0
vn 1 0 0
vn 1 0 0
vn 1 0 0
vn 1 0 0
vn -1 0 0
vn -1 0 0
vn -1 0 0
vn -1 0 0
vn -1 0 0
vn -1 0 0
vn -1 0 0
vn -1 0 0
vn -1 0 0
vn -1 0 0
vn -1 0 0
vn -1 0 0
vn 1 -2.6853911094804062E-06 3.7027868415862031E-07
vn 1 -1.2267199736015755E-06 8.6610391747399262E-08
vn 1 -2.6853911094804062E-06 3.7027868415862031E-07
vn 1 -1.4586711358788307E-06 2.836682995166484E-07
vn -1 0 0
vn -1 0 0
vn -1 0 0
vn -1 0 0
vn 1 0 0
vn 1 0 0
vn 1 0 0
vn 1 0 0
vn 1 4.7918802010826766E-06 -9.3434363179767388E-07
vn 1 1.7017385971485055E-06 -3.0664125461044023E-07
vn 1 4.6009045036043972E-06 -9.0865779611704056E-07
vn 1 2.7163880531588802E-06 -6.5519378722456167E-07
vn 1 0 0
vn 1 0 0
vn 1 0 0
vn 1 0 0
vn 1 0 0
vn 1 0 0
vn 1 0 0
vn 1 0 0
vn -1 -4.6271698010968976E-06 8.3993961652595317E-07
vn -1 -2.0392635633470491E-06 4.9187104878001264E-07
vn -1 -4.8023484851000831E-06 8.6350081573982607E-07
vn -1 -2.3872537440183805E-06 4.0644627574693004E-07
vn -1 2.6894583697867347E-06 -3.3941401511583535E-07
vn -1 1.2071774335709051E-06 -2.3476022192880919E-07
vn -1 2.6894583697867347E-06 -3.3941401511583535E-07
vn -1 1.4822808225289918E-06 -1.0465381450330824E-07
vn -1 0 0
vn -1 0 0
vn -1 0 0
vn -1 0 0
vn -1 0 0
vn -1 0 0
vn 1 0 0
vn 1 0 0
vn 1 0 0
vn 1 0 0
vn 1 0 0
vn 1 0 0
vn 1 0 0
vn 1 0 0
vn -1 0 0
vn -1 0 0
vn -1 0 0
vn -1 0 0
vn 1 0 0
vn 1 0 0
vn 1 0 0
vn 1 0 0
vn -1 0 0
vn -1 0 0
vn 1 0 0
vn 1 0 0
vn -1 0 0
vn -1 0 0
vn -1 0 0
vn -1 0 0
vn 1 -4.0490908759238664E-06 2.6186398827121593E-06
vn 1 -1.7574548110133037E-06 9.5997813787107589E-07
vn 1 -4.0490908759238664E-06 2.6186398827121593E-06
vn 1 -2.2916362922842382E-06 1.6586616311542457E-06
vn -1 0 0
vn -1 0 0
vn -1 0 0
vn -1 0 0
vn 1 0 0
vn 1 0 0
vn 1 0 0
vn 1 0 0
vn 1 0 0
vn 1 0 0
vn -1 0 0
vn -1 0 0
vn -1 4.1050516301766038E-06 -2.5303249913122272E-06
vn -1 1.6220914176301449E-06 -1.1740523859771201E-06
vn -1 4.1050516301766038E-06 -2.5303249913122272E-06
vn -1 2.4829603262332967E-06 -1.3562724916482694E-06
vn 1 0 0
vn 1 0 0
vn -1 0 0
vn -1 0 0
vn -1 0 0
vn -1 0 0
vn 1 0 0
vn 1 0 0
vn 1 0 0
vn 1 0 0
vn -1 0 0
vn -1 0 0
vn 1 0 0
vn 1 0 0
vn -1 0 0
vn -1 0 0
vn 1 0 0
vn 1 0 0
vn 1 0 0
vn 1 0 0
vn 0 0.81394773721694946 -0.58093810081481934
vn 0 0.73636758327484131 -0.6765817403793335
vn 0 0.7634892463684082 -0.64582055807113647
vn 0 0.83726316690444946 -0.54680013656616211
vn 0 0.54789108037948608 0.83654963970184326
vn 0 0.64636588096618652 0.7630276083946228
vn 0 0.61450862884521484 0.78891009092330933
vn 0 0.51313245296478271 0.85830944776535034
vn 0 -0.78079694509506226 -0.62478482723236084
vn 0 -0.85246950387954712 -0.52277696132659912
vn 0 -0.82989877462387085 -0.55791401863098145
vn 0 -0.75429254770278931 -0.65653842687606812
vn 0 0.7761569619178772 -0.63053971529006958
vn 0 0.74302488565444946 -0.66926378011703491
vn 0 0.73514819145202637 0.67790645360946655
vn 0 0.70668655633926392 0.7075268030166626
vn 0 -0.69755053520202637 -0.71653556823730469
vn 0 -0.66731184720993042 -0.74477839469909668
vn 0 0.80719530582427979 -0.59028446674346924
vn 0 0.80719530582427979 -0.59028446674346924
vn 0 0.81227385997772217 0.58327621221542358
vn 0 0.78792703151702881 0.61576861143112183
vn 0 -0.60326468944549561 -0.79754102230072021
vn 0 -0.569435715675354 -0.82203590869903564
vn 0 -0.49826055765151978 -0.86702734231948853
vn 0 -0.46087682247161865 -0.88746410608291626
vn 0 -0.57753372192382813 0.81636685132980347
vn 0 -0.4873751699924469 0.87319266796112061
vn 0 -0.52076750993728638 0.85369855165481567
vn 0 -0.60125714540481567 0.79905557632446289
vn 0 0.87717980146408081 0.48016208410263062
vn 0 0.92932218313217163 0.3692699670791626
vn 0 0.91339939832687378 0.4070645272731781
vn 0 0.85690426826477051 0.5154755711555481
vn 0 -0.38271588087081909 -0.92386609315872192
vn 0 -0.34189528226852417 -0.93973803520202637
vn 0 -0.38099458813667297 0.92457723617553711
vn 0 -0.4175092875957489 0.90867263078689575
vn 0 0.96774154901504517 0.25194492936134338
vn 0 0.9565054178237915 0.29171445965766907
vn 0 -0.25506696105003357 -0.96692341566085815
vn 0 -0.20896074175834656 -0.97792404890060425
vn 0 -0.26789987087249756 0.96344673633575439
vn 0 -0.30619189143180847 0.95196980237960815
vn 0 0.99152505397796631 0.12991566956043243
vn 0 0.98526269197463989 0.17104803025722504
vn 0 -0.14648319780826569 -0.98921316862106323
vn 0 -0.13043393194675446 -0.99145698547363281
vn 0 -0.15050768852233887 0.98860883712768555
vn 0 -0.19005927443504333 0.98177260160446167
vn 0 0.99998611211776733 0.005265828687697649
vn 0 0.99889367818832397 0.047025203704833984
vn 0 -0.11435462534427643 -0.99343997240066528
vn 0 -0.11435462534427643 -0.99343997240066528
vn 0 -0.030442191287875175 0.99953651428222656
vn 0 -0.070699922740459442 0.99749761819839478
vn 0 0.99279332160949707 -0.11983926594257355
vn 0 0.99694031476974487 -0.078166566789150238
vn 0 0.090584598481655121 0.99588876962661743
vn 0 0.050200141966342926 0.99873918294906616
vn 0 -0.99675709009170532 -0.080469511449337006
vn 0 -0.99774914979934692 -0.067057222127914429
vn 0 -0.99774914979934692 -0.067057222127914429
vn 0 -0.99558448791503906 -0.093869678676128387
vn 0 0.96999049186706543 -0.24314285814762115
vn 0 0.97931796312332153 -0.20232732594013214
vn 0 0.21077659726142883 0.97753423452377319
vn 0 0.17087370157241821 0.98529291152954102
vn 0 -0.98804771900177002 -0.15414850413799286
vn 0 -0.97963106632232666 -0.20080573856830597
vn 0 0.93199747800827026 -0.36246469616889954
vn 0 0.9463270902633667 -0.32321056723594666
vn 0 -0.62444221973419189 0.7810710072517395
vn 0 -0.62444221973419189 0.7810710072517395
vn 0 0.32830274105072021 0.9445725679397583
vn 0 0.28949269652366638 0.9571802020072937
vn 0 -0.95732635259628296 -0.28900909423828125
vn 0 -0.94375813007354736 -0.33063670992851257
vn 0 0.8796151876449585 -0.47568592429161072
vn 0 0.89863401651382446 -0.43869903683662415
vn 0 0.44128578901290894 0.89736664295196533
vn 0 0.40420106053352356 0.91467016935348511
vn 0 -0.91176605224609375 -0.4107099175453186
vn 0 -0.89343494176864624 -0.44919267296791077
vn 1 0 0
vn 1 0 0
vn 1 0 0
vn 1 0 0
vn 1 0 0
vn 1 0 0
vn 1 0 0
vn 1 0 0
vn -1 0 0
vn -1 0 0
vn -1 0 0
vn -1 0 0
vn -1 0 0
vn -1 0 0
vn -1 0 0
vn -1 0 0
vn 1 0 0
vn 1 0 0
vn 1 0 0
vn 1 0 0
vn -1 3.7583103562610631E-07 3.4816448390984078E-08
vn -1 2.006522237252284E-07 5.8377672473852726E-08
vn 1 -1.8277775382102845E-07 -5.3177284797811808E-08
vn 1 -3.7375343708845321E-07 -2.7491404708257505E-08
vn -1 0 0
vn -1 0 0
vn -1 0 0
vn -1 0 0
vn 1 0 0
vn 1 0 0
vn -1 -1.3489808736721898E-07 1.8991961781011923E-08
vn -1 -1.3712717361613613E-07 -1.2088601231141638E-08
vn -1 -1.0912485493008717E-07 -2.1386764359476729E-08
vn -1 -3.2888692658161744E-08 -1.0750797940772827E-07
vn -1 -2.3919298541841272E-07 -7.8306989337306732E-08
vn -1 3.1049516735492944E-08 -2.4212255311795161E-07
vn -1 -9.5133827926474623E-08 4.5486196142974222E-08
vn -1 -2.6973017952514056E-07 4.9799744772371923E-08
vn -1 -2.8220236458764703E-07 -3.2330061117136211E-07
vn -1 -6.1485131652716518E-08 -7.2347489776802831E-08
vn -1 -1.5137845821300289E-07 -2.8416181407919794E-08
vn -1 -1.3420174127531936E-07 -2.894781303552918E-09
vn -1 -1.2206344024434657E-07 2.2613348971134428E-09
vn -1 -1.1564280555376172E-07 1.0443995890341284E-08
vn -1 -1.6449465789492024E-08 5.1551801050209178E-08
vn -1 -1.4848170337700139E-07 -2.7312765382703219E-09
vn -1 -1.3630605621983705E-07 -6.6831136180667272E-09
vn -1 -1.4484045607332519E-07 -1.9098019166108315E-08
vn -1 -1.8068978135943325E-07 -8.5528313320537563E-09
vn -1 -1.8049696848265739E-07 -2.1620442325342992E-08
vn -1 -1.7120096629241743E-07 -3.6398148495209171E-08
vn -1 -1.3423847633475816E-07 1.7950755548667985E-08
vn -1 -1.3900793760512897E-07 1.1174813963066299E-08
vn -1 -7.6207598453947867E-08 1.6666064084347454E-07
vn -1 3.1225019370140217E-07 -1.0556160532360082E-06
vn -1 1.1675832922719565E-07 -4.3811823502437619E-07
vn -1 0 0
vn -1 -1.0760152768796161E-08 2.8929434847668745E-08
vn -1 0 0
vn -1 0 0
vn -1 0 0
vn -1 2.2736226412689575E-07 4.4047231995136826E-07
vn -1 0 0
vn -1 -1.6986004993668757E-06 -1.145131705015956E-06
vn -1 -6.137901891634101E-06 -5.1173719839425758E-06
vn -1 -6.6954839894606266E-07 -3.7520868545470876E-07
vn -1 0 0
vn -1 0 0
vn -1 0 0
vn -1 0 0
vn -1 0 0
vn -1 0 0
vn -1 0 0
vn -1 -1.2250225722709729E-07 4.196932579247914E-08
vn -1 0 0
vn -1 0 0
vn -1 0 0
vn -1 -1.5238019841490313E-06 1.1010528169208555E-06
vn -1 -8.4283028627396561E-06 7.4245363066438586E-06
vn -1 -2.3180746211437508E-06 1.7236765188499703E-06
vn -1 0 0
vn -1 4.6859888414019224E-08 -2.6098473426827695E-07
vn -1 -1.729763994262612E-07 -2.6553554022257231E-08
vn -1 -2.2678707978229795E-07 -3.0352509394759863E-09
vn -1 -1.0861960930697023E-07 -8.6535216325955844E-08
vn -1 -1.3987362024181493E-07 -1.2150462858073752E-08
vn -1 -4.6860364477652183E-08 5.1262521338912848E-08
vn -1 -1.0556150442653234E-07 4.6851886814636146E-09
vn -1 0 0
vn -1 -1.0166784392140471E-07 6.839531607738536E-09
vn -1 -2.9709568138969189E-07 4.795000307922237E-08
vn -1 0 0
vn -1 8.7020970340745407E-07 -1.0845215001609176E-06
vn -1 3.8719836084055714E-06 -3.8089863210188923E-06
vn -1 5.5245226349143195E-07 -7.1662975642539095E-07
vn -1 0 0
vn -1 0 0
vn -1 0 0
vn -1 -3.3369563112728429E-08 1.7245822903078079E-07
vn -1 0 0
vn -1 3.8803415236543515E-07 2.2459610136138508E-06
vn -1 1.164093646366382E-06 5.3511980695475359E-06
vn -1 3.4501590562285855E-07 1.59759622420097E-06
vn -1 0 0
vn -1 1.5407300679726177E-06 1.6796669797258801E-06
vn -1 3.8725024751329329E-06 3.8724683690816164E-06
vn -1 5.7967474731412949E-07 7.337826559705718E-07
vn -1 0 0
vn -1 0 0
vn -1 0 0
vn -1 -1.012866732708062E-07 -9.8332897380259965E-09
vn -1 -1.5879793124895514E-07 5.5646993679658863E-09
vn -1 -8.4204494044115563E-08 6.0749478336674656E-08
vn -1 -8.5427529938897351E-08 -5.5979693769359073E-08
vn -1 -4.0595722339276108E-07 -1.2986386366264924E-07
vn -1 -4.2882010120592895E-07 -5.0148731389754175E-08
vn -1 -3.9923929762153421E-07 -1.3279904464980063E-07
vn -1 -4.6723488367206301E-07 -6.3354846702168288E-08
vn -1 -1.4392234959359484E-07 1.3086075512092066E-07
vn -1 -1.5757341031985561E-07 1.1310326897273626E-07
vn -1 -1.6659679147323914E-07 9.2403574569743796E-08
vn -1 -1.7075001323973993E-07 6.9749027886700787E-08
vn -1 -1.7011859654303407E-07 4.6189946090180456E-08
vn -1 -1.6507280520272616E-07 2.2722478121295353E-08
vn -1 0 0
vn -1 0 0
vn -1 0 0
vn -1 0 0
vn -1 -3.0623741054114362E-07 -1.1474888594875665E-07
vn -1 -3.4980524787897593E-07 -5.9359230419886444E-08
vn -1 -3.1497745567321545E-07 -1.2064325005667342E-07
vn -1 -3.9272646290555713E-07 -1.0835614006055039E-07
vn -1 -2.4985126856336137E-07 1.1336371841252912E-07
vn -1 -2.5859191055133124E-07 7.1250653377319395E-08
vn -1 -1.213475968597777E-07 2.4517121666178809E-09
vn -1 1.7519235484542151E-07 3.6188600915920688E-07
vn -1 2.3912994606689608E-07 3.6391551816450374E-07
vn -1 0 0
vn -1 0 0
vn -1 0 0
vn -1 0 0
vn -1 0 0
vn -1 0 0
vn -1 0 0
vn -1 -3.67792480915341E-08 -1.268844300739147E-07
vn -1 -3.1696380631274224E-08 -1.3217183436609048E-07
vn -1 -2.684097388794271E-08 -1.3589422565019049E-07
vn -1 -3.2105978675645019E-07 -2.4070407889098533E-08
vn -1 -3.0883160206940374E-07 4.4630496631725691E-08
vn -1 0 0
vn -1 0 0
vn -1 -3.3788916198318475E-07 -1.7117874051564286E-07
vn -1 -3.4067952014993352E-07 -1.0550489548677433E-07
vn -1 -8.6962153034164658E-09 1.2854377473558998E-07
vn -1 4.6750962212627201E-08 -2.5493807243037736E-07
vn -1 -7.0971117338558543E-07 1.783851644177048E-08
vn -1 -7.3696128310984932E-07 1.4726718688962137E-07
vn -1 0 0
vn -1 0 0
vn -1 0 0
vn -1 0 0
vn -1 -2.4161042233572516E-07 -2.700725474369392E-07
vn -1 -2.7501454269440728E-07 -2.1176427367208817E-07
vn -1 -6.8575047862395877E-08 1.1278025624505972E-07
vn -1 -1.1140709688106654E-07 1.3450734570596978E-07
vn -1 1.8888290043150846E-08 -2.3205048194085975E-07
vn -1 5.8510378764253801E-09 -2.2267913379891979E-07
vn -1 -6.4545736222498817E-07 9.0097536542543821E-08
vn -1 -6.455463790189242E-07 1.9962658370786812E-07
vn -1 0 0
vn -1 0 0
vn -1 0 0
vn -1 0 0
vn -1 -8.9694083271751879E-07 -4.0856920691112464E-07
vn -1 -8.533012305633747E-07 -2.9212165486569575E-07
vn -1 6.0976611848673201E-07 -8.2444309157381213E-08
vn -1 1.3361530193378712E-07 -1.9979434284778108E-07
vn -1 -7.4618151302274782E-07 -5.8300724248283586E-08
vn -1 -8.0818256265047239E-07 4.0412103885500983E-08
vn -1 0 0
vn -1 -6.1527805428340798E-07 -1.5253003482484928E-07
vn -1 -6.5298331719532143E-07 -5.2247976611852209E-08
vn -1 -7.1840091209196544E-08 2.0289557767227961E-07
vn -1 -6.4540095934262354E-08 2.0854221816080099E-07
vn -1 -5.6619590793616226E-08 2.1662120275323105E-07
vn -1 -4.728258318209555E-08 2.2850602476864879E-07
vn 0 -0.82999259233474731 -0.55777442455291748
vn 0 -0.85258954763412476 -0.52258116006851196
vn 0 -0.78084152936935425 -0.62472915649414063
vn 0 -0.75431603193283081 -0.65651148557662964
vn -1 -1.5751616899706278E-07 -3.426647936066729E-06
vn -1 -2.7054466045228764E-07 -4.3189139375954255E-08
vn -1 -1.8031976196652977E-06 4.2839300817831827E-07
vn -1 -2.1419143081402581E-07 -5.6365893215115648E-06
vn -1 -2.9223542696854565E-06 4.5837532525183633E-07
vn -1 0 0
vn -1 -2.2493573226256558E-07 -5.9628814597090241E-07
vn -1 -4.0234962739305047E-07 7.0098519699968165E-07
vn -1 0 0
vn -1 0 0
vn -1 -2.8727080803037097E-07 9.4794495453243144E-07
vn -1 0 0
vn -1 0 0
vn -1 -4.8079863290695357E-07 -7.0176895405893447E-09
vn -1 0 0
vn -1 0 0
vn -1 0 0
vn -1 0 0
vn -1 0 0
vn -1 0 0
vn -1 0 0
vn -1 -8.3911663750768639E-07 -1.3316724789547152E-06
vn -1 -7.584126251458656E-06 -2.9335691579035483E-05
vn -1 -7.584126251458656E-06 -2.9335691579035483E-05
vn -1 -3.6029505281476304E-06 -1.2082455214112997E-05
vn -1 0 0
vn -1 -9.3012670276948484E-07 -1.6571151491007186E-06
vn -1 0 0
vn -1 0 0
vn -1 0 0
vn -1 -3.3042687164197559E-07 -6.6462284564750007E-08
vn -1 0 0
vn -1 0 0
vn -1 0 0
vn -1 0 0
vn -1 0 0
vn -1 0 0
vn -1 0 0
vn -1 0 0
vn -1 0 0
vn -1 0 0
vn -1 0 0
vn -1 0 0
vn -1 0 0
vn -1 -2.0239363038854208E-06 -1.9363284081919119E-05
vn -1 -1.0119681064679753E-05 -9.6816416771616787E-05
vn -1 -3.373227173142368E-06 -3.2272138923872262E-05
vn -1 0 0
vn -1 -1.8290107846041792E-06 -1.164099785455619E-06
vn -1 -3.0500590582960285E-05 -3.7017918657511473E-05
vn -1 -3.0500590582960285E-05 -3.7017918657511473E-05
vn -1 -1.3280447092256509E-05 -1.4938312233425677E-05
vn -1 0 0
vn -1 -2.4600126380391885E-06 -1.7523649376016692E-06
vn -1 0 0
vn -1 0 0
vn -1 0 0
vn 0 0.44129803776741028 0.89736056327819824
vn 0 0.32831931114196777 0.94456678628921509
vn 0 0.87963742017745972 -0.47564485669136047
vn 0 0.93200713396072388 -0.36243999004364014
vn 0 0.40421152114868164 0.91466552019119263
vn 0 0.44129803776741028 0.89736056327819824
vn 0 0.32831931114196777 0.94456678628921509
vn 0 0.2895176112651825 0.957172691822052
vn 0 0.54789918661117554 0.83654433488845825
vn 0 0.81397956609725952 -0.58089351654052734
vn 0 0.21080653369426727 0.97752779722213745
vn 0 0.17090016603469849 0.98528832197189331
vn 0 0.21080653369426727 0.97752779722213745
vn 0 -0.99907708168029785 -0.042952649295330048
vn 0 -0.99907708168029785 -0.042952649295330048
vn 0 -0.9978034496307373 -0.066243752837181091
vn 0 -0.99598580598831177 -0.089511476457118988
vn 0 0.96998953819274902 -0.24314658343791962
vn 0 0.090608656406402588 0.99588656425476074
vn 0 0.050225339829921722 0.99873793125152588
vn 0 0.090608656406402588 0.99588656425476074
vn 0 0.9927939772605896 -0.11983349919319153
vn 0 -0.60169029235839844 0.79872947931289673
vn 0 -0.68749946355819702 0.7261849045753479
vn 0 -0.030416775494813919 0.99953728914260864
vn 0 0.99998623132705688 0.0052462797611951828
vn 0 -0.15048596262931824 0.98861217498779297
vn 0 0.61701935529708862 -0.78694796562194824
vn 0 0.64844584465026855 -0.76126080751419067
vn 0 0.99152845144271851 0.12988989055156708
vn 0 -0.26787704229354858 0.96345311403274536
vn 0 0.98526954650878906 0.17100854218006134
vn 0 0.99152845144271851 0.12988989055156708
vn 0 0.96775537729263306 0.25189182162284851
vn 0 0.95652168989181519 0.29166114330291748
vn 0 0.96775537729263306 0.25189182162284851
vn 0 -0.38096752762794495 0.92458844184875488
vn 0 0.92933958768844604 0.36922609806060791
vn 0 0.91341477632522583 0.40703001618385315
vn 0 0.81227147579193115 0.58327955007553101
vn 0 0.73511171340942383 0.67794597148895264
vn 0 0.92933958768844604 0.36922609806060791
vn 0 -0.48827329277992249 0.87269079685211182
vn 0 0.7878991961479187 0.61580425500869751
vn 0 0.81227147579193115 0.58327955007553101
vn 0 0.73511171340942383 0.67794597148895264
vn 0 0.70667153596878052 0.70754176378250122
vn 0 -0.56925243139266968 -0.82216280698776245
vn 0 -0.60313010215759277 -0.79764282703399658
vn 0 -0.49798893928527832 -0.8671833872795105
vn 0 -0.46056598424911499 -0.88762545585632324
vn 0 0.97931963205337524 -0.20231923460960388
vn 0 0.96998953819274902 -0.24314658343791962
vn 0 0.9927939772605896 -0.11983349919319153
vn 0 0.99693959951400757 -0.078175321221351624
vn 0 -0.6672547459602356 -0.74482959508895874
vn 0 -0.69752317667007446 -0.71656221151351929
vn 0 0.87719476222991943 0.48013466596603394
vn 0 -0.13329876959323883 -0.99107587337493896
vn 0 -0.14485438168048859 -0.98945295810699463
vn 0 -0.098542019724845886 -0.99513286352157593
vn 0 -0.098542019724845886 -0.99513286352157593
vn 0 -0.098542019724845886 -0.99513286352157593
vn 0 0.64637333154678345 0.76302129030227661
vn 0 0.61451518535614014 0.78890502452850342
vn 0 0.64637333154678345 0.76302129030227661
vn 0 0.73640340566635132 -0.67654269933700562
vn 0 -0.89357578754425049 -0.44891238212585449
vn 0 -0.91190421581268311 -0.4104030430316925
vn 0 0.89865469932556152 -0.43865668773651123
vn 0 0.87963742017745972 -0.47564485669136047
vn 0 0.93200713396072388 -0.36243999004364014
vn 0 0.94632875919342041 -0.3232056200504303
vn 0 -0.97933453321456909 -0.20224693417549133
vn 0 -0.9875032901763916 -0.15759839117527008
vn 0 -0.95746433734893799 -0.28855165839195251
vn 0 -0.94389635324478149 -0.33024179935455322
vn 0 0.76352542638778687 -0.64577776193618774
vn 0 0.73640340566635132 -0.67654269933700562
vn 0 0.81397956609725952 -0.58089351654052734
vn 0 0.83729076385498047 -0.54675787687301636
vn 0 0.54789918661117554 0.83654433488845825
vn 0 0.51314347982406616 0.85830283164978027
vn 0 0.67885327339172363 -0.73427397012710571
vn 0 0.64844584465026855 -0.76126080751419067
vn 0 -0.75431603193283081 -0.65651148557662964
vn 0 -0.78084152936935425 -0.62472915649414063
vn 0 -0.69752311706542969 -0.71656227111816406
vn 0 -0.6672547459602356 -0.74482959508895874
vn 0 -0.21236288547515869 -0.97719085216522217
vn 0 -0.25648790597915649 -0.96654742956161499
vn 0 -0.60313010215759277 -0.79764282703399658
vn 0 -0.56925249099731445 -0.82216274738311768
vn 0 -0.49798893928527832 -0.8671833872795105
vn 0 -0.46056598424911499 -0.88762545585632324
vn 0 -0.52254438400268555 0.85261207818984985
vn 0 -0.48827329277992249 0.87269079685211182
vn 0 -0.60169029235839844 0.79872947931289673
vn 0 -0.64568251371383667 0.76360601186752319
vn 0 0.87719476222991943 0.48013466596603394
vn 0 0.85692179203033447 0.51544648408889771
vn 0 -0.38231521844863892 -0.92403197288513184
vn 0 -0.34144344925880432 -0.93990230560302734
vn 0 -0.38231521844863892 -0.92403197288513184
vn 0 -0.34144344925880432 -0.93990230560302734
vn 0 -0.41748687624931335 0.90868294239044189
vn 0 -0.38096749782562256 0.92458844184875488
vn 0 -0.25648790597915649 -0.96654742956161499
vn 0 -0.2123628556728363 -0.97719085216522217
vn 0 -0.30616450309753418 0.95197862386703491
vn 0 -0.26787704229354858 0.96345311403274536
vn 0 -0.14485438168048859 -0.98945295810699463
vn 0 -0.12172501534223557 -0.99256384372711182
vn 0 0.61701935529708862 -0.78694796562194824
vn 0 0.61701935529708862 -0.78694796562194824
vn 0 -0.19003935158252716 0.98177647590637207
vn 0 -0.15048594772815704 0.98861217498779297
vn 0 -0.098542019724845886 -0.99513286352157593
vn 0 -0.098542019724845886 -0.99513286352157593
vn 0 0.99889445304870605 0.047009434551000595
vn 0 0.99998623132705688 0.0052462797611951828
vn 0 -0.070675432682037354 0.99749934673309326
vn 0 -0.030416781082749367 0.99953728914260864
vn 0 -0.99907708168029785 -0.042952649295330048
vn 0 -0.99907708168029785 -0.042952649295330048
vn 0 -0.99907708168029785 -0.042952649295330048
vn 0 -0.99696248769760132 -0.077882923185825348
vn 0 -0.99598580598831177 -0.089511476457118988
vn 0 -0.9875032901763916 -0.15759839117527008
vn 0 -0.97933459281921387 -0.20224685966968536
vn 0 -0.68749946355819702 0.7261849045753479
vn 0 -0.68749946355819702 0.7261849045753479
vn 0 -0.95746433734893799 -0.28855165839195251
vn 0 -0.94389635324478149 -0.33024179935455322
vn 0 -0.91190421581268311 -0.4104030430316925
vn 0 -0.89357578754425049 -0.44891238212585449
vn 0 -0.85258954763412476 -0.52258116006851196
vn 0 -0.82999259233474731 -0.55777442455291748
vn -1 0 0
vn -1 0 0
vn -1 0 0
vn -1 0 0
vn 1 0 0
vn 1 0 0
vn 1 0 0
vn 1 0 0
vn 1 0 0
vn 1 0 0
vn 1 0 0
vn 1 0 0
vn -1 0 0
vn -1 0 0
vn -1 0 0
vn -1 0 0
vn 1 0 0
vn 1 0 0
vn 1 0 0
vn 1 0 0
vn 1 0 0
vn 1 0 0
vn 1 0 0
vn 1 0 0
vn 1 0 0
vn 1 0 0
vn 1 0 0
vn 1 0 0
vn -1 -2.6853911094804062E-06 3.7027868415862031E-07
vn -1 -1.4586711358788307E-06 2.836682995166484E-07
vn -1 -2.6853911094804062E-06 3.7027868415862031E-07
vn -1 -1.2267199736015755E-06 8.6610391747399262E-08
vn 1 0 0
vn 1 0 0
vn 1 0 0
vn 1 0 0
vn -1 0 0
vn -1 0 0
vn -1 0 0
vn -1 0 0
vn -1 4.7918802010826766E-06 -9.3434363179767388E-07
vn -1 2.7163880531588802E-06 -6.5519378722456167E-07
vn -1 4.6009045036043972E-06 -9.0865779611704056E-07
vn -1 1.7017385971485055E-06 -3.0664125461044023E-07
vn -1 0 0
vn -1 0 0
vn -1 0 0
vn -1 0 0
vn -1 0 0
vn -1 0 0
vn -1 0 0
vn -1 0 0
vn 1 -4.6271693463495467E-06 8.3993961652595317E-07
vn 1 -2.3872537440183805E-06 4.0644627574693004E-07
vn 1 -4.8023484851000831E-06 8.6350081573982607E-07
vn 1 -2.0392635633470491E-06 4.9187104878001264E-07
vn 1 2.6894583697867347E-06 -3.3941401511583535E-07
vn 1 1.4822808225289918E-06 -1.0465381450330824E-07
vn 1 2.6894583697867347E-06 -3.3941401511583535E-07
vn 1 1.2071774335709051E-06 -2.3476022192880919E-07
vn 1 0 0
vn 1 0 0
vn 1 0 0
vn 1 0 0
vn 1 0 0
vn 1 0 0
vn -1 0 0
vn -1 0 0
vn -1 0 0
vn -1 0 0
vn -1 0 0
vn -1 0 0
vn -1 0 0
vn -1 0 0
vn 1 0 0
vn 1 0 0
vn 1 0 0
vn 1 0 0
vn -1 0 0
vn -1 0 0
vn -1 0 0
vn -1 0 0
vn 1 0 0
vn 1 0 0
vn -1 0 0
vn -1 0 0
vn 1 0 0
vn 1 0 0
vn 1 0 0
vn 1 0 0
vn -1 -4.0490908759238664E-06 2.6186398827121593E-06
vn -1 -2.2916362922842382E-06 1.6586616311542457E-06
vn -1 -4.0490908759238664E-06 2.6186398827121593E-06
vn -1 -1.7574548110133037E-06 9.5997813787107589E-07
vn 1 0 0
vn 1 0 0
vn 1 0 0
vn 1 0 0
vn -1 0 0
vn -1 0 0
vn -1 0 0
vn -1 0 0
vn -1 0 0
vn -1 0 0
vn 1 0 0
vn 1 0 0
vn 1 4.1050516301766038E-06 -2.5303249913122272E-06
vn 1 2.4829603262332967E-06 -1.3562724916482694E-06
vn 1 4.1050516301766038E-06 -2.5303249913122272E-06
vn 1 1.6220914176301449E-06 -1.1740523859771201E-06
vn -1 0 0
vn -1 0 0
vn 1 0 0
vn 1 0 0
vn 1 0 0
vn 1 0 0
vn -1 0 0
vn -1 0 0
vn -1 0 0
vn -1 0 0
vn 1 0 0
vn 1 0 0
vn -1 0 0
vn -1 0 0
vn 1 0 0
vn 1 0 0
vn -1 0 0
vn -1 0 0
vn -1 0 0
vn -1 0 0
vn 0 0.81394773721694946 -0.58093810081481934
vn 0 0.83726316690444946 -0.54680013656616211
vn 0 0.7634892463684082 -0.64582055807113647
vn 0 0.73636758327484131 -0.6765817403793335
vn 0 0.54789108037948608 0.83654963970184326
vn 0 0.51313245296478271 0.85830944776535034
vn 0 0.61450862884521484 0.78891009092330933
vn 0 0.64636588096618652 0.7630276083946228
vn 0 -0.78079694509506226 -0.62478482723236084
vn 0 -0.75429254770278931 -0.65653842687606812
vn 0 -0.82989877462387085 -0.55791401863098145
vn 0 -0.85246950387954712 -0.52277696132659912
vn 0 0.74302488565444946 -0.66926378011703491
vn 0 0.7761569619178772 -0.63053971529006958
vn 0 0.70668655633926392 0.7075268030166626
vn 0 0.73514819145202637 0.67790645360946655
vn 0 -0.69755053520202637 -0.71653556823730469
vn 0 -0.66731184720993042 -0.74477839469909668
vn 0 0.80719530582427979 -0.59028446674346924
vn 0 0.80719530582427979 -0.59028446674346924
vn 0 0.78792703151702881 0.61576861143112183
vn 0 0.81227385997772217 0.58327621221542358
vn 0 -0.60326468944549561 -0.79754102230072021
vn 0 -0.569435715675354 -0.82203590869903564
vn 0 -0.49826055765151978 -0.86702734231948853
vn 0 -0.46087682247161865 -0.88746410608291626
vn 0 -0.57753372192382813 0.81636685132980347
vn 0 -0.60125714540481567 0.79905557632446289
vn 0 -0.52076750993728638 0.85369855165481567
vn 0 -0.4873751699924469 0.87319266796112061
vn 0 0.87717980146408081 0.48016208410263062
vn 0 0.85690426826477051 0.5154755711555481
vn 0 0.91339939832687378 0.4070645272731781
vn 0 0.92932218313217163 0.3692699670791626
vn 0 -0.38271588087081909 -0.92386609315872192
vn 0 -0.34189528226852417 -0.93973803520202637
vn 0 -0.4175092875957489 0.90867263078689575
vn 0 -0.38099458813667297 0.92457723617553711
vn 0 0.9565054178237915 0.29171445965766907
vn 0 0.96774154901504517 0.25194492936134338
vn 0 -0.25506696105003357 -0.96692341566085815
vn 0 -0.20896074175834656 -0.97792404890060425
vn 0 -0.30619189143180847 0.95196980237960815
vn 0 -0.26789987087249756 0.96344673633575439
vn 0 0.98526269197463989 0.17104803025722504
vn 0 0.99152505397796631 0.12991566956043243
vn 0 -0.14648319780826569 -0.98921316862106323
vn 0 -0.13043393194675446 -0.99145698547363281
vn 0 -0.19005927443504333 0.98177260160446167
vn 0 -0.15050768852233887 0.98860883712768555
vn 0 0.99889367818832397 0.047025203704833984
vn 0 0.99998611211776733 0.005265828687697649
vn 0 -0.11435462534427643 -0.99343997240066528
vn 0 -0.11435462534427643 -0.99343997240066528
vn 0 -0.070699922740459442 0.99749761819839478
vn 0 -0.030442191287875175 0.99953651428222656
vn 0 0.99694031476974487 -0.078166566789150238
vn 0 0.99279332160949707 -0.11983926594257355
vn 0 0.050200141966342926 0.99873918294906616
vn 0 0.090584598481655121 0.99588876962661743
vn 0 -0.99675709009170532 -0.080469511449337006
vn 0 -0.99558448791503906 -0.093869678676128387
vn 0 -0.99774914979934692 -0.067057222127914429
vn 0 -0.99774914979934692 -0.067057222127914429
vn 0 0.97931796312332153 -0.20232732594013214
vn 0 0.96999049186706543 -0.24314285814762115
vn 0 0.17087370157241821 0.98529291152954102
vn 0 0.21077659726142883 0.97753423452377319
vn 0 -0.98804771900177002 -0.15414850413799286
vn 0 -0.97963106632232666 -0.20080573856830597
vn 0 0.9463270902633667 -0.32321056723594666
vn 0 0.93199747800827026 -0.36246469616889954
vn 0 -0.62444221973419189 0.7810710072517395
vn 0 -0.62444221973419189 0.7810710072517395
vn 0 0.28949269652366638 0.9571802020072937
vn 0 0.32830274105072021 0.9445725679397583
vn 0 -0.95732635259628296 -0.28900909423828125
vn 0 -0.94375813007354736 -0.33063670992851257
vn 0 0.89863401651382446 -0.43869903683662415
vn 0 0.8796151876449585 -0.47568592429161072
vn 0 0.40420106053352356 0.91467016935348511
vn 0 0.44128578901290894 0.89736664295196533
vn 0 -0.91176605224609375 -0.4107099175453186
vn 0 -0.89343494176864624 -0.44919267296791077
vn -1 0 0
vn -1 0 0
vn -1 0 0
vn -1 0 0
vn -1 0 0
vn -1 0 0
vn -1 0 0
vn -1 0 0
vn 1 0 0
vn 1 0 0
vn 1 0 0
vn 1 0 0
vn 1 0 0
vn 1 0 0
vn 1 0 0
vn 1 0 0
vn -1 0 0
vn -1 0 0
vn -1 0 0
vn -1 0 0
vn 1 3.7583103562610631E-07 3.4816448390984078E-08
vn 1 2.006522237252284E-07 5.8377672473852726E-08
vn -1 -3.7375343708845321E-07 -2.7491404708257505E-08
vn -1 -1.8277775382102845E-07 -5.3177284797811808E-08
vn 1 0 0
vn 1 0 0
vn 1 0 0
vn 1 0 0
vn -1 0 0
vn -1 0 0
vn 0 -1 0
vn 0 -1 0
vn 0 -1 0
vn 0 -1 0
f 1//1 2//2 3//3
f 1//1 3//3 4//4
f 5//5 6//6 7//7
f 7//7 8//8 9//9
f 9//9 10//10 11//11
f 11//11 5//5 7//7
f 7//7 9//9 11//11
f 4//4 3//3 12//12
f 4//4 12//12 13//13
f 14//14 1//1 4//4
f 4//4 15//15 16//16
f 4//4 16//16 14//14
f 17//17 18//18 19//19
f 19//19 20//20 21//21
f 19//19 21//21 17//17
f 12//12 22//22 23//23
f 12//12 23//23 13//13
f 24//24 15//15 13//13
f 24//24 13//13 23//23
f 2//2 1//1 25//25
f 25//25 26//26 27//27
f 27//27 28//28 29//29
f 30//30 31//31 32//32
f 32//32 33//33 34//34
f 34//34 35//35 36//36
f 36//36 37//37 38//38
f 39//39 40//40 41//41
f 41//41 42//42 43//43
f 43//43 44//44 45//45
f 45//45 46//46 47//47
f 48//48 49//49 50//50
f 50//50 51//51 52//52
f 52//52 53//53 54//54
f 54//54 55//55 56//56
f 56//56 2//2 25//25
f 25//25 27//27 29//29
f 30//30 32//32 34//34
f 34//34 36//36 38//38
f 39//39 41//41 43//43
f 43//43 45//45 47//47
f 47//47 50//50 52//52
f 52//52 54//54 56//56
f 56//56 25//25 29//29
f 29//29 34//34 38//38
f 38//38 43//43 47//47
f 47//47 52//52 56//56
f 56//56 29//29 38//38
f 38//38 47//47 56//56
f 57//57 22//22 12//12
f 12//12 58//58 59//59
f 12//12 59//59 57//57
f 60//60 61//61 62//62
f 60//60 62//62 63//63
f 64//64 65//65 66//66
f 64//64 66//66 67//67
f 68//68 69//69 70//70
f 68//68 70//70 71//71
f 67//67 66//66 72//72
f 67//67 72//72 73//73
f 73//73 72//72 74//74
f 73//73 74//74 75//75
f 18//18 76//76 16//16
f 16//16 15//15 19//19
f 16//16 19//19 18//18
f 75//75 74//74 77//77
f 75//75 77//77 78//78
f 78//78 77//77 79//79
f 78//78 79//79 80//80
f 80//80 79//79 81//81
f 80//80 81//81 82//82
f 83//83 84//84 85//85
f 83//83 85//85 86//86
f 82//82 81//81 87//87
f 82//82 87//87 88//88
f 89//89 90//90 91//91
f 89//89 91//91 92//92
f 88//88 87//87 93//93
f 88//88 93//93 94//94
f 94//94 93//93 95//95
f 94//94 95//95 96//96
f 97//97 98//98 21//21
f 21//21 20//20 23//23
f 21//21 23//23 22//22
f 96//96 95//95 99//99
f 96//96 99//99 100//100
f 101//101 102//102 103//103
f 101//101 103//103 104//104
f 105//105 99//99 106//106
f 105//105 106//106 107//107
f 108//108 109//109 110//110
f 108//108 110//110 111//111
f 111//111 110//110 112//112
f 111//111 112//112 113//113
f 113//113 112//112 114//114
f 113//113 114//114 115//115
f 116//116 117//117 118//118
f 116//116 118//118 119//119
f 115//115 114//114 120//120
f 115//115 120//120 121//121
f 122//122 123//123 124//124
f 122//122 124//124 125//125
f 121//121 120//120 126//126
f 121//121 126//126 127//127
f 128//128 129//129 130//130
f 128//128 130//130 131//131
f 127//127 126//126 132//132
f 127//127 132//132 133//133
f 134//134 135//135 136//136
f 134//134 136//136 137//137
f 133//133 132//132 138//138
f 133//133 138//138 139//139
f 139//139 138//138 140//140
f 139//139 140//140 141//141
f 137//137 136//136 142//142
f 137//137 142//142 143//143
f 141//141 140//140 144//144
f 141//141 144//144 145//145
f 143//143 142//142 146//146
f 143//143 146//146 147//147
f 145//145 144//144 148//148
f 145//145 148//148 149//149
f 147//147 146//146 150//150
f 147//147 150//150 151//151
f 149//149 148//148 152//152
f 149//149 152//152 153//153
f 151//151 150//150 154//154
f 151//151 154//154 155//155
f 156//156 157//157 158//158
f 156//156 158//158 159//159
f 155//155 154//154 160//160
f 155//155 160//160 161//161
f 162//162 163//163 164//164
f 162//162 164//164 165//165
f 161//161 160//160 166//166
f 161//161 166//166 167//167
f 168//168 57//57 59//59
f 59//59 169//169 170//170
f 171//171 172//172 173//173
f 173//173 174//174 175//175
f 175//175 176//176 177//177
f 177//177 178//178 179//179
f 180//180 181//181 182//182
f 182//182 183//183 184//184
f 184//184 185//185 186//186
f 186//186 187//187 188//188
f 189//189 190//190 191//191
f 191//191 192//192 193//193
f 193//193 194//194 168//168
f 168//168 59//59 170//170
f 171//171 173//173 175//175
f 175//175 177//177 179//179
f 179//179 182//182 184//184
f 184//184 186//186 188//188
f 188//188 191//191 193//193
f 193//193 168//168 170//170
f 171//171 175//175 179//179
f 179//179 184//184 188//188
f 188//188 193//193 170//170
f 171//171 179//179 188//188
f 167//167 166//166 195//195
f 167//167 195//195 196//196
f 165//165 164//164 197//197
f 165//165 197//197 198//198
f 196//196 195//195 199//199
f 196//196 199//199 200//200
f 198//198 197//197 201//201
f 198//198 201//201 202//202
f 200//200 199//199 203//203
f 200//200 203//203 204//204
f 202//202 201//201 205//205
f 202//202 205//205 206//206
f 204//204 203//203 207//207
f 204//204 207//207 208//208
f 206//206 205//205 209//209
f 206//206 209//209 210//210
f 208//208 207//207 211//211
f 208//208 211//211 212//212
f 210//210 209//209 213//213
f 210//210 213//213 214//214
f 215//215 216//216 217//217
f 215//215 217//217 218//218
f 214//214 213//213 219//219
f 214//214 219//219 220//220
f 221//221 3//3 222//222
f 222//222 223//223 8//8
f 8//8 7//7 221//221
f 222//222 8//8 221//221
f 220//220 219//219 224//224
f 220//220 224//224 225//225
f 226//226 227//227 228//228
f 226//226 228//228 229//229
f 225//225 224//224 230//230
f 225//225 230//230 231//231
f 229//229 228//228 232//232
f 229//229 232//232 233//233
f 231//231 230//230 234//234
f 231//231 234//234 235//235
f 233//233 232//232 236//236
f 233//233 236//236 237//237
f 235//235 234//234 216//216
f 235//235 216//216 215//215
f 237//237 236//236 238//238
f 237//237 238//238 239//239
f 218//218 217//217 240//240
f 218//218 240//240 241//241
f 239//239 238//238 242//242
f 239//239 242//242 243//243
f 241//241 240//240 244//244
f 241//241 244//244 245//245
f 243//243 242//242 246//246
f 243//243 246//246 247//247
f 245//245 244//244 248//248
f 245//245 248//248 249//249
f 247//247 246//246 250//250
f 247//247 250//250 251//251
f 249//249 248//248 252//252
f 249//249 252//252 253//253
f 251//251 250//250 254//254
f 251//251 254//254 255//255
f 253//253 252//252 256//256
f 253//253 256//256 257//257
f 255//255 254//254 258//258
f 255//255 258//258 259//259
f 257//257 256//256 260//260
f 257//257 260//260 261//261
f 259//259 258//258 262//262
f 259//259 262//262 263//263
f 261//261 260//260 264//264
f 261//261 264//264 265//265
f 263//263 262//262 266//266
f 263//263 266//266 267//267
f 268//268 269//269 270//270
f 268//268 270//270 271//271
f 265//265 264//264 272//272
f 265//265 272//272 273//273
f 267//267 266//266 274//274
f 267//267 274//274 275//275
f 273//273 272//272 276//276
f 273//273 276//276 277//277
f 275//275 274//274 269//269
f 275//275 269//269 268//268
f 277//277 276//276 157//157
f 277//277 157//157 156//156
f 278//278 279//279 280//280
f 278//278 280//280 281//281
f 212//212 211//211 227//227
f 212//212 227//227 226//226
f 281//281 280//280 282//282
f 281//281 282//282 283//283
f 284//284 285//285 286//286
f 284//284 286//286 287//287
f 153//153 152//152 279//279
f 153//153 279//279 278//278
f 283//283 282//282 288//288
f 283//283 288//288 289//289
f 290//290 291//291 292//292
f 290//290 292//292 293//293
f 289//289 288//288 294//294
f 289//289 294//294 295//295
f 296//296 297//297 298//298
f 296//296 298//298 299//299
f 295//295 294//294 300//300
f 295//295 300//300 301//301
f 302//302 303//303 304//304
f 302//302 304//304 305//305
f 301//301 300//300 306//306
f 301//301 306//306 307//307
f 307//307 306//306 65//65
f 307//307 65//65 64//64
f 58//58 308//308 59//59
f 308//308 309//309 59//59
f 309//309 310//310 59//59
f 310//310 311//311 59//59
f 311//311 312//312 59//59
f 312//312 313//313 59//59
f 313//313 314//314 59//59
f 314//314 315//315 59//59
f 315//315 316//316 59//59
f 316//316 317//317 59//59
f 317//317 169//169 59//59
f 318//318 319//319 291//291
f 318//318 291//291 290//290
f 320//320 321//321 319//319
f 320//320 319//319 318//318
f 322//322 323//323 321//321
f 322//322 321//321 320//320
f 324//324 325//325 323//323
f 324//324 323//323 322//322
f 326//326 327//327 325//325
f 326//326 325//325 324//324
f 328//328 329//329 327//327
f 328//328 327//327 326//326
f 330//330 331//331 329//329
f 330//330 329//329 328//328
f 332//332 333//333 331//331
f 332//332 331//331 330//330
f 334//334 335//335 333//333
f 334//334 333//333 332//332
f 336//336 337//337 335//335
f 336//336 335//335 334//334
f 338//338 339//339 337//337
f 338//338 337//337 336//336
f 293//293 292//292 163//163
f 293//293 163//163 162//162
f 98//98 340//340 21//21
f 340//340 341//341 21//21
f 341//341 342//342 21//21
f 342//342 343//343 21//21
f 343//343 344//344 21//21
f 344//344 345//345 21//21
f 345//345 346//346 21//21
f 346//346 347//347 21//21
f 347//347 348//348 21//21
f 348//348 349//349 21//21
f 349//349 17//17 21//21
f 123//123 350//350 351//351
f 123//123 351//351 124//124
f 350//350 352//352 353//353
f 350//350 353//353 351//351
f 352//352 354//354 355//355
f 352//352 355//355 353//353
f 354//354 356//356 357//357
f 354//354 357//357 355//355
f 356//356 358//358 359//359
f 356//356 359//359 357//357
f 358//358 360//360 361//361
f 358//358 361//361 359//359
f 360//360 362//362 363//363
f 360//360 363//363 361//361
f 362//362 364//364 365//365
f 362//362 365//365 363//363
f 364//364 366//366 367//367
f 364//364 368//368 365//365
f 366//366 369//369 370//370
f 366//366 371//371 367//367
f 370//370 369//369 372//372
f 370//370 372//372 373//373
f 374//374 375//375 122//122
f 374//374 122//122 125//125
f 76//76 376//376 16//16
f 376//376 377//377 16//16
f 377//377 378//378 16//16
f 378//378 379//379 16//16
f 379//379 380//380 16//16
f 380//380 381//381 16//16
f 381//381 382//382 16//16
f 382//382 383//383 16//16
f 383//383 384//384 16//16
f 384//384 385//385 16//16
f 385//385 14//14 16//16
f 84//84 386//386 387//387
f 84//84 387//387 85//85
f 386//386 388//388 389//389
f 386//386 389//389 387//387
f 388//388 390//390 391//391
f 388//388 391//391 389//389
f 390//390 392//392 393//393
f 390//390 393//393 391//391
f 392//392 394//394 395//395
f 392//392 395//395 393//393
f 394//394 396//396 397//397
f 394//394 397//397 395//395
f 396//396 398//398 399//399
f 396//396 399//399 397//397
f 398//398 400//400 401//401
f 398//398 401//401 399//399
f 400//400 402//402 403//403
f 400//400 404//404 401//401
f 402//402 405//405 406//406
f 402//402 407//407 403//403
f 406//406 405//405 408//408
f 406//406 408//408 409//409
f 373//373 372//372 83//83
f 373//373 83//83 86//86
f 223//223 410//410 8//8
f 410//410 411//411 8//8
f 411//411 412//412 8//8
f 412//412 413//413 8//8
f 413//413 414//414 8//8
f 414//414 415//415 8//8
f 415//415 416//416 8//8
f 416//416 417//417 8//8
f 417//417 418//418 8//8
f 418//418 419//419 8//8
f 419//419 9//9 8//8
f 420//420 421//421 10//10
f 421//421 422//422 10//10
f 422//422 423//423 10//10
f 423//423 424//424 10//10
f 424//424 425//425 10//10
f 425//425 426//426 10//10
f 426//426 427//427 10//10
f 427//427 428//428 10//10
f 428//428 429//429 10//10
f 429//429 430//430 10//10
f 430//430 431//431 10//10
f 432//432 433//433 135//135
f 432//432 135//135 134//134
f 61//61 434//434 435//435
f 61//61 435//435 62//62
f 434//434 436//436 437//437
f 434//434 437//437 435//435
f 436//436 438//438 439//439
f 436//436 439//439 437//437
f 438//438 440//440 441//441
f 438//438 441//441 439//439
f 440//440 442//442 443//443
f 440//440 443//443 441//441
f 442//442 444//444 445//445
f 442//442 445//445 443//443
f 444//444 446//446 447//447
f 444//444 447//447 445//445
f 446//446 448//448 449//449
f 446//446 449//449 447//447
f 448//448 433//433 432//432
f 448//448 432//432 449//449
f 450//450 451//451 452//452
f 450//450 452//452 453//453
f 454//454 455//455 451//451
f 454//454 451//451 450//450
f 456//456 457//457 455//455
f 456//456 455//455 454//454
f 458//458 459//459 457//457
f 458//458 457//457 456//456
f 460//460 461//461 459//459
f 460//460 459//459 458//458
f 462//462 463//463 461//461
f 462//462 461//461 460//460
f 464//464 465//465 463//463
f 464//464 463//463 462//462
f 466//466 467//467 465//465
f 466//466 465//465 464//464
f 468//468 469//469 467//467
f 468//468 467//467 466//466
f 470//470 471//471 469//469
f 470//470 469//469 468//468
f 472//472 473//473 471//471
f 472//472 471//471 470//470
f 474//474 475//475 473//473
f 474//474 473//473 472//472
f 452//452 60//60 63//63
f 452//452 63//63 453//453
f 6//6 476//476 7//7
f 476//476 477//477 7//7
f 477//477 478//478 7//7
f 478//478 479//479 7//7
f 479//479 480//480 7//7
f 480//480 481//481 7//7
f 481//481 482//482 7//7
f 482//482 483//483 7//7
f 483//483 484//484 7//7
f 484//484 485//485 7//7
f 485//485 221//221 7//7
f 486//486 487//487 11//11
f 487//487 488//488 11//11
f 488//488 489//489 11//11
f 489//489 490//490 11//11
f 490//490 491//491 11//11
f 491//491 492//492 11//11
f 492//492 493//493 11//11
f 493//493 494//494 11//11
f 494//494 495//495 11//11
f 495//495 496//496 11//11
f 496//496 5//5 11//11
f 497//497 498//498 285//285
f 497//497 285//285 284//284
f 499//499 500//500 498//498
f 499//499 498//498 497//497
f 501//501 502//502 500//500
f 501//501 500//500 499//499
f 503//503 504//504 502//502
f 503//503 502//502 501//501
f 505//505 506//506 504//504
f 505//505 504//504 503//503
f 507//507 508//508 506//506
f 507//507 506//506 505//505
f 509//509 510//510 508//508
f 509//509 508//508 507//507
f 511//511 512//512 510//510
f 511//511 510//510 509//509
f 513//513 514//514 512//512
f 513//513 512//512 511//511
f 271//271 270//270 514//514
f 271//271 514//514 513//513
f 515//515 516//516 517//517
f 515//515 517//517 518//518
f 516//516 519//519 520//520
f 516//516 520//520 517//517
f 519//519 521//521 522//522
f 519//519 522//522 520//520
f 521//521 523//523 524//524
f 521//521 524//524 522//522
f 523//523 525//525 526//526
f 523//523 526//526 524//524
f 525//525 527//527 528//528
f 525//525 528//528 526//526
f 527//527 529//529 530//530
f 527//527 530//530 528//528
f 529//529 531//531 532//532
f 529//529 532//532 530//530
f 531//531 533//533 534//534
f 531//531 534//534 532//532
f 533//533 535//535 536//536
f 533//533 536//536 534//534
f 535//535 537//537 538//538
f 535//535 538//538 536//536
f 538//538 537//537 539//539
f 538//538 539//539 540//540
f 287//287 286//286 515//515
f 287//287 515//515 518//518
f 541//541 542//542 543//543
f 541//541 543//543 544//544
f 431//431 545//545 546//546
f 431//431 546//546 547//547
f 486//486 11//11 10//10
f 548//548 486//486 10//10
f 10//10 431//431 547//547
f 10//10 547//547 549//549
f 550//550 548//548 10//10
f 551//551 550//550 10//10
f 10//10 549//549 552//552
f 10//10 552//552 553//553
f 554//554 551//551 10//10
f 555//555 554//554 10//10
f 10//10 553//553 556//556
f 557//557 555//555 10//10
f 556//556 557//557 10//10
f 558//558 559//559 560//560
f 560//560 561//561 562//562
f 562//562 563//563 564//564
f 564//564 565//565 566//566
f 567//567 568//568 569//569
f 569//569 570//570 571//571
f 571//571 572//572 573//573
f 573//573 574//574 575//575
f 576//576 577//577 578//578
f 578//578 579//579 580//580
f 580//580 581//581 582//582
f 582//582 583//583 584//584
f 585//585 586//586 587//587
f 587//587 588//588 589//589
f 589//589 590//590 591//591
f 591//591 592//592 593//593
f 594//594 595//595 596//596
f 596//596 597//597 598//598
f 598//598 599//599 600//600
f 600//600 601//601 558//558
f 558//558 560//560 562//562
f 562//562 564//564 566//566
f 566//566 569//569 571//571
f 571//571 573//573 575//575
f 576//576 578//578 580//580
f 580//580 582//582 584//584
f 584//584 587//587 589//589
f 589//589 591//591 593//593
f 593//593 596//596 598//598
f 598//598 600//600 558//558
f 558//558 562//562 566//566
f 566//566 571//571 575//575
f 575//575 580//580 584//584
f 584//584 589//589 593//593
f 593//593 598//598 558//558
f 558//558 566//566 575//575
f 575//575 584//584 593//593
f 575//575 593//593 558//558
f 239//239 243//243 602//602
f 239//239 602//602 603//603
f 151//151 155//155 604//604
f 151//151 604//604 605//605
f 606//606 607//607 608//608
f 606//606 608//608 609//609
f 237//237 239//239 603//603
f 237//237 603//603 610//610
f 147//147 151//151 605//605
f 147//147 605//605 611//611
f 607//607 612//612 613//613
f 607//607 613//613 608//608
f 243//243 247//247 614//614
f 243//243 614//614 602//602
f 615//615 616//616 617//617
f 615//615 617//617 618//618
f 155//155 161//161 619//619
f 155//155 619//619 604//604
f 612//612 620//620 621//621
f 612//612 621//621 613//613
f 247//247 251//251 622//622
f 247//247 622//622 614//614
f 161//161 167//167 623//623
f 161//161 623//623 619//619
f 268//268 271//271 624//624
f 268//268 624//624 625//625
f 251//251 255//255 626//626
f 251//251 626//626 622//622
f 167//167 196//196 627//627
f 167//167 627//627 623//623
f 255//255 259//259 628//628
f 255//255 628//628 626//626
f 134//134 137//137 629//629
f 134//134 629//629 630//630
f 196//196 200//200 631//631
f 196//196 631//631 627//627
f 259//259 263//263 632//632
f 259//259 632//632 628//628
f 633//633 634//634 635//635
f 633//633 635//635 636//636
f 200//200 204//204 637//637
f 200//200 637//637 631//631
f 263//263 267//267 638//638
f 263//263 638//638 632//632
f 634//634 639//639 640//640
f 634//634 640//640 635//635
f 226//226 229//229 641//641
f 226//226 641//641 642//642
f 204//204 208//208 643//643
f 204//204 643//643 637//637
f 267//267 275//275 644//644
f 267//267 644//644 638//638
f 645//645 646//646 647//647
f 645//645 647//647 648//648
f 649//649 650//650 651//651
f 649//649 651//651 652//652
f 653//653 654//654 655//655
f 653//653 655//655 656//656
f 657//657 649//649 652//652
f 657//657 652//652 658//658
f 542//542 657//657 658//658
f 542//542 658//658 543//543
f 212//212 226//226 642//642
f 212//212 642//642 659//659
f 660//660 661//661 662//662
f 660//660 662//662 663//663
f 646//646 664//664 665//665
f 646//646 665//665 647//647
f 229//229 233//233 666//666
f 229//229 666//666 641//641
f 137//137 143//143 667//667
f 137//137 667//667 629//629
f 668//668 541//541 544//544
f 668//668 544//544 669//669
f 670//670 671//671 672//672
f 670//670 672//672 673//673
f 674//674 675//675 676//676
f 674//674 676//676 677//677
f 678//678 679//679 680//680
f 678//678 680//680 681//681
f 664//664 682//682 683//683
f 664//664 683//683 665//665
f 675//675 668//668 669//669
f 675//675 669//669 676//676
f 684//684 678//678 681//681
f 684//684 681//681 685//685
f 686//686 687//687 688//688
f 686//686 688//688 689//689
f 690//690 660//660 663//663
f 690//690 663//663 691//691
f 208//208 212//212 659//659
f 208//208 659//659 643//643
f 687//687 692//692 693//693
f 687//687 693//693 688//688
f 692//692 694//694 695//695
f 692//692 695//695 693//693
f 696//696 697//697 698//698
f 696//696 699//699 700//700
f 639//639 701//701 702//702
f 639//639 702//702 640//640
f 694//694 703//703 704//704
f 694//694 704//704 695//695
f 650//650 705//705 706//706
f 650//650 706//706 651//651
f 707//707 696//696 700//700
f 707//707 700//700 708//708
f 701//701 645//645 648//648
f 701//701 648//648 702//702
f 703//703 709//709 710//710
f 703//703 710//710 704//704
f 705//705 690//690 691//691
f 705//705 691//691 706//706
f 711//711 707//707 708//708
f 711//711 708//708 712//712
f 709//709 713//713 714//714
f 709//709 714//714 710//710
f 715//715 684//684 685//685
f 715//715 685//685 716//716
f 717//717 711//711 712//712
f 717//717 712//712 718//718
f 713//713 719//719 720//720
f 713//713 720//720 714//714
f 721//721 633//633 636//636
f 721//721 636//636 722//722
f 723//723 717//717 718//718
f 723//723 718//718 724//724
f 654//654 721//721 722//722
f 654//654 722//722 655//655
f 275//275 268//268 625//625
f 275//275 625//625 644//644
f 620//620 723//723 724//724
f 620//620 724//724 621//621
f 725//725 726//726 727//727
f 725//725 727//727 728//728
f 726//726 729//729 730//730
f 726//726 730//730 727//727
f 616//616 674//674 677//677
f 616//616 677//677 617//617
f 697//697 731//731 732//732
f 697//697 732//732 698//698
f 671//671 653//653 656//656
f 671//671 656//656 672//672
f 729//729 733//733 734//734
f 729//729 734//734 730//730
f 143//143 147//147 611//611
f 143//143 611//611 667//667
f 233//233 237//237 610//610
f 233//233 610//610 666//666
f 733//733 735//735 736//736
f 733//733 736//736 734//734
f 679//679 670//670 673//673
f 679//679 673//673 680//680
f 682//682 606//606 609//609
f 682//682 609//609 683//683
f 735//735 737//737 738//738
f 735//735 738//738 736//736
f 739//739 740//740 741//741
f 739//739 741//741 742//742
f 743//743 744//744 745//745
f 743//743 745//745 746//746
f 747//747 748//748 749//749
f 747//747 749//749 750//750
f 751//751 752//752 753//753
f 751//751 753//753 754//754
f 755//755 756//756 757//757
f 755//755 757//757 758//758
f 759//759 760//760 761//761
f 759//759 761//761 762//762
f 763//763 764//764 765//765
f 763//763 765//765 766//766
f 767//767 768//768 769//769
f 767//767 769//769 770//770
f 771//771 772//772 773//773
f 771//771 773//773 774//774
f 775//775 776//776 777//777
f 775//775 777//777 778//778
f 779//779 780//780 781//781
f 779//779 781//781 782//782
f 783//783 784//784 785//785
f 783//783 785//785 786//786
f 787//787 788//788 789//789
f 787//787 789//789 790//790
f 791//791 792//792 793//793
f 791//791 793//793 794//794
f 795//795 796//796 797//797
f 795//795 797//797 798//798
f 799//799 800//800 801//801
f 799//799 801//801 802//802
f 803//803 747//747 750//750
f 803//803 750//750 804//804
f 805//805 806//806 807//807
f 805//805 807//807 808//808
f 809//809 810//810 811//811
f 809//809 811//811 812//812
f 813//813 814//814 815//815
f 813//813 815//815 816//816
f 817//817 818//818 819//819
f 817//817 819//819 820//820
f 748//748 821//821 822//822
f 748//748 822//822 749//749
f 823//823 751//751 754//754
f 823//823 754//754 824//824
f 825//825 826//826 827//827
f 825//825 827//827 828//828
f 829//829 830//830 831//831
f 829//829 831//831 832//832
f 833//833 834//834 835//835
f 833//833 835//835 836//836
f 837//837 838//838 839//839
f 837//837 839//839 840//840
f 752//752 841//841 842//842
f 752//752 842//842 753//753
f 772//772 843//843 844//844
f 772//772 844//844 773//773
f 845//845 846//846 847//847
f 845//845 847//847 848//848
f 740//740 849//849 850//850
f 740//740 850//850 741//741
f 744//744 851//851 852//852
f 744//744 852//852 745//745
f 853//853 771//771 774//774
f 853//853 774//774 854//854
f 855//855 783//783 786//786
f 855//855 786//786 856//856
f 857//857 829//829 832//832
f 857//857 832//832 858//858
f 859//859 763//763 766//766
f 859//859 766//766 860//860
f 784//784 861//861 862//862
f 784//784 862//862 785//785
f 846//846 863//863 864//864
f 846//846 864//864 847//847
f 865//865 779//779 782//782
f 865//865 782//782 866//866
f 768//768 867//867 868//868
f 768//768 868//868 769//769
f 737//737 686//686 689//689
f 737//737 689//689 738//738
f 869//869 870//870 871//871
f 869//869 871//871 872//872
f 873//873 874//874 875//875
f 873//873 875//875 876//876
f 877//877 878//878 879//879
f 877//877 879//879 880//880
f 870//870 881//881 882//882
f 870//870 882//882 871//871
f 874//874 883//883 884//884
f 874//874 884//884 875//875
f 885//885 877//877 880//880
f 885//885 880//880 886//886
f 881//881 887//887 888//888
f 881//881 888//888 882//882
f 883//883 889//889 890//890
f 883//883 890//890 884//884
f 891//891 885//885 886//886
f 891//891 886//886 892//892
f 893//893 891//891 892//892
f 893//893 892//892 894//894
f 895//895 896//896 897//897
f 895//895 897//897 898//898
f 899//899 900//900 901//901
f 899//899 901//901 902//902
f 903//903 893//893 894//894
f 903//903 894//894 904//904
f 896//896 905//905 906//906
f 896//896 906//906 897//897
f 900//900 907//907 908//908
f 900//900 908//908 901//901
f 889//889 899//899 902//902
f 889//889 902//902 890//890
f 909//909 903//903 904//904
f 909//909 904//904 910//910
f 905//905 911//911 912//912
f 905//905 912//912 906//906
f 907//907 913//913 914//914
f 907//907 914//914 908//908
f 915//915 909//909 910//910
f 915//915 910//910 916//916
f 911//911 917//917 918//918
f 911//911 918//918 912//912
f 913//913 919//919 920//920
f 913//913 920//920 914//914
f 921//921 915//915 916//916
f 921//921 916//916 922//922
f 917//917 923//923 924//924
f 917//917 924//924 918//918
f 919//919 925//925 926//926
f 919//919 926//926 920//920
f 923//923 927//927 928//928
f 923//923 928//928 924//924
f 929//929 930//930 931//931
f 929//929 931//931 932//932
f 925//925 933//933 934//934
f 925//925 934//934 926//926
f 927//927 935//935 936//936
f 927//927 936//936 928//928
f 937//937 929//929 932//932
f 937//937 932//932 938//938
f 933//933 939//939 940//940
f 933//933 940//940 934//934
f 941//941 895//895 898//898
f 941//941 898//898 942//942
f 935//935 943//943 944//944
f 935//935 944//944 936//936
f 945//945 937//937 938//938
f 945//945 938//938 946//946
f 939//939 947//947 948//948
f 939//939 948//948 940//940
f 943//943 949//949 950//950
f 943//943 950//950 944//944
f 951//951 945//945 946//946
f 951//951 946//946 952//952
f 947//947 869//869 872//872
f 947//947 872//872 948//948
f 949//949 873//873 876//876
f 949//949 876//876 950//950
f 878//878 951//951 952//952
f 878//878 952//952 879//879
f 953//953 954//954 955//955
f 953//953 955//955 956//956
f 957//957 855//855 856//856
f 957//957 856//856 958//958
f 810//810 775//775 778//778
f 810//810 778//778 811//811
f 838//838 959//959 960//960
f 838//838 960//960 839//839
f 834//834 961//961 962//962
f 834//834 962//962 835//835
f 843//843 963//963 964//964
f 843//843 964//964 844//844
f 826//826 965//965 966//966
f 826//826 966//966 827//827
f 967//967 845//845 848//848
f 967//967 848//848 968//968
f 969//969 817//817 820//820
f 969//969 820//820 970//970
f 830//830 865//865 866//866
f 830//830 866//866 831//831
f 971//971 823//823 824//824
f 971//971 824//824 972//972
f 861//861 805//805 808//808
f 861//861 808//808 862//862
f 973//973 791//791 794//794
f 973//973 794//794 974//974
f 814//814 859//859 860//860
f 814//814 860//860 815//815
f 851//851 813//813 816//816
f 851//851 816//816 852//852
f 780//780 975//975 976//976
f 780//780 976//976 781//781
f 863//863 803//803 804//804
f 863//863 804//804 864//864
f 788//788 837//837 840//840
f 788//788 840//840 789//789
f 764//764 977//977 978//978
f 764//764 978//978 765//765
f 849//849 787//787 790//790
f 849//849 790//790 850//850
f 776//776 857//857 858//858
f 776//776 858//858 777//777
f 796//796 853//853 854//854
f 796//796 854//854 797//797
f 760//760 833//833 836//836
f 760//760 836//836 761//761
f 756//756 973//973 974//974
f 756//756 974//974 757//757
f 867//867 739//739 742//742
f 867//867 742//742 868//868
f 841//841 767//767 770//770
f 841//841 770//770 842//842
f 961//961 825//825 828//828
f 961//961 828//828 962//962
f 818//818 953//953 956//956
f 818//818 956//956 819//819
f 975//975 957//957 958//958
f 975//975 958//958 976//976
f 979//979 759//759 762//762
f 979//979 762//762 980//980
f 963//963 979//979 980//980
f 963//963 980//980 964//964
f 821//821 743//743 746//746
f 821//821 746//746 822//822
f 806//806 969//969 970//970
f 806//806 970//970 807//807
f 954//954 981//981 982//982
f 954//954 982//982 955//955
f 959//959 809//809 812//812
f 959//959 812//812 960//960
f 977//977 795//795 798//798
f 977//977 798//798 978//978
f 981//981 971//971 972//972
f 981//981 972//972 982//982
f 965//965 799//799 802//802
f 965//965 802//802 966//966
f 792//792 967//967 968//968
f 792//792 968//968 793//793
f 800//800 755//755 758//758
f 800//800 758//758 801//801
f 983//983 984//984 985//985
f 983//983 985//985 986//986
f 987//987 988//988 989//989
f 989//989 990//990 991//991
f 991//991 992//992 993//993
f 993//993 987//987 989//989
f 989//989 991//991 993//993
f 984//984 994//994 995//995
f 984//984 995//995 985//985
f 984//984 983//983 996//996
f 996//996 997//997 998//998
f 996//996 998//998 984//984
f 999//999 1000//1000 1001//1001
f 1001//1001 1002//1002 1003//1003
f 1001//1001 1003//1003 999//999
f 995//995 994//994 1004//1004
f 995//995 1004//1004 1005//1005
f 999//999 1004//1004 994//994
f 999//999 994//994 998//998
f 1006//1006 983//983 986//986
f 986//986 1007//1007 1008//1008
f 1008//1008 1009//1009 1010//1010
f 1010//1010 1011//1011 1012//1012
f 1012//1012 1013//1013 1014//1014
f 1014//1014 1015//1015 1016//1016
f 1016//1016 1017//1017 1018//1018
f 1018//1018 1019//1019 1020//1020
f 1020//1020 1021//1021 1022//1022
f 1022//1022 1023//1023 1024//1024
f 1024//1024 1025//1025 1026//1026
f 1026//1026 1027//1027 1028//1028
f 1028//1028 1029//1029 1030//1030
f 1030//1030 1031//1031 1032//1032
f 1032//1032 1033//1033 1034//1034
f 1034//1034 1006//1006 986//986
f 986//986 1008//1008 1010//1010
f 1010//1010 1012//1012 1014//1014
f 1014//1014 1016//1016 1018//1018
f 1018//1018 1020//1020 1022//1022
f 1022//1022 1024//1024 1026//1026
f 1026//1026 1028//1028 1030//1030
f 1030//1030 1032//1032 1034//1034
f 1034//1034 986//986 1010//1010
f 1010//1010 1014//1014 1018//1018
f 1018//1018 1022//1022 1026//1026
f 1026//1026 1030//1030 1034//1034
f 1034//1034 1010//1010 1018//1018
f 1018//1018 1026//1026 1034//1034
f 995//995 1005//1005 1035//1035
f 1035//1035 1036//1036 1037//1037
f 1035//1035 1037//1037 995//995
f 997//997 1038//1038 1000//1000
f 1000//1000 999//999 998//998
f 1000//1000 998//998 997//997
f 1002//1002 1039//1039 1005//1005
f 1005//1005 1004//1004 1003//1003
f 1005//1005 1003//1003 1002//1002
f 1036//1036 1035//1035 1040//1040
f 1040//1040 1041//1041 1042//1042
f 1043//1043 1044//1044 1045//1045
f 1045//1045 1046//1046 1047//1047
f 1047//1047 1048//1048 1049//1049
f 1049//1049 1050//1050 1051//1051
f 1051//1051 1052//1052 1053//1053
f 1053//1053 1054//1054 1055//1055
f 1055//1055 1056//1056 1057//1057
f 1057//1057 1058//1058 1059//1059
f 1059//1059 1060//1060 1061//1061
f 1061//1061 1062//1062 1063//1063
f 1063//1063 1064//1064 1036//1036
f 1036//1036 1040//1040 1042//1042
f 1043//1043 1045//1045 1047//1047
f 1047//1047 1049//1049 1051//1051
f 1051//1051 1053//1053 1055//1055
f 1055//1055 1057//1057 1059//1059
f 1059//1059 1061//1061 1063//1063
f 1063//1063 1036//1036 1042//1042
f 1043//1043 1047//1047 1051//1051
f 1051//1051 1055//1055 1059//1059
f 1059//1059 1063//1063 1043//1043
f 1043//1043 1051//1051 1059//1059
f 986//986 985//985 1065//1065
f 1065//1065 987//987 993//993
f 993//993 1066//1066 986//986
f 1065//1065 993//993 986//986
f 1037//1037 1036//1036 1067//1067
f 1067//1067 1036//1036 1068//1068
f 1068//1068 1036//1036 1069//1069
f 1069//1069 1036//1036 1070//1070
f 1070//1070 1036//1036 1071//1071
f 1071//1071 1036//1036 1072//1072
f 1072//1072 1036//1036 1073//1073
f 1073//1073 1036//1036 1074//1074
f 1074//1074 1036//1036 1075//1075
f 1075//1075 1036//1036 1076//1076
f 1076//1076 1036//1036 1064//1064
f 1039//1039 1002//1002 1077//1077
f 1077//1077 1002//1002 1078//1078
f 1078//1078 1002//1002 1079//1079
f 1079//1079 1002//1002 1080//1080
f 1080//1080 1002//1002 1081//1081
f 1081//1081 1002//1002 1082//1082
f 1082//1082 1002//1002 1083//1083
f 1083//1083 1002//1002 1084//1084
f 1084//1084 1002//1002 1085//1085
f 1085//1085 1002//1002 1086//1086
f 1086//1086 1002//1002 1001//1001
f 1038//1038 997//997 1087//1087
f 1087//1087 997//997 1088//1088
f 1088//1088 997//997 1089//1089
f 1089//1089 997//997 1090//1090
f 1090//1090 997//997 1091//1091
f 1091//1091 997//997 1092//1092
f 1092//1092 997//997 1093//1093
f 1093//1093 997//997 1094//1094
f 1094//1094 997//997 1095//1095
f 1095//1095 997//997 1096//1096
f 1096//1096 997//997 996//996
f 1066//1066 993//993 1097//1097
f 1097//1097 993//993 1098//1098
f 1098//1098 993//993 1099//1099
f 1099//1099 993//993 1100//1100
f 1100//1100 993//993 1101//1101
f 1101//1101 993//993 1102//1102
f 1102//1102 993//993 1103//1103
f 1103//1103 993//993 1104//1104
f 1104//1104 993//993 1105//1105
f 1105//1105 993//993 1106//1106
f 1106//1106 993//993 992//992
f 992//992 991//991 1107//1107
f 1107//1107 991//991 1108//1108
f 1108//1108 991//991 1109//1109
f 1109//1109 991//991 1110//1110
f 1110//1110 991//991 1111//1111
f 1111//1111 991//991 1112//1112
f 1112//1112 991//991 1113//1113
f 1113//1113 991//991 1114//1114
f 1114//1114 991//991 1115//1115
f 1115//1115 991//991 1116//1116
f 1116//1116 991//991 1117//1117
f 988//988 987//987 1118//1118
f 1118//1118 987//987 1119//1119
f 1119//1119 987//987 1120//1120
f 1120//1120 987//987 1121//1121
f 1121//1121 987//987 1122//1122
f 1122//1122 987//987 1123//1123
f 1123//1123 987//987 1124//1124
f 1124//1124 987//987 1125//1125
f 1125//1125 987//987 1126//1126
f 1126//1126 987//987 1127//1127
f 1127//1127 987//987 1065//1065
f 1128//1128 990//990 1129//1129
f 1129//1129 990//990 1130//1130
f 1130//1130 990//990 1131//1131
f 1131//1131 990//990 1132//1132
f 1132//1132 990//990 1133//1133
f 1133//1133 990//990 1134//1134
f 1134//1134 990//990 1135//1135
f 1135//1135 990//990 1136//1136
f 1136//1136 990//990 1137//1137
f 1137//1137 990//990 1138//1138
f 1138//1138 990//990 989//989
f 1139//1139 1140//1140 1141//1141
f 1139//1139 1141//1141 1142//1142
f 1143//1143 1144//1144 1117//1117
f 991//991 990//990 1128//1128
f 991//991 1128//1128 1145//1145
f 1143//1143 1117//1117 991//991
f 1146//1146 1143//1143 991//991
f 991//991 1145//1145 1147//1147
f 991//991 1147//1147 1148//1148
f 1149//1149 1146//1146 991//991
f 1150//1150 1149//1149 991//991
f 991//991 1148//1148 1151//1151
f 991//991 1151//1151 1152//1152
f 1153//1153 1150//1150 991//991
f 1154//1154 1153//1153 991//991
f 991//991 1152//1152 1155//1155
f 991//991 1155//1155 1154//1154
f 1156//1156 1157//1157 1158//1158
f 1158//1158 1159//1159 1160//1160
f 1160//1160 1161//1161 1162//1162
f 1162//1162 1163//1163 1164//1164
f 1165//1165 1166//1166 1167//1167
f 1167//1167 1168//1168 1169//1169
f 1169//1169 1170//1170 1171//1171
f 1171//1171 1172//1172 1173//1173
f 1174//1174 1175//1175 1176//1176
f 1176//1176 1177//1177 1178//1178
f 1178//1178 1179//1179 1180//1180
f 1180//1180 1181//1181 1182//1182
f 1183//1183 1184//1184 1185//1185
f 1185//1185 1186//1186 1187//1187
f 1187//1187 1188//1188 1189//1189
f 1189//1189 1190//1190 1191//1191
f 1192//1192 1193//1193 1194//1194
f 1194//1194 1195//1195 1196//1196
f 1196//1196 1197//1197 1198//1198
f 1198//1198 1199//1199 1156//1156
f 1156//1156 1158//1158 1160//1160
f 1160//1160 1162//1162 1164//1164
f 1164//1164 1167//1167 1169//1169
f 1169//1169 1171//1171 1173//1173
f 1174//1174 1176//1176 1178//1178
f 1178//1178 1180//1180 1182//1182
f 1182//1182 1185//1185 1187//1187
f 1187//1187 1189//1189 1191//1191
f 1191//1191 1194//1194 1196//1196
f 1196//1196 1198//1198 1156//1156
f 1156//1156 1160//1160 1164//1164
f 1164//1164 1169//1169 1173//1173
f 1173//1173 1178//1178 1182//1182
f 1182//1182 1187//1187 1191//1191
f 1191//1191 1196//1196 1156//1156
f 1156//1156 1164//1164 1173//1173
f 1173//1173 1182//1182 1191//1191
f 1173//1173 1191//1191 1156//1156
f 238//238 1200//1200 1201//1201
f 238//238 1201//1201 242//242
f 150//150 1202//1202 1203//1203
f 150//150 1203//1203 154//154
f 1204//1204 1205//1205 1206//1206
f 1204//1204 1206//1206 1207//1207
f 236//236 1208//1208 1200//1200
f 236//236 1200//1200 238//238
f 146//146 1209//1209 1202//1202
f 146//146 1202//1202 150//150
f 1207//1207 1206//1206 1210//1210
f 1207//1207 1210//1210 1211//1211
f 242//242 1201//1201 1212//1212
f 242//242 1212//1212 246//246
f 1213//1213 1214//1214 1215//1215
f 1213//1213 1215//1215 1216//1216
f 154//154 1203//1203 1217//1217
f 154//154 1217//1217 160//160
f 1211//1211 1210//1210 1218//1218
f 1211//1211 1218//1218 1219//1219
f 246//246 1212//1212 1220//1220
f 246//246 1220//1220 250//250
f 160//160 1217//1217 1221//1221
f 160//160 1221//1221 166//166
f 269//269 1222//1222 1223//1223
f 269//269 1223//1223 270//270
f 250//250 1220//1220 1224//1224
f 250//250 1224//1224 254//254
f 166//166 1221//1221 1225//1225
f 166//166 1225//1225 195//195
f 254//254 1224//1224 1226//1226
f 254//254 1226//1226 258//258
f 135//135 1227//1227 1228//1228
f 135//135 1228//1228 136//136
f 195//195 1225//1225 1229//1229
f 195//195 1229//1229 199//199
f 258//258 1226//1226 1230//1230
f 258//258 1230//1230 262//262
f 1231//1231 1232//1232 1233//1233
f 1231//1231 1233//1233 1234//1234
f 199//199 1229//1229 1235//1235
f 199//199 1235//1235 203//203
f 262//262 1230//1230 1236//1236
f 262//262 1236//1236 266//266
f 1234//1234 1233//1233 1237//1237
f 1234//1234 1237//1237 1238//1238
f 227//227 1239//1239 1240//1240
f 227//227 1240//1240 228//228
f 203//203 1235//1235 1241//1241
f 203//203 1241//1241 207//207
f 266//266 1236//1236 1242//1242
f 266//266 1242//1242 274//274
f 1243//1243 1244//1244 1245//1245
f 1243//1243 1245//1245 1246//1246
f 1247//1247 1248//1248 1249//1249
f 1247//1247 1249//1249 1250//1250
f 1251//1251 1252//1252 1253//1253
f 1251//1251 1253//1253 1254//1254
f 1255//1255 1256//1256 1248//1248
f 1255//1255 1248//1248 1247//1247
f 1142//1142 1141//1141 1256//1256
f 1142//1142 1256//1256 1255//1255
f 211//211 1257//1257 1239//1239
f 211//211 1239//1239 227//227
f 1258//1258 1259//1259 1260//1260
f 1261//1261 1260//1260 1262//1262
f 1246//1246 1245//1245 1263//1263
f 1246//1246 1263//1263 1264//1264
f 228//228 1240//1240 1265//1265
f 228//228 1265//1265 232//232
f 136//136 1228//1228 1266//1266
f 136//136 1266//1266 142//142
f 1267//1267 1268//1268 1140//1140
f 1267//1267 1140//1140 1139//1139
f 1269//1269 1270//1270 1271//1271
f 1269//1269 1271//1271 1272//1272
f 1273//1273 1274//1274 1275//1275
f 1273//1273 1275//1275 1276//1276
f 1277//1277 1278//1278 1279//1279
f 1277//1277 1279//1279 1280//1280
f 1264//1264 1263//1263 1281//1281
f 1264//1264 1281//1281 1282//1282
f 1276//1276 1275//1275 1268//1268
f 1276//1276 1268//1268 1267//1267
f 1283//1283 1284//1284 1278//1278
f 1283//1283 1278//1278 1277//1277
f 1285//1285 1286//1286 1287//1287
f 1285//1285 1287//1287 1288//1288
f 1289//1289 1290//1290 1259//1259
f 1289//1289 1259//1259 1258//1258
f 207//207 1241//1241 1257//1257
f 207//207 1257//1257 211//211
f 1288//1288 1287//1287 1291//1291
f 1288//1288 1291//1291 1292//1292
f 1292//1292 1291//1291 1293//1293
f 1292//1292 1293//1293 1294//1294
f 1295//1295 1296//1296 1297//1297
f 1295//1295 1297//1297 1298//1298
f 1238//1238 1237//1237 1299//1299
f 1238//1238 1299//1299 1300//1300
f 1294//1294 1293//1293 1301//1301
f 1294//1294 1301//1301 1302//1302
f 1250//1250 1249//1249 1303//1303
f 1250//1250 1303//1303 1304//1304
f 1305//1305 1306//1306 1296//1296
f 1305//1305 1296//1296 1295//1295
f 1300//1300 1299//1299 1244//1244
f 1300//1300 1244//1244 1243//1243
f 1302//1302 1301//1301 1307//1307
f 1302//1302 1307//1307 1308//1308
f 1304//1304 1303//1303 1290//1290
f 1304//1304 1290//1290 1289//1289
f 1309//1309 1310//1310 1306//1306
f 1309//1309 1306//1306 1305//1305
f 1308//1308 1307//1307 1311//1311
f 1308//1308 1311//1311 1312//1312
f 1313//1313 1314//1314 1284//1284
f 1313//1313 1284//1284 1283//1283
f 1315//1315 1316//1316 1310//1310
f 1315//1315 1310//1310 1309//1309
f 1312//1312 1311//1311 1317//1317
f 1312//1312 1317//1317 1318//1318
f 1319//1319 1320//1320 1232//1232
f 1319//1319 1232//1232 1231//1231
f 1321//1321 1322//1322 1316//1316
f 1321//1321 1316//1316 1315//1315
f 1254//1254 1253//1253 1320//1320
f 1254//1254 1320//1320 1319//1319
f 274//274 1242//1242 1222//1222
f 274//274 1222//1222 269//269
f 1219//1219 1218//1218 1322//1322
f 1219//1219 1322//1322 1321//1321
f 1323//1323 1324//1324 1325//1325
f 1323//1323 1326//1326 1327//1327
f 1327//1327 1326//1326 1328//1328
f 1327//1327 1328//1328 1329//1329
f 1216//1216 1215//1215 1274//1274
f 1216//1216 1274//1274 1273//1273
f 1298//1298 1297//1297 1330//1330
f 1298//1298 1330//1330 1331//1331
f 1272//1272 1271//1271 1252//1252
f 1272//1272 1252//1252 1251//1251
f 1329//1329 1328//1328 1332//1332
f 1329//1329 1332//1332 1333//1333
f 142//142 1266//1266 1209//1209
f 142//142 1209//1209 146//146
f 232//232 1265//1265 1208//1208
f 232//232 1208//1208 236//236
f 1333//1333 1332//1332 1334//1334
f 1333//1333 1334//1334 1335//1335
f 1280//1280 1279//1279 1270//1270
f 1280//1280 1270//1270 1269//1269
f 1282//1282 1281//1281 1205//1205
f 1282//1282 1205//1205 1204//1204
f 1335//1335 1334//1334 1336//1336
f 1335//1335 1336//1336 1337//1337
f 1338//1338 1339//1339 1340//1340
f 1338//1338 1340//1340 1341//1341
f 1342//1342 1343//1343 1344//1344
f 1342//1342 1344//1344 1345//1345
f 1346//1346 1347//1347 1348//1348
f 1346//1346 1348//1348 1349//1349
f 1350//1350 1351//1351 1352//1352
f 1350//1350 1352//1352 1353//1353
f 1354//1354 1355//1355 1356//1356
f 1354//1354 1356//1356 1357//1357
f 1358//1358 1359//1359 1360//1360
f 1358//1358 1360//1360 1361//1361
f 1362//1362 1363//1363 1364//1364
f 1362//1362 1364//1364 1365//1365
f 1366//1366 1367//1367 1368//1368
f 1366//1366 1368//1368 1369//1369
f 1370//1370 1371//1371 1372//1372
f 1370//1370 1372//1372 1373//1373
f 1374//1374 1375//1375 1376//1376
f 1374//1374 1376//1376 1377//1377
f 1378//1378 1379//1379 1380//1380
f 1378//1378 1380//1380 1381//1381
f 1382//1382 1383//1383 1384//1384
f 1382//1382 1384//1384 1385//1385
f 1386//1386 1387//1387 1388//1388
f 1386//1386 1388//1388 1389//1389
f 1390//1390 1391//1391 1392//1392
f 1390//1390 1392//1392 1393//1393
f 1394//1394 1395//1395 1396//1396
f 1394//1394 1396//1396 1397//1397
f 1398//1398 1399//1399 1400//1400
f 1398//1398 1400//1400 1401//1401
f 1402//1402 1403//1403 1347//1347
f 1402//1402 1347//1347 1346//1346
f 1404//1404 1405//1405 1406//1406
f 1404//1404 1406//1406 1407//1407
f 1408//1408 1409//1409 1410//1410
f 1408//1408 1410//1410 1411//1411
f 1412//1412 1413//1413 1414//1414
f 1412//1412 1414//1414 1415//1415
f 1416//1416 1417//1417 1418//1418
f 1416//1416 1418//1418 1419//1419
f 1349//1349 1348//1348 1420//1420
f 1349//1349 1420//1420 1421//1421
f 1422//1422 1423//1423 1351//1351
f 1422//1422 1351//1351 1350//1350
f 1424//1424 1425//1425 1426//1426
f 1424//1424 1426//1426 1427//1427
f 1428//1428 1429//1429 1430//1430
f 1428//1428 1430//1430 1431//1431
f 1432//1432 1433//1433 1434//1434
f 1432//1432 1434//1434 1435//1435
f 1436//1436 1437//1437 1438//1438
f 1436//1436 1438//1438 1439//1439
f 1353//1353 1352//1352 1440//1440
f 1353//1353 1440//1440 1441//1441
f 1373//1373 1372//1372 1442//1442
f 1373//1373 1442//1442 1443//1443
f 1444//1444 1445//1445 1446//1446
f 1444//1444 1446//1446 1447//1447
f 1341//1341 1340//1340 1448//1448
f 1341//1341 1448//1448 1449//1449
f 1345//1345 1344//1344 1450//1450
f 1345//1345 1450//1450 1451//1451
f 1452//1452 1453//1453 1371//1371
f 1452//1452 1371//1371 1370//1370
f 1454//1454 1455//1455 1383//1383
f 1454//1454 1383//1383 1382//1382
f 1456//1456 1457//1457 1429//1429
f 1456//1456 1429//1429 1428//1428
f 1458//1458 1459//1459 1363//1363
f 1458//1458 1363//1363 1362//1362
f 1385//1385 1384//1384 1460//1460
f 1385//1385 1460//1460 1461//1461
f 1447//1447 1446//1446 1462//1462
f 1447//1447 1462//1462 1463//1463
f 1464//1464 1465//1465 1379//1379
f 1464//1464 1379//1379 1378//1378
f 1369//1369 1368//1368 1466//1466
f 1369//1369 1466//1466 1467//1467
f 1337//1337 1336//1336 1286//1286
f 1337//1337 1286//1286 1285//1285
f 1468//1468 1469//1469 1470//1470
f 1468//1468 1470//1470 1471//1471
f 1472//1472 1473//1473 1474//1474
f 1472//1472 1474//1474 1475//1475
f 1476//1476 1477//1477 1478//1478
f 1476//1476 1478//1478 1479//1479
f 1471//1471 1470//1470 1480//1480
f 1471//1471 1480//1480 1481//1481
f 1475//1475 1474//1474 1482//1482
f 1475//1475 1482//1482 1483//1483
f 1484//1484 1485//1485 1477//1477
f 1484//1484 1477//1477 1476//1476
f 1481//1481 1480//1480 1486//1486
f 1481//1481 1486//1486 1487//1487
f 1483//1483 1482//1482 1488//1488
f 1483//1483 1488//1488 1489//1489
f 1490//1490 1491//1491 1485//1485
f 1490//1490 1485//1485 1484//1484
f 1492//1492 1493//1493 1491//1491
f 1492//1492 1491//1491 1490//1490
f 1494//1494 1495//1495 1496//1496
f 1494//1494 1496//1496 1497//1497
f 1498//1498 1499//1499 1500//1500
f 1498//1498 1500//1500 1501//1501
f 1502//1502 1503//1503 1493//1493
f 1502//1502 1493//1493 1492//1492
f 1497//1497 1496//1496 1504//1504
f 1497//1497 1504//1504 1505//1505
f 1501//1501 1500//1500 1506//1506
f 1501//1501 1506//1506 1507//1507
f 1489//1489 1488//1488 1499//1499
f 1489//1489 1499//1499 1498//1498
f 1508//1508 1509//1509 1503//1503
f 1508//1508 1503//1503 1502//1502
f 1505//1505 1504//1504 1510//1510
f 1505//1505 1510//1510 1511//1511
f 1507//1507 1506//1506 1512//1512
f 1507//1507 1512//1512 1513//1513
f 1514//1514 1515//1515 1509//1509
f 1514//1514 1509//1509 1508//1508
f 1511//1511 1510//1510 1516//1516
f 1511//1511 1516//1516 1517//1517
f 1513//1513 1512//1512 1518//1518
f 1513//1513 1518//1518 1519//1519
f 1520//1520 1521//1521 1515//1515
f 1520//1520 1515//1515 1514//1514
f 1517//1517 1516//1516 1522//1522
f 1517//1517 1522//1522 1523//1523
f 1519//1519 1518//1518 1524//1524
f 1519//1519 1524//1524 1525//1525
f 1523//1523 1522//1522 1526//1526
f 1523//1523 1526//1526 1527//1527
f 1528//1528 1529//1529 1530//1530
f 1528//1528 1530//1530 1531//1531
f 1525//1525 1524//1524 1532//1532
f 1525//1525 1532//1532 1533//1533
f 1527//1527 1526//1526 1534//1534
f 1527//1527 1534//1534 1535//1535
f 1536//1536 1537//1537 1529//1529
f 1536//1536 1529//1529 1528//1528
f 1533//1533 1532//1532 1538//1538
f 1533//1533 1538//1538 1539//1539
f 1540//1540 1541//1541 1495//1495
f 1540//1540 1495//1495 1494//1494
f 1535//1535 1534//1534 1542//1542
f 1535//1535 1542//1542 1543//1543
f 1544//1544 1545//1545 1537//1537
f 1544//1544 1537//1537 1536//1536
f 1539//1539 1538//1538 1546//1546
f 1539//1539 1546//1546 1547//1547
f 1543//1543 1542//1542 1548//1548
f 1543//1543 1548//1548 1549//1549
f 1550//1550 1551//1551 1545//1545
f 1550//1550 1545//1545 1544//1544
f 1547//1547 1546//1546 1469//1469
f 1547//1547 1469//1469 1468//1468
f 1549//1549 1548//1548 1473//1473
f 1549//1549 1473//1473 1472//1472
f 1479//1479 1478//1478 1551//1551
f 1479//1479 1551//1551 1550//1550
f 1552//1552 1553//1553 1554//1554
f 1552//1552 1554//1554 1555//1555
f 1556//1556 1557//1557 1455//1455
f 1556//1556 1455//1455 1454//1454
f 1411//1411 1410//1410 1375//1375
f 1411//1411 1375//1375 1374//1374
f 1439//1439 1438//1438 1558//1558
f 1439//1439 1558//1558 1559//1559
f 1435//1435 1434//1434 1560//1560
f 1435//1435 1560//1560 1561//1561
f 1443//1443 1442//1442 1562//1562
f 1443//1443 1562//1562 1563//1563
f 1427//1427 1426//1426 1564//1564
f 1427//1427 1564//1564 1565//1565
f 1566//1566 1567//1567 1445//1445
f 1566//1566 1445//1445 1444//1444
f 1568//1568 1569//1569 1417//1417
f 1568//1568 1417//1417 1416//1416
f 1431//1431 1430//1430 1465//1465
f 1431//1431 1465//1465 1464//1464
f 1570//1570 1571//1571 1423//1423
f 1570//1570 1423//1423 1422//1422
f 1461//1461 1460//1460 1405//1405
f 1461//1461 1405//1405 1404//1404
f 1572//1572 1573//1573 1391//1391
f 1572//1572 1391//1391 1390//1390
f 1415//1415 1414//1414 1459//1459
f 1415//1415 1459//1459 1458//1458
f 1451//1451 1450//1450 1413//1413
f 1451//1451 1413//1413 1412//1412
f 1381//1381 1380//1380 1574//1574
f 1381//1381 1574//1574 1575//1575
f 1463//1463 1462//1462 1403//1403
f 1463//1463 1403//1403 1402//1402
f 1389//1389 1388//1388 1437//1437
f 1389//1389 1437//1437 1436//1436
f 1365//1365 1364//1364 1576//1576
f 1365//1365 1576//1576 1577//1577
f 1449//1449 1448//1448 1387//1387
f 1449//1449 1387//1387 1386//1386
f 1377//1377 1376//1376 1457//1457
f 1377//1377 1457//1457 1456//1456
f 1397//1397 1396//1396 1453//1453
f 1397//1397 1453//1453 1452//1452
f 1361//1361 1360//1360 1433//1433
f 1361//1361 1433//1433 1432//1432
f 1357//1357 1356//1356 1573//1573
f 1357//1357 1573//1573 1572//1572
f 1467//1467 1466//1466 1339//1339
f 1467//1467 1339//1339 1338//1338
f 1441//1441 1440//1440 1367//1367
f 1441//1441 1367//1367 1366//1366
f 1561//1561 1560//1560 1425//1425
f 1561//1561 1425//1425 1424//1424
f 1419//1419 1418//1418 1553//1553
f 1419//1419 1553//1553 1552//1552
f 1575//1575 1574//1574 1557//1557
f 1575//1575 1557//1557 1556//1556
f 1578//1578 1579//1579 1359//1359
f 1578//1578 1359//1359 1358//1358
f 1563//1563 1562//1562 1579//1579
f 1563//1563 1579//1579 1578//1578
f 1421//1421 1420//1420 1343//1343
f 1421//1421 1343//1343 1342//1342
f 1407//1407 1406//1406 1569//1569
f 1407//1407 1569//1569 1568//1568
f 1555//1555 1554//1554 1580//1580
f 1555//1555 1580//1580 1581//1581
f 1559//1559 1558//1558 1409//1409
f 1559//1559 1409//1409 1408//1408
f 1577//1577 1576//1576 1395//1395
f 1577//1577 1395//1395 1394//1394
f 1581//1581 1580//1580 1571//1571
f 1581//1581 1571//1571 1570//1570
f 1565//1565 1564//1564 1399//1399
f 1565//1565 1399//1399 1398//1398
f 1393//1393 1392//1392 1567//1567
f 1393//1393 1567//1567 1566//1566
f 1401//1401 1400//1400 1355//1355
f 1401//1401 1355//1355 1354//1354
f 1582//1582 1583//1583 1584//1584
f 1582//1582 1584//1584 1585//1585
usemtl diffuse_0
v 0.001983064562082291 0.017262849807739258 0.01170078614095113
v -0.0019830627739429478 0.017262849807739258 0.01170078614095113
v -0.0019830629229545594 0.019989316463470463 0.011865719345602006
v 0.0019830644130706789 0.019989316463470463 0.011865719345602006
v 0.0019830656051635742 0.0038410186767578128 0.017347310570272417
v 0.0019830654561519626 0.0057369756698608405 0.015684605625661818
v 0.0019830651581287384 0.008814382553100587 0.019695173290761921
v 0.0019830653071403505 0.0074155831336975113 0.02092188456395528
v 0.0019830642640590672 0.022462611198425297 0.012357686546834917
v 0.0019830639660358431 0.024850535392761233 0.013168276337179156
v 0.0019830641150474552 0.02291599273681641 0.017838674572500202
v 0.0019830642640590672 0.021154232025146488 0.0172406373296108
v 0.0019830654561519626 0.0057369542121887213 0.046273988274129839
v 0.0019830656051635742 0.0038410019874572758 0.04461128571370504
v 0.0019830653071403505 0.007415568828582764 0.041036709335836384
v 0.0019830651581287384 0.0088143682479858414 0.042263420609029739
v 0.0019830633699893952 0.034168653488159187 0.040618561295064901
v 0.0019830633699893952 0.032767643928527837 0.042715319183858846
v 0.0019830636680126189 0.02875708341598511 0.039637902763875937
v 0.0019830636680126189 0.029790720939636237 0.038090957191976527
v 0.0019830653071403505 0.0078337407112121591 0.014283598450216265
v 0.0019830651581287384 0.010361337661743165 0.018661535767110795
v 0.001983063817024231 0.027112224102020268 0.014283617523702594
v 0.0019830641150474552 0.02458462476730347 0.018661552456411337
v 0.0019830657541751863 0.0021782946586608887 0.042715333488973592
v 0.0019830654561519626 0.006188859939575196 0.039637912300619103
v 0.0019830635190010073 0.031104938983917241 0.044611276176961874
v 0.001983063817024231 0.027530369758605962 0.041036704567464805
v 0.0019830651581287384 0.010095437765121461 0.013168259647878617
v 0.0019830650091171268 0.012029972076416017 0.017838660267385453
v 0.0019830636680126189 0.02920898199081421 0.015684627083333944
v 0.0019830639660358431 0.026131572723388674 0.019695189980062457
v 0.0019830659031867984 0.00077728033065795901 0.04061857083180806
v 0.0019830654561519626 0.0051552200317382816 0.038090966728719686
v 0.0019830636680126189 0.02920898675918579 0.046273978737386673
v 0.0019830639660358431 0.026131575107574464 0.042263415840658167
v 0.0019830650091171268 0.012703415155410767 0.012220142868551227
v 0.0019830648601055147 0.013604291677474976 0.017103096035512896
v 0.0019830635190010073 0.031104936599731448 0.017347334412130329
v 0.001983063817024231 0.027530367374420169 0.020921901253255815
v 0.0019830659031867984 -0.00033806085586547859 0.038356879738363242
v 0.0019830656051635742 0.0043323397636413578 0.036422332314046832
v 0.001983063817024231 0.027112228870391848 0.047674988297018023
v 0.0019830641150474552 0.02458462715148926 0.043297050980123493
v 0.001983064562082291 0.012948217391967774 0.012180245903524373
v 0.0019830633699893952 0.032850160598754889 0.01927079298833272
v 0.0019830636680126189 0.028601212501525881 0.021871434238943076
v 0.0019830660521984104 -0.0011486554145812989 0.03596895077565572
v 0.0019830656051635742 0.0037343001365661623 0.034660566834005334
v 0.0019830639660358431 0.024850540161132816 0.048790329483541457
v 0.0019830641150474552 0.022915997505187993 0.044119928864034624
v 0.0019830660521984104 -0.0016406226158142091 0.033495653656515099
v 0.0019830656051635742 0.0033713340759277347 0.032835815933736773
v 0.0019830642640590672 0.022462618350982667 0.049600924042257286
v 0.0019830642640590672 0.021154236793518067 0.044717968491109823
v 0.0019830632209777836 0.034762048721313478 0.02261009075978658
v 0.0019830632209777836 0.035283992290496828 0.023601733234914754
v 0.0019830636680126189 0.030455160140991214 0.025311826256307575
v 0.0019830660521984104 -0.0018055534362792971 0.030979293373617149
v 0.0019830656051635742 0.0032496500015258794 0.030979293373617149
v 0.0019830644130706789 0.019989323616027833 0.050092891243490201
v 0.0019830644130706789 0.01932948708534241 0.045080932167562454
v 0.0019830632209777836 0.036094582080841063 0.025989655045064897
v 0.0019830635190010073 0.03121163368225098 0.027298036602529496
v 0.0019830660521984104 -0.0016406226158142091 0.028462940243276572
v 0.0019830656051635742 0.0033713364601135258 0.029122777966054891
v 0.001983064562082291 0.017472972869873048 0.050257824448141072
v 0.001983064562082291 0.017472972869873048 0.045202616241964318
v 0.0019830630719661715 0.036586551666259771 0.028462949780019731
v 0.0019830635190010073 0.031574597358703618 0.029122785118612264
v 0.0019830660521984104 -0.0011486506462097168 0.025989640739950158
v 0.0019830656051635742 0.0037343049049377445 0.027298024681600544
v 0.001983064711093903 0.014956622123718264 0.050092896011861773
v 0.001983064711093903 0.015616458654403687 0.045080932167562454
v 0.0019830630719661715 0.036751482486724857 0.030979302910360308
v 0.0019830635190010073 0.031696281433105475 0.030979302910360308
v 0.0019830659031867984 -0.0003380560874938965 0.023601716545614215
v 0.0019830656051635742 0.0043323445320129399 0.025536261585744832
v 0.0019830650091171268 0.012483325004577639 0.049600928810628858
v 0.0019830648601055147 0.013791707754135133 0.044717968491109823
v 0.0019830630719661715 0.036586551666259771 0.033495653656515099
v 0.0019830635190010073 0.031574597358703618 0.032835815933736773
v 0.0019830659031867984 0.00077729225158691413 0.021340025452169394
v 0.0019830654561519626 0.0051552271842956552 0.023867629555257772
v 0.0019830651581287384 0.010095404386520387 0.04879033902028463
v 0.0019830650091171268 0.012029947042465211 0.044119928864034624
v 0.0019830632209777836 0.036094584465026856 0.03596894600728414
v 0.0019830635190010073 0.03121163368225098 0.034660562065633747
v 0.0019830657541751863 0.0021783065795898441 0.019243262795003865
v 0.0019830654561519626 0.0061888647079467781 0.022320679214986774
v 0.001983064562082291 0.017262849807739258 0.01170078614095113
v 0.0019830644130706789 0.019989316463470463 0.011865719345602006
v 0.0019830644130706789 0.019329482316970827 0.016877671268972369
v 0.001983064562082291 0.01781997561454773 0.016755989578756306
v 0.0019830653071403505 0.0078337144851684578 0.047674997833761189
v 0.0019830651581287384 0.010361315011978151 0.043297055748495079
v 0.0019830632209777836 0.035283994674682621 0.038356870201620076
v 0.0019830635190010073 0.030613596439361575 0.036422322777303673
v 0.0019830630719661715 0.036751482486724857 0.030979302910360308
v -0.0019830642640590672 0.036751482486724857 0.030979302910360308
v -0.0019830642640590672 0.036586551666259771 0.033495653656515099
v 0.0019830630719661715 0.036586551666259771 0.033495653656515099
v 0.0019830651581287384 0.010361337661743165 0.018661535767110795
v -0.0019830621778964999 0.010361337661743165 0.018661535767110795
v -0.0019830621778964999 0.008814382553100587 0.019695173290761921
v 0.0019830651581287384 0.008814382553100587 0.019695173290761921
v 0.001983063817024231 0.027530369758605962 0.041036704567464805
v -0.0019830635190010073 0.027530369758605962 0.041036704567464805
v -0.0019830636680126189 0.02875708103179932 0.039637902763875937
v 0.0019830636680126189 0.02875708341598511 0.039637902763875937
v 0.0019830659031867984 -0.0003380560874938965 0.023601716545614215
v -0.0019830614328384399 -0.0003380560874938965 0.023601716545614215
v -0.0019830614328384399 0.00077729225158691413 0.021340025452169394
v 0.0019830659031867984 0.00077729225158691413 0.021340025452169394
v -0.0019830641150474552 0.036094584465026856 0.03596894600728414
v 0.0019830632209777836 0.036094584465026856 0.03596894600728414
v 0.0019830650091171268 0.012029972076416017 0.017838660267385453
v -0.001983062326908112 0.012029972076416017 0.017838660267385453
v 0.0019830639660358431 0.026131575107574464 0.042263415840658167
v -0.0019830633699893952 0.026131575107574464 0.042263415840658167
v -0.001983061581850052 0.0021783065795898441 0.019243262795003865
v 0.0019830657541751863 0.0021783065795898441 0.019243262795003865
v -0.0019830641150474552 0.035283994674682621 0.038356870201620076
v 0.0019830632209777836 0.035283994674682621 0.038356870201620076
v 0.0019830648601055147 0.013604291677474976 0.017103096035512896
v -0.001983062475919724 0.013604291677474976 0.017103096035512896
v 0.0019830641150474552 0.02458462715148926 0.043297050980123493
v -0.0019830632209777836 0.02458462715148926 0.043297050980123493
v 0.0019830657541751863 0.0021783065795898441 0.019243262795003865
v -0.0019830617308616641 0.0038410186767578128 0.017347310570272417
v 0.0019830656051635742 0.0038410186767578128 0.017347310570272417
v 0.0019830632209777836 0.035283994674682621 0.038356870201620076
v -0.0019830639660358431 0.034168653488159187 0.040618561295064901
v 0.0019830633699893952 0.034168653488159187 0.040618561295064901
v 0.0019830641150474552 0.022915997505187993 0.044119928864034624
v -0.0019830632209777836 0.022915997505187993 0.044119928864034624
v -0.0019830618798732757 0.0057369756698608405 0.015684605625661818
v 0.0019830654561519626 0.0057369756698608405 0.015684605625661818
v -0.0019830639660358431 0.032767643928527837 0.042715319183858846
v 0.0019830633699893952 0.032767643928527837 0.042715319183858846
v 0.0019830642640590672 0.021154236793518067 0.044717968491109823
v -0.0019830630719661715 0.021154236793518067 0.044717968491109823
v -0.0019830620288848878 0.0078337407112121591 0.014283598450216265
v 0.0019830653071403505 0.0078337407112121591 0.014283598450216265
v -0.001983063817024231 0.031104938983917241 0.044611276176961874
v 0.0019830635190010073 0.031104938983917241 0.044611276176961874
v 0.0019830644130706789 0.01932948708534241 0.045080932167562454
v -0.0019830629229545594 0.01932948708534241 0.045080932167562454
v -0.0019830621778964999 0.010095437765121461 0.013168259647878617
v 0.0019830651581287384 0.010095437765121461 0.013168259647878617
v -0.0019830636680126189 0.02920898675918579 0.046273978737386673
v 0.0019830636680126189 0.02920898675918579 0.046273978737386673
v 0.001983064562082291 0.017472972869873048 0.045202616241964318
v -0.0019830627739429478 0.017472972869873048 0.045202616241964318
v -0.001983062326908112 0.012703415155410767 0.012220142868551227
v 0.0019830650091171268 0.012703415155410767 0.012220142868551227
v -0.0019830635190010073 0.027112228870391848 0.047674988297018023
v 0.001983063817024231 0.027112228870391848 0.047674988297018023
v 0.001983064711093903 0.015616458654403687 0.045080932167562454
v -0.0019830626249313357 0.015616458654403687 0.045080932167562454
v -0.0019830626249313357 0.012948217391967774 0.012180245903524373
v 0.001983064562082291 0.012948217391967774 0.012180245903524373
v -0.0019830633699893952 0.024850540161132816 0.048790329483541457
v 0.0019830639660358431 0.024850540161132816 0.048790329483541457
v 0.0019830648601055147 0.013791707754135133 0.044717968491109823
v -0.001983062475919724 0.013791707754135133 0.044717968491109823
v -0.0019830630719661715 0.022462618350982667 0.049600924042257286
v 0.0019830642640590672 0.022462618350982667 0.049600924042257286
v 0.0019830650091171268 0.012029947042465211 0.044119928864034624
v -0.001983062326908112 0.012029947042465211 0.044119928864034624
v -0.0019830629229545594 0.019989323616027833 0.050092891243490201
v 0.0019830644130706789 0.019989323616027833 0.050092891243490201
v 0.0019830651581287384 0.010361315011978151 0.043297055748495079
v -0.0019830621778964999 0.010361315011978151 0.043297055748495079
v 0.0019830642640590672 0.021154232025146488 0.0172406373296108
v -0.0019830630719661715 0.021154232025146488 0.0172406373296108
v -0.0019830629229545594 0.019329482316970827 0.016877671268972369
v 0.0019830644130706789 0.019329482316970827 0.016877671268972369
v -0.0019830627739429478 0.017472972869873048 0.050257824448141072
v 0.001983064562082291 0.017472972869873048 0.050257824448141072
v 0.0019830651581287384 0.0088143682479858414 0.042263420609029739
v -0.0019830621778964999 0.0088143682479858414 0.042263420609029739
v 0.0019830641150474552 0.02291599273681641 0.017838674572500202
v -0.0019830632209777836 0.02291599273681641 0.017838674572500202
v -0.0019830626249313357 0.014956622123718264 0.050092896011861773
v 0.001983064711093903 0.014956622123718264 0.050092896011861773
v 0.0019830653071403505 0.007415568828582764 0.041036709335836384
v -0.0019830620288848878 0.007415568828582764 0.041036709335836384
v 0.0019830641150474552 0.02458462476730347 0.018661552456411337
v -0.0019830632209777836 0.02458462476730347 0.018661552456411337
v -0.001983062326908112 0.012483325004577639 0.049600928810628858
v 0.0019830650091171268 0.012483325004577639 0.049600928810628858
v 0.0019830654561519626 0.006188859939575196 0.039637912300619103
v -0.0019830618798732757 0.006188859939575196 0.039637912300619103
v 0.0019830639660358431 0.026131572723388674 0.019695189980062457
v -0.0019830633699893952 0.026131570339202881 0.019695189980062457
v -0.0019830621778964999 0.010095404386520387 0.04879033902028463
v 0.0019830651581287384 0.010095404386520387 0.04879033902028463
v 0.0019830654561519626 0.0051552200317382816 0.038090966728719686
v -0.0019830618798732757 0.0051552200317382816 0.038090966728719686
v 0.001983063817024231 0.027530367374420169 0.020921901253255815
v -0.0019830635190010073 0.027530367374420169 0.020921901253255815
v -0.0019830620288848878 0.0078337144851684578 0.047674997833761189
v 0.0019830653071403505 0.0078337144851684578 0.047674997833761189
v -0.0019830630719661715 0.022462611198425297 0.012357686546834917
v 0.0019830642640590672 0.022462611198425297 0.012357686546834917
v 0.0019830656051635742 0.0043323397636413578 0.036422332314046832
v -0.0019830617308616641 0.0043323397636413578 0.036422332314046832
v 0.0019830636680126189 0.028601212501525881 0.021871434238943076
v -0.0019830636680126189 0.028601212501525881 0.021871434238943076
v 0.0019830653071403505 0.0078337144851684578 0.047674997833761189
v -0.0019830618798732757 0.0057369542121887213 0.046273988274129839
v 0.0019830654561519626 0.0057369542121887213 0.046273988274129839
v -0.0019830633699893952 0.024850535392761233 0.013168276337179156
v 0.0019830639660358431 0.024850535392761233 0.013168276337179156
v 0.0019830656051635742 0.0037343001365661623 0.034660566834005334
v -0.0019830617308616641 0.0037343001365661623 0.034660566834005334
v -0.0019830617308616641 0.0038410019874572758 0.04461128571370504
v 0.0019830656051635742 0.0038410019874572758 0.04461128571370504
v -0.0019830635190010073 0.027112224102020268 0.014283617523702594
v 0.001983063817024231 0.027112224102020268 0.014283617523702594
v 0.0019830656051635742 0.0033713340759277347 0.032835815933736773
v -0.0019830617308616641 0.0033713340759277347 0.032835815933736773
v -0.001983061581850052 0.0021782946586608887 0.042715333488973592
v 0.0019830657541751863 0.0021782946586608887 0.042715333488973592
v -0.0019830636680126189 0.02920898199081421 0.015684627083333944
v 0.0019830636680126189 0.02920898199081421 0.015684627083333944
v 0.0019830656051635742 0.0032496500015258794 0.030979293373617149
v -0.0019830617308616641 0.0032496500015258794 0.030979293373617149
v 0.0019830635190010073 0.03121163368225098 0.027298036602529496
v -0.001983063817024231 0.03121163368225098 0.027298036602529496
v -0.0019830636680126189 0.030455160140991214 0.025311826256307575
v 0.0019830636680126189 0.030455160140991214 0.025311826256307575
v -0.0019830614328384399 0.00077728033065795901 0.04061857083180806
v 0.0019830659031867984 0.00077728033065795901 0.04061857083180806
v -0.001983063817024231 0.031104934215545655 0.017347334412130329
v 0.0019830635190010073 0.031104936599731448 0.017347334412130329
v 0.0019830656051635742 0.0033713364601135258 0.029122777966054891
v -0.0019830617308616641 0.0033713364601135258 0.029122777966054891
v 0.0019830635190010073 0.031574597358703618 0.029122785118612264
v -0.001983063817024231 0.031574597358703618 0.029122785118612264
v -0.0019830614328384399 -0.00033806085586547859 0.038356879738363242
v 0.0019830659031867984 -0.00033806085586547859 0.038356879738363242
v -0.0019830639660358431 0.032850160598754889 0.01927079298833272
v 0.0019830633699893952 0.032850160598754889 0.01927079298833272
v 0.0019830656051635742 0.0037343049049377445 0.027298024681600544
v -0.0019830617308616641 0.0037343049049377445 0.027298024681600544
v 0.0019830635190010073 0.031696281433105475 0.030979302910360308
v -0.001983063817024231 0.031696281433105475 0.030979302910360308
v -0.0019830612838268283 -0.0011486554145812989 0.03596895077565572
v 0.0019830660521984104 -0.0011486554145812989 0.03596895077565572
v 0.0019830656051635742 0.0043323445320129399 0.025536261585744832
v -0.0019830617308616641 0.0043323445320129399 0.025536261585744832
v 0.0019830635190010073 0.031574597358703618 0.032835815933736773
v -0.001983063817024231 0.031574597358703618 0.032835815933736773
v -0.0019830612838268283 -0.0016406226158142091 0.033495653656515099
v 0.0019830660521984104 -0.0016406226158142091 0.033495653656515099
v 0.0019830632209777836 0.034762048721313478 0.02261009075978658
v -0.0019830641150474552 0.034762048721313478 0.02261009075978658
v -0.0019830641150474552 0.035283992290496828 0.023601733234914754
v 0.0019830632209777836 0.035283992290496828 0.023601733234914754
v 0.0019830654561519626 0.0051552271842956552 0.023867629555257772
v -0.0019830618798732757 0.0051552271842956552 0.023867629555257772
v 0.0019830635190010073 0.03121163368225098 0.034660562065633747
v -0.001983063817024231 0.03121163368225098 0.034660562065633747
v -0.0019830612838268283 -0.0018055534362792971 0.030979293373617149
v 0.0019830660521984104 -0.0018055534362792971 0.030979293373617149
v -0.0019830641150474552 0.036094582080841063 0.025989655045064897
v 0.0019830632209777836 0.036094582080841063 0.025989655045064897
v 0.0019830654561519626 0.0061888647079467781 0.022320679214986774
v -0.0019830618798732757 0.0061888647079467781 0.022320679214986774
v 0.0019830635190010073 0.030613596439361575 0.036422322777303673
v -0.001983063817024231 0.030613596439361575 0.036422322777303673
v -0.0019830612838268283 -0.0016406226158142091 0.028462940243276572
v 0.0019830660521984104 -0.0016406226158142091 0.028462940243276572
v -0.0019830642640590672 0.036586551666259771 0.028462949780019731
v 0.0019830630719661715 0.036586551666259771 0.028462949780019731
v 0.0019830653071403505 0.0074155831336975113 0.02092188456395528
v -0.0019830620288848878 0.0074155831336975113 0.02092188456395528
v 0.0019830636680126189 0.029790720939636237 0.038090957191976527
v -0.0019830636680126189 0.029790720939636237 0.038090957191976527
v -0.0019830612838268283 -0.0011486506462097168 0.025989640739950158
v 0.0019830660521984104 -0.0011486506462097168 0.025989640739950158
v -0.0019830617308616641 0.0038410186767578128 0.017347310570272417
v -0.0019830620288848878 0.0074155831336975113 0.02092188456395528
v -0.0019830621778964999 0.008814382553100587 0.019695173290761921
v -0.0019830618798732757 0.0057369756698608405 0.015684605625661818
v -0.0019830630719661715 0.022462611198425297 0.012357686546834917
v -0.0019830630719661715 0.021154232025146488 0.0172406373296108
v -0.0019830632209777836 0.02291599273681641 0.017838674572500202
v -0.0019830633699893952 0.024850535392761233 0.013168276337179156
v -0.0019830618798732757 0.0057369542121887213 0.046273988274129839
v -0.0019830621778964999 0.0088143682479858414 0.042263420609029739
v -0.0019830620288848878 0.007415568828582764 0.041036709335836384
v -0.0019830617308616641 0.0038410019874572758 0.04461128571370504
v -0.0019830639660358431 0.034168653488159187 0.040618561295064901
v -0.0019830636680126189 0.029790720939636237 0.038090957191976527
v -0.0019830636680126189 0.02875708103179932 0.039637902763875937
v -0.0019830639660358431 0.032767643928527837 0.042715319183858846
v -0.0019830621778964999 0.010361337661743165 0.018661535767110795
v -0.0019830620288848878 0.0078337407112121591 0.014283598450216265
v -0.0019830632209777836 0.02458462476730347 0.018661552456411337
v -0.0019830635190010073 0.027112224102020268 0.014283617523702594
v -0.0019830618798732757 0.006188859939575196 0.039637912300619103
v -0.001983061581850052 0.0021782946586608887 0.042715333488973592
v -0.0019830635190010073 0.027530369758605962 0.041036704567464805
v -0.001983063817024231 0.031104938983917241 0.044611276176961874
v -0.001983062326908112 0.012029972076416017 0.017838660267385453
v -0.0019830621778964999 0.010095437765121461 0.013168259647878617
v -0.0019830633699893952 0.026131570339202881 0.019695189980062457
v -0.0019830636680126189 0.02920898199081421 0.015684627083333944
v -0.0019830618798732757 0.0051552200317382816 0.038090966728719686
v -0.0019830614328384399 0.00077728033065795901 0.04061857083180806
v -0.0019830633699893952 0.026131575107574464 0.042263415840658167
v -0.0019830636680126189 0.02920898675918579 0.046273978737386673
v -0.001983062475919724 0.013604291677474976 0.017103096035512896
v -0.001983062326908112 0.012703415155410767 0.012220142868551227
v -0.0019830635190010073 0.027530367374420169 0.020921901253255815
v -0.001983063817024231 0.031104934215545655 0.017347334412130329
v -0.0019830617308616641 0.0043323397636413578 0.036422332314046832
v -0.0019830614328384399 -0.00033806085586547859 0.038356879738363242
v -0.0019830632209777836 0.02458462715148926 0.043297050980123493
v -0.0019830635190010073 0.027112228870391848 0.047674988297018023
v -0.0019830626249313357 0.012948217391967774 0.012180245903524373
v -0.0019830636680126189 0.028601212501525881 0.021871434238943076
v -0.0019830639660358431 0.032850160598754889 0.01927079298833272
v -0.0019830617308616641 0.0037343001365661623 0.034660566834005334
v -0.0019830612838268283 -0.0011486554145812989 0.03596895077565572
v -0.0019830632209777836 0.022915997505187993 0.044119928864034624
v -0.0019830633699893952 0.024850540161132816 0.048790329483541457
v -0.0019830617308616641 0.0033713340759277347 0.032835815933736773
v -0.0019830612838268283 -0.0016406226158142091 0.033495653656515099
v -0.0019830630719661715 0.021154236793518067 0.044717968491109823
v -0.0019830630719661715 0.022462618350982667 0.049600924042257286
v -0.0019830641150474552 0.034762048721313478 0.02261009075978658
v -0.0019830636680126189 0.030455160140991214 0.025311826256307575
v -0.0019830641150474552 0.035283992290496828 0.023601733234914754
v -0.0019830617308616641 0.0032496500015258794 0.030979293373617149
v -0.0019830612838268283 -0.0018055534362792971 0.030979293373617149
v -0.0019830629229545594 0.01932948708534241 0.045080932167562454
v -0.0019830629229545594 0.019989323616027833 0.050092891243490201
v -0.001983063817024231 0.03121163368225098 0.027298036602529496
v -0.0019830641150474552 0.036094582080841063 0.025989655045064897
v -0.0019830617308616641 0.0033713364601135258 0.029122777966054891
v -0.0019830612838268283 -0.0016406226158142091 0.028462940243276572
v -0.0019830627739429478 0.017472972869873048 0.045202616241964318
v -0.0019830627739429478 0.017472972869873048 0.050257824448141072
v -0.001983063817024231 0.031574597358703618 0.029122785118612264
v -0.0019830642640590672 0.036586551666259771 0.028462949780019731
v -0.0019830617308616641 0.0037343049049377445 0.027298024681600544
v -0.0019830612838268283 -0.0011486506462097168 0.025989640739950158
v -0.0019830626249313357 0.015616458654403687 0.045080932167562454
v -0.0019830626249313357 0.014956622123718264 0.050092896011861773
v -0.001983063817024231 0.031696281433105475 0.030979302910360308
v -0.0019830642640590672 0.036751482486724857 0.030979302910360308
v -0.0019830617308616641 0.0043323445320129399 0.025536261585744832
v -0.0019830614328384399 -0.0003380560874938965 0.023601716545614215
v -0.001983062475919724 0.013791707754135133 0.044717968491109823
v -0.001983062326908112 0.012483325004577639 0.049600928810628858
v -0.001983063817024231 0.031574597358703618 0.032835815933736773
v -0.0019830642640590672 0.036586551666259771 0.033495653656515099
v -0.0019830618798732757 0.0051552271842956552 0.023867629555257772
v -0.0019830614328384399 0.00077729225158691413 0.021340025452169394
v -0.001983062326908112 0.012029947042465211 0.044119928864034624
v -0.0019830621778964999 0.010095404386520387 0.04879033902028463
v -0.001983063817024231 0.03121163368225098 0.034660562065633747
v -0.0019830641150474552 0.036094584465026856 0.03596894600728414
v -0.0019830618798732757 0.0061888647079467781 0.022320679214986774
v -0.001983061581850052 0.0021783065795898441 0.019243262795003865
v -0.0019830627739429478 0.017262849807739258 0.01170078614095113
v -0.0019830627739429478 0.01781997561454773 0.016755989578756306
v -0.0019830629229545594 0.019329482316970827 0.016877671268972369
v -0.0019830629229545594 0.019989316463470463 0.011865719345602006
v -0.0019830621778964999 0.010361315011978151 0.043297055748495079
v -0.0019830620288848878 0.0078337144851684578 0.047674997833761189
v -0.001983063817024231 0.030613596439361575 0.036422322777303673
v -0.0019830641150474552 0.035283994674682621 0.038356870201620076
v -0.0019830627739429478 0.01781997561454773 0.016755989578756306
v 0.001983064562082291 0.01781997561454773 0.016755989578756306
vn 0 -0.025122515857219696 -0.99968439340591431
vn 0 -0.025122519582509995 -0.99968439340591431
vn 0 0.105501689016819 -0.99441909790039063
vn 0 0.15049624443054199 -0.98861056566238403
vn 1 8.9311960493887455E-08 -2.2949731004473506E-09
vn 1 6.2150952828687878E-08 1.7482170378002593E-08
vn 1 7.1489090203158412E-08 1.5052345148092172E-08
vn 1 9.1760625764436554E-08 -1.3325985648293681E-08
vn 1 8.4547842504889559E-08 1.7816971009665394E-08
vn 1 6.9798048230040877E-08 -1.0840683906110371E-08
vn 1 6.9836396221489849E-08 3.8768752652629246E-09
vn 1 7.143545843746324E-08 1.5525648322523011E-08
vn 1 8.7754266075990017E-08 -3.7257863461093166E-09
vn 1 8.748991575657783E-08 7.7603656833957757E-09
vn 1 9.4877897538481193E-08 6.5659770953629959E-09
vn 1 6.6282353827773477E-08 -1.1064378746539205E-08
vn 1 6.0281003300133307E-08 1.3497778006410499E-08
vn 1 7.6231948753502365E-08 1.7270647134637329E-09
vn 1 6.3842463760011015E-08 1.3641046514578647E-08
vn 1 7.1807626511599665E-08 -1.3451249003537669E-08
vn 1 7.2681991980516614E-08 -4.9508597221858963E-09
vn 1 6.1031435905078979E-08 1.014616657357692E-08
vn 1 8.6517296438159974E-08 -1.5148149401511546E-08
vn 1 6.4271198141341301E-08 -1.9621319680140914E-08
vn 1 7.7628328654100187E-08 -7.5828587853266072E-09
vn 1 7.6921907066207496E-08 -2.3320823050454464E-09
vn 1 8.9312059969870461E-08 -2.2951800460191407E-09
vn 1 9.1760711029564845E-08 -1.3326190817508632E-08
vn 1 7.450358907590271E-08 5.4785544989499613E-09
vn 1 8.0714805505976983E-08 -5.307411843347154E-09
vn 1 8.7754365551973024E-08 -3.7257734675222309E-09
vn 1 9.4923301219296263E-08 -5.8742557484947611E-09
vn 1 9.1964714954428928E-08 2.0777060072418863E-09
vn 1 9.0676657293897733E-08 0
vn 1 8.8847542656367295E-08 9.3820480273620888E-09
vn 1 9.2715133348519885E-08 -1.2350431788377136E-09
vn 1 9.2078590796518256E-07 -1.3936295317762415E-07
vn 1 4.9959038506131037E-07 -8.8510809348463226E-08
vn 1 8.9782624002054945E-08 1.1970138658057294E-08
vn 1 9.879913420718367E-08 1.0487201329567597E-08
vn 1 6.939200147826341E-08 -5.4693249929016474E-09
vn 1 7.6181777330930345E-08 -4.9354582642990863E-09
vn 1 5.9337487812172185E-08 2.5444800044738258E-08
vn 1 6.8912861195258301E-08 2.4254632080555893E-08
vn 1 6.1420854535754188E-07 -1.2221549638979923E-07
vn 1 7.3873536621249514E-08 6.0991061090476251E-09
vn 1 8.4564383939778054E-08 0
vn 1 9.1026258530746418E-08 -1.954882478116815E-09
vn 1 8.0702015736733301E-08 -2.5221609245562604E-09
vn 1 8.860794764586899E-08 -9.8547321414343969E-09
vn 1 5.9185104817061074E-08 1.802543714291005E-08
vn 1 8.7926260050608107E-08 -9.6270147409427409E-09
vn 1 8.7421874184201442E-08 -1.345799649499213E-08
vn 1 8.354635383511777E-08 -1.9718783050848288E-08
vn 1 9.1859369888425135E-08 -1.8056761419416034E-08
vn 1 7.5922692133190139E-08 -2.652222086396705E-08
vn 1 7.9653602824691916E-08 -8.3411793028176362E-09
vn 1 8.6862833370560111E-08 -1.5944968012604477E-08
vn 1 8.8430603284450626E-08 1.9320844923953473E-09
vn 1 8.8430624600732699E-08 -1.9319690292007863E-09
vn 1 6.5835202178732288E-08 -6.068661573266354E-09
vn 1 7.1939162182843575E-08 -1.2993280229522952E-08
vn 1 6.9512331890564383E-08 3.6350211729541115E-09
vn 1 7.2958236785325425E-08 1.5072098014101698E-09
vn 1 8.7421845762492012E-08 1.345805777930309E-08
vn 1 8.7926224523471319E-08 9.6271257632452034E-09
vn 1 6.6064096415630047E-08 2.5764679278950098E-09
vn 1 7.3019684521113959E-08 -3.4921903147022704E-09
vn 1 9.0502766170175164E-08 9.9431858302523324E-09
vn 1 8.0340903707565303E-08 8.0332229757118512E-09
vn 1 8.3146993290483806E-08 3.3521232456479311E-09
vn 1 8.5917385206357721E-08 2.1021415719246761E-08
vn 1 8.6150066636037081E-08 6.628853466139617E-09
vn 1 7.2850788512823783E-08 6.0686518033037373E-09
vn 1 8.8430660127869487E-08 1.93204674481251E-09
vn 1 8.8430660127869487E-08 -1.9320156585678205E-09
vn 1 8.0596834095558734E-08 -1.4848831497715764E-08
vn 1 8.2075537477521721E-08 -1.8418765179717411E-08
vn 1 9.0463913693383802E-08 -3.609610388366491E-09
vn 1 9.5588042370309267E-08 1.6528807211813046E-09
vn 1 8.2873299334096373E-08 -7.5295565338251436E-09
vn 1 8.7926302683172253E-08 9.6270476035442698E-09
vn 1 7.9446287770679191E-08 2.4757952132858918E-08
vn 1 7.8956453819500894E-08 1.3469025006429547E-08
vn 1 7.1924553424196347E-08 6.7532796022007346E-10
vn 1 7.948310809524628E-08 -2.7624800225112267E-09
vn 1 6.1720470512227621E-08 -2.5640847223229457E-09
vn 1 7.204470620081338E-08 -3.1313369674990099E-09
vn 1 8.82482922293093E-08 -1.3932840658981149E-08
vn 1 8.4046092752032564E-08 3.4515679203650507E-09
vn 1 5.127406410565527E-08 -1.2794516557335101E-09
vn 1 6.3666327321243443E-08 1.0980507170188503E-08
vn 1 7.7799889197649463E-08 2.2127299992291682E-09
vn 1 5.4865473941845266E-08 -2.6725885504674807E-08
vn 1 5.3521329590466848E-08 -1.1506998021104664E-08
vn 1 5.5993393033304528E-08 -5.7415978638175602E-09
vn 1 7.4081441425732919E-08 -1.806210470078895E-08
vn 1 6.5197674814498896E-08 -3.347473409576196E-09
vn 0 0.99976140260696411 0.021842695772647858
vn 0 0.99976140260696411 -0.021842632442712784
vn 0 0.99405938386917114 0.10883927345275879
vn 0 0.9883573055267334 0.15215052664279938
vn 0 0.5187951922416687 0.85489857196807861
vn 0 0.48096272349357605 0.87674105167388916
vn 0 0.5912858247756958 0.80646210908889771
vn 0 0.62594395875930786 0.77986806631088257
vn 1.5094029492956906E-07 -0.72238391637802124 -0.69149219989776611
vn 0 -0.69149374961853027 -0.72238242626190186
vn 3.1786677823220089E-07 -0.77986741065979004 -0.62594473361968994
vn 3.1786677823220089E-07 -0.80646073818206787 -0.59128767251968384
vn 0 -0.91529959440231323 -0.40277373790740967
vn 0 -0.93201732635498047 -0.36241364479064941
vn 0 -0.87673932313919067 -0.48096588253974915
vn 0 -0.85489684343338013 -0.51879799365997314
vn 0 0.97134876251220703 0.23765848577022552
vn 0 0.96004223823547363 0.2798551619052887
vn 0 0.43598020076751709 0.89995628595352173
vn 0 0.42965155839920044 0.90299475193023682
vn 0 -0.62594509124755859 -0.77986711263656616
vn 0 -0.59128683805465698 -0.80646133422851563
vn 0 -0.80646032094955444 -0.59128820896148682
vn 0 -0.83146917819976807 -0.55557084083557129
vn 0 0.93201810121536255 0.3624117374420166
vn 0 0.94693028926849365 0.32143902778625488
vn 0 0.25671261548995972 0.96648776531219482
vn 0 0.2567126452922821 0.96648776531219482
vn 0 -0.51879644393920898 -0.85489779710769653
vn 0 -0.48096436262130737 -0.87674015760421753
vn 0 -0.75183850526809692 -0.6593472957611084
vn 0 -0.72238194942474365 -0.69149428606033325
vn 0 -0.69149190187454224 -0.72238421440124512
vn 0 0.89687293767929077 0.44228827953338623
vn 0 0.8767402172088623 0.48096421360969543
vn 0 0.85489749908447266 0.51879698038101196
vn 0 -0.40277266502380371 -0.91530007123947144
vn 0 -0.36241307854652405 -0.93201756477355957
vn 0 -0.62594377994537354 -0.77986818552017212
vn 0 -0.59128576517105103 -0.80646210908889771
vn 0 0.8064611554145813 0.59128707647323608
vn 0 0.77986764907836914 0.62594443559646606
vn 0 -0.27985617518424988 -0.96004194021224976
vn 0 -0.2376587986946106 -0.97134870290756226
vn 0 -0.51879507303237915 -0.85489863157272339
vn 0 -0.4809623658657074 -0.87674123048782349
vn 0 0.72238361835479736 0.69149255752563477
vn 0 0.69149291515350342 0.72238320112228394
vn 0 -0.15215052664279938 -0.9883573055267334
vn 0 -0.10883963853120804 -0.99405932426452637
vn 0 -0.40929138660430908 -0.91240370273590088
vn 0 -0.37570688128471375 -0.92673856019973755
vn 0 0.62594467401504517 0.77986747026443481
vn 0 0.59128719568252563 0.80646103620529175
vn 0 -0.021842915564775467 -0.99976140260696411
vn 0 0.021842915564775467 -0.99976140260696411
vn 0 -0.28249421715736389 -0.95926898717880249
vn 0 -0.2219880074262619 -0.97504937648773193
vn 0 0.51879703998565674 0.85489743947982788
vn 0 0.48096448183059692 0.87674009799957275
vn 0 0.10883957892656326 -0.99405932426452637
vn 0 0.1521504670381546 -0.98835736513137817
vn 0 -0.13569310307502747 -0.99075090885162354
vn 0 -0.13569310307502747 -0.99075090885162354
vn 0 0.402772456407547 0.91530013084411621
vn 0 0.3624131977558136 0.93201750516891479
vn 0 0.23765872418880463 -0.97134870290756226
vn 0 0.2798561155796051 -0.96004194021224976
vn 0 0.27985644340515137 0.96004188060760498
vn 0 0.2376590222120285 0.97134864330291748
vn 0 0.36241218447685242 -0.93201792240142822
vn 0 0.40277096629142761 -0.91530078649520874
vn 0 0.1521507203578949 0.9883573055267334
vn 0 0.10883981734514236 0.99405932426452637
vn 0 0.48096278309822083 -0.87674099206924438
vn 0 0.51879584789276123 -0.85489815473556519
vn 0 -0.23765924572944641 0.97134858369827271
vn 0 -0.27985572814941406 0.96004205942153931
vn 0 -0.1570781022310257 0.98758620023727417
vn 0 -0.11877388507127762 0.99292135238647461
vn 0 0.021843615919351578 0.99976140260696411
vn 0 -0.021841725334525108 0.99976146221160889
vn 0 0.59128659963607788 -0.80646151304244995
vn 0 0.62594431638717651 -0.77986776828765869
vn 0 -0.36241218447685242 0.93201792240142822
vn 0 -0.40277197957038879 0.91530036926269531
vn 0 -0.1088385283946991 0.99405944347381592
vn 0 -0.15214997529983521 0.98835742473602295
vn 0 0.69149273633956909 -0.72238343954086304
vn 0 0.72238349914550781 -0.69149267673492432
vn 0 -0.4809643030166626 0.87674015760421753
vn 1.1153696988230877E-07 -0.51879709959030151 0.85489737987518311
vn 0 -0.23765839636325836 0.97134882211685181
vn 0 -0.27985534071922302 0.96004217863082886
vn 0 0.77986729145050049 -0.62594485282897949
vn 0 0.80646055936813354 -0.59128785133361816
vn 2.4390797648266016E-07 -0.59128761291503906 0.80646073818206787
vn 2.4390797648266016E-07 -0.6259453296661377 0.77986693382263184
vn 0 -0.36241212487220764 0.93201792240142822
vn 0 -0.40277191996574402 0.91530036926269531
vn 0 0.85489678382873535 -0.5187981128692627
vn 0 0.87673968076705933 -0.48096519708633423
vn 1.3211956684244797E-07 -0.66071754693984985 0.75063461065292358
vn 0 -0.66208690404891968 0.74942708015441895
vn 0 -0.48096418380737305 0.87674027681350708
vn 0 -0.44228842854499817 0.896872878074646
vn 0 0.23765839636325836 -0.97134882211685181
vn 0 0.27985513210296631 -0.96004223823547363
vn 0 0.91530013084411621 -0.40277242660522461
vn 0 0.9320177435874939 -0.36241260170936584
vn 0 -0.74592441320419312 0.66603058576583862
vn 0 -0.81921291351318359 0.5734894871711731
vn 0 -0.55557006597518921 0.83146971464157104
vn 0 -0.59128689765930176 0.80646127462387085
vn 0 -0.62594455480575562 0.77986752986907959
vn 0 0.36241185665130615 -0.93201804161071777
vn 0 0.40277191996574402 -0.91530036926269531
vn 0 0.96004199981689453 -0.27985599637031555
vn 0 0.97134858369827271 -0.2376592606306076
vn 0 -0.69149249792098999 0.72238361835479736
vn 0 -0.72238266468048096 0.69149351119995117
vn 0 0.48096448183059692 -0.87674009799957275
vn 0 0.51879709959030151 -0.85489737987518311
vn 0 0.98835724592208862 -0.15215118229389191
vn 0 0.99405932426452637 -0.10883981734514236
vn 0 -0.77986675500869751 0.6259455680847168
vn 0 -0.80646055936813354 0.59128785133361816
vn 0 0.59128755331039429 -0.80646079778671265
vn -1.3237092844065046E-07 0.62594527006149292 -0.77986699342727661
vn 0 0.99976140260696411 -0.021842310205101967
vn 0 0.99976140260696411 0.021843833848834038
vn 0 -0.95290893316268921 0.30325654149055481
vn 0 -0.96838045120239258 0.2494780570268631
vn 0 -0.9181828498840332 0.396156907081604
vn 0 -0.90008294582366943 0.43571856617927551
vn 0 -0.85489726066589355 0.51879727840423584
vn 0 -0.87674015760421753 0.48096436262130737
vn -2.8092239290344878E-07 0.68741816282272339 -0.72626185417175293
vn -2.8092239290344878E-07 0.71453738212585449 -0.69959723949432373
vn 0 0.99405914545059204 0.10884116590023041
vn 0 0.9883570671081543 0.15215235948562622
vn 0 -0.9883573055267334 0.15215057134628296
vn 0 -0.99405932426452637 0.10883960127830505
vn 0 -0.91530036926269531 0.40277197957038879
vn 0 -0.93201780319213867 0.36241248250007629
vn -1.4917642943146348E-07 0.78710758686065674 -0.61681574583053589
vn 0 0.82974356412887573 -0.55814474821090698
vn 0 0.97134840488433838 0.23766008019447327
vn 0 0.96004182100296021 0.27985659241676331
vn 0 -0.99976140260696411 0.021842822432518005
vn 0 -0.99976140260696411 -0.021842984482645988
vn 0 -0.96004205942153931 0.27985581755638123
vn 0 -0.97134876251220703 0.23765863478183746
vn 0 0.93201744556427002 0.36241340637207031
vn 0 0.91529965400695801 0.40277361869812012
vn 0 -0.99405932426452637 -0.10883976519107819
vn 0 -0.9883573055267334 -0.15215079486370087
vn 0 -0.98835736513137817 0.15215021371841431
vn 0 -0.99405938386917114 0.10883899033069611
vn 0 0.87933754920959473 -0.47619897127151489
vn 0 0.87364280223846436 -0.48656779527664185
vn 0 0.90807557106018066 -0.41880637407302856
vn 0 0.92880642414093018 -0.37056529521942139
vn 0 0.876739501953125 0.48096552491188049
vn 0 0.85489737987518311 0.51879715919494629
vn 0 -0.97134870290756226 -0.23765870928764343
vn 0 -0.96004211902618408 -0.27985551953315735
vn 0 -0.99976140260696411 0.021842528134584427
vn 0 -0.99976140260696411 -0.021842718124389648
vn 0 0.96004211902618408 -0.27985560894012451
vn 0 0.97134864330291748 -0.23765906691551208
vn 0 0.80646055936813354 0.59128785133361816
vn 0 0.77986586093902588 0.62594670057296753
vn 0 -0.93201816082000732 -0.36241161823272705
vn 0 -0.91530084609985352 -0.40277090668678284
vn 0 -0.99405932426452637 -0.10883963853120804
vn 0 -0.98835718631744385 -0.15215137600898743
vn 0 0.98835724592208862 -0.15215101838111877
vn 0 0.99405932426452637 -0.1088394820690155
vn 0 0.72238129377365112 0.69149494171142578
vn 0 0.69149160385131836 0.72238451242446899
vn 0 -0.87674057483673096 -0.48096352815628052
vn 1.6692652593519597E-07 -0.85489737987518311 -0.51879709959030151
vn 0 -0.97134840488433838 -0.23765991628170013
vn 0 -0.96004176139831543 -0.27985671162605286
vn -1 -8.931197470474217E-08 2.2949731004473506E-09
vn -1 -9.1760625764436554E-08 1.3325985648293681E-08
vn -1 -7.1489090203158412E-08 -1.5052346924449012E-08
vn -1 -6.2150952828687878E-08 -1.7482170378002593E-08
vn -1 -8.4547842504889559E-08 -1.7816969233308555E-08
vn -1 -7.143545843746324E-08 -1.5525648322523011E-08
vn -1 -6.9836396221489849E-08 -3.8768752652629246E-09
vn -1 -6.9798048230040877E-08 1.0840683906110371E-08
vn -1 -8.7754266075990017E-08 3.7257863461093166E-09
vn -1 -6.6282353827773477E-08 1.1064378746539205E-08
vn -1 -9.4877897538481193E-08 -6.5659770953629959E-09
vn -1 -8.748991575657783E-08 -7.7603656833957757E-09
vn -1 -6.0280989089278592E-08 -1.3497792217265214E-08
vn -1 -7.180761230074495E-08 1.3451230351790855E-08
vn -1 -6.3842456654583657E-08 -1.3641018092869217E-08
vn -1 -7.6231948753502365E-08 -1.7270185281859085E-09
vn -1 -6.1031435905078979E-08 -1.014616657357692E-08
vn -1 -7.2681991980516614E-08 4.9508597221858963E-09
vn -1 -6.4271233668478089E-08 1.9621296587502002E-08
vn -1 -8.6517331965296762E-08 1.5148117427088437E-08
vn -1 -7.6921907066207496E-08 2.3320823050454464E-09
vn -1 -7.7628328654100187E-08 7.5828587853266072E-09
vn -1 -9.1760732345846918E-08 1.3326231673715938E-08
vn -1 -8.9312059969870461E-08 2.2951800460191407E-09
vn -1 -8.0714805505976983E-08 5.307411843347154E-09
vn -1 -7.450358907590271E-08 -5.4785544989499613E-09
vn -1 -9.4923287008441548E-08 5.8742379849263671E-09
vn -1 -8.7754337130263593E-08 3.7257694707193423E-09
vn -1 -9.0676657293897733E-08 0
vn -1 -9.1964714954428928E-08 -2.0777060072418863E-09
vn -1 -9.2715133348519885E-08 1.2350431788377136E-09
vn -1 -8.8847542656367295E-08 -9.3820480273620888E-09
vn -1 -2.8864155865448993E-07 4.3580538289234028E-08
vn -1 -6.2531898947781883E-07 8.4851031090238394E-08
vn -1 -9.8799127101756312E-08 -1.0487181789642364E-08
vn -1 -8.9782645318337018E-08 -1.1970112900883123E-08
vn -1 -7.6181777330930345E-08 4.9354582642990863E-09
vn -1 -6.939200147826341E-08 5.4693249929016474E-09
vn -1 -6.8912861195258301E-08 -2.4254632080555893E-08
vn -1 -5.9337487812172185E-08 -2.5444800044738258E-08
vn -1 -6.0870672768942313E-07 1.1139248101699195E-07
vn -1 -8.0421536097219359E-08 -3.3445821667754672E-09
vn -1 -7.5096536988894513E-08 1.014086592476815E-08
vn -1 -8.0702022842160659E-08 2.5221613686454702E-09
vn -1 -9.1026258530746418E-08 1.954882478116815E-09
vn -1 -5.9185104817061074E-08 -1.802543714291005E-08
vn -1 -8.860794764586899E-08 9.8547321414343969E-09
vn -1 -8.74218812896288E-08 1.345799649499213E-08
vn -1 -8.7926260050608107E-08 9.6270147409427409E-09
vn -1 -9.1859369888425135E-08 1.8056763195772874E-08
vn -1 -8.354635383511777E-08 1.9718783050848288E-08
vn -1 -8.7497028289362788E-08 2.5981403695141125E-08
vn -1 -8.3180694332440908E-08 1.1336752869794964E-08
vn -1 -7.9653602824691916E-08 8.3411793028176362E-09
vn -1 -8.8430624600732699E-08 1.9319690292007863E-09
vn -1 -8.8430603284450626E-08 -1.9320844923953473E-09
vn -1 -7.1939169288270932E-08 1.2993280229522952E-08
vn -1 -6.5835202178732288E-08 6.068661573266354E-09
vn -1 -7.2958236785325425E-08 -1.507209135276355E-09
vn -1 -6.9512331890564383E-08 -3.6350211729541115E-09
vn -1 -8.7926224523471319E-08 -9.6271257632452034E-09
vn -1 -8.7421845762492012E-08 -1.345805777930309E-08
vn -1 -7.3019684521113959E-08 3.4921903147022704E-09
vn -1 -6.6064096415630047E-08 -2.5764679278950098E-09
vn -1 -8.0340903707565303E-08 -8.0332229757118512E-09
vn -1 -9.0502766170175164E-08 -9.9431858302523324E-09
vn -1 -8.5917385206357721E-08 -2.1021415719246761E-08
vn -1 -8.3146993290483806E-08 -3.3521232456479311E-09
vn -1 -7.2850788512823783E-08 -6.0686518033037373E-09
vn -1 -8.6150066636037081E-08 -6.628853466139617E-09
vn -1 -8.8430660127869487E-08 1.9320156585678205E-09
vn -1 -8.8430660127869487E-08 -1.93204674481251E-09
vn -1 -8.2075537477521721E-08 1.8418765179717411E-08
vn -1 -8.0596834095558734E-08 1.4848831497715764E-08
vn -1 -9.5588042370309267E-08 -1.6528807211813046E-09
vn -1 -9.0463913693383802E-08 3.609610388366491E-09
vn -1 -8.7926302683172253E-08 -9.6270476035442698E-09
vn -1 -8.2873299334096373E-08 7.5295565338251436E-09
vn -1 -7.8956453819500894E-08 -1.3469026782786386E-08
vn -1 -7.9446287770679191E-08 -2.4757952132858918E-08
vn -1 -7.948310809524628E-08 2.7624800225112267E-09
vn -1 -7.1924553424196347E-08 -6.7532796022007346E-10
vn -1 -7.204470620081338E-08 3.1313369674990099E-09
vn -1 -6.1720470512227621E-08 2.5640847223229457E-09
vn -1 -8.4046092752032564E-08 -3.4515679203650507E-09
vn -1 -8.82482922293093E-08 1.3932840658981149E-08
vn -1 -6.3649537196397432E-08 1.1480631556537446E-08
vn -1 -8.4829238744532631E-08 9.3488932151331028E-09
vn -1 -7.7799889197649463E-08 -2.2127302212737732E-09
vn -1 -6.3666327321243443E-08 -1.0980507170188503E-08
vn -1 -5.5993393033304528E-08 5.7415978638175602E-09
vn -1 -5.3521329590466848E-08 1.1506998021104664E-08
vn -1 -6.5197674814498896E-08 3.347473409576196E-09
vn -1 -7.4081441425732919E-08 1.806210470078895E-08
vn 0 0.00085765233961865306 0.99999964237213135
vn 0 0.00085765245603397489 0.99999964237213135
f 1586//1586 1587//1587 1588//1588
f 1586//1586 1588//1588 1589//1589
f 1590//1590 1591//1591 1592//1592
f 1590//1590 1592//1592 1593//1593
f 1594//1594 1595//1595 1596//1596
f 1594//1594 1596//1596 1597//1597
f 1598//1598 1599//1599 1600//1600
f 1598//1598 1600//1600 1601//1601
f 1602//1602 1603//1603 1604//1604
f 1602//1602 1604//1604 1605//1605
f 1591//1591 1606//1606 1607//1607
f 1591//1591 1607//1607 1592//1592
f 1595//1595 1608//1608 1609//1609
f 1595//1595 1609//1609 1596//1596
f 1599//1599 1610//1610 1611//1611
f 1599//1599 1611//1611 1600//1600
f 1603//1603 1612//1612 1613//1613
f 1603//1603 1613//1613 1604//1604
f 1606//1606 1614//1614 1615//1615
f 1606//1606 1615//1615 1607//1607
f 1608//1608 1616//1616 1617//1617
f 1608//1608 1617//1617 1609//1609
f 1610//1610 1618//1618 1619//1619
f 1610//1610 1619//1619 1611//1611
f 1612//1612 1620//1620 1621//1621
f 1612//1612 1621//1621 1613//1613
f 1614//1614 1622//1622 1623//1623
f 1614//1614 1623//1623 1615//1615
f 1616//1616 1624//1624 1625//1625
f 1616//1616 1625//1625 1617//1617
f 1618//1618 1626//1626 1627//1627
f 1618//1618 1627//1627 1619//1619
f 1620//1620 1628//1628 1629//1629
f 1620//1620 1629//1629 1621//1621
f 1622//1622 1630//1630 1623//1623
f 1624//1624 1631//1631 1632//1632
f 1624//1624 1632//1632 1625//1625
f 1626//1626 1633//1633 1634//1634
f 1626//1626 1634//1634 1627//1627
f 1628//1628 1635//1635 1636//1636
f 1628//1628 1636//1636 1629//1629
f 1633//1633 1637//1637 1638//1638
f 1633//1633 1638//1638 1634//1634
f 1635//1635 1639//1639 1640//1640
f 1635//1635 1640//1640 1636//1636
f 1641//1641 1642//1642 1643//1643
f 1637//1637 1644//1644 1645//1645
f 1637//1637 1645//1645 1638//1638
f 1639//1639 1646//1646 1647//1647
f 1639//1639 1647//1647 1640//1640
f 1642//1642 1648//1648 1649//1649
f 1642//1642 1649//1649 1643//1643
f 1644//1644 1650//1650 1651//1651
f 1644//1644 1651//1651 1645//1645
f 1646//1646 1652//1652 1653//1653
f 1646//1646 1653//1653 1647//1647
f 1648//1648 1654//1654 1655//1655
f 1648//1648 1655//1655 1649//1649
f 1650//1650 1656//1656 1657//1657
f 1650//1650 1657//1657 1651//1651
f 1652//1652 1658//1658 1659//1659
f 1652//1652 1659//1659 1653//1653
f 1654//1654 1660//1660 1661//1661
f 1654//1654 1661//1661 1655//1655
f 1656//1656 1662//1662 1663//1663
f 1656//1656 1663//1663 1657//1657
f 1658//1658 1664//1664 1665//1665
f 1658//1658 1665//1665 1659//1659
f 1660//1660 1666//1666 1667//1667
f 1660//1660 1667//1667 1661//1661
f 1662//1662 1668//1668 1669//1669
f 1662//1662 1669//1669 1663//1663
f 1664//1664 1670//1670 1671//1671
f 1664//1664 1671//1671 1665//1665
f 1666//1666 1672//1672 1673//1673
f 1666//1666 1673//1673 1667//1667
f 1668//1668 1674//1674 1675//1675
f 1668//1668 1675//1675 1669//1669
f 1676//1676 1677//1677 1678//1678
f 1676//1676 1678//1678 1679//1679
f 1670//1670 1680//1680 1681//1681
f 1670//1670 1681//1681 1671//1671
f 1672//1672 1682//1682 1683//1683
f 1672//1672 1683//1683 1673//1673
f 1674//1674 1590//1590 1593//1593
f 1674//1674 1593//1593 1675//1675
f 1677//1677 1594//1594 1597//1597
f 1677//1677 1597//1597 1678//1678
f 1680//1680 1598//1598 1601//1601
f 1680//1680 1601//1601 1681//1681
f 1682//1682 1602//1602 1605//1605
f 1682//1682 1605//1605 1683//1683
f 1684//1684 1685//1685 1686//1686
f 1684//1684 1686//1686 1687//1687
f 1688//1688 1689//1689 1690//1690
f 1688//1688 1690//1690 1691//1691
f 1692//1692 1693//1693 1694//1694
f 1692//1692 1694//1694 1695//1695
f 1696//1696 1697//1697 1698//1698
f 1696//1696 1698//1698 1699//1699
f 1687//1687 1686//1686 1700//1700
f 1687//1687 1700//1700 1701//1701
f 1702//1702 1703//1703 1689//1689
f 1702//1702 1689//1689 1688//1688
f 1704//1704 1705//1705 1693//1693
f 1704//1704 1693//1693 1692//1692
f 1699//1699 1698//1698 1706//1706
f 1699//1699 1706//1706 1707//1707
f 1701//1701 1700//1700 1708//1708
f 1701//1701 1708//1708 1709//1709
f 1710//1710 1711//1711 1703//1703
f 1710//1710 1703//1703 1702//1702
f 1712//1712 1713//1713 1705//1705
f 1712//1712 1705//1705 1704//1704
f 1714//1714 1706//1706 1715//1715
f 1714//1714 1715//1715 1716//1716
f 1717//1717 1708//1708 1718//1718
f 1717//1717 1718//1718 1719//1719
f 1720//1720 1721//1721 1713//1713
f 1720//1720 1713//1713 1712//1712
f 1716//1716 1715//1715 1722//1722
f 1716//1716 1722//1722 1723//1723
f 1719//1719 1718//1718 1724//1724
f 1719//1719 1724//1724 1725//1725
f 1726//1726 1727//1727 1721//1721
f 1726//1726 1721//1721 1720//1720
f 1723//1723 1722//1722 1728//1728
f 1723//1723 1728//1728 1729//1729
f 1725//1725 1724//1724 1730//1730
f 1725//1725 1730//1730 1731//1731
f 1732//1732 1733//1733 1727//1727
f 1732//1732 1727//1727 1726//1726
f 1729//1729 1728//1728 1734//1734
f 1729//1729 1734//1734 1735//1735
f 1731//1731 1730//1730 1736//1736
f 1731//1731 1736//1736 1737//1737
f 1738//1738 1739//1739 1733//1733
f 1738//1738 1733//1733 1732//1732
f 1735//1735 1734//1734 1740//1740
f 1735//1735 1740//1740 1741//1741
f 1737//1737 1736//1736 1742//1742
f 1737//1737 1742//1742 1743//1743
f 1744//1744 1745//1745 1739//1739
f 1744//1744 1739//1739 1738//1738
f 1741//1741 1740//1740 1746//1746
f 1741//1741 1746//1746 1747//1747
f 1743//1743 1742//1742 1748//1748
f 1743//1743 1748//1748 1749//1749
f 1750//1750 1751//1751 1745//1745
f 1750//1750 1745//1745 1744//1744
f 1749//1749 1748//1748 1752//1752
f 1749//1749 1752//1752 1753//1753
f 1754//1754 1755//1755 1751//1751
f 1754//1754 1751//1751 1750//1750
f 1753//1753 1752//1752 1756//1756
f 1753//1753 1756//1756 1757//1757
f 1758//1758 1759//1759 1755//1755
f 1758//1758 1755//1755 1754//1754
f 1760//1760 1761//1761 1762//1762
f 1760//1760 1762//1762 1763//1763
f 1757//1757 1756//1756 1764//1764
f 1757//1757 1764//1764 1765//1765
f 1766//1766 1767//1767 1759//1759
f 1766//1766 1759//1759 1758//1758
f 1768//1768 1769//1769 1761//1761
f 1768//1768 1761//1761 1760//1760
f 1765//1765 1764//1764 1770//1770
f 1765//1765 1770//1770 1771//1771
f 1772//1772 1773//1773 1767//1767
f 1772//1772 1767//1767 1766//1766
f 1774//1774 1775//1775 1769//1769
f 1774//1774 1769//1769 1768//1768
f 1771//1771 1770//1770 1776//1776
f 1771//1771 1776//1776 1777//1777
f 1778//1778 1779//1779 1773//1773
f 1778//1778 1773//1773 1772//1772
f 1780//1780 1781//1781 1775//1775
f 1780//1780 1775//1775 1774//1774
f 1777//1777 1776//1776 1782//1782
f 1777//1777 1782//1782 1783//1783
f 1784//1784 1785//1785 1779//1779
f 1784//1784 1779//1779 1778//1778
f 1786//1786 1787//1787 1781//1781
f 1786//1786 1781//1781 1780//1780
f 1783//1783 1782//1782 1788//1788
f 1783//1783 1788//1788 1789//1789
f 1589//1589 1588//1588 1790//1790
f 1589//1589 1790//1790 1791//1791
f 1792//1792 1793//1793 1785//1785
f 1792//1792 1785//1785 1784//1784
f 1794//1794 1795//1795 1787//1787
f 1794//1794 1787//1787 1786//1786
f 1796//1796 1788//1788 1797//1797
f 1796//1796 1797//1797 1798//1798
f 1791//1791 1790//1790 1799//1799
f 1791//1791 1799//1799 1800//1800
f 1801//1801 1802//1802 1793//1793
f 1801//1801 1793//1793 1792//1792
f 1798//1798 1797//1797 1803//1803
f 1798//1798 1803//1803 1804//1804
f 1800//1800 1799//1799 1805//1805
f 1800//1800 1805//1805 1806//1806
f 1807//1807 1808//1808 1802//1802
f 1807//1807 1802//1802 1801//1801
f 1804//1804 1803//1803 1809//1809
f 1804//1804 1809//1809 1810//1810
f 1806//1806 1805//1805 1811//1811
f 1806//1806 1811//1811 1812//1812
f 1813//1813 1814//1814 1808//1808
f 1813//1813 1808//1808 1807//1807
f 1815//1815 1816//1816 1817//1817
f 1815//1815 1817//1817 1818//1818
f 1810//1810 1809//1809 1819//1819
f 1810//1810 1819//1819 1820//1820
f 1812//1812 1811//1811 1821//1821
f 1812//1812 1821//1821 1822//1822
f 1823//1823 1824//1824 1814//1814
f 1823//1823 1814//1814 1813//1813
f 1825//1825 1826//1826 1816//1816
f 1825//1825 1816//1816 1815//1815
f 1820//1820 1819//1819 1827//1827
f 1820//1820 1827//1827 1828//1828
f 1822//1822 1821//1821 1829//1829
f 1822//1822 1829//1829 1830//1830
f 1831//1831 1832//1832 1824//1824
f 1831//1831 1824//1824 1823//1823
f 1833//1833 1834//1834 1826//1826
f 1833//1833 1826//1826 1825//1825
f 1828//1828 1827//1827 1835//1835
f 1828//1828 1835//1835 1836//1836
f 1837//1837 1838//1838 1832//1832
f 1837//1837 1832//1832 1831//1831
f 1839//1839 1840//1840 1834//1834
f 1839//1839 1834//1834 1833//1833
f 1836//1836 1835//1835 1841//1841
f 1836//1836 1841//1841 1842//1842
f 1843//1843 1844//1844 1845//1845
f 1843//1843 1845//1845 1846//1846
f 1847//1847 1848//1848 1838//1838
f 1847//1847 1838//1838 1837//1837
f 1849//1849 1850//1850 1840//1840
f 1849//1849 1840//1840 1839//1839
f 1842//1842 1841//1841 1851//1851
f 1842//1842 1851//1851 1852//1852
f 1846//1846 1845//1845 1853//1853
f 1846//1846 1853//1853 1854//1854
f 1855//1855 1856//1856 1848//1848
f 1855//1855 1848//1848 1847//1847
f 1857//1857 1858//1858 1850//1850
f 1857//1857 1850//1850 1849//1849
f 1852//1852 1851//1851 1859//1859
f 1852//1852 1859//1859 1860//1860
f 1854//1854 1853//1853 1861//1861
f 1854//1854 1861//1861 1862//1862
f 1863//1863 1864//1864 1856//1856
f 1863//1863 1856//1856 1855//1855
f 1865//1865 1866//1866 1858//1858
f 1865//1865 1858//1858 1857//1857
f 1860//1860 1859//1859 1867//1867
f 1860//1860 1867//1867 1868//1868
f 1862//1862 1861//1861 1685//1685
f 1862//1862 1685//1685 1684//1684
f 1691//1691 1690//1690 1864//1864
f 1691//1691 1864//1864 1863//1863
f 1695//1695 1694//1694 1866//1866
f 1695//1695 1866//1866 1865//1865
f 1868//1868 1867//1867 1697//1697
f 1868//1868 1697//1697 1696//1696
f 1869//1869 1870//1870 1871//1871
f 1869//1869 1871//1871 1872//1872
f 1873//1873 1874//1874 1875//1875
f 1873//1873 1875//1875 1876//1876
f 1877//1877 1878//1878 1879//1879
f 1877//1877 1879//1879 1880//1880
f 1881//1881 1882//1882 1883//1883
f 1881//1881 1883//1883 1884//1884
f 1872//1872 1871//1871 1885//1885
f 1872//1872 1885//1885 1886//1886
f 1876//1876 1875//1875 1887//1887
f 1876//1876 1887//1887 1888//1888
f 1880//1880 1879//1879 1889//1889
f 1880//1880 1889//1889 1890//1890
f 1884//1884 1883//1883 1891//1891
f 1884//1884 1891//1891 1892//1892
f 1886//1886 1885//1885 1893//1893
f 1886//1886 1893//1893 1894//1894
f 1888//1888 1887//1887 1895//1895
f 1888//1888 1895//1895 1896//1896
f 1890//1890 1889//1889 1897//1897
f 1890//1890 1897//1897 1898//1898
f 1892//1892 1891//1891 1899//1899
f 1892//1892 1899//1899 1900//1900
f 1894//1894 1893//1893 1901//1901
f 1894//1894 1901//1901 1902//1902
f 1896//1896 1895//1895 1903//1903
f 1896//1896 1903//1903 1904//1904
f 1898//1898 1897//1897 1905//1905
f 1898//1898 1905//1905 1906//1906
f 1900//1900 1899//1899 1907//1907
f 1900//1900 1907//1907 1908//1908
f 1902//1902 1901//1901 1909//1909
f 1904//1904 1903//1903 1910//1910
f 1904//1904 1910//1910 1911//1911
f 1906//1906 1905//1905 1912//1912
f 1906//1906 1912//1912 1913//1913
f 1908//1908 1907//1907 1914//1914
f 1908//1908 1914//1914 1915//1915
f 1913//1913 1912//1912 1916//1916
f 1913//1913 1916//1916 1917//1917
f 1915//1915 1914//1914 1918//1918
f 1915//1915 1918//1918 1919//1919
f 1920//1920 1921//1921 1922//1922
f 1917//1917 1916//1916 1923//1923
f 1917//1917 1923//1923 1924//1924
f 1919//1919 1918//1918 1925//1925
f 1919//1919 1925//1925 1926//1926
f 1922//1922 1921//1921 1927//1927
f 1922//1922 1927//1927 1928//1928
f 1924//1924 1923//1923 1929//1929
f 1924//1924 1929//1929 1930//1930
f 1926//1926 1925//1925 1931//1931
f 1926//1926 1931//1931 1932//1932
f 1928//1928 1927//1927 1933//1933
f 1928//1928 1933//1933 1934//1934
f 1930//1930 1929//1929 1935//1935
f 1930//1930 1935//1935 1936//1936
f 1932//1932 1931//1931 1937//1937
f 1932//1932 1937//1937 1938//1938
f 1934//1934 1933//1933 1939//1939
f 1934//1934 1939//1939 1940//1940
f 1936//1936 1935//1935 1941//1941
f 1936//1936 1941//1941 1942//1942
f 1938//1938 1937//1937 1943//1943
f 1938//1938 1943//1943 1944//1944
f 1940//1940 1939//1939 1945//1945
f 1940//1940 1945//1945 1946//1946
f 1942//1942 1941//1941 1947//1947
f 1942//1942 1947//1947 1948//1948
f 1944//1944 1943//1943 1949//1949
f 1944//1944 1949//1949 1950//1950
f 1946//1946 1945//1945 1951//1951
f 1946//1946 1951//1951 1952//1952
f 1948//1948 1947//1947 1953//1953
f 1948//1948 1953//1953 1954//1954
f 1955//1955 1956//1956 1957//1957
f 1955//1955 1957//1957 1958//1958
f 1950//1950 1949//1949 1959//1959
f 1950//1950 1959//1959 1960//1960
f 1952//1952 1951//1951 1961//1961
f 1952//1952 1961//1961 1962//1962
f 1954//1954 1953//1953 1870//1870
f 1954//1954 1870//1870 1869//1869
f 1958//1958 1957//1957 1874//1874
f 1958//1958 1874//1874 1873//1873
f 1960//1960 1959//1959 1878//1878
f 1960//1960 1878//1878 1877//1877
f 1962//1962 1961//1961 1882//1882
f 1962//1962 1882//1882 1881//1881
f 1763//1763 1762//1762 1963//1963
f 1763//1763 1963//1963 1964//1964
f 1586//1586 1747//1747 1746//1746
f 1586//1586 1746//1746 1587//1587
f 1955//1955 1909//1909 1901//1901
f 1955//1955 1901//1901 1956//1956
f 1963//1963 1711//1711 1710//1710
f 1963//1963 1710//1710 1964//1964
f 1679//1679 1623//1623 1630//1630
f 1679//1679 1630//1630 1676//1676
f 1911//1911 1910//1910 1921//1921
f 1911//1911 1921//1921 1920//1920
f 1795//1795 1794//1794 1818//1818
f 1795//1795 1818//1818 1817//1817
f 1632//1632 1631//1631 1641//1641
f 1632//1632 1641//1641 1643//1643
f 1830//1830 1829//1829 1844//1844
f 1830//1830 1844//1844 1843//1843
usemtl diffuse_0
v 0.0019830656051635742 0.0038410186767578128 -0.043691779586282765
v 0.0019830654561519626 0.0057369756698608405 -0.045354486915079151
v 0.0019830651581287384 0.008814382553100587 -0.041343919249979051
v 0.0019830653071403505 0.0074155831336975113 -0.040117207976785696
v 0.0019830642640590672 0.022462611198425297 -0.048681403609720265
v 0.0019830639660358431 0.024850535392761233 -0.047870813819376024
v 0.0019830641150474552 0.02291599273681641 -0.043200413199869191
v 0.0019830642640590672 0.021154232025146488 -0.043798452826944383
v 0.0019830654561519626 0.0057369542121887213 -0.01476510188242534
v 0.0019830656051635742 0.0038410019874572758 -0.016427806827035936
v 0.0019830653071403505 0.007415568828582764 -0.020002380820718799
v 0.0019830651581287384 0.0088143682479858414 -0.01877566835543254
v 0.0019830633699893952 0.034168653488159187 -0.020420528861490282
v 0.0019830633699893952 0.032767643928527837 -0.01832376978060344
v 0.0019830636680126189 0.02875708341598511 -0.021401185008493456
v 0.0019830636680126189 0.029790720939636237 -0.022948132964578663
v 0.0019830653071403505 0.0078337407112121591 -0.046755491706338914
v 0.0019830651581287384 0.010361337661743165 -0.042377554389444384
v 0.001983063817024231 0.027112224102020268 -0.046755472632852589
v 0.0019830641150474552 0.02458462476730347 -0.042377535315958052
v 0.0019830657541751863 0.0021782946586608887 -0.018323757859674487
v 0.0019830654561519626 0.006188859939575196 -0.021401175471750293
v 0.0019830635190010073 0.031104938983917241 -0.016427816363779098
v 0.001983063817024231 0.027530369758605962 -0.020002387973276171
v 0.0019830651581287384 0.010095437765121461 -0.047870828124490776
v 0.0019830650091171268 0.012029972076416017 -0.043200432273355516
v 0.0019830636680126189 0.02920898199081421 -0.045354463073221239
v 0.0019830639660358431 0.026131572723388674 -0.041343900176492726
v 0.0019830659031867984 0.00077728033065795901 -0.020420521708932909
v 0.0019830654561519626 0.0051552200317382816 -0.022948125812021287
v 0.0019830636680126189 0.02920898675918579 -0.014765110227075608
v 0.0019830639660358431 0.026131575107574464 -0.018775675507989913
v 0.0019830650091171268 0.01248336672782898 -0.048681417914835011
v 0.0019830648601055147 0.013791738748550417 -0.043798462363687549
v 0.0019830635190010073 0.031104936599731448 -0.043691755744424854
v 0.001983063817024231 0.027530367374420169 -0.040117188903299364
v 0.0019830659031867984 -0.00033806085586547859 -0.022682210418191941
v 0.0019830656051635742 0.0043323397636413578 -0.024616757842508347
v 0.001983063817024231 0.027112228870391848 -0.01336410066744426
v 0.0019830641150474552 0.02458462715148926 -0.017742037984338793
v 0.001983064711093903 0.01495666742324829 -0.04917338034769634
v 0.001983064711093903 0.015616492033004761 -0.044161421271768607
v 0.0019830633699893952 0.032767641544342044 -0.041795803519693413
v 0.0019830636680126189 0.028757078647613527 -0.038718391868082083
v 0.0019830660521984104 -0.0011486554145812989 -0.025070139380899463
v 0.0019830656051635742 0.0037343001365661623 -0.026378523322549852
v 0.0019830639660358431 0.024850540161132816 -0.012248759480920822
v 0.0019830641150474552 0.022915997505187993 -0.016919160100427658
v 0.001983064562082291 0.017472964525222779 -0.049338304015604052
v 0.001983064562082291 0.017472966909408572 -0.044283100577798877
v 0.0019830633699893952 0.034168651103973394 -0.03969904563089946
v 0.0019830636680126189 0.029790718555450443 -0.037171443911996872
v 0.0019830660521984104 -0.0016406226158142091 -0.027543438884225876
v 0.0019830656051635742 0.0033713340759277347 -0.028203274222818406
v 0.0019830642640590672 0.022462618350982667 -0.011438168498483689
v 0.0019830642640590672 0.021154236793518067 -0.016321122857538256
v 0.0019830632209777836 0.035283992290496828 -0.037437356921640436
v 0.0019830635190010073 0.030613596439361575 -0.035502816649881398
v 0.0019830660521984104 -0.0018055534362792971 -0.030059794398752244
v 0.0019830656051635742 0.0032496500015258794 -0.030059794398752244
v 0.0019830644130706789 0.019989323616027833 -0.010946197720972092
v 0.0019830644130706789 0.01932948708534241 -0.015958155604806932
v 0.0019830632209777836 0.036094582080841063 -0.035049435111490279
v 0.0019830635190010073 0.03121163368225098 -0.03374105355402568
v 0.0019830660521984104 -0.0016406226158142091 -0.032576149913278618
v 0.0019830656051635742 0.0033713364601135258 -0.031916312190500291
v 0.001983064562082291 0.017472972869873048 -0.010781266900507003
v 0.001983064562082291 0.017472972869873048 -0.015836472722497972
v 0.0019830630719661715 0.036586551666259771 -0.032576140376535445
v 0.0019830635190010073 0.031574597358703618 -0.031916305037942919
v 0.0019830660521984104 -0.0011486506462097168 -0.035049449416605025
v 0.0019830656051635742 0.0037343049049377445 -0.033741065474954639
v 0.001983064711093903 0.014956622123718264 -0.010946195336786301
v 0.001983064711093903 0.015616458654403687 -0.015958154412714035
v 0.0019830630719661715 0.036751482486724857 -0.030059787246194875
v 0.0019830635190010073 0.031696281433105475 -0.030059789630380664
v 0.0019830659031867984 -0.0003380560874938965 -0.037437373610940967
v 0.0019830656051635742 0.0043323445320129399 -0.035502828570810357
v 0.0019830650091171268 0.012483325004577639 -0.011438163730112107
v 0.0019830648601055147 0.013791707754135133 -0.016321119281259566
v 0.0019830630719661715 0.036586551666259771 -0.027543438884225876
v 0.0019830635190010073 0.031574597358703618 -0.028203274222818406
v 0.0019830659031867984 0.00077729225158691413 -0.039699064704385792
v 0.0019830654561519626 0.0051552271842956552 -0.037171460601297418
v 0.0019830651581287384 0.010095404386520387 -0.012248753520456346
v 0.0019830650091171268 0.012029947042465211 -0.016919156524148972
v 0.0019830632209777836 0.036205487251281747 -0.025511483165231736
v 0.0019830635190010073 0.031370067596435548 -0.027200111361948047
v 0.0019830657541751863 0.0021783065795898441 -0.041795827361551317
v 0.0019830654561519626 0.0061888647079467781 -0.038718410941568401
v 0.0019830644130706789 0.019989316463470463 -0.049173370810953174
v 0.0019830644130706789 0.019329482316970827 -0.04416141650339702
v 0.0019830653071403505 0.0078337144851684578 -0.013364093514886887
v 0.0019830651581287384 0.010361315011978151 -0.01774203321596721
v 0.0019830632209777836 0.035111172199249273 -0.022067798587289841
v 0.0019830636680126189 0.030123903751373294 -0.023606254073587449
v 0.0019830653071403505 0.007415568828582764 -0.020002380820718799
v -0.0019830620288848878 0.007415568828582764 -0.020002380820718799
v -0.0019830621778964999 0.0088143682479858414 -0.01877566835543254
v 0.0019830651581287384 0.0088143682479858414 -0.01877566835543254
v 0.0019830641150474552 0.02458462476730347 -0.042377535315958052
v -0.0019830632209777836 0.02458462476730347 -0.042377535315958052
v -0.0019830632209777836 0.02291599273681641 -0.043200413199869191
v 0.0019830641150474552 0.02291599273681641 -0.043200413199869191
v 0.001983064711093903 0.014956622123718264 -0.010946195336786301
v -0.0019830626249313357 0.014956622123718264 -0.010946195336786301
v -0.001983062326908112 0.012483325004577639 -0.011438163730112107
v 0.0019830650091171268 0.012483325004577639 -0.011438163730112107
v 0.0019830654561519626 0.006188859939575196 -0.021401175471750293
v -0.0019830618798732757 0.006188859939575196 -0.021401175471750293
v 0.0019830639660358431 0.026131572723388674 -0.041343900176492726
v -0.0019830633699893952 0.026131570339202881 -0.041343900176492726
v -0.0019830621778964999 0.010095404386520387 -0.012248753520456346
v 0.0019830651581287384 0.010095404386520387 -0.012248753520456346
v 0.0019830654561519626 0.0051552200317382816 -0.022948125812021287
v -0.0019830618798732757 0.0051552200317382816 -0.022948125812021287
v 0.001983063817024231 0.027530367374420169 -0.040117188903299364
v -0.0019830635190010073 0.027530367374420169 -0.040117188903299364
v -0.0019830620288848878 0.0078337144851684578 -0.013364093514886887
v 0.0019830653071403505 0.0078337144851684578 -0.013364093514886887
v 0.0019830644130706789 0.019989316463470463 -0.049173370810953174
v -0.0019830629229545594 0.019989316463470463 -0.049173370810953174
v -0.0019830630719661715 0.022462611198425297 -0.048681403609720265
v 0.0019830642640590672 0.022462611198425297 -0.048681403609720265
v 0.0019830656051635742 0.0043323397636413578 -0.024616757842508347
v -0.0019830617308616641 0.0043323397636413578 -0.024616757842508347
v 0.0019830636680126189 0.028757078647613527 -0.038718391868082083
v -0.0019830636680126189 0.028757078647613527 -0.038718391868082083
v 0.0019830653071403505 0.0078337144851684578 -0.013364093514886887
v -0.0019830618798732757 0.0057369542121887213 -0.01476510188242534
v 0.0019830654561519626 0.0057369542121887213 -0.01476510188242534
v -0.0019830633699893952 0.024850535392761233 -0.047870813819376024
v 0.0019830639660358431 0.024850535392761233 -0.047870813819376024
v 0.0019830656051635742 0.0037343001365661623 -0.026378523322549852
v -0.0019830617308616641 0.0037343001365661623 -0.026378523322549852
v 0.0019830636680126189 0.029790718555450443 -0.037171443911996872
v -0.0019830636680126189 0.02979071617126465 -0.037171443911996872
v -0.0019830617308616641 0.0038410019874572758 -0.016427806827035936
v 0.0019830656051635742 0.0038410019874572758 -0.016427806827035936
v -0.0019830635190010073 0.027112224102020268 -0.046755472632852589
v 0.001983063817024231 0.027112224102020268 -0.046755472632852589
v 0.0019830656051635742 0.0033713340759277347 -0.028203274222818406
v -0.0019830617308616641 0.0033713340759277347 -0.028203274222818406
v 0.0019830635190010073 0.030613596439361575 -0.035502816649881398
v -0.001983063817024231 0.030613596439361575 -0.035502816649881398
v -0.001983061581850052 0.0021782946586608887 -0.018323757859674487
v 0.0019830657541751863 0.0021782946586608887 -0.018323757859674487
v -0.0019830636680126189 0.02920898199081421 -0.045354463073221239
v 0.0019830636680126189 0.02920898199081421 -0.045354463073221239
v 0.0019830656051635742 0.0032496500015258794 -0.030059794398752244
v -0.0019830617308616641 0.0032496500015258794 -0.030059794398752244
v 0.0019830635190010073 0.03121163368225098 -0.03374105355402568
v -0.001983063817024231 0.03121163368225098 -0.03374105355402568
v -0.0019830614328384399 0.00077728033065795901 -0.020420521708932909
v 0.0019830659031867984 0.00077728033065795901 -0.020420521708932909
v -0.001983063817024231 0.031104934215545655 -0.043691755744424854
v 0.0019830635190010073 0.031104936599731448 -0.043691755744424854
v 0.0019830656051635742 0.0033713364601135258 -0.031916312190500291
v -0.0019830617308616641 0.0033713364601135258 -0.031916312190500291
v 0.0019830635190010073 0.031574597358703618 -0.031916305037942919
v -0.001983063817024231 0.031574597358703618 -0.031916305037942919
v -0.0019830614328384399 -0.00033806085586547859 -0.022682210418191941
v 0.0019830659031867984 -0.00033806085586547859 -0.022682210418191941
v -0.0019830639660358431 0.032767641544342044 -0.041795803519693413
v 0.0019830633699893952 0.032767641544342044 -0.041795803519693413
v 0.0019830656051635742 0.0037343049049377445 -0.033741065474954639
v -0.0019830617308616641 0.0037343049049377445 -0.033741065474954639
v 0.0019830635190010073 0.031696281433105475 -0.030059789630380664
v -0.001983063817024231 0.031696281433105475 -0.030059789630380664
v -0.0019830612838268283 -0.0011486554145812989 -0.025070139380899463
v 0.0019830660521984104 -0.0011486554145812989 -0.025070139380899463
v -0.0019830639660358431 0.034168651103973394 -0.03969904563089946
v 0.0019830633699893952 0.034168651103973394 -0.03969904563089946
v 0.0019830656051635742 0.0043323445320129399 -0.035502828570810357
v -0.0019830617308616641 0.0043323445320129399 -0.035502828570810357
v 0.0019830635190010073 0.031574597358703618 -0.028203274222818406
v -0.001983063817024231 0.031574597358703618 -0.028203274222818406
v -0.0019830612838268283 -0.0016406226158142091 -0.027543438884225876
v 0.0019830660521984104 -0.0016406226158142091 -0.027543438884225876
v -0.0019830641150474552 0.035283992290496828 -0.037437356921640436
v 0.0019830632209777836 0.035283992290496828 -0.037437356921640436
v 0.0019830654561519626 0.0051552271842956552 -0.037171460601297418
v -0.0019830618798732757 0.0051552271842956552 -0.037171460601297418
v 0.0019830635190010073 0.031370067596435548 -0.027200111361948047
v -0.001983063817024231 0.031370067596435548 -0.027200111361948047
v -0.0019830612838268283 -0.0018055534362792971 -0.030059794398752244
v 0.0019830660521984104 -0.0018055534362792971 -0.030059794398752244
v -0.0019830641150474552 0.036094582080841063 -0.035049435111490279
v 0.0019830632209777836 0.036094582080841063 -0.035049435111490279
v 0.0019830654561519626 0.0061888647079467781 -0.038718410941568401
v -0.0019830618798732757 0.0061888647079467781 -0.038718410941568401
v 0.0019830636680126189 0.029790720939636237 -0.022948132964578663
v -0.0019830636680126189 0.029790720939636237 -0.022948132964578663
v -0.0019830636680126189 0.030123903751373294 -0.023606254073587449
v 0.0019830636680126189 0.030123903751373294 -0.023606254073587449
v -0.0019830612838268283 -0.0016406226158142091 -0.032576149913278618
v 0.0019830660521984104 -0.0016406226158142091 -0.032576149913278618
v -0.0019830642640590672 0.036586551666259771 -0.032576140376535445
v 0.0019830630719661715 0.036586551666259771 -0.032576140376535445
v 0.0019830653071403505 0.0074155831336975113 -0.040117207976785696
v -0.0019830620288848878 0.0074155831336975113 -0.040117207976785696
v -0.0019830612838268283 -0.0011486506462097168 -0.035049449416605025
v 0.0019830660521984104 -0.0011486506462097168 -0.035049449416605025
v -0.0019830642640590672 0.036751482486724857 -0.030059787246194875
v 0.0019830630719661715 0.036751482486724857 -0.030059787246194875
v 0.0019830651581287384 0.008814382553100587 -0.041343919249979051
v -0.0019830621778964999 0.008814382553100587 -0.041343919249979051
v 0.0019830636680126189 0.02875708341598511 -0.021401185008493456
v -0.0019830636680126189 0.02875708103179932 -0.021401185008493456
v -0.0019830614328384399 -0.0003380560874938965 -0.037437373610940967
v 0.0019830659031867984 -0.0003380560874938965 -0.037437373610940967
v -0.0019830642640590672 0.036586551666259771 -0.027543438884225876
v 0.0019830630719661715 0.036586551666259771 -0.027543438884225876
v 0.0019830651581287384 0.010361337661743165 -0.042377554389444384
v -0.0019830621778964999 0.010361337661743165 -0.042377554389444384
v 0.001983063817024231 0.027530369758605962 -0.020002387973276171
v -0.0019830635190010073 0.027530369758605962 -0.020002387973276171
v -0.0019830614328384399 0.00077729225158691413 -0.039699064704385792
v 0.0019830659031867984 0.00077729225158691413 -0.039699064704385792
v -0.0019830641150474552 0.036205487251281747 -0.025511483165231736
v 0.0019830632209777836 0.036205487251281747 -0.025511483165231736
v 0.0019830650091171268 0.012029972076416017 -0.043200432273355516
v -0.001983062326908112 0.012029972076416017 -0.043200432273355516
v 0.0019830639660358431 0.026131575107574464 -0.018775675507989913
v -0.0019830633699893952 0.026131575107574464 -0.018775675507989913
v -0.001983061581850052 0.0021783065795898441 -0.041795827361551317
v 0.0019830657541751863 0.0021783065795898441 -0.041795827361551317
v 0.0019830632209777836 0.035111172199249273 -0.022067798587289841
v -0.0019830641150474552 0.035111172199249273 -0.022067798587289841
v -0.0019830639660358431 0.034168653488159187 -0.020420528861490282
v 0.0019830633699893952 0.034168653488159187 -0.020420528861490282
v 0.0019830648601055147 0.013791738748550417 -0.043798462363687549
v -0.001983062475919724 0.013791738748550417 -0.043798462363687549
v 0.0019830641150474552 0.02458462715148926 -0.017742037984338793
v -0.0019830632209777836 0.02458462715148926 -0.017742037984338793
v 0.0019830657541751863 0.0021783065795898441 -0.041795827361551317
v -0.0019830617308616641 0.0038410186767578128 -0.043691779586282765
v 0.0019830656051635742 0.0038410186767578128 -0.043691779586282765
v 0.001983064711093903 0.015616492033004761 -0.044161421271768607
v -0.0019830626249313357 0.015616492033004761 -0.044161421271768607
v 0.0019830641150474552 0.022915997505187993 -0.016919160100427658
v -0.0019830632209777836 0.022915997505187993 -0.016919160100427658
v -0.0019830618798732757 0.0057369756698608405 -0.045354486915079151
v 0.0019830654561519626 0.0057369756698608405 -0.045354486915079151
v -0.0019830639660358431 0.032767643928527837 -0.01832376978060344
v 0.0019830633699893952 0.032767643928527837 -0.01832376978060344
v 0.001983064562082291 0.017472966909408572 -0.044283100577798877
v -0.0019830627739429478 0.017472966909408572 -0.044283100577798877
v 0.0019830642640590672 0.021154236793518067 -0.016321122857538256
v -0.0019830630719661715 0.021154236793518067 -0.016321122857538256
v -0.0019830620288848878 0.0078337407112121591 -0.046755491706338914
v 0.0019830653071403505 0.0078337407112121591 -0.046755491706338914
v -0.001983063817024231 0.031104938983917241 -0.016427816363779098
v 0.0019830635190010073 0.031104938983917241 -0.016427816363779098
v 0.0019830644130706789 0.01932948708534241 -0.015958155604806932
v -0.0019830629229545594 0.01932948708534241 -0.015958155604806932
v -0.0019830621778964999 0.010095437765121461 -0.047870828124490776
v 0.0019830651581287384 0.010095437765121461 -0.047870828124490776
v -0.0019830636680126189 0.02920898675918579 -0.014765110227075608
v 0.0019830636680126189 0.02920898675918579 -0.014765110227075608
v 0.001983064562082291 0.017472972869873048 -0.015836472722497972
v -0.0019830627739429478 0.017472972869873048 -0.015836472722497972
v -0.001983062326908112 0.01248336672782898 -0.048681417914835011
v 0.0019830650091171268 0.01248336672782898 -0.048681417914835011
v -0.0019830635190010073 0.027112228870391848 -0.01336410066744426
v 0.001983063817024231 0.027112228870391848 -0.01336410066744426
v 0.001983064711093903 0.015616458654403687 -0.015958154412714035
v -0.0019830626249313357 0.015616458654403687 -0.015958154412714035
v -0.0019830626249313357 0.01495666742324829 -0.04917338034769634
v 0.001983064711093903 0.01495666742324829 -0.04917338034769634
v -0.0019830633699893952 0.024850540161132816 -0.012248759480920822
v 0.0019830639660358431 0.024850540161132816 -0.012248759480920822
v 0.0019830648601055147 0.013791707754135133 -0.016321119281259566
v -0.001983062475919724 0.013791707754135133 -0.016321119281259566
v -0.0019830627739429478 0.017472964525222779 -0.049338304015604052
v 0.001983064562082291 0.017472964525222779 -0.049338304015604052
v -0.0019830630719661715 0.022462618350982667 -0.011438168498483689
v 0.0019830642640590672 0.022462618350982667 -0.011438168498483689
v 0.0019830650091171268 0.012029947042465211 -0.016919156524148972
v -0.001983062326908112 0.012029947042465211 -0.016919156524148972
v -0.0019830629229545594 0.019989323616027833 -0.010946197720972092
v 0.0019830644130706789 0.019989323616027833 -0.010946197720972092
v 0.0019830651581287384 0.010361315011978151 -0.01774203321596721
v -0.0019830621778964999 0.010361315011978151 -0.01774203321596721
v 0.0019830642640590672 0.021154232025146488 -0.043798452826944383
v -0.0019830630719661715 0.021154232025146488 -0.043798452826944383
v -0.0019830629229545594 0.019329482316970827 -0.04416141650339702
v 0.0019830644130706789 0.019329482316970827 -0.04416141650339702
v -0.0019830627739429478 0.017472972869873048 -0.010781266900507003
v 0.001983064562082291 0.017472972869873048 -0.010781266900507003
v -0.0019830617308616641 0.0038410186767578128 -0.043691779586282765
v -0.0019830620288848878 0.0074155831336975113 -0.040117207976785696
v -0.0019830621778964999 0.008814382553100587 -0.041343919249979051
v -0.0019830618798732757 0.0057369756698608405 -0.045354486915079151
v -0.0019830630719661715 0.022462611198425297 -0.048681403609720265
v -0.0019830630719661715 0.021154232025146488 -0.043798452826944383
v -0.0019830632209777836 0.02291599273681641 -0.043200413199869191
v -0.0019830633699893952 0.024850535392761233 -0.047870813819376024
v -0.0019830618798732757 0.0057369542121887213 -0.01476510188242534
v -0.0019830621778964999 0.0088143682479858414 -0.01877566835543254
v -0.0019830620288848878 0.007415568828582764 -0.020002380820718799
v -0.0019830617308616641 0.0038410019874572758 -0.016427806827035936
v -0.0019830639660358431 0.034168653488159187 -0.020420528861490282
v -0.0019830636680126189 0.029790720939636237 -0.022948132964578663
v -0.0019830636680126189 0.02875708103179932 -0.021401185008493456
v -0.0019830639660358431 0.032767643928527837 -0.01832376978060344
v -0.0019830621778964999 0.010361337661743165 -0.042377554389444384
v -0.0019830620288848878 0.0078337407112121591 -0.046755491706338914
v -0.0019830632209777836 0.02458462476730347 -0.042377535315958052
v -0.0019830635190010073 0.027112224102020268 -0.046755472632852589
v -0.0019830618798732757 0.006188859939575196 -0.021401175471750293
v -0.001983061581850052 0.0021782946586608887 -0.018323757859674487
v -0.0019830635190010073 0.027530369758605962 -0.020002387973276171
v -0.001983063817024231 0.031104938983917241 -0.016427816363779098
v -0.001983062326908112 0.012029972076416017 -0.043200432273355516
v -0.0019830621778964999 0.010095437765121461 -0.047870828124490776
v -0.0019830633699893952 0.026131570339202881 -0.041343900176492726
v -0.0019830636680126189 0.02920898199081421 -0.045354463073221239
v -0.0019830618798732757 0.0051552200317382816 -0.022948125812021287
v -0.0019830614328384399 0.00077728033065795901 -0.020420521708932909
v -0.0019830633699893952 0.026131575107574464 -0.018775675507989913
v -0.0019830636680126189 0.02920898675918579 -0.014765110227075608
v -0.001983062475919724 0.013791738748550417 -0.043798462363687549
v -0.001983062326908112 0.01248336672782898 -0.048681417914835011
v -0.0019830635190010073 0.027530367374420169 -0.040117188903299364
v -0.001983063817024231 0.031104934215545655 -0.043691755744424854
v -0.0019830617308616641 0.0043323397636413578 -0.024616757842508347
v -0.0019830614328384399 -0.00033806085586547859 -0.022682210418191941
v -0.0019830632209777836 0.02458462715148926 -0.017742037984338793
v -0.0019830635190010073 0.027112228870391848 -0.01336410066744426
v -0.0019830626249313357 0.015616492033004761 -0.044161421271768607
v -0.0019830626249313357 0.01495666742324829 -0.04917338034769634
v -0.0019830636680126189 0.028757078647613527 -0.038718391868082083
v -0.0019830639660358431 0.032767641544342044 -0.041795803519693413
v -0.0019830617308616641 0.0037343001365661623 -0.026378523322549852
v -0.0019830612838268283 -0.0011486554145812989 -0.025070139380899463
v -0.0019830632209777836 0.022915997505187993 -0.016919160100427658
v -0.0019830633699893952 0.024850540161132816 -0.012248759480920822
v -0.0019830627739429478 0.017472966909408572 -0.044283100577798877
v -0.0019830627739429478 0.017472964525222779 -0.049338304015604052
v -0.0019830636680126189 0.02979071617126465 -0.037171443911996872
v -0.0019830639660358431 0.034168651103973394 -0.03969904563089946
v -0.0019830617308616641 0.0033713340759277347 -0.028203274222818406
v -0.0019830612838268283 -0.0016406226158142091 -0.027543438884225876
v -0.0019830630719661715 0.021154236793518067 -0.016321122857538256
v -0.0019830630719661715 0.022462618350982667 -0.011438168498483689
v -0.001983063817024231 0.030613596439361575 -0.035502816649881398
v -0.0019830641150474552 0.035283992290496828 -0.037437356921640436
v -0.0019830617308616641 0.0032496500015258794 -0.030059794398752244
v -0.0019830612838268283 -0.0018055534362792971 -0.030059794398752244
v -0.0019830629229545594 0.01932948708534241 -0.015958155604806932
v -0.0019830629229545594 0.019989323616027833 -0.010946197720972092
v -0.001983063817024231 0.03121163368225098 -0.03374105355402568
v -0.0019830641150474552 0.036094582080841063 -0.035049435111490279
v -0.0019830617308616641 0.0033713364601135258 -0.031916312190500291
v -0.0019830612838268283 -0.0016406226158142091 -0.032576149913278618
v -0.0019830627739429478 0.017472972869873048 -0.015836472722497972
v -0.0019830627739429478 0.017472972869873048 -0.010781266900507003
v -0.001983063817024231 0.031574597358703618 -0.031916305037942919
v -0.0019830642640590672 0.036586551666259771 -0.032576140376535445
v -0.0019830617308616641 0.0037343049049377445 -0.033741065474954639
v -0.0019830612838268283 -0.0011486506462097168 -0.035049449416605025
v -0.0019830626249313357 0.015616458654403687 -0.015958154412714035
v -0.0019830626249313357 0.014956622123718264 -0.010946195336786301
v -0.001983063817024231 0.031696281433105475 -0.030059789630380664
v -0.0019830642640590672 0.036751482486724857 -0.030059787246194875
v -0.0019830617308616641 0.0043323445320129399 -0.035502828570810357
v -0.0019830614328384399 -0.0003380560874938965 -0.037437373610940967
v -0.001983062475919724 0.013791707754135133 -0.016321119281259566
v -0.001983062326908112 0.012483325004577639 -0.011438163730112107
v -0.001983063817024231 0.031574597358703618 -0.028203274222818406
v -0.0019830642640590672 0.036586551666259771 -0.027543438884225876
v -0.0019830618798732757 0.0051552271842956552 -0.037171460601297418
v -0.0019830614328384399 0.00077729225158691413 -0.039699064704385792
v -0.001983062326908112 0.012029947042465211 -0.016919156524148972
v -0.0019830621778964999 0.010095404386520387 -0.012248753520456346
v -0.001983063817024231 0.031370067596435548 -0.027200111361948047
v -0.0019830641150474552 0.036205487251281747 -0.025511483165231736
v -0.0019830618798732757 0.0061888647079467781 -0.038718410941568401
v -0.001983061581850052 0.0021783065795898441 -0.041795827361551317
v -0.0019830629229545594 0.019329482316970827 -0.04416141650339702
v -0.0019830629229545594 0.019989316463470463 -0.049173370810953174
v -0.0019830621778964999 0.010361315011978151 -0.01774203321596721
v -0.0019830620288848878 0.0078337144851684578 -0.013364093514886887
v -0.0019830641150474552 0.035111172199249273 -0.022067798587289841
v -0.0019830636680126189 0.030123903751373294 -0.023606254073587449
v 0.0019830644130706789 0.019989316463470463 -0.049173370810953174
v 0.0019830632209777836 0.035111172199249273 -0.022067798587289841
vn 1 8.9311960493887455E-08 -2.2949766531610294E-09
vn 1 6.215094572326052E-08 1.748217925978679E-08
vn 1 7.1489068886876339E-08 1.5052355806233209E-08
vn 1 9.1760618659009197E-08 -1.3325980319223163E-08
vn 1 8.4547821188607486E-08 1.7816965680594876E-08
vn 1 6.9798041124613519E-08 -1.0840679465218273E-08
vn 1 6.9836382010635134E-08 3.8768743770845049E-09
vn 1 7.143545843746324E-08 1.5525644769809333E-08
vn 1 8.7754251865135302E-08 -3.725788122466156E-09
vn 1 8.748991575657783E-08 7.7603754533583924E-09
vn 1 9.4877911749335908E-08 6.5659846448795633E-09
vn 1 6.6282346722346119E-08 -1.1064385851966563E-08
vn 1 6.2891807317555504E-08 8.9757454801997483E-09
vn 1 7.6231962964357081E-08 1.7270433971816601E-09
vn 1 6.3842485076293087E-08 1.3641015428333958E-08
vn 1 7.2359881642114487E-08 1.1117816001160463E-08
vn 1 7.2681991980516614E-08 -4.9508570576506372E-09
vn 1 6.1031414588796906E-08 1.0146180784431635E-08
vn 1 8.6517282227305259E-08 -1.5148147625154706E-08
vn 1 6.4271183930486586E-08 -1.9621312574713556E-08
vn 1 7.762834997038226E-08 -7.5828383572229541E-09
vn 1 7.6921935487916926E-08 -2.3320552156036456E-09
vn 1 8.9312059969870461E-08 -2.29518226646519E-09
vn 1 9.1760718134992203E-08 -1.3326209469255446E-08
vn 1 7.2706399123489973E-08 4.5784465108056338E-09
vn 1 7.8000134351441375E-08 -4.1829593122599817E-09
vn 1 8.7754365551973024E-08 -3.7257734675222309E-09
vn 1 9.4923301219296263E-08 -5.8742561925839709E-09
vn 1 9.1964714954428928E-08 2.07770978200017E-09
vn 1 9.0676699926461879E-08 0
vn 1 8.8847549761794653E-08 9.3820435864699903E-09
vn 1 9.2715133348519885E-08 -1.2350444000830407E-09
vn 1 8.9136051428795327E-08 1.7954558950705746E-09
vn 1 7.7878823390165053E-08 6.0339204743797836E-09
vn 1 8.7489866018586326E-08 7.7603585779684181E-09
vn 1 9.4877918854763266E-08 6.5659859771471929E-09
vn 1 6.9391994372836052E-08 -5.4693329865074247E-09
vn 1 7.6181777330930345E-08 -4.9354542674961976E-09
vn 1 5.9337487812172185E-08 2.5444800044738258E-08
vn 1 6.8912861195258301E-08 2.4254632080555893E-08
vn 1 8.540638418708113E-08 -8.64505178554964E-09
vn 1 9.3430863046251034E-08 -5.9120934814416159E-09
vn 1 5.9571657828882962E-08 -1.9206851220587851E-08
vn 1 7.6921914171634853E-08 -2.3320849695807055E-09
vn 1 9.1026258530746418E-08 -1.9548778151801116E-09
vn 1 8.0702015736733301E-08 -2.5221609245562604E-09
vn 1 8.8607954751296347E-08 -9.8547392468617545E-09
vn 1 5.9185104817061074E-08 1.802543714291005E-08
vn 1 6.6064480108707357E-08 2.5764397282301843E-09
vn 1 7.302065796466195E-08 -3.4922245095714288E-09
vn 1 7.2630676584140019E-08 1.3045403868261474E-08
vn 1 6.3788817783461127E-08 -7.4220771750788117E-09
vn 1 8.7926260050608107E-08 -9.6270165172995803E-09
vn 1 8.74218812896288E-08 -1.3457994718635291E-08
vn 1 8.354635383511777E-08 -1.9718788379918806E-08
vn 1 9.185938409927985E-08 -1.8056766748486552E-08
vn 1 6.2512945930848218E-08 -3.1340938733137591E-09
vn 1 7.4904505709127989E-08 1.7656248019193299E-08
vn 1 8.8430603284450626E-08 1.9320762767449651E-09
vn 1 8.8430624600732699E-08 -1.9319776889403784E-09
vn 1 6.5835202178732288E-08 -6.0686624614447737E-09
vn 1 7.1939147971988859E-08 -1.2993280229522952E-08
vn 1 6.9512331890564383E-08 3.6350211729541115E-09
vn 1 5.661163982040307E-08 -1.650246339579553E-08
vn 1 8.7421845762492012E-08 1.345805600294625E-08
vn 1 8.7926224523471319E-08 9.6271213223531049E-09
vn 1 6.6064096415630047E-08 2.576470370385664E-09
vn 1 7.3019684521113959E-08 -3.4921918690145048E-09
vn 1 9.0502766170175164E-08 9.9431831657170733E-09
vn 1 8.0340903707565303E-08 8.0332211993550118E-09
vn 1 8.3146993290483806E-08 3.3521232456479311E-09
vn 1 8.5917385206357721E-08 2.1021415719246761E-08
vn 1 8.6150066636037081E-08 6.6288592392993451E-09
vn 1 7.2850788512823783E-08 6.0686575764634654E-09
vn 1 8.8430674338724202E-08 1.9320463007233002E-09
vn 1 8.8430660127869487E-08 -1.9320207655937338E-09
vn 1 8.0596834095558734E-08 -1.4848831497715764E-08
vn 1 8.2075537477521721E-08 -1.8418765179717411E-08
vn 1 9.0463913693383802E-08 -3.6096152733477993E-09
vn 1 9.5588042370309267E-08 1.652881054248212E-09
vn 1 8.5724501275308285E-08 -1.1490857154683454E-08
vn 1 8.7907835677469848E-08 9.7673629184669153E-09
vn 1 7.9446287770679191E-08 2.4757952132858918E-08
vn 1 7.8956453819500894E-08 1.3469025006429547E-08
vn 1 7.1924546318768989E-08 6.7532707204165376E-10
vn 1 7.9483100989818922E-08 -2.7624844634033252E-09
vn 1 6.8678787101816852E-08 -2.0174692139107719E-08
vn 1 7.9187024937255046E-08 -8.0045783334981024E-09
vn 1 8.82482922293093E-08 -1.3932833553553792E-08
vn 1 8.4046085646605206E-08 3.4515768021492477E-09
vn 1 6.516259531963442E-08 1.1177490932823275E-08
vn 1 7.2850781407396425E-08 6.0686295988432448E-09
vn 1 5.3521329590466848E-08 -1.1507004238353602E-08
vn 1 5.5993389480590849E-08 -5.7415996401743996E-09
vn 1 7.8990368024278723E-08 2.195137405180958E-09
vn 1 8.5028013074861519E-08 1.4935313430441965E-08
vn 0 0.69149279594421387 -0.72238332033157349
vn 0 0.72238314151763916 -0.69149303436279297
vn 0 0.62594455480575562 -0.77986758947372437
vn 0 0.59128671884536743 -0.80646145343780518
vn 0 -0.4809640645980835 0.87674033641815186
vn 1.1153679935205218E-07 -0.51879650354385376 0.85489773750305176
vn 0 -0.40277233719825745 0.91530019044876099
vn 0 -0.36241292953491211 0.93201762437820435
vn 0 -0.15215028822422028 0.98835736513137817
vn 0 -0.10883866250514984 0.99405944347381592
vn 0 -0.23765872418880463 0.97134870290756226
vn 0 -0.27985548973083496 0.96004211902618408
vn 0 0.77986723184585571 -0.62594491243362427
vn 0 0.80646097660064697 -0.59128731489181519
vn 2.4390783437411301E-07 -0.59128701686859131 0.80646121501922607
vn 2.4390783437411301E-07 -0.62594503164291382 0.77986717224121094
vn 0 -0.36241191625595093 0.93201804161071777
vn 0 -0.40277168154716492 0.91530048847198486
vn 0 0.85489720106124878 -0.51879745721817017
vn 0 0.8767397403717041 -0.48096510767936707
vn 1.3237104212748818E-07 -0.69149315357208252 0.72238302230834961
vn 0 -0.72238320112228394 0.69149291515350342
vn 0 -0.48096379637718201 0.87674045562744141
vn 0 -0.44228801131248474 0.89687305688858032
vn 0 0.1950896680355072 -0.98078542947769165
vn 0 0.10883981734514236 -0.99405932426452637
vn 0 0.23765839636325836 -0.97134882211685181
vn 0 0.27985513210296631 -0.96004223823547363
vn 0 0.91530001163482666 -0.40277281403541565
vn 0 0.93201768398284912 -0.36241275072097778
vn 0 -0.77986711263656616 0.62594515085220337
vn 1.6692672488716198E-07 -0.80646085739135742 0.59128743410110474
vn 0 -0.55556964874267578 0.83147001266479492
vn 0 -0.59128683805465698 0.80646133422851563
vn 0 -0.62594485282897949 0.77986735105514526
vn 0 0.36241185665130615 -0.93201804161071777
vn 0 0.40277191996574402 -0.91530036926269531
vn 0 0.96004199981689453 -0.27985599637031555
vn 0 0.97134858369827271 -0.2376592606306076
vn 3.4698371109698201E-07 -0.854897141456604 0.51879751682281494
vn 3.4698371109698201E-07 -0.87673962116241455 0.48096534609794617
vn 0 -0.69149273633956909 0.72238343954086304
vn 0 -0.72238272428512573 0.6914934515953064
vn 0 0.48096448183059692 -0.87674009799957275
vn 0 0.51879709959030151 -0.85489737987518311
vn 0 0.98835724592208862 -0.15215122699737549
vn 0 0.99405926465988159 -0.10883988440036774
vn 1.8005700042067474E-07 -0.91529995203018188 0.40277284383773804
vn 0 -0.9320177435874939 0.36241260170936584
vn 0 -0.77986663579940796 0.62594568729400635
vn 0 -0.80646055936813354 0.59128785133361816
vn 0 0.59128755331039429 -0.80646079778671265
vn -1.3237092844065046E-07 0.62594527006149292 -0.77986699342727661
vn 0 0.99976140260696411 -0.021842392161488533
vn 0 0.99976140260696411 0.021843750029802322
vn 0 -0.96004223823547363 0.2798551619052887
vn 0 -0.97134882211685181 0.23765835165977478
vn 0 -0.85489732027053833 0.51879721879959106
vn 0 -0.87674003839492798 0.4809645414352417
vn -2.8331098178568936E-07 0.69149297475814819 -0.72238320112228394
vn -2.8331098178568936E-07 0.72238302230834961 -0.69149315357208252
vn 0 0.99405914545059204 0.10884112119674683
vn 0 0.9883570671081543 0.15215231478214264
vn 0 -0.9883573055267334 0.15215060114860535
vn 0 -0.99405932426452637 0.10883963853120804
vn 0 -0.91530025005340576 0.4027722179889679
vn 0 -0.9320177435874939 0.36241260170936584
vn -1.5094006755589362E-07 0.77986699342727661 -0.62594527006149292
vn 0 0.8064609169960022 -0.59128737449645996
vn 0 0.97134840488433838 0.23766008019447327
vn 0 0.96004182100296021 0.27985659241676331
vn 0 -0.99976140260696411 0.021842900663614273
vn 0 -0.99976140260696411 -0.021842900663614273
vn 0 -0.96004205942153931 0.27985572814941406
vn 0 -0.97134876251220703 0.23765853047370911
vn 0 0.85489743947982788 -0.51879703998565674
vn 0 0.87674009799957275 -0.48096448183059692
vn 0 0.93201744556427002 0.36241340637207031
vn 0 0.91529965400695801 0.40277361869812012
vn 0 -0.99388498067855835 -0.11042004078626633
vn 0 -0.98786699771881104 -0.15530212223529816
vn 0 -0.98835736513137817 0.15215015411376953
vn 0 -0.99405938386917114 0.1088390126824379
vn 0 0.91530036926269531 -0.40277197957038879
vn 0 0.932017982006073 -0.36241206526756287
vn 0 0.876739501953125 0.48096552491188049
vn 0 0.85489737987518311 0.51879715919494629
vn 0 -0.97006088495254517 -0.24286188185214996
vn 0 -0.95836150646209717 -0.28555768728256226
vn 0 -0.99976140260696411 0.021842630580067635
vn 0 -0.99976140260696411 -0.021842630580067635
vn 0 0.96004211902618408 -0.27985560894012451
vn 0 0.97134864330291748 -0.23765906691551208
vn 0 0.80646073818206787 0.59128761291503906
vn 0 0.77986615896224976 0.6259462833404541
vn 0 -0.87334984540939331 -0.48709344863891602
vn 1.6687762638412096E-07 -0.85308003425598145 -0.52178007364273071
vn 0 -0.91156601905822754 -0.41115376353263855
vn 0 -0.9291454553604126 -0.3697144091129303
vn 0 -0.99405932426452637 -0.10883961617946625
vn 0 -0.98835718631744385 -0.15215134620666504
vn 0 0.98835724592208862 -0.15215101838111877
vn 0 0.99405932426452637 -0.1088394820690155
vn 0 0.72238165140151978 0.69149458408355713
vn 0 0.69149184226989746 0.72238427400588989
vn 0 -0.97134840488433838 -0.23765991628170013
vn 0 -0.96004176139831543 -0.27985671162605286
vn 0 0.99976140260696411 -0.021842613816261292
vn 0 0.99976140260696411 0.021842733025550842
vn 0 0.62594360113143921 0.77986830472946167
vn 0 0.59128522872924805 0.80646252632141113
vn 3.178666077019443E-07 -0.8064606785774231 -0.59128767251968384
vn 3.1786663612365373E-07 -0.77986681461334229 -0.62594550848007202
vn 0 -0.93201732635498047 -0.36241364479064941
vn 0 -0.91529959440231323 -0.40277370810508728
vn 0 0.9944499135017395 0.10521117597818375
vn 0 0.98944419622421265 0.14491432905197144
vn 0 0.51879489421844482 0.85489875078201294
vn 0 0.4809630811214447 0.87674081325531006
vn 1.5094002492332947E-07 -0.72238326072692871 -0.69149291515350342
vn 0 -0.69149357080459595 -0.72238260507583618
vn 0 -0.87673932313919067 -0.48096588253974915
vn 0 -0.85489684343338013 -0.51879799365997314
vn 0 0.97454214096069336 0.22420451045036316
vn 0 0.96458292007446289 0.26377978920936584
vn 0 0.40277022123336792 0.91530114412307739
vn 0 0.3624090850353241 0.93201911449432373
vn 0 -0.62594562768936157 -0.77986669540405273
vn 0 -0.59128749370574951 -0.80646085739135742
vn 0 -0.80646032094955444 -0.59128820896148682
vn 0 -0.83146917819976807 -0.55557084083557129
vn 0 0.8679656982421875 0.49662414193153381
vn 0 0.92931646108627319 0.36928436160087585
vn 0 0.85625773668289185 0.51654881238937378
vn 0 0.84408587217330933 0.53620797395706177
vn 0 0.27985146641731262 0.96004331111907959
vn 0 0.23765505850315094 0.97134959697723389
vn 0 -0.51879698038101196 -0.85489743947982788
vn 0 -0.48096466064453125 -0.8767399787902832
vn 0 -0.75183850526809692 -0.6593472957611084
vn 0 -0.7223820686340332 -0.6914941668510437
vn 0 -0.69149219989776611 -0.72238391637802124
vn 0 0.15214824676513672 0.98835766315460205
vn 0 0.10883791744709015 0.99405950307846069
vn 0 -0.40277233719825745 -0.91530019044876099
vn 0 -0.36241233348846436 -0.93201786279678345
vn 0 -0.62594395875930786 -0.77986806631088257
vn 0 -0.59128552675247192 -0.80646228790283203
vn 0 0.80646109580993652 0.59128713607788086
vn 0 0.77986729145050049 0.62594485282897949
vn 0 0.021842144429683685 0.99976140260696411
vn 0 -0.021843276917934418 0.99976140260696411
vn 0 -0.27985599637031555 -0.96004199981689453
vn 0 -0.23765964806079865 -0.97134846448898315
vn 0 -0.51879435777664185 -0.85489904880523682
vn 0 -0.48096171021461487 -0.87674158811569214
vn 0 0.72238343954086304 0.69149273633956909
vn 0 0.69149321317672729 0.72238296270370483
vn 0 -0.15215156972408295 -0.98835718631744385
vn 0 -0.10883981734514236 -0.99405932426452637
vn 0 -0.40276974439620972 -0.91530132293701172
vn 0 -0.36241051554679871 -0.93201857805252075
vn 0 0.62594527006149292 0.77986699342727661
vn 0 0.59128743410110474 0.80646085739135742
vn 0 -0.021842911839485168 -0.99976140260696411
vn 0 0.02184227854013443 -0.99976140260696411
vn 0 -0.27985399961471558 -0.96004259586334229
vn 0 -0.23765668272972107 -0.97134923934936523
vn 0 0.51879703998565674 0.85489743947982788
vn 0 0.48096448183059692 0.87674009799957275
vn 0 0.10883895307779312 -0.99405938386917114
vn 0 0.15215043723583221 -0.98835736513137817
vn 0 -0.15214842557907104 -0.98835766315460205
vn 0 -0.10883749276399612 -0.99405956268310547
vn 0 0.40277212858200073 0.91530025005340576
vn 0 0.36241233348846436 0.93201786279678345
vn 0 0.23765876889228821 -0.97134870290756226
vn 0 0.27985554933547974 -0.96004211902618408
vn 0 -0.02184140682220459 -0.99976146221160889
vn 0 0.021843761205673218 -0.99976140260696411
vn 0 0.27985605597496033 0.96004199981689453
vn 0 0.23765949904918671 0.97134852409362793
vn 0 0.3624119758605957 -0.932017982006073
vn 0 0.40277168154716492 -0.91530048847198486
vn 0 0.15215134620666504 0.98835718631744385
vn 0 0.10883967578411102 0.99405932426452637
vn 0 0.48096379637718201 -0.87674045562744141
vn 0 0.51879638433456421 -0.85489785671234131
vn 0 -0.2376587986946106 0.97134870290756226
vn 0 -0.27985617518424988 0.96004194021224976
vn 0 -0.15215052664279938 0.9883573055267334
vn 0 -0.10883960127830505 0.99405932426452637
vn 0 0.021842988207936287 0.99976140260696411
vn 0 -0.021842038258910179 0.99976146221160889
vn -1 -8.9311960493887455E-08 2.2949766531610294E-09
vn -1 -9.1760618659009197E-08 1.3325980319223163E-08
vn -1 -7.1489068886876339E-08 -1.5052355806233209E-08
vn -1 -6.215094572326052E-08 -1.748217925978679E-08
vn -1 -8.4547828294034844E-08 -1.7816963904238037E-08
vn -1 -7.143545843746324E-08 -1.5525644769809333E-08
vn -1 -6.9836382010635134E-08 -3.8768743770845049E-09
vn -1 -6.9798041124613519E-08 1.0840679465218273E-08
vn -1 -8.7754251865135302E-08 3.725788122466156E-09
vn -1 -6.6282346722346119E-08 1.1064385851966563E-08
vn -1 -9.4877911749335908E-08 -6.5659846448795633E-09
vn -1 -8.748991575657783E-08 -7.7603754533583924E-09
vn -1 -6.2891793106700788E-08 -8.9757579146976241E-09
vn -1 -7.235987453668713E-08 -1.1117833764728857E-08
vn -1 -6.3842485076293087E-08 -1.3640987006624528E-08
vn -1 -7.6231970069784438E-08 -1.7269972119038357E-09
vn -1 -6.1031414588796906E-08 -1.0146180784431635E-08
vn -1 -7.2681991980516614E-08 4.9508570576506372E-09
vn -1 -6.4271226563050732E-08 1.9621291258431484E-08
vn -1 -8.6517310649014689E-08 1.5148115650731597E-08
vn -1 -7.6921935487916926E-08 2.3320552156036456E-09
vn -1 -7.762834997038226E-08 7.5828383572229541E-09
vn -1 -9.1760739451274276E-08 1.3326250325462752E-08
vn -1 -8.9312059969870461E-08 2.29518226646519E-09
vn -1 -7.8000134351441375E-08 4.1829593122599817E-09
vn -1 -7.2706399123489973E-08 -4.5784465108056338E-09
vn -1 -9.492327990301419E-08 5.8742393171939966E-09
vn -1 -8.7754337130263593E-08 3.7257694707193423E-09
vn -1 -9.0676699926461879E-08 0
vn -1 -9.1964714954428928E-08 -2.07770978200017E-09
vn -1 -9.2715133348519885E-08 1.2350444000830407E-09
vn -1 -8.8847549761794653E-08 -9.3820435864699903E-09
vn -1 -7.7878816284737695E-08 -6.0339204743797836E-09
vn -1 -8.9136051428795327E-08 -1.7954558950705746E-09
vn -1 -9.4877911749335908E-08 -6.5659691017572186E-09
vn -1 -8.7489887334868399E-08 -7.7603363735079256E-09
vn -1 -7.6181777330930345E-08 4.9354547115854075E-09
vn -1 -6.9391994372836052E-08 5.4693329865074247E-09
vn -1 -6.8912861195258301E-08 -2.4254632080555893E-08
vn -1 -5.9337487812172185E-08 -2.5444800044738258E-08
vn -1 -9.3430863046251034E-08 5.9120934814416159E-09
vn -1 -8.540638418708113E-08 8.64505178554964E-09
vn -1 -7.6921928382489568E-08 2.3320989583908158E-09
vn -1 -5.9571647170741926E-08 1.9206849444231011E-08
vn -1 -8.0702022842160659E-08 2.5221613686454702E-09
vn -1 -9.1026258530746418E-08 1.9548778151801116E-09
vn -1 -5.9185104817061074E-08 -1.802543714291005E-08
vn -1 -8.8607954751296347E-08 9.8547392468617545E-09
vn -1 -7.302065796466195E-08 3.4922245095714288E-09
vn -1 -6.6064480108707357E-08 -2.5764397282301843E-09
vn -1 -6.3788782256324339E-08 7.4220842805061693E-09
vn -1 -7.2630648162430589E-08 -1.3045379887444142E-08
vn -1 -8.74218812896288E-08 1.3457994718635291E-08
vn -1 -8.7926260050608107E-08 9.6270165172995803E-09
vn -1 -9.185938409927985E-08 1.8056768524843392E-08
vn -1 -8.354635383511777E-08 1.9718788379918806E-08
vn -1 -7.4904477287418558E-08 -1.7656219597483869E-08
vn -1 -6.2512945930848218E-08 3.1340938733137591E-09
vn -1 -8.8430624600732699E-08 1.9319776889403784E-09
vn -1 -8.8430603284450626E-08 -1.9320762767449651E-09
vn -1 -7.1939155077416217E-08 1.2993280229522952E-08
vn -1 -6.5835202178732288E-08 6.0686624614447737E-09
vn -1 -5.661163982040307E-08 1.6502466948509209E-08
vn -1 -6.9512331890564383E-08 -3.6350211729541115E-09
vn -1 -8.7926224523471319E-08 -9.6271213223531049E-09
vn -1 -8.7421845762492012E-08 -1.345805600294625E-08
vn -1 -7.3019684521113959E-08 3.4921918690145048E-09
vn -1 -6.6064096415630047E-08 -2.576470370385664E-09
vn -1 -8.0340903707565303E-08 -8.0332211993550118E-09
vn -1 -9.0502766170175164E-08 -9.9431831657170733E-09
vn -1 -8.5917385206357721E-08 -2.1021415719246761E-08
vn -1 -8.3146993290483806E-08 -3.3521232456479311E-09
vn -1 -7.2850788512823783E-08 -6.0686575764634654E-09
vn -1 -8.6150066636037081E-08 -6.6288592392993451E-09
vn -1 -8.8430660127869487E-08 1.9320207655937338E-09
vn -1 -8.8430674338724202E-08 -1.9320463007233002E-09
vn -1 -8.2075537477521721E-08 1.8418765179717411E-08
vn -1 -8.0596834095558734E-08 1.4848831497715764E-08
vn -1 -9.5588042370309267E-08 -1.652881054248212E-09
vn -1 -9.0463913693383802E-08 3.6096152733477993E-09
vn -1 -8.7907835677469848E-08 -9.7673629184669153E-09
vn -1 -8.5724501275308285E-08 1.1490857154683454E-08
vn -1 -7.8956453819500894E-08 -1.3469026782786386E-08
vn -1 -7.9446287770679191E-08 -2.4757952132858918E-08
vn -1 -7.948310809524628E-08 2.7624844634033252E-09
vn -1 -7.1924546318768989E-08 -6.7532707204165376E-10
vn -1 -7.8878251486003137E-08 1.9396701134155592E-08
vn -1 -7.7135211995482678E-08 1.6653029177859935E-08
vn -1 -8.4046085646605206E-08 -3.4515774682830624E-09
vn -1 -8.82482922293093E-08 1.3932833553553792E-08
vn -1 -7.2850774301969068E-08 -6.0686304870216645E-09
vn -1 -6.516259531963442E-08 -1.1177490932823275E-08
vn -1 -5.5993389480590849E-08 5.7415996401743996E-09
vn -1 -5.3521329590466848E-08 1.1507004238353602E-08
vn -1 -8.3196425748610636E-08 -8.8237053219586414E-09
vn -1 -7.5684212674786977E-08 -1.5756294047264419E-08
vn 0 0.065404236316680908 -0.99785882234573364
vn 0 0.95303785800933838 0.3028511106967926
f 1965//1965 1966//1966 1967//1967
f 1965//1965 1967//1967 1968//1968
f 1969//1969 1970//1970 1971//1971
f 1969//1969 1971//1971 1972//1972
f 1973//1973 1974//1974 1975//1975
f 1973//1973 1975//1975 1976//1976
f 1977//1977 1978//1978 1979//1979
f 1977//1977 1979//1979 1980//1980
f 1966//1966 1981//1981 1982//1982
f 1966//1966 1982//1982 1967//1967
f 1970//1970 1983//1983 1984//1984
f 1970//1970 1984//1984 1971//1971
f 1974//1974 1985//1985 1986//1986
f 1974//1974 1986//1986 1975//1975
f 1978//1978 1987//1987 1988//1988
f 1978//1978 1988//1988 1979//1979
f 1981//1981 1989//1989 1990//1990
f 1981//1981 1990//1990 1982//1982
f 1983//1983 1991//1991 1992//1992
f 1983//1983 1992//1992 1984//1984
f 1985//1985 1993//1993 1994//1994
f 1985//1985 1994//1994 1986//1986
f 1987//1987 1995//1995 1996//1996
f 1987//1987 1996//1996 1988//1988
f 1989//1989 1997//1997 1998//1998
f 1989//1989 1998//1998 1990//1990
f 1991//1991 1999//1999 2000//2000
f 1991//1991 2000//2000 1992//1992
f 1993//1993 2001//2001 2002//2002
f 1993//1993 2002//2002 1994//1994
f 1995//1995 2003//2003 2004//2004
f 1995//1995 2004//2004 1996//1996
f 1997//1997 2005//2005 2006//2006
f 1997//1997 2006//2006 1998//1998
f 1999//1999 2007//2007 2008//2008
f 1999//1999 2008//2008 2000//2000
f 2001//2001 2009//2009 2010//2010
f 2001//2001 2010//2010 2002//2002
f 2003//2003 2011//2011 2012//2012
f 2003//2003 2012//2012 2004//2004
f 2005//2005 2013//2013 2014//2014
f 2005//2005 2014//2014 2006//2006
f 2007//2007 2015//2015 2016//2016
f 2007//2007 2016//2016 2008//2008
f 2009//2009 2017//2017 2018//2018
f 2009//2009 2018//2018 2010//2010
f 2011//2011 2019//2019 2020//2020
f 2011//2011 2020//2020 2012//2012
f 2015//2015 2021//2021 2022//2022
f 2015//2015 2022//2022 2016//2016
f 2017//2017 2023//2023 2024//2024
f 2017//2017 2024//2024 2018//2018
f 2019//2019 2025//2025 2026//2026
f 2019//2019 2026//2026 2020//2020
f 2021//2021 2027//2027 2028//2028
f 2021//2021 2028//2028 2022//2022
f 2023//2023 2029//2029 2030//2030
f 2023//2023 2030//2030 2024//2024
f 2025//2025 2031//2031 2032//2032
f 2025//2025 2032//2032 2026//2026
f 2027//2027 2033//2033 2034//2034
f 2027//2027 2034//2034 2028//2028
f 2029//2029 2035//2035 2036//2036
f 2029//2029 2036//2036 2030//2030
f 2031//2031 2037//2037 2038//2038
f 2031//2031 2038//2038 2032//2032
f 2033//2033 2039//2039 2040//2040
f 2033//2033 2040//2040 2034//2034
f 2035//2035 2041//2041 2042//2042
f 2035//2035 2042//2042 2036//2036
f 2037//2037 2043//2043 2044//2044
f 2037//2037 2044//2044 2038//2038
f 2039//2039 2045//2045 2046//2046
f 2039//2039 2046//2046 2040//2040
f 2041//2041 2047//2047 2048//2048
f 2041//2041 2048//2048 2042//2042
f 2043//2043 2049//2049 2050//2050
f 2043//2043 2050//2050 2044//2044
f 2045//2045 2051//2051 2052//2052
f 2045//2045 2052//2052 2046//2046
f 2047//2047 2053//2053 2054//2054
f 2047//2047 2054//2054 2048//2048
f 2013//2013 2055//2055 2056//2056
f 2013//2013 2056//2056 2014//2014
f 2049//2049 2057//2057 2058//2058
f 2049//2049 2058//2058 2050//2050
f 2053//2053 1965//1965 1968//1968
f 2053//2053 1968//1968 2054//2054
f 2055//2055 1969//1969 1972//1972
f 2055//2055 1972//1972 2056//2056
f 2057//2057 1973//1973 1976//1976
f 2057//2057 1976//1976 2058//2058
f 2059//2059 1977//1977 1980//1980
f 2059//2059 1980//1980 2060//2060
f 2061//2061 2062//2062 2063//2063
f 2061//2061 2063//2063 2064//2064
f 2065//2065 2066//2066 2067//2067
f 2065//2065 2067//2067 2068//2068
f 2069//2069 2070//2070 2071//2071
f 2069//2069 2071//2071 2072//2072
f 2073//2073 2074//2074 2062//2062
f 2073//2073 2062//2062 2061//2061
f 2075//2075 2076//2076 2066//2066
f 2075//2075 2066//2066 2065//2065
f 2072//2072 2071//2071 2077//2077
f 2072//2072 2077//2077 2078//2078
f 2079//2079 2080//2080 2074//2074
f 2079//2079 2074//2074 2073//2073
f 2081//2081 2082//2082 2076//2076
f 2081//2081 2076//2076 2075//2075
f 2078//2078 2077//2077 2083//2083
f 2078//2078 2083//2083 2084//2084
f 2085//2085 2086//2086 2087//2087
f 2085//2085 2087//2087 2088//2088
f 2089//2089 2090//2090 2080//2080
f 2089//2089 2080//2080 2079//2079
f 2091//2091 2092//2092 2082//2082
f 2091//2091 2082//2082 2081//2081
f 2093//2093 2083//2083 2094//2094
f 2093//2093 2094//2094 2095//2095
f 2088//2088 2087//2087 2096//2096
f 2088//2088 2096//2096 2097//2097
f 2098//2098 2099//2099 2090//2090
f 2098//2098 2090//2090 2089//2089
f 2100//2100 2101//2101 2092//2092
f 2100//2100 2092//2092 2091//2091
f 2095//2095 2094//2094 2102//2102
f 2095//2095 2102//2102 2103//2103
f 2097//2097 2096//2096 2104//2104
f 2097//2097 2104//2104 2105//2105
f 2106//2106 2107//2107 2099//2099
f 2106//2106 2099//2099 2098//2098
f 2108//2108 2109//2109 2101//2101
f 2108//2108 2101//2101 2100//2100
f 2103//2103 2102//2102 2110//2110
f 2103//2103 2110//2110 2111//2111
f 2105//2105 2104//2104 2112//2112
f 2105//2105 2112//2112 2113//2113
f 2114//2114 2115//2115 2107//2107
f 2114//2114 2107//2107 2106//2106
f 2116//2116 2117//2117 2109//2109
f 2116//2116 2109//2109 2108//2108
f 2111//2111 2110//2110 2118//2118
f 2111//2111 2118//2118 2119//2119
f 2113//2113 2112//2112 2120//2120
f 2113//2113 2120//2120 2121//2121
f 2122//2122 2123//2123 2115//2115
f 2122//2122 2115//2115 2114//2114
f 2124//2124 2125//2125 2117//2117
f 2124//2124 2117//2117 2116//2116
f 2119//2119 2118//2118 2126//2126
f 2119//2119 2126//2126 2127//2127
f 2121//2121 2120//2120 2128//2128
f 2121//2121 2128//2128 2129//2129
f 2130//2130 2131//2131 2123//2123
f 2130//2130 2123//2123 2122//2122
f 2132//2132 2133//2133 2125//2125
f 2132//2132 2125//2125 2124//2124
f 2127//2127 2126//2126 2134//2134
f 2127//2127 2134//2134 2135//2135
f 2129//2129 2128//2128 2136//2136
f 2129//2129 2136//2136 2137//2137
f 2138//2138 2139//2139 2131//2131
f 2138//2138 2131//2131 2130//2130
f 2140//2140 2141//2141 2133//2133
f 2140//2140 2133//2133 2132//2132
f 2135//2135 2134//2134 2142//2142
f 2135//2135 2142//2142 2143//2143
f 2137//2137 2136//2136 2144//2144
f 2137//2137 2144//2144 2145//2145
f 2146//2146 2147//2147 2139//2139
f 2146//2146 2139//2139 2138//2138
f 2148//2148 2149//2149 2141//2141
f 2148//2148 2141//2141 2140//2140
f 2143//2143 2142//2142 2150//2150
f 2143//2143 2150//2150 2151//2151
f 2145//2145 2144//2144 2152//2152
f 2145//2145 2152//2152 2153//2153
f 2154//2154 2155//2155 2147//2147
f 2154//2154 2147//2147 2146//2146
f 2156//2156 2157//2157 2158//2158
f 2156//2156 2158//2158 2159//2159
f 2151//2151 2150//2150 2160//2160
f 2151//2151 2160//2160 2161//2161
f 2153//2153 2152//2152 2162//2162
f 2153//2153 2162//2162 2163//2163
f 2164//2164 2165//2165 2155//2155
f 2164//2164 2155//2155 2154//2154
f 2161//2161 2160//2160 2166//2166
f 2161//2161 2166//2166 2167//2167
f 2163//2163 2162//2162 2168//2168
f 2163//2163 2168//2168 2169//2169
f 2170//2170 2171//2171 2165//2165
f 2170//2170 2165//2165 2164//2164
f 2172//2172 2173//2173 2157//2157
f 2172//2172 2157//2157 2156//2156
f 2167//2167 2166//2166 2174//2174
f 2167//2167 2174//2174 2175//2175
f 2169//2169 2168//2168 2176//2176
f 2169//2169 2176//2176 2177//2177
f 2178//2178 2179//2179 2171//2171
f 2178//2178 2171//2171 2170//2170
f 2180//2180 2181//2181 2173//2173
f 2180//2180 2173//2173 2172//2172
f 2175//2175 2174//2174 2182//2182
f 2175//2175 2182//2182 2183//2183
f 2177//2177 2176//2176 2184//2184
f 2177//2177 2184//2184 2185//2185
f 2186//2186 2187//2187 2179//2179
f 2186//2186 2179//2179 2178//2178
f 2188//2188 2189//2189 2181//2181
f 2188//2188 2181//2181 2180//2180
f 2183//2183 2182//2182 2190//2190
f 2183//2183 2190//2190 2191//2191
f 2192//2192 2193//2193 2194//2194
f 2192//2192 2194//2194 2195//2195
f 2196//2196 2197//2197 2187//2187
f 2196//2196 2187//2187 2186//2186
f 2198//2198 2199//2199 2189//2189
f 2198//2198 2189//2189 2188//2188
f 2200//2200 2190//2190 2201//2201
f 2200//2200 2201//2201 2202//2202
f 2203//2203 2204//2204 2197//2197
f 2203//2203 2197//2197 2196//2196
f 2205//2205 2206//2206 2199//2199
f 2205//2205 2199//2199 2198//2198
f 2202//2202 2201//2201 2207//2207
f 2202//2202 2207//2207 2208//2208
f 2195//2195 2194//2194 2209//2209
f 2195//2195 2209//2209 2210//2210
f 2211//2211 2212//2212 2204//2204
f 2211//2211 2204//2204 2203//2203
f 2213//2213 2214//2214 2206//2206
f 2213//2213 2206//2206 2205//2205
f 2208//2208 2207//2207 2215//2215
f 2208//2208 2215//2215 2216//2216
f 2210//2210 2209//2209 2217//2217
f 2210//2210 2217//2217 2218//2218
f 2219//2219 2220//2220 2214//2214
f 2219//2219 2214//2214 2213//2213
f 2216//2216 2215//2215 2221//2221
f 2216//2216 2221//2221 2222//2222
f 2218//2218 2217//2217 2223//2223
f 2218//2218 2223//2223 2224//2224
f 2225//2225 2226//2226 2220//2220
f 2225//2225 2220//2220 2219//2219
f 2222//2222 2221//2221 2227//2227
f 2222//2222 2227//2227 2228//2228
f 2224//2224 2223//2223 2229//2229
f 2224//2224 2229//2229 2230//2230
f 2231//2231 2232//2232 2226//2226
f 2231//2231 2226//2226 2225//2225
f 2228//2228 2227//2227 2233//2233
f 2228//2228 2233//2233 2234//2234
f 2230//2230 2229//2229 2235//2235
f 2230//2230 2235//2235 2236//2236
f 2237//2237 2238//2238 2232//2232
f 2237//2237 2232//2232 2231//2231
f 2234//2234 2233//2233 2239//2239
f 2234//2234 2239//2239 2240//2240
f 2236//2236 2235//2235 2241//2241
f 2236//2236 2241//2241 2242//2242
f 2243//2243 2244//2244 2238//2238
f 2243//2243 2238//2238 2237//2237
f 2242//2242 2241//2241 2245//2245
f 2242//2242 2245//2245 2246//2246
f 2247//2247 2248//2248 2244//2244
f 2247//2247 2244//2244 2243//2243
f 2249//2249 2250//2250 2251//2251
f 2249//2249 2251//2251 2252//2252
f 2246//2246 2245//2245 2253//2253
f 2246//2246 2253//2253 2254//2254
f 2064//2064 2063//2063 2248//2248
f 2064//2064 2248//2248 2247//2247
f 2068//2068 2067//2067 2250//2250
f 2068//2068 2250//2250 2249//2249
f 2254//2254 2253//2253 2070//2070
f 2254//2254 2070//2070 2069//2069
f 2255//2255 2256//2256 2257//2257
f 2255//2255 2257//2257 2258//2258
f 2259//2259 2260//2260 2261//2261
f 2259//2259 2261//2261 2262//2262
f 2263//2263 2264//2264 2265//2265
f 2263//2263 2265//2265 2266//2266
f 2267//2267 2268//2268 2269//2269
f 2267//2267 2269//2269 2270//2270
f 2258//2258 2257//2257 2271//2271
f 2258//2258 2271//2271 2272//2272
f 2262//2262 2261//2261 2273//2273
f 2262//2262 2273//2273 2274//2274
f 2266//2266 2265//2265 2275//2275
f 2266//2266 2275//2275 2276//2276
f 2270//2270 2269//2269 2277//2277
f 2270//2270 2277//2277 2278//2278
f 2272//2272 2271//2271 2279//2279
f 2272//2272 2279//2279 2280//2280
f 2274//2274 2273//2273 2281//2281
f 2274//2274 2281//2281 2282//2282
f 2276//2276 2275//2275 2283//2283
f 2276//2276 2283//2283 2284//2284
f 2278//2278 2277//2277 2285//2285
f 2278//2278 2285//2285 2286//2286
f 2280//2280 2279//2279 2287//2287
f 2280//2280 2287//2287 2288//2288
f 2282//2282 2281//2281 2289//2289
f 2282//2282 2289//2289 2290//2290
f 2284//2284 2283//2283 2291//2291
f 2284//2284 2291//2291 2292//2292
f 2286//2286 2285//2285 2293//2293
f 2286//2286 2293//2293 2294//2294
f 2288//2288 2287//2287 2295//2295
f 2288//2288 2295//2295 2296//2296
f 2290//2290 2289//2289 2297//2297
f 2290//2290 2297//2297 2298//2298
f 2292//2292 2291//2291 2299//2299
f 2292//2292 2299//2299 2300//2300
f 2294//2294 2293//2293 2301//2301
f 2294//2294 2301//2301 2302//2302
f 2296//2296 2295//2295 2303//2303
f 2296//2296 2303//2303 2304//2304
f 2298//2298 2297//2297 2305//2305
f 2298//2298 2305//2305 2306//2306
f 2300//2300 2299//2299 2307//2307
f 2300//2300 2307//2307 2308//2308
f 2302//2302 2301//2301 2309//2309
f 2302//2302 2309//2309 2310//2310
f 2306//2306 2305//2305 2311//2311
f 2306//2306 2311//2311 2312//2312
f 2308//2308 2307//2307 2313//2313
f 2308//2308 2313//2313 2314//2314
f 2310//2310 2309//2309 2315//2315
f 2310//2310 2315//2315 2316//2316
f 2312//2312 2311//2311 2317//2317
f 2312//2312 2317//2317 2318//2318
f 2314//2314 2313//2313 2319//2319
f 2314//2314 2319//2319 2320//2320
f 2316//2316 2315//2315 2321//2321
f 2316//2316 2321//2321 2322//2322
f 2318//2318 2317//2317 2323//2323
f 2318//2318 2323//2323 2324//2324
f 2320//2320 2319//2319 2325//2325
f 2320//2320 2325//2325 2326//2326
f 2322//2322 2321//2321 2327//2327
f 2322//2322 2327//2327 2328//2328
f 2324//2324 2323//2323 2329//2329
f 2324//2324 2329//2329 2330//2330
f 2326//2326 2325//2325 2331//2331
f 2326//2326 2331//2331 2332//2332
f 2328//2328 2327//2327 2333//2333
f 2328//2328 2333//2333 2334//2334
f 2330//2330 2329//2329 2335//2335
f 2330//2330 2335//2335 2336//2336
f 2332//2332 2331//2331 2337//2337
f 2332//2332 2337//2337 2338//2338
f 2334//2334 2333//2333 2339//2339
f 2334//2334 2339//2339 2340//2340
f 2336//2336 2335//2335 2341//2341
f 2336//2336 2341//2341 2342//2342
f 2338//2338 2337//2337 2343//2343
f 2338//2338 2343//2343 2344//2344
f 2304//2304 2303//2303 2345//2345
f 2304//2304 2345//2345 2346//2346
f 2340//2340 2339//2339 2347//2347
f 2340//2340 2347//2347 2348//2348
f 2344//2344 2343//2343 2256//2256
f 2344//2344 2256//2256 2255//2255
f 2346//2346 2345//2345 2260//2260
f 2346//2346 2260//2260 2259//2259
f 2348//2348 2347//2347 2264//2264
f 2348//2348 2264//2264 2263//2263
f 2349//2349 2350//2350 2268//2268
f 2349//2349 2268//2268 2267//2267
f 2252//2252 2251//2251 2212//2212
f 2252//2252 2212//2212 2211//2211
f 2240//2240 2239//2239 2086//2086
f 2240//2240 2086//2086 2351//2351
f 2342//2342 2341//2341 2350//2350
f 2342//2342 2350//2350 2349//2349
f 2149//2149 2148//2148 2159//2159
f 2149//2149 2159//2159 2158//2158
f 2052//2052 2051//2051 2059//2059
f 2052//2052 2059//2059 2060//2060
f 2185//2185 2184//2184 2193//2193
f 2185//2185 2193//2193 2352//2352
