# Rhino

mtllib uploads_files_911324_pin.mtl
usemtl pin
v -0.0012444999999999999 0.19062000000000001 -0.010187100000000001
v -0.0031732000000000006 0.19061620000000001 -0.009739600000000001
v -0.0049776000000000004 0.19061240000000002 -0.0089246000000000013
v -0.0065883000000000001 0.19060870000000002 -0.0077732000000000001
v -0.0079434000000000015 0.19060530000000001 -0.0063296000000000012
v -0.0089908000000000002 0.1906023 -0.0046495
v -0.0096904000000000018 0.19059980000000001 -0.0027973000000000004
v -0.010015100000000001 0.19059800000000002 -0.00084410000000000008
v -0.0099526000000000007 0.19059680000000001 0.0011347
v -0.0095052000000000001 0.19059630000000002 0.0030634000000000004
v -0.0086901000000000009 0.1905966 0.0048678000000000003
v -0.0075386999999999997 0.19059760000000001 0.0064783999999999996
v -0.0060952000000000003 0.1905994 0.0078335000000000002
v -0.0044150000000000005 0.19060170000000001 0.008881
v -0.0025628000000000005 0.19060460000000001 0.0095806000000000016
v -0.00060970000000000002 0.19060790000000002 0.0099052000000000012
v 0.0013693000000000002 0.19061150000000002 0.0098428000000000005
v 0.0032979000000000003 0.19061530000000002 0.0093953000000000005
v 0.0051023000000000006 0.19061910000000001 0.0085803000000000008
v 0.0067130000000000002 0.19062280000000001 0.0074288999999999996
v 0.0080680999999999999 0.1906262 0.0059853000000000007
v 0.0091155000000000003 0.19062920000000003 0.0043052000000000003
v 0.0098151000000000002 0.19063170000000002 0.0024530000000000003
v 0.010139800000000001 0.19063350000000001 0.00049980000000000001
v 0.010077300000000001 0.19063470000000002 -0.0014790000000000001
v 0.0096299000000000003 0.1906352 -0.0034077000000000005
v 0.0088148000000000011 0.19063490000000002 -0.0052121000000000008
v 0.0076633999999999999 0.19063380000000002 -0.0068227000000000001
v 0.006219800000000001 0.1906321 -0.0081778000000000007
v 0.0045396999999999998 0.19062980000000002 -0.0092253000000000005
v 0.0026875000000000002 0.19062690000000002 -0.0099249000000000004
v 0.00073430000000000001 0.1906236 -0.010249500000000002
v -0.0044040000000000008 0.25241269999999999 -0.033501799999999998
v -0.0044040000000000008 0.25241269999999999 -0.033501799999999998
v -0.010830600000000001 0.25240010000000002 -0.032011100000000001
v -0.010830600000000001 0.25240010000000002 -0.032011100000000001
v -0.016842699999999999 0.25238749999999999 -0.0292952
v -0.016842699999999999 0.25238749999999999 -0.0292952
v -0.022209599999999999 0.25237530000000002 -0.025458599999999998
v -0.022209599999999999 0.25237530000000002 -0.025458599999999998
v -0.0267248 0.25236390000000003 -0.020648700000000002
v -0.0267248 0.25236390000000003 -0.020648700000000002
v -0.030214900000000003 0.25235400000000002 -0.0150504
v -0.030214900000000003 0.25235400000000002 -0.0150504
v -0.032545800000000007 0.25234570000000001 -0.0088787000000000015
v -0.032545800000000007 0.25234570000000001 -0.0088787000000000015
v -0.033627800000000006 0.25233949999999999 -0.0023709000000000004
v -0.033627800000000006 0.25233949999999999 -0.0023709000000000004
v -0.033419500000000005 0.25233549999999999 0.0042230999999999996
v -0.033419500000000005 0.25233549999999999 0.0042230999999999996
v -0.0319288 0.252334 0.010649500000000001
v -0.0319288 0.252334 0.010649500000000001
v -0.029212900000000003 0.25233500000000003 0.016661800000000001
v -0.029212900000000003 0.25233500000000003 0.016661800000000001
v -0.025376300000000004 0.25233840000000002 0.022028700000000002
v -0.025376300000000004 0.25233840000000002 0.022028700000000002
v -0.020566400000000002 0.25234410000000002 0.026543899999999999
v -0.020566400000000002 0.25234410000000002 0.026543899999999999
v -0.014968000000000002 0.25235190000000002 0.030034000000000002
v -0.014968000000000002 0.25235190000000002 0.030034000000000002
v -0.0087964000000000011 0.25236150000000002 0.032364900000000002
v -0.0087964000000000011 0.25236150000000002 0.032364900000000002
v -0.0022885000000000002 0.2523726 0.033446999999999998
v -0.0022885000000000002 0.2523726 0.033446999999999998
v 0.0043053000000000006 0.25238470000000002 0.0332386
v 0.0043053000000000006 0.25238470000000002 0.0332386
v 0.0107318 0.25239729999999999 0.031747900000000003
v 0.0107318 0.25239729999999999 0.031747900000000003
v 0.016744000000000002 0.25240990000000002 0.029032000000000002
v 0.016744000000000002 0.25240990000000002 0.029032000000000002
v 0.022110900000000003 0.25242209999999998 0.025195400000000003
v 0.022110900000000003 0.25242209999999998 0.025195400000000003
v 0.026626100000000003 0.25243350000000003 0.020385500000000001
v 0.026626100000000003 0.25243350000000003 0.020385500000000001
v 0.030116199999999999 0.25244339999999998 0.014787000000000002
v 0.030116199999999999 0.25244339999999998 0.014787000000000002
v 0.0324471 0.2524517 0.0086154000000000005
v 0.0324471 0.2524517 0.0086154000000000005
v 0.033529099999999999 0.25245790000000001 0.0021076000000000003
v 0.033529099999999999 0.25245790000000001 0.0021076000000000003
v 0.033320800000000005 0.25246190000000002 -0.0044862000000000001
v 0.033320800000000005 0.25246190000000002 -0.0044862000000000001
v 0.031830000000000004 0.2524634 -0.0109128
v 0.031830000000000004 0.2524634 -0.0109128
v 0.0291141 0.25246249999999998 -0.016925000000000003
v 0.0291141 0.25246249999999998 -0.016925000000000003
v 0.025277500000000005 0.25245899999999999 -0.022291800000000001
v 0.025277500000000005 0.25245899999999999 -0.022291800000000001
v 0.020467600000000002 0.25245329999999999 -0.026806999999999997
v 0.020467600000000002 0.25245329999999999 -0.026806999999999997
v 0.0148693 0.25244550000000004 -0.030297200000000003
v 0.0148693 0.25244550000000004 -0.030297200000000003
v 0.0148693 0.25244550000000004 -0.030297200000000003
v 0.0148693 0.25244550000000004 -0.030297200000000003
v 0.0086975999999999998 0.25243589999999999 -0.032628000000000004
v 0.0086975999999999998 0.25243589999999999 -0.032628000000000004
v 0.0021898 0.2524248 -0.0337101
v 0.0021898 0.2524248 -0.0337101
v 0.078180700000000006 0.20536770000000001 0.0050486000000000003
v 0.075341000000000005 0.21682130000000002 0.0048682000000000005
v 0.068746000000000002 0.228075 0.004437
v 0.058396700000000003 0.23865370000000002 0.0037552000000000002
v 0.044295300000000003 0.24722279999999999 0.0028213999999999999
v 0.044020200000000002 0.247228 -0.0058846999999999997
v 0.058034200000000008 0.2386606 -0.0077170000000000008
v 0.068319400000000002 0.22808310000000001 -0.0090636999999999992
v 0.074873599999999998 0.21683020000000003 -0.0099237000000000006
v 0.077695800000000009 0.2053769 -0.010296800000000002
v -0.067834199999999997 0.20508150000000003 0.0389194
v -0.065406600000000009 0.2165454 0.037517099999999998
v -0.059716800000000007 0.2278232 0.0342364
v -0.050764000000000004 0.2384397 0.029077100000000002
v -0.038545700000000002 0.24706039999999999 0.022038000000000002
v -0.033480100000000006 0.2470649 0.029124100000000003
v -0.044089000000000003 0.23844560000000004 0.038414500000000004
v -0.051861500000000005 0.22783020000000001 0.045224900000000005
v -0.056799999999999996 0.21655310000000003 0.0495564
v -0.0589055 0.20508940000000001 0.051409300000000005
v 0.042051900000000003 0.24723000000000003 -0.0143699
v 0.055440500000000004 0.23866320000000002 -0.018898100000000001
v 0.065267100000000008 0.22808620000000002 -0.022221900000000003
v 0.071529400000000007 0.21683360000000002 -0.024340300000000002
v 0.074226400000000012 0.20538040000000002 -0.025252900000000002
v -0.027129399999999998 0.24707240000000003 0.035085699999999997
v -0.035720500000000002 0.23845559999999999 0.046270200000000004
v -0.042013300000000003 0.22784190000000001 0.054469800000000006
v -0.046010099999999998 0.21656589999999998 0.0596854
v -0.047711799999999999 0.2051027 0.061917300000000002
v 0.038466 0.24722870000000002 -0.022308100000000001
v 0.050715299999999998 0.2386615 -0.029358400000000003
v 0.059706400000000007 0.22808430000000002 -0.034531800000000001
v 0.065436900000000006 0.21683140000000001 -0.037827300000000008
v 0.067906000000000008 0.20537820000000001 -0.039244500000000002
v -0.019737600000000001 0.24708280000000002 0.039693900000000004
v -0.025980300000000001 0.23846919999999999 0.052342500000000007
v -0.030550800000000003 0.22785790000000003 0.061615799999999998
v -0.033451500000000002 0.21658350000000001 0.067514700000000011
v -0.034683199999999997 0.20512100000000003 0.07003970000000001
v 0.033400300000000001 0.24722420000000001 -0.029394100000000003
v 0.044040300000000004 0.23865560000000002 -0.038695800000000002
v 0.051851100000000011 0.22807730000000001 -0.045520200000000004
v 0.056830400000000003 0.21682380000000001 -0.049866600000000004
v 0.058977300000000003 0.20537030000000001 -0.051734400000000007
v -0.011588900000000001 0.24709550000000002 0.042771500000000004
v -0.015242600000000002 0.23848600000000003 0.056397799999999998
v -0.0179144 0.22787769999999999 0.066388199999999994
v -0.019606700000000001 0.21660509999999999 0.072743500000000003
v -0.020320299999999999 0.2051434 0.075464100000000006
v -0.0100984 0.20526250000000001 -0.077822500000000003
v -0.0097535 0.21671990000000002 -0.075013600000000014
v -0.0089213000000000001 0.22798250000000003 -0.068472400000000003
v -0.007600700000000001 0.23857499999999998 -0.058199300000000002
v -0.0057895000000000004 0.2471631 -0.044195200000000004
v -0.014274700000000001 0.24714640000000002 -0.042226900000000005
v -0.018781800000000001 0.23855309999999999 -0.055605600000000005
v -0.022079399999999999 0.22795670000000001 -0.065420000000000006
v -0.024170000000000001 0.21669160000000001 -0.071669400000000008
v -0.025054300000000002 0.2052332 -0.074353199999999994
v 0.027049600000000004 0.24721669999999998 -0.0353558
v 0.035671799999999997 0.23864560000000001 -0.046551700000000001
v 0.042002900000000003 0.2280655 -0.054765100000000004
v 0.046040500000000005 0.2168109 -0.059995500000000007
v 0.047783600000000002 0.20535690000000001 -0.062242600000000009
v -0.0029964000000000002 0.2471101 0.044200200000000002
v -0.0039201000000000001 0.2385052 0.058280400000000003
v -0.0045898000000000007 0.2279003 0.068603600000000001
v -0.0050079 0.21662990000000001 0.075170899999999999
v -0.0051752000000000005 0.20516909999999999 0.077982300000000004
v -0.022212900000000001 0.24712970000000001 -0.038641000000000002
v -0.029242000000000004 0.23853110000000002 -0.050880499999999995
v -0.034389200000000002 0.22793079999999999 -0.0598594
v -0.037657000000000003 0.2166633 -0.065576900000000007
v -0.0390461 0.20520369999999999 -0.068032800000000004
v 0.019657900000000002 0.24720629999999999 -0.039964100000000002
v 0.019657900000000002 0.24720629999999999 -0.039964100000000002
v 0.025931599999999999 0.23863200000000001 -0.052623799999999998
v 0.025931599999999999 0.23863200000000001 -0.052623799999999998
v 0.030540400000000002 0.22804950000000002 -0.061911000000000008
v 0.030540400000000002 0.22804950000000002 -0.061911000000000008
v 0.033481799999999999 0.2167934 -0.067824800000000005
v 0.033481799999999999 0.2167934 -0.067824800000000005
v 0.034755000000000001 0.20533869999999999 -0.070364800000000005
v 0.034755000000000001 0.20533869999999999 -0.070364800000000005
v 0.005709800000000001 0.24712600000000001 0.043925100000000002
v 0.0075521000000000008 0.23852620000000002 0.057917900000000001
v 0.0089110000000000005 0.22792500000000004 0.068177100000000004
v 0.009784000000000001 0.21665690000000001 0.074703500000000006
v 0.0101703 0.20519720000000002 0.077497400000000008
v -0.029298999999999999 0.24711360000000002 -0.033575300000000002
v -0.038579400000000007 0.23850980000000002 -0.044205500000000002
v -0.0453777 0.22790580000000002 -0.052004099999999998
v -0.049696299999999999 0.21663579999999999 -0.056970500000000007
v -0.051535900000000003 0.20517530000000003 -0.059104199999999996
v 0.011509100000000001 0.24719360000000001 -0.043041600000000006
v 0.0151939 0.23861520000000003 -0.05667910000000001
v 0.017904 0.22802980000000003 -0.066683400000000004
v 0.019637000000000002 0.21677179999999999 -0.073053500000000007
v 0.0203921 0.20531630000000001 -0.075789200000000001
v 0.014194999999999999 0.24714260000000002 0.041956800000000002
v 0.018733200000000002 0.23854810000000001 0.055324200000000004
v 0.022069100000000001 0.22795080000000001 0.06512480000000001
v 0.0242004 0.21668520000000002 0.071359400000000003
v 0.025126200000000001 0.20522649999999998 0.074028099999999999
v -0.035260599999999996 0.2470987 -0.027224600000000002
v -0.046435200000000003 0.23849010000000004 -0.035837000000000001
v -0.0546226 0.22788260000000002 -0.042155900000000003
v -0.059825200000000002 0.21661050000000001 -0.046180600000000002
v -0.062043899999999999 0.20514890000000002 -0.047910500000000002
v 0.0029166000000000001 0.24717900000000001 -0.044470200000000001
v 0.0038714000000000001 0.238596 -0.058561700000000008
v 0.0045794 0.22800710000000002 -0.068898899999999999
v 0.0050382000000000005 0.216747 -0.075481000000000006
v 0.0052469000000000005 0.20529060000000002 -0.078307400000000013
v 0.022133200000000002 0.24715940000000003 0.038370800000000004
v 0.029193400000000005 0.23857010000000001 0.050599100000000001
v 0.034379 0.22797670000000003 0.059564100000000002
v 0.037687400000000003 0.21671360000000003 0.065266900000000003
v 0.039118000000000007 0.20525590000000002 0.06770770000000001
v -0.039868800000000003 0.24708549999999999 -0.019832900000000001
v -0.05250740000000001 0.23847269999999998 -0.0260968
v -0.061768500000000004 0.22786209999999998 -0.030693399999999999
v -0.067654400000000003 0.216588 -0.0336218
v -0.070166199999999998 0.20512570000000002 -0.034881800000000004
v 0.0292193 0.24717549999999999 0.0333052
v 0.038530800000000004 0.23859140000000001 0.043924100000000001
v 0.045367400000000002 0.2280017 0.051708799999999999
v 0.049726700000000006 0.21674099999999999 0.0566604
v 0.051607800000000009 0.20528440000000001 0.058779000000000005
v -0.0429463 0.24707460000000003 -0.0116842
v -0.0565627 0.23845839999999999 -0.015359200000000002
v -0.0665409 0.22784520000000003 -0.018057
v -0.072883200000000009 0.2165695 -0.019777100000000002
v -0.075590600000000008 0.20510640000000002 -0.020518900000000003
v 0.035180900000000001 0.24719050000000001 0.026954600000000002
v 0.0463866 0.23861110000000002 0.0355556
v 0.054612300000000003 0.2280249 0.041860599999999998
v 0.059855600000000002 0.2167664 0.045870500000000002
v 0.062115799999999999 0.20531069999999998 0.0475854
v -0.044374999999999998 0.24706630000000002 -0.0030915999999999999
v -0.058445300000000006 0.23844750000000003 -0.0040366000000000004
v -0.068756399999999995 0.22783240000000002 -0.0047325000000000006
v -0.075310600000000005 0.21655550000000001 -0.0051782000000000009
v -0.078108800000000006 0.20509200000000002 -0.0053739000000000009
v 0.039789100000000001 0.24720360000000002 0.019562800000000002
v 0.052458800000000007 0.23862850000000002 0.025815500000000005
v 0.061758199999999999 0.22804530000000001 0.030398100000000001
v 0.067684900000000006 0.2167888 0.0333117
v 0.070238100000000012 0.20533389999999999 0.034556700000000003
v -0.044099899999999997 0.24706110000000001 0.0056146000000000008
v -0.058082800000000004 0.23844070000000001 0.0074357000000000008
v -0.068329700000000007 0.22782429999999998 0.0087684000000000008
v -0.074843199999999999 0.21654670000000001 0.0096135999999999999
v -0.07762390000000001 0.20508280000000001 0.0099717
v 0.042866600000000005 0.2472145 0.011414000000000001
v 0.056514100000000005 0.23864280000000002 0.0150776
v 0.066530599999999995 0.2280623 0.017761700000000002
v 0.072913700000000012 0.21680730000000004 0.019467000000000002
v 0.075662500000000008 0.20535320000000001 0.020193800000000001
v -0.042131600000000005 0.24705910000000003 0.014099800000000003
v -0.055489100000000006 0.23843800000000004 0.018616799999999999
v -0.065277500000000002 0.2278212 0.021926600000000001
v -0.071499000000000007 0.21654320000000002 0.024030000000000003
v -0.074154600000000001 0.20507920000000002 0.024927600000000001
v -0.0045060999999999999 0.30888290000000002 -0.033464700000000007
v -0.0109327 0.30887030000000004 -0.031974000000000002
v -0.016944799999999999 0.30885760000000007 -0.029258099999999999
v -0.022311700000000004 0.30884540000000005 -0.025421500000000003
v -0.026826900000000001 0.3088341 -0.020611600000000001
v -0.030317 0.30882410000000005 -0.0150133
v -0.032647900000000001 0.30881580000000003 -0.0088415999999999998
v -0.0337299 0.30880960000000002 -0.0023338
v -0.033521600000000006 0.30880570000000002 0.0042601000000000002
v -0.032030900000000001 0.30880410000000003 0.010686600000000001
v -0.029315000000000004 0.30880510000000005 0.016698899999999999
v -0.025478400000000002 0.30880850000000004 0.0220658
v -0.020668500000000003 0.30881420000000004 0.026580900000000005
v -0.015070100000000001 0.30882209999999999 0.030071100000000003
v -0.0088985000000000002 0.30883170000000004 0.032401900000000004
v -0.0023906000000000001 0.30884280000000003 0.033484100000000003
v 0.0042031999999999998 0.30885479999999998 0.033275700000000005
v 0.010629700000000001 0.30886740000000001 0.031785000000000001
v 0.016641900000000001 0.30888010000000005 0.0290691
v 0.022008800000000002 0.30889230000000001 0.025232500000000005
v 0.026523999999999999 0.30890360000000006 0.020422599999999999
v 0.030014100000000002 0.30891360000000001 0.014824100000000002
v 0.032345000000000006 0.30892190000000003 0.0086524000000000011
v 0.033427000000000005 0.30892810000000004 0.0021446
v 0.033218700000000004 0.30893199999999998 -0.0044491000000000001
v 0.031727899999999996 0.30893360000000003 -0.010875700000000002
v 0.029012 0.3089326 -0.016887900000000001
v 0.025175400000000001 0.30892920000000001 -0.022254800000000002
v 0.020365500000000002 0.30892350000000002 -0.026770000000000002
v 0.014767200000000001 0.30891560000000001 -0.030260100000000002
v 0.014767200000000001 0.30891560000000001 -0.030260100000000002
v 0.0085955000000000007 0.30890600000000001 -0.032591000000000002
v 0.0020877000000000001 0.30889490000000003 -0.033673100000000004
v -0.0062991000000000011 0.33342270000000002 -0.046848400000000005
v -0.015306200000000001 0.33340500000000001 -0.044759100000000003
v -0.023732600000000003 0.33338730000000005 -0.040952600000000006
v -0.031254500000000005 0.3333701 -0.035575500000000003
v -0.0375828 0.33335430000000005 -0.028834200000000001
v -0.042474400000000002 0.33334030000000003 -0.020987800000000001
v -0.045741100000000007 0.33332870000000003 -0.012337800000000001
v -0.047257700000000007 0.33332000000000006 -0.0032167000000000003
v -0.046965699999999999 0.33331440000000001 0.0060248000000000003
v -0.044876300000000008 0.33331230000000001 0.015031900000000001
v -0.041069899999999999 0.33331360000000004 0.023458300000000001
v -0.035692700000000001 0.33331840000000001 0.030980200000000003
v -0.028951400000000002 0.33332640000000002 0.037308500000000001
v -0.021105100000000002 0.33333740000000001 0.042200100000000004
v -0.0124551 0.33335090000000001 0.045467000000000007
v -0.0033341000000000004 0.33336640000000006 0.0469836
v 0.0059075000000000004 0.33338329999999999 0.046691500000000004
v 0.0149146 0.33340100000000006 0.044602200000000002
v 0.023340900000000001 0.33341870000000001 0.0407958
v 0.030862800000000003 0.3334358 0.035418500000000006
v 0.037191099999999998 0.33345170000000002 0.028677200000000003
v 0.042082700000000001 0.33346570000000003 0.020830899999999999
v 0.045349500000000001 0.33347730000000003 0.012181000000000001
v 0.046866000000000005 0.333486 0.0030599000000000004
v 0.046574000000000004 0.33349160000000005 -0.0061816000000000006
v 0.044484700000000002 0.3334937 -0.015188800000000001
v 0.040678199999999998 0.33349230000000002 -0.023615300000000002
v 0.035300999999999999 0.3334876 -0.031137100000000001
v 0.0285597 0.33347950000000004 -0.037465400000000003
v 0.020713400000000003 0.3334686 -0.042357000000000006
v 0.020713400000000003 0.3334686 -0.042357000000000006
v 0.012063500000000001 0.3334551 -0.045623799999999999
v 0.0029424 0.3334396 -0.047140399999999999
v -0.032038299999999999 0.31289319999999998 0.010689300000000001
v -0.032258300000000004 0.31687219999999999 0.010764000000000001
v -0.033590700000000001 0.32047560000000003 0.011214700000000001
v -0.036137300000000004 0.32410530000000004 0.012076000000000002
v -0.039898900000000001 0.32822860000000004 0.0133484
v -0.036515700000000005 0.32822980000000002 0.020837900000000003
v -0.033073999999999999 0.32410640000000002 0.018857499999999999
v -0.030743700000000002 0.3204767 0.017517100000000001
v -0.0295243 0.31687320000000002 0.0168162
v -0.029322399999999998 0.31289410000000006 0.0167016
v 0.033419600000000001 0.31301709999999999 0.0021473
v 0.033636600000000003 0.31699700000000003 0.0021649000000000004
v 0.035026700000000001 0.32060559999999999 0.0022604000000000001
v 0.0376955 0.32424510000000001 0.0024412000000000001
v 0.041642200000000004 0.32838300000000004 0.0027076000000000001
v 0.041382700000000001 0.32838790000000007 -0.0055063000000000004
v 0.037460500000000001 0.32424960000000003 -0.0049962000000000001
v 0.0348083 0.32060970000000005 -0.0046517000000000008
v 0.0334268 0.31700100000000003 -0.0044729000000000001
v 0.033211299999999999 0.31302110000000005 -0.0044464999999999999
v -0.031736500000000001 0.32823410000000003 0.027523300000000001
v -0.028746500000000005 0.32411020000000001 0.024911000000000003
v -0.026722000000000003 0.32048019999999999 0.023143
v -0.0256621 0.31687660000000006 0.0222189
v -0.025485799999999999 0.31289750000000005 0.022068400000000002
v 0.039525600000000001 0.32838980000000006 -0.013512
v 0.035778999999999998 0.32425130000000002 -0.012245100000000002
v 0.033245500000000004 0.32061130000000004 -0.0113884
v 0.031926100000000006 0.31700250000000002 -0.0109424
v 0.031720500000000006 0.31302260000000004 -0.010873000000000001
v -0.025744800000000002 0.32824120000000001 0.033148000000000004
v -0.0233212 0.32411670000000004 0.030003999999999999
v -0.021679900000000002 0.3204862 0.0278763
v -0.020820000000000002 0.31688240000000001 0.026764300000000005
v -0.020675900000000001 0.31290330000000005 0.026583600000000002
v 0.036142500000000001 0.32838860000000003 -0.021001400000000003
v 0.032715600000000004 0.32425020000000004 -0.019026500000000002
v 0.030398599999999998 0.32061030000000001 -0.017690800000000003
v 0.029192099999999999 0.31700159999999999 -0.016994800000000001
v 0.029004600000000005 0.31302160000000001 -0.0168852
v -0.0187709 0.32825090000000001 0.037495600000000004
v -0.0170066 0.32412550000000007 0.033940700000000004
v -0.0158113 0.32049440000000001 0.031534800000000002
v -0.015184300000000001 0.31689030000000001 0.030277800000000001
v -0.015077500000000001 0.3129111 0.030073800000000001
v 0.031363200000000001 0.32838440000000002 -0.027687000000000003
v 0.028388200000000002 0.32424640000000005 -0.025080100000000001
v 0.026376800000000002 0.32060670000000002 -0.023316700000000003
v 0.025329900000000002 0.3169981 -0.022397400000000001
v 0.025168000000000003 0.31301820000000002 -0.0222521
v -0.0110828 0.32826290000000002 0.040399299999999999
v -0.0100453 0.32413639999999999 0.036569800000000006
v -0.0093418000000000008 0.32050450000000003 0.033978100000000004
v -0.0089714000000000009 0.31690000000000002 0.032624300000000002
v -0.0089058999999999996 0.31292070000000005 0.032404599999999999
v -0.0045135000000000002 0.31297190000000003 -0.033461999999999999
v -0.0045497999999999997 0.31695150000000005 -0.033682200000000002
v -0.0047374000000000001 0.32055820000000002 -0.035067800000000003
v -0.005091 0.32419410000000004 -0.037724200000000006
v -0.0056112000000000002 0.32832670000000003 -0.041651100000000003
v -0.013616800000000002 0.32831100000000002 -0.039794099999999999
v -0.012339700000000002 0.32417990000000002 -0.036042700000000004
v -0.011474100000000001 0.32054500000000002 -0.033505100000000003
v -0.0110192 0.31693880000000002 -0.032181500000000002
v -0.010940100000000001 0.3129593 -0.031971300000000001
v 0.025371500000000005 0.32837720000000004 -0.033311500000000001
v 0.022962900000000001 0.32423990000000003 -0.030172900000000002
v 0.021334700000000002 0.32060070000000002 -0.028049900000000003
v 0.020487900000000003 0.31699240000000001 -0.026942800000000003
v 0.020358100000000004 0.31301250000000003 -0.026767300000000001
v -0.0029760000000000003 0.32827670000000003 0.041747100000000002
v -0.0027048000000000003 0.32414890000000002 0.037790200000000003
v -0.0025198000000000004 0.32051610000000003 0.035112500000000005
v -0.0024202000000000004 0.3169111 0.0337135
v -0.0023980000000000004 0.31293180000000004 0.033486700000000001
v -0.021106200000000002 0.32829520000000001 -0.036410999999999999
v -0.019121100000000002 0.3241657 -0.032979399999999999
v -0.017776500000000001 0.32053170000000003 -0.030658100000000001
v -0.017071600000000003 0.31692610000000004 -0.029447600000000004
v -0.016952200000000001 0.31294670000000002 -0.029255400000000001
v 0.0183976 0.32836750000000003 -0.037659100000000001
v 0.0183976 0.32836750000000003 -0.037659100000000001
v 0.016648199999999998 0.32423109999999999 -0.034109600000000004
v 0.016648199999999998 0.32423109999999999 -0.034109600000000004
v 0.015466199999999999 0.32059250000000006 -0.031708500000000001
v 0.015466199999999999 0.32059250000000006 -0.031708500000000001
v 0.014852199999999999 0.3169845 -0.030456200000000003
v 0.014852199999999999 0.3169845 -0.030456200000000003
v 0.014759800000000002 0.31300470000000002 -0.030257400000000004
v 0.014759800000000002 0.31300470000000002 -0.030257400000000004
v 0.0052380000000000005 0.32829170000000002 0.041487600000000006
v 0.0047327000000000003 0.32416250000000002 0.037555200000000004
v 0.0043923 0.3205288 0.034894000000000001
v 0.0042177000000000004 0.31692330000000002 0.0335038
v 0.0041958000000000004 0.31294379999999999 0.033278400000000007
v -0.027791700000000003 0.32828000000000002 -0.031631600000000003
v -0.025174600000000005 0.32415189999999999 -0.028651900000000004
v -0.023402400000000004 0.3205189 -0.026636400000000001
v -0.0224742 0.31691380000000002 -0.025585300000000002
v -0.022319100000000001 0.31293440000000006 -0.025418800000000005
v 0.0107095 0.32835550000000002 -0.040562800000000003
v 0.0096869 0.32422020000000001 -0.036738700000000006
v 0.0089966000000000004 0.32058239999999999 -0.034152000000000002
v 0.0086393000000000008 0.3169748 -0.032802700000000004
v 0.0085880999999999996 0.31299500000000002 -0.032588300000000001
v 0.013243600000000001 0.32830740000000003 0.039630500000000006
v 0.011981400000000001 0.32417669999999998 0.035873700000000001
v 0.011129 0.32054200000000005 0.033331400000000004
v 0.0106871 0.31693590000000005 0.0320031
v 0.010622400000000001 0.31295640000000002 0.031787599999999999
v -0.033416300000000003 0.32826590000000005 -0.025640000000000003
v -0.030267600000000002 0.32413910000000001 -0.0232266
v -0.0281356 0.32050700000000004 -0.0215943
v -0.027019600000000001 0.31690240000000003 -0.020743300000000003
v -0.026834300000000002 0.31292310000000001 -0.020608899999999999
v 0.0026027000000000003 0.32834170000000001 -0.041910700000000002
v 0.0023465000000000001 0.32420770000000004 -0.037959100000000003
v 0.0021746000000000001 0.32057080000000004 -0.035286200000000004
v 0.002088 0.31696360000000001 -0.033891999999999999
v 0.0020802999999999998 0.31298400000000004 -0.033670400000000003
v 0.020733000000000001 0.32832320000000004 0.036247500000000002
v 0.018762899999999999 0.32419100000000001 0.032810499999999999
v 0.0174314 0.32055520000000004 0.030484400000000002
v 0.016739500000000001 0.31694870000000003 0.029269099999999999
v 0.0166345 0.3129691 0.029071700000000002
v -0.037763999999999999 0.32825350000000003 -0.018666100000000001
v -0.034204200000000004 0.32412780000000002 -0.016911900000000001
v -0.031794200000000002 0.32049660000000002 -0.015725700000000002
v -0.030533000000000001 0.31689230000000002 -0.015107499999999999
v -0.030324400000000001 0.31291310000000006 -0.015010599999999999
v 0.027418500000000002 0.32833840000000003 0.031468200000000002
v 0.024816400000000002 0.32420470000000001 0.028483000000000005
v 0.023057300000000003 0.32056800000000002 0.0264625
v 0.022142100000000001 0.31696100000000005 0.0254069
v 0.022001400000000001 0.31298130000000002 0.025235200000000003
v -0.040667599999999998 0.32824320000000001 -0.010978000000000002
v -0.036833300000000006 0.32411850000000003 -0.0099506000000000004
v -0.034237499999999997 0.32048790000000005 -0.0092561000000000015
v -0.032879399999999996 0.316884 -0.0088947000000000002
v -0.032655299999999998 0.31290490000000004 -0.0088389000000000002
v 0.033043200000000002 0.32835250000000005 0.025476500000000003
v 0.0299093 0.32421750000000005 0.0230577
v 0.027790500000000003 0.32057990000000003 0.021420600000000001
v 0.026687499999999999 0.31697240000000004 0.020564800000000001
v 0.026516600000000001 0.31299260000000007 0.020425200000000001
v -0.042015500000000004 0.32823540000000007 -0.0028711000000000001
v -0.038053799999999999 0.32411150000000005 -0.0026103000000000003
v -0.035371800000000002 0.32048140000000003 -0.0024342000000000001
v -0.033968700000000004 0.31687770000000004 -0.0023435000000000001
v -0.033737299999999998 0.31289860000000003 -0.0023311
v 0.037390800000000002 0.32836490000000002 0.018502600000000001
v 0.033845900000000005 0.32422879999999998 0.016743000000000001
v 0.031448999999999998 0.3205904 0.015552
v 0.030200900000000003 0.31698240000000005 0.014929100000000001
v 0.030006699999999997 0.31300260000000002 0.014826800000000001
v -0.041755900000000006 0.32823050000000004 0.0053428000000000008
v -0.037818800000000007 0.32410700000000003 0.0048273000000000005
v -0.035153400000000001 0.32047720000000002 0.0044780000000000002
v -0.033759000000000004 0.31687379999999998 0.0042944999999999997
v -0.033528999999999996 0.31289470000000003 0.0042627999999999997
v 0.040294300000000005 0.32837519999999998 0.010814400000000002
v 0.036475 0.32423810000000003 0.0097817000000000008
v 0.033892400000000003 0.32059910000000003 0.0090824000000000009
v 0.032547300000000001 0.31699080000000002 0.0087162000000000003
v 0.032337600000000001 0.31301090000000004 0.0086551000000000006
v -0.00084899999999999993 0.35599960000000003 -0.0047561000000000001
v -0.00084899999999999993 0.35599960000000003 -0.0047561000000000001
v -0.0017527000000000003 0.35599780000000003 -0.0045465000000000002
v -0.0017527000000000003 0.35599780000000003 -0.0045465000000000002
v -0.0025982000000000002 0.35599599999999998 -0.0041646000000000001
v -0.0025982000000000002 0.35599599999999998 -0.0041646000000000001
v -0.0033529000000000007 0.35599430000000004 -0.0036251
v -0.0033529000000000007 0.35599430000000004 -0.0036251
v -0.0039877999999999997 0.35599270000000005 -0.0029487000000000003
v -0.0039877999999999997 0.35599270000000005 -0.0029487000000000003
v -0.0044786000000000001 0.35599130000000001 -0.0021614999999999998
v -0.0044786000000000001 0.35599130000000001 -0.0021614999999999998
v -0.0048063000000000003 0.35599020000000003 -0.0012936
v -0.0048063000000000003 0.35599020000000003 -0.0012936
v -0.0049585000000000002 0.35598930000000006 -0.00037840000000000004
v -0.0049585000000000002 0.35598930000000006 -0.00037840000000000004
v -0.0049292000000000008 0.35598869999999999 0.0005488
v -0.0049292000000000008 0.35598869999999999 0.0005488
v -0.0047196000000000009 0.35598850000000004 0.0014525
v -0.0047196000000000009 0.35598850000000004 0.0014525
v -0.0043376999999999999 0.35598860000000004 0.0022978999999999999
v -0.0043376999999999999 0.35598860000000004 0.0022978999999999999
v -0.0037982000000000003 0.3559891 0.0030527000000000002
v -0.0037982000000000003 0.3559891 0.0030527000000000002
v -0.0031218000000000001 0.35598990000000003 0.0036874999999999998
v -0.0031218000000000001 0.35598990000000003 0.0036874999999999998
v -0.0023345000000000002 0.3559911 0.0041783000000000002
v -0.0023345000000000002 0.3559911 0.0041783000000000002
v -0.0014667 0.35599240000000004 0.0045060999999999999
v -0.0014667 0.35599240000000004 0.0045060999999999999
v -0.00055150000000000002 0.35599400000000003 0.0046582000000000004
v -0.00055150000000000002 0.35599400000000003 0.0046582000000000004
v 0.00037570000000000002 0.35599570000000003 0.0046290000000000003
v 0.00037570000000000002 0.35599570000000003 0.0046290000000000003
v 0.0012794 0.35599740000000002 0.0044193000000000001
v 0.0012794 0.35599740000000002 0.0044193000000000001
v 0.0021248 0.35599920000000002 0.0040374
v 0.0021248 0.35599920000000002 0.0040374
v 0.0028795000000000001 0.35600090000000001 0.0034979000000000004
v 0.0028795000000000001 0.35600090000000001 0.0034979000000000004
v 0.0035144000000000004 0.3560025 0.0028215000000000002
v 0.0035144000000000004 0.3560025 0.0028215000000000002
v 0.0040051999999999996 0.35600390000000004 0.0020344
v 0.0040051999999999996 0.35600390000000004 0.0020344
v 0.004333 0.35600510000000002 0.0011665
v 0.004333 0.35600510000000002 0.0011665
v 0.0044852000000000008 0.35600600000000004 0.00025130000000000004
v 0.0044852000000000008 0.35600600000000004 0.00025130000000000004
v 0.0044558000000000002 0.3560065 -0.00067590000000000011
v 0.0044558000000000002 0.3560065 -0.00067590000000000011
v 0.0042462000000000003 0.35600670000000001 -0.0015796000000000002
v 0.0042462000000000003 0.35600670000000001 -0.0015796000000000002
v 0.0038642999999999998 0.35600660000000001 -0.0024251000000000003
v 0.0038642999999999998 0.35600660000000001 -0.0024251000000000003
v 0.0033248000000000002 0.35600610000000005 -0.0031798
v 0.0033248000000000002 0.35600610000000005 -0.0031798
v 0.0026484000000000004 0.35600530000000002 -0.0038147000000000003
v 0.0026484000000000004 0.35600530000000002 -0.0038147000000000003
v 0.0018612000000000001 0.35600420000000005 -0.0043055000000000003
v 0.0018612000000000001 0.35600420000000005 -0.0043055000000000003
v 0.0018612000000000001 0.35600420000000005 -0.0043055000000000003
v 0.00099330000000000013 0.35600290000000001 -0.0046331999999999996
v 0.00099330000000000013 0.35600290000000001 -0.0046331999999999996
v 7.8200000000000003E-05 0.35600130000000002 -0.0047854000000000004
v 7.8200000000000003E-05 0.35600130000000002 -0.0047854000000000004
v -0.028958200000000003 0.33709230000000001 0.037311000000000004
v -0.027954000000000003 0.34139050000000004 0.035998099999999998
v -0.024869800000000001 0.34624710000000003 0.031980000000000001
v -0.019704100000000002 0.35084480000000001 0.025255800000000002
v -0.0124552 0.35436489999999998 0.0158253
v -0.009120399999999999 0.35436960000000006 0.017904300000000001
v -0.014389600000000001 0.35085230000000001 0.0285691
v -0.018143599999999999 0.34625650000000002 0.036173300000000005
v -0.020383800000000001 0.34140110000000001 0.040717500000000004
v -0.021111900000000003 0.33710330000000005 0.042202500000000004
v 0.040671400000000003 0.33725820000000001 -0.023612800000000003
v 0.039225200000000002 0.34155050000000003 -0.022781599999999999
v 0.034820000000000004 0.34638930000000001 -0.020246700000000003
v 0.027457200000000001 0.35095720000000002 -0.0160088
v 0.0171381 0.35443540000000001 -0.010067900000000001
v 0.014852799999999999 0.35443340000000001 -0.0132649
v 0.023815100000000002 0.35095399999999999 -0.021103500000000001
v 0.030210500000000001 0.34638520000000006 -0.026694900000000001
v 0.034037200000000004 0.34154590000000001 -0.030038800000000001
v 0.035294199999999998 0.33725340000000004 -0.031134700000000001
v -0.0054441000000000003 0.35437530000000006 0.019292699999999999
v -0.0085308999999999992 0.35086140000000005 0.030781700000000002
v -0.010728500000000002 0.34626810000000002 0.038973800000000003
v -0.012038300000000002 0.3414141 0.043869400000000003
v -0.012462000000000001 0.33711679999999999 0.045469500000000003
v -0.0063059000000000006 0.3371885 -0.046845999999999999
v -0.0060989000000000008 0.34148329999999999 -0.045197100000000004
v -0.0054511999999999998 0.34632960000000002 -0.040163400000000002
v -0.0043613000000000002 0.35091000000000006 -0.0317449
v -0.0028277000000000003 0.35440580000000005 -0.019942399999999999
v -0.0066558000000000008 0.3543983 -0.0190543
v -0.010461900000000001 0.35089800000000004 -0.0303299
v -0.013172500000000002 0.34631450000000003 -0.038372299999999998
v -0.014789 0.3414663 -0.043181300000000006
v -0.015313 0.33717090000000005 -0.044756600000000007
v 0.011987600000000001 0.35443000000000002 -0.0159545
v 0.019249100000000002 0.35094850000000005 -0.025389800000000004
v 0.024431500000000002 0.34637840000000003 -0.0321199
v 0.027533200000000004 0.34153820000000001 -0.036144300000000004
v 0.028552899999999999 0.33724540000000003 -0.037463000000000003
v -0.0015675999999999999 0.35438190000000003 0.019937200000000002
v -0.0023531000000000003 0.35087190000000001 0.031808900000000001
v -0.0029095000000000002 0.34628140000000002 0.040273700000000003
v -0.0032383000000000004 0.34142899999999998 0.045332700000000004
v -0.0033409000000000004 0.3371323 0.046986100000000003
v -0.010237200000000002 0.35439080000000001 -0.0174366
v -0.016169300000000001 0.35088600000000003 -0.027751700000000004
v -0.020396000000000001 0.34629930000000003 -0.0351092
v -0.022918800000000003 0.34144920000000001 -0.039508800000000004
v -0.023739400000000001 0.33715310000000004 -0.040950100000000003
v 0.0086528000000000004 0.3544253 -0.018033500000000001
v 0.0086528000000000004 0.3544253 -0.018033500000000001
v 0.013934700000000001 0.35094110000000001 -0.0287029
v 0.013934700000000001 0.35094110000000001 -0.0287029
v 0.017705200000000001 0.34636900000000004 -0.036313200000000004
v 0.017705200000000001 0.34636900000000004 -0.036313200000000004
v 0.019962900000000002 0.34152760000000004 -0.040863900000000002
v 0.019962900000000002 0.34152760000000004 -0.040863900000000002
v 0.020706500000000003 0.33723440000000005 -0.042354500000000003
v 0.020706500000000003 0.33723440000000005 -0.042354500000000003
v 0.0023602000000000002 0.35438910000000001 0.0198131
v 0.0039064 0.35088330000000001 0.031611099999999996
v 0.0050129000000000007 0.34629590000000005 0.040023500000000004
v 0.0056781000000000002 0.34144540000000001 0.045050800000000002
v 0.0059007 0.33714920000000004 0.046693900000000003
v -0.013434099999999999 0.35438350000000002 -0.015151300000000001
v -0.021264000000000002 0.35087440000000003 -0.024109700000000001
v -0.026844099999999999 0.3462846 -0.030499700000000005
v -0.030175999999999998 0.34143260000000003 -0.034320800000000005
v -0.031261299999999999 0.33713600000000005 -0.035573
v 0.0049765 0.3544196 -0.019421900000000002
v 0.0080759999999999998 0.35093190000000002 -0.030915600000000001
v 0.010290100000000002 0.34635740000000004 -0.039113599999999998
v 0.011617500000000001 0.3415146 -0.044015600000000002
v 0.0120567 0.33722089999999999 -0.045621300000000004
v 0.0061883000000000007 0.35439660000000006 0.0189251
v 0.010007000000000002 0.35089530000000002 0.030195899999999998
v 0.012734200000000001 0.34631100000000004 0.038232300000000004
v 0.014368200000000001 0.3414624 0.0430351
v 0.014907699999999999 0.33716680000000004 0.044604700000000004
v -0.016123599999999998 0.35437669999999999 -0.012286100000000001
v -0.025550200000000002 0.3508637 -0.019543500000000002
v -0.032269100000000002 0.346271 -0.024720700000000002
v -0.036281600000000004 0.34141730000000003 -0.027816800000000003
v -0.037589600000000001 0.33712019999999998 -0.028831700000000002
v 0.0011000000000000001 0.35441300000000003 -0.020066400000000002
v 0.0018981000000000002 0.35092140000000005 -0.0319428
v 0.0024711000000000004 0.34634410000000004 -0.040413700000000004
v 0.0028174000000000003 0.34149960000000001 -0.045478900000000003
v 0.0029356 0.33720539999999999 -0.047137900000000003
v 0.0097696000000000015 0.3544041 0.017307300000000001
v 0.0157144 0.35090730000000003 0.027617900000000001
v 0.019957700000000002 0.34632620000000003 0.034969400000000005
v 0.022498000000000004 0.34147949999999999 0.039362599999999998
v 0.0233341 0.33718460000000006 0.040798300000000003
v -0.018202599999999999 0.35437080000000004 -0.0089513000000000006
v -0.028863400000000001 0.3508542 -0.014229200000000001
v -0.036462299999999996 0.34625900000000004 -0.0179945
v -0.041001000000000003 0.34140380000000004 -0.020246600000000003
v -0.042481200000000004 0.33710610000000002 -0.020985300000000002
v 0.012966500000000001 0.35441140000000004 0.015022000000000001
v 0.020809100000000001 0.35091890000000003 0.023975700000000003
v 0.026405800000000004 0.34634090000000001 0.030359799999999999
v 0.029755199999999999 0.34149600000000002 0.034174599999999999
v 0.030856000000000001 0.33720170000000005 0.035421000000000001
v -0.019591000000000001 0.35436590000000001 -0.0052750000000000002
v -0.031075999999999999 0.3508463 -0.0083705000000000012
v -0.0392628 0.34624910000000003 -0.0105793
v -0.044152900000000002 0.34139270000000005 -0.011901100000000001
v -0.045748000000000004 0.33709460000000002 -0.0123353
v 0.015656100000000003 0.35441810000000001 0.0121569
v 0.025095300000000001 0.35092970000000001 0.019409700000000002
v 0.031830700000000003 0.34635450000000001 0.0245807
v 0.035860799999999998 0.34151130000000002 0.027670600000000004
v 0.037184299999999997 0.33721760000000001 0.028679700000000002
v -0.020235600000000003 0.35436220000000002 -0.0013985
v -0.032103199999999998 0.35084040000000005 -0.0021927000000000001
v -0.040562900000000006 0.34624160000000004 -0.0027603000000000003
v -0.045616000000000004 0.34138420000000003 -0.0031011000000000003
v -0.047264500000000001 0.33708580000000005 -0.0032142999999999998
v 0.017735000000000001 0.35442410000000002 0.0088220999999999994
v 0.0284085 0.35093920000000001 0.014095400000000001
v 0.036024 0.34636650000000002 0.017854600000000002
v 0.040580200000000004 0.34152480000000002 0.020100300000000001
v 0.042075899999999999 0.33723160000000002 0.020833299999999999
v -0.020111500000000001 0.3543598 0.0025293
v -0.0319054 0.3508367 0.0040669
v -0.040312500000000001 0.34623680000000001 0.0051621000000000002
v -0.045334300000000001 0.34137890000000004 0.0058153000000000007
v -0.0469725 0.3370803 0.0060273000000000002
v 0.019123500000000002 0.35442900000000005 0.0051457000000000004
v 0.030621100000000002 0.35094700000000001 0.008236499999999999
v 0.038824500000000005 0.34637640000000003 0.010439400000000001
v 0.043732100000000003 0.34153600000000006 0.011754800000000001
v 0.045342700000000007 0.33724320000000002 0.0121835
v -0.019223500000000001 0.35435890000000003 0.0063575000000000012
v -0.030490299999999998 0.35083520000000001 0.010167500000000001
v -0.038521400000000004 0.34623500000000001 0.0128833
v -0.043318500000000003 0.34137680000000004 0.014505499999999999
v -0.044883100000000002 0.33707810000000005 0.0150343
v 0.019768000000000001 0.35443270000000004 0.0012693000000000001
v 0.031648300000000004 0.35095290000000001 0.0020587000000000001
v 0.040124500000000007 0.34638390000000002 0.0026204000000000002
v 0.045195200000000005 0.34154440000000003 0.0029548999999999999
v 0.046859200000000004 0.33725190000000005 0.0030623999999999998
v -0.017605699999999998 0.35435949999999999 0.0099387000000000017
v -0.027912100000000002 0.35083620000000004 0.015875
v -0.035258400000000002 0.34623620000000005 0.0201069
v -0.039646000000000001 0.34137810000000002 0.022635300000000001
v -0.041076700000000001 0.33707950000000003 0.023460800000000004
v 0.019643900000000002 0.3544351 -0.0026586000000000001
v 0.031450499999999999 0.35095670000000001 -0.0042007000000000008
v 0.039874199999999999 0.34638870000000005 -0.0053019
v 0.044913500000000002 0.34154980000000001 -0.0059616000000000009
v 0.046567200000000003 0.33725740000000004 -0.0061792000000000001
v -0.015320400000000001 0.3543615 0.013135600000000001
v -0.024270100000000003 0.35083940000000002 0.020969700000000001
v -0.0306488 0.34624030000000006 0.026555099999999998
v -0.034458100000000005 0.34138270000000004 0.029892500000000002
v -0.035699599999999998 0.3370843 0.030982599999999999
v 0.018755900000000002 0.35443600000000003 -0.0064866999999999998
v 0.030035300000000001 0.3509581 -0.0103015
v 0.038083100000000002 0.34639050000000005 -0.013023199999999999
v 0.042897600000000008 0.34155190000000002 -0.014651700000000002
v 0.044477800000000005 0.33725960000000005 -0.0151863
v -0.0250727 0.19442870000000001 -0.074472300000000005
v -0.010094100000000002 0.19445800000000002 -0.077946800000000011
v -0.039085500000000002 0.19439919999999999 -0.068142300000000003
v -0.051594200000000007 0.19437070000000001 -0.059200299999999997
v -0.062118100000000002 0.19434430000000003 -0.047989700000000003
v -0.070252599999999998 0.19432100000000002 -0.034941300000000002
v -0.075685200000000008 0.19430170000000002 -0.020556700000000001
v -0.078207200000000004 0.19428719999999999 -0.0053888
v -0.077721600000000002 0.19427800000000001 0.0099798999999999999
v -0.074246999999999994 0.19427450000000002 0.024958500000000002
v -0.067917099999999994 0.1942767 0.0389713
v -0.058975 0.1942847 0.051480100000000001
v -0.047764300000000003 0.194298 0.062004000000000004
v -0.034716000000000004 0.1943163 0.070138500000000006
v -0.020331500000000002 0.1943387 0.075571100000000002
v -0.0051635000000000006 0.19436450000000002 0.078093100000000013
v 0.010205100000000002 0.19439260000000003 0.077607499999999996
v 0.0251836 0.19442190000000001 0.074133000000000004
v 0.039196500000000002 0.19445140000000002 0.067803000000000002
v 0.0517052 0.19447990000000001 0.058860999999999997
v 0.062229000000000007 0.19450630000000002 0.047650400000000002
v 0.070363500000000009 0.1945296 0.034601900000000005
v 0.075796200000000008 0.19454890000000002 0.0202174
v 0.078318100000000002 0.19456340000000003 0.0050493000000000005
v 0.077832500000000013 0.19457260000000001 -0.010319200000000001
v 0.074357900000000005 0.19457610000000003 -0.025297799999999999
v 0.068027900000000002 0.19457390000000002 -0.039310700000000004
v 0.059085800000000001 0.19456590000000001 -0.051819400000000009
v 0.047875200000000007 0.19455260000000002 -0.062343300000000004
v 0.034826900000000001 0.19453430000000002 -0.070477800000000007
v 0.034826900000000001 0.19453430000000002 -0.070477800000000007
v 0.0204423 0.19451190000000002 -0.075910400000000003
v 0.0052743 0.1944861 -0.078432400000000013
v -0.022750900000000001 0.1906188 -0.067629900000000007
v -0.022750900000000001 0.1906188 -0.067629900000000007
v -0.0091523000000000004 0.19064540000000002 -0.070784400000000011
v -0.0091523000000000004 0.19064540000000002 -0.070784400000000011
v -0.035472900000000002 0.19059200000000001 -0.061883200000000006
v -0.035472900000000002 0.19059200000000001 -0.061883200000000006
v -0.046829300000000004 0.19056610000000002 -0.053764699999999999
v -0.046829300000000004 0.19056610000000002 -0.053764699999999999
v -0.056383700000000009 0.19054219999999999 -0.043586900000000005
v -0.056383700000000009 0.19054219999999999 -0.043586900000000005
v -0.063768900000000003 0.1905211 -0.031740600000000001
v -0.063768900000000003 0.1905211 -0.031740600000000001
v -0.068701100000000001 0.1905036 -0.018681200000000002
v -0.068701100000000001 0.1905036 -0.018681200000000002
v -0.070990700000000004 0.1904904 -0.0049104000000000005
v -0.070990700000000004 0.1904904 -0.0049104000000000005
v -0.070549799999999996 0.19048200000000001 0.0090424000000000008
v -0.070549799999999996 0.19048200000000001 0.0090424000000000008
v -0.067395300000000005 0.1904788 0.022641100000000001
v -0.067395300000000005 0.1904788 0.022641100000000001
v -0.061648499999999995 0.19048080000000001 0.035363200000000004
v -0.061648499999999995 0.19048080000000001 0.035363200000000004
v -0.053530100000000004 0.19048810000000002 0.046719500000000004
v -0.053530100000000004 0.19048810000000002 0.046719500000000004
v -0.043352300000000003 0.19050020000000001 0.056273900000000002
v -0.043352300000000003 0.19050020000000001 0.056273900000000002
v -0.031505999999999999 0.19051680000000001 0.06365910000000001
v -0.031505999999999999 0.19051680000000001 0.06365910000000001
v -0.018446500000000001 0.19053710000000001 0.068591400000000011
v -0.018446500000000001 0.19053710000000001 0.068591400000000011
v -0.0046757999999999999 0.19056050000000002 0.070881000000000013
v -0.0046757999999999999 0.19056050000000002 0.070881000000000013
v 0.0092770000000000005 0.19058600000000003 0.070440100000000005
v 0.0092770000000000005 0.19058600000000003 0.070440100000000005
v 0.022875699999999999 0.1906127 0.067285600000000001
v 0.022875699999999999 0.1906127 0.067285600000000001
v 0.035597700000000003 0.19063950000000002 0.061538900000000001
v 0.035597700000000003 0.19063950000000002 0.061538900000000001
v 0.046954000000000003 0.19066530000000001 0.053420400000000007
v 0.046954000000000003 0.19066530000000001 0.053420400000000007
v 0.056508400000000007 0.19068930000000001 0.043242599999999999
v 0.056508400000000007 0.19068930000000001 0.043242599999999999
v 0.063893599999999995 0.1907104 0.031396300000000002
v 0.063893599999999995 0.1907104 0.031396300000000002
v 0.068825700000000004 0.19072790000000001 0.0183368
v 0.068825700000000004 0.19072790000000001 0.0183368
v 0.071115399999999995 0.1907411 0.0045661
v 0.071115399999999995 0.1907411 0.0045661
v 0.070674500000000001 0.19074950000000002 -0.0093867000000000013
v 0.070674500000000001 0.19074950000000002 -0.0093867000000000013
v 0.067520000000000011 0.1907527 -0.022985500000000002
v 0.067520000000000011 0.1907527 -0.022985500000000002
v 0.061773100000000004 0.19075059999999999 -0.035707499999999996
v 0.061773100000000004 0.19075059999999999 -0.035707499999999996
v 0.053654800000000002 0.19074340000000001 -0.047063800000000003
v 0.053654800000000002 0.19074340000000001 -0.047063800000000003
v 0.043476900000000006 0.19073130000000002 -0.0566182
v 0.043476900000000006 0.19073130000000002 -0.0566182
v 0.031630600000000002 0.19071470000000001 -0.064003500000000005
v 0.031630600000000002 0.19071470000000001 -0.064003500000000005
v 0.031630600000000002 0.19071470000000001 -0.064003500000000005
v 0.0185712 0.19069440000000001 -0.068935700000000003
v 0.0185712 0.19069440000000001 -0.068935700000000003
v 0.0048003999999999998 0.19067100000000001 -0.071225300000000005
v 0.0048003999999999998 0.19067100000000001 -0.071225300000000005
v 0.0021857999999999999 0.25461680000000003 -0.033708700000000001
v -0.0044080000000000005 0.25460470000000002 -0.033500300000000004
v 0.016740100000000001 0.25460189999999999 0.029033400000000001
v 0.022106899999999999 0.25461420000000001 0.025196800000000005
v -0.0302189 0.25454599999999999 -0.015048900000000002
v -0.032549800000000004 0.25453769999999998 -0.0088772
v 0.026622200000000002 0.2546255 0.020386899999999999
v -0.033631800000000003 0.25453150000000002 -0.0023694000000000002
v 0.030112299999999998 0.25463550000000001 0.0147885
v -0.033423500000000002 0.25452750000000002 0.0042245
v 0.032443100000000002 0.25464370000000003 0.0086167999999999991
v -0.031932700000000001 0.25452599999999997 0.010650900000000001
v 0.033525199999999998 0.25464999999999999 0.0021090000000000002
v -0.029216900000000004 0.254527 0.016663300000000002
v 0.033316800000000001 0.25465390000000004 -0.0044847999999999997
v -0.025380300000000001 0.25453039999999999 0.0220301
v 0.031826 0.25465540000000003 -0.010911400000000002
v -0.020570400000000003 0.25453610000000004 0.026545300000000001
v 0.029110200000000003 0.25465450000000001 -0.0169236
v -0.014971999999999999 0.25454389999999999 0.0300355
v 0.025273600000000004 0.25465110000000002 -0.022290400000000002
v -0.0088003000000000005 0.25455359999999999 0.032366300000000001
v -0.0108345 0.25459219999999999 -0.032009599999999999
v 0.020463700000000001 0.25464530000000002 -0.026805600000000002
v -0.0022925000000000003 0.25456460000000003 0.033448400000000003
v -0.016846700000000003 0.25457950000000001 -0.029293700000000002
v 0.014865300000000001 0.25463750000000002 -0.030295699999999998
v 0.014865300000000001 0.25463750000000002 -0.030295699999999998
v 0.0043013000000000001 0.25457670000000004 0.033239999999999999
v -0.0222136 0.2545673 -0.0254571
v 0.008693600000000001 0.25462790000000002 -0.032626599999999999
v 0.0107279 0.25458930000000002 0.031749300000000001
v -0.026728800000000004 0.254556 -0.020647200000000001
v 0.035138700000000002 0.2516757 0.0022143000000000002
v -0.030608200000000002 0.25154680000000001 0.017465600000000001
v -0.0046112000000000002 0.25162830000000003 -0.035100399999999997
v 0.034920400000000004 0.25167980000000001 -0.0046953000000000003
v -0.026587899999999998 0.2515503 0.0230894
v 0.033358199999999998 0.2516814 -0.011429700000000001
v -0.0215476 0.25155630000000001 0.027820899999999999
v 0.030512299999999999 0.25168040000000003 -0.0177298
v -0.0156811 0.25156459999999997 0.031478100000000002
v 0.026491900000000002 0.25167679999999998 -0.023353600000000002
v -0.0092139000000000006 0.25157460000000004 0.033920699999999998
v -0.011345500000000001 0.25161509999999998 -0.0335383
v 0.021451700000000004 0.25167080000000003 -0.028085100000000002
v -0.0023944000000000001 0.25158619999999998 0.035054600000000005
v -0.017645600000000001 0.25160179999999999 -0.030692500000000001
v 0.0155852 0.25166260000000001 -0.0317425
v 0.0155852 0.25166260000000001 -0.0317425
v 0.0045152999999999999 0.25159890000000001 0.034836200000000005
v -0.023269500000000002 0.25158900000000001 -0.026672100000000001
v 0.0091179 0.2516525 -0.034185
v 0.0112496 0.25161210000000001 0.033274100000000001
v -0.028000999999999998 0.2515771 -0.021631800000000003
v 0.0022984000000000004 0.2516409 -0.035318800000000004
v 0.017549699999999998 0.2516253 0.030428200000000002
v -0.0316583 0.25156670000000003 -0.015765299999999999
v 0.023173600000000003 0.25163810000000003 0.026407799999999999
v -0.034100800000000001 0.251558 -0.0092981999999999995
v 0.027905100000000002 0.25165000000000004 0.0213676
v -0.035234599999999998 0.25155150000000004 -0.0024785000000000002
v 0.031562400000000004 0.25166050000000001 0.015501100000000002
v -0.0350163 0.25154730000000003 0.0044311000000000003
v 0.034004899999999998 0.25166909999999998 0.0090337999999999998
v -0.033454100000000001 0.25154570000000004 0.011165400000000001
v -0.0043836000000000005 0.19061630000000002 -0.0133185
v -0.0017334 0.1906215 -0.013933200000000001
v -0.0068628999999999999 0.19061110000000003 -0.012198500000000001
v -0.009075999999999999 0.1906061 -0.0106164
v -0.010938000000000002 0.19060140000000003 -0.008633
v -0.012377300000000001 0.1905973 -0.0063242999999999997
v -0.013338500000000001 0.19059390000000001 -0.0037793000000000002
v -0.0137847 0.19059130000000002 -0.0010956000000000002
v -0.013698700000000001 0.1905897 0.0016236000000000002
v -0.013084000000000002 0.19058910000000001 0.0042738000000000003
v -0.011964000000000001 0.1905895 0.0067530000000000012
v -0.010381899999999999 0.19059090000000001 0.0089662000000000006
v -0.0083984000000000003 0.19059320000000002 0.010828200000000001
v -0.0060898000000000002 0.1905964 0.012267500000000001
v -0.0035447 0.1906004 0.0132286
v -0.000861 0.19060500000000002 0.013674900000000002
v 0.0018581000000000001 0.19061 0.013588900000000001
v 0.0045082999999999998 0.19061520000000001 0.0129742
v 0.0069876000000000001 0.19062040000000002 0.011854200000000001
v 0.0092008000000000003 0.1906254 0.010272100000000001
v 0.011062700000000002 0.19063010000000002 0.0082887000000000013
v 0.012501999999999999 0.1906342 0.0059800000000000001
v 0.0134631 0.19063760000000002 0.0034348999999999998
v 0.013909400000000001 0.19064020000000001 0.00075129999999999999
v 0.013823500000000001 0.1906418 -0.0019678999999999999
v 0.013208700000000002 0.19064239999999999 -0.0046181
v 0.012088700000000001 0.19064200000000001 -0.0070974000000000002
v 0.010506600000000001 0.19064060000000002 -0.0093104999999999993
v 0.0085231000000000005 0.19063830000000001 -0.011172500000000002
v 0.0062145000000000004 0.190635 -0.012611800000000001
v 0.0036693999999999997 0.19063110000000003 -0.013572899999999999
v 0.00098569999999999994 0.19062650000000003 -0.014019200000000002
vt 0.53491199016571045 0.56592100858688354
vt 0.53580701351165771 0.57042098045349121
vt 0.53580701351165771 0.57500797510147095
vt 0.53491199016571045 0.57950800657272339
vt 0.53315597772598267 0.58374601602554321
vt 0.53060799837112427 0.58755999803543091
vt 0.52736401557922363 0.59080398082733154
vt 0.52354902029037476 0.59335297346115112
vt 0.51931101083755493 0.59510797262191772
vt 0.51481199264526367 0.59600299596786499
vt 0.51022398471832275 0.59600299596786499
vt 0.50572502613067627 0.59510797262191772
vt 0.50148701667785645 0.59335297346115112
vt 0.49767199158668518 0.59080398082733154
vt 0.49442899227142334 0.58755999803543091
vt 0.49187999963760376 0.58374601602554321
vt 0.49012398719787598 0.57950800657272339
vt 0.4892289936542511 0.57500797510147095
vt 0.4892289936542511 0.57042098045349121
vt 0.49012398719787598 0.56592100858688354
vt 0.49187999963760376 0.56168299913406372
vt 0.49442899227142334 0.55786901712417603
vt 0.49767199158668518 0.55462497472763062
vt 0.50148701667785645 0.55207598209381104
vt 0.50572502613067627 0.55032098293304443
vt 0.51022398471832275 0.54942601919174194
vt 0.51481199264526367 0.54942601919174194
vt 0.51931101083755493 0.55032098293304443
vt 0.52354902029037476 0.55207598209381104
vt 0.52736401557922363 0.55462497472763062
vt 0.53060799837112427 0.55786901712417603
vt 0.53315597772598267 0.56168299913406372
vt 0.23839199542999268 0.081766001880168915
vt 0.043758001178503036 0.46777099370956421
vt 0.24249500036239624 0.098909996449947357
vt 0.037510000169277191 0.48735100030899048
vt 0.24875199794769287 0.11540500074625015
vt 0.031608998775482178 0.50681698322296143
vt 0.25694999098777771 0.13104799389839172
vt 0.026110999286174774 0.52616500854492188
vt 0.26689600944519043 0.14566799998283386
vt 0.021061999723315239 0.54539698362350464
vt 0.27840700745582581 0.15911400318145752
vt 0.016504000872373581 0.56451499462127686
vt 0.29131001234054565 0.17125199735164642
vt 0.012465000152587891 0.5835229754447937
vt 0.3054330050945282 0.18196399509906769
vt 0.0089720003306865692 0.6024240255355835
vt 0.32060599327087402 0.19114699959754944
vt 0.0060419999063014984 0.62122100591659546
vt 0.336652010679245 0.19871300458908081
vt 0.00368899991735816 0.63991600275039673
vt 0.35339599847793579 0.20458899438381195
vt 0.0019229999743402004 0.65851300954818726
vt 0.37065500020980835 0.20871900022029877
vt 0.00074799999129027128 0.67701202630996704
vt 0.38824799656867981 0.21106499433517456
vt 0.00016300000424962491 0.69541299343109131
vt 0.40599000453948975 0.21160399913787842
vt 0.00016300000424962491 0.71371698379516602
vt 0.42369699478149414 0.21033400297164917
vt 0.0007379999733529985 0.73192399740219116
vt 0.44118699431419373 0.20726600289344788
vt 0.0018729999428614974 0.75003701448440552
vt 0.45827800035476685 0.20243099331855774
vt 0.0035500000230967999 0.76806002855300903
vt 0.47479701042175293 0.19587600231170654
vt 0.0057489997707307339 0.78599798679351807
vt 0.4905720055103302 0.18766200542449951
vt 0.0084429997950792313 0.80386000871658325
vt 0.50544202327728271 0.17786499857902527
vt 0.011605000123381615 0.82165801525115967
vt 0.51924902200698853 0.16657300293445587
vt 0.015201999805867672 0.83940500020980835
vt 0.53184401988983154 0.15388500690460205
vt 0.019199000671505928 0.85711801052093506
vt 0.54308402538299561 0.13990800082683563
vt 0.023556999862194061 0.87481802701950073
vt 0.55282700061798096 0.1247590035200119
vt 0.028234999626874924 0.89252400398254395
vt 0.56092798709869385 0.10856100171804428
vt 0.033188998699188232 0.91026002168655396
vt 0.56723099946975708 0.09144899994134903
vt 0.038373999297618866 0.92804402112960815
vt 0.57155698537826538 0.07357499748468399
vt 0.043740998953580856 0.94589298963546753
vt 0.57368898391723633 0.055130999535322189
vt 0.049244999885559082 0.96381402015686035
vt 0.57335197925567627 0.036382000893354416
vt 0.054843001067638397 0.98180299997329712
vt 0.57020300626754761 0.017736999318003654
vt 0.24143899977207184 0.029353000223636627
vt 0.063900001347064972 0.40851300954818726
vt 0.060492001473903656 0.99983698129653931
vt 0.2376209944486618 0.046604998409748077
vt 0.057030998170375824 0.42832300066947937
vt 0.23668299615383148 0.064222998917102814
vt 0.050289001315832138 0.44808799028396606
vt 0.68466299772262573 0.20525400340557098
vt 0.6634330153465271 0.19182600080966949
vt 0.64024001359939575 0.17728599905967712
vt 0.61303901672363281 0.16049399971961975
vt 0.5798109769821167 0.14047800004482269
vt 0.58969402313232422 0.1213809996843338
vt 0.62523502111434937 0.1380700021982193
vt 0.65428102016448975 0.15236799418926239
vt 0.67893302440643311 0.16489000618457794
vt 0.70137399435043335 0.17650699615478516
vt 0.31048700213432312 0.35022500157356262
vt 0.3173690140247345 0.32612299919128418
vt 0.32486799359321594 0.30013701319694519
vt 0.33369401097297668 0.2700900137424469
vt 0.34459498524665833 0.23385900259017944
vt 0.36489498615264893 0.23873500525951385
vt 0.3577519953250885 0.27586999535560608
vt 0.35203400254249573 0.30663099884986877
vt 0.34721401333808899 0.33321601152420044
vt 0.3428109884262085 0.35786199569702148
vt 0.59758400917053223 0.10107900202274323
vt 0.63532501459121704 0.11416500061750412
vt 0.66617602109909058 0.12587900459766388
vt 0.69222599267959595 0.13641500473022461
vt 0.71576201915740967 0.14631600677967072
vt 0.38558098673820496 0.24151100218296051
vt 0.38225799798965454 0.27916800975799561
vt 0.37969601154327393 0.31033098697662354
vt 0.37759500741958618 0.33724498748779297
vt 0.37570899724960327 0.36218801140785217
vt 0.60328102111816406 0.079654999077320099
vt 0.64317697286605835 0.088766999542713165
vt 0.67592698335647583 0.097796998918056488
vt 0.70344400405883789 0.10643800348043442
vt 0.72805899381637573 0.11482899636030197
vt 0.40643900632858276 0.24216499924659729
vt 0.40696200728416443 0.27995899319648743
vt 0.40757200121879578 0.31120699644088745
vt 0.40820598602294922 0.33817899227142334
vt 0.40884900093078613 0.36316698789596558
vt 0.60651099681854248 0.057179000228643417
vt 0.64859098196029663 0.061758998781442642
vt 0.68354302644729614 0.06791599839925766
vt 0.71283400058746338 0.07479500025510788
vt 0.73870998620986938 0.082036003470420837
vt 0.42725399136543274 0.24069499969482422
vt 0.43161201477050781 0.27823901176452637
vt 0.43538200855255127 0.30925801396369934
vt 0.43873599171638489 0.33601599931716919
vt 0.441895991563797 0.36079800128936768
vt 0.08010999858379364 0.11884599924087524
vt 0.10627599805593491 0.11047899723052979
vt 0.13498499989509583 0.10233999788761139
vt 0.16834700107574463 0.094382002949714661
vt 0.20777900516986847 0.086878001689910889
vt 0.21299199759960175 0.107914999127388
vt 0.17550100386142731 0.12001100182533264
vt 0.14413900673389435 0.13132199645042419
vt 0.11722099781036377 0.14194700121879578
vt 0.092610001564025879 0.15231400728225708
vt 0.60687100887298584 0.033732000738382339
vt 0.65120601654052734 0.032866001129150391
vt 0.68897998332977295 0.035718001425266266
vt 0.72077202796936035 0.040940999984741211
vt 0.74849498271942139 0.04758099839091301
vt 0.44781601428985596 0.23711599409580231
vt 0.45596000552177429 0.27403199672698975
vt 0.46284601092338562 0.30450901389122009
vt 0.46887999773025513 0.33078500628471375
vt 0.47451800107955933 0.35511100292205811
vt 0.22067999839782715 0.12790100276470184
vt 0.18532900512218475 0.14409500360488892
vt 0.15595999360084534 0.15845699608325958
vt 0.13077700138092041 0.17145200073719025
vt 0.10769300162792206 0.18383699655532837
vt 0.21069400012493134 0.019749000668525696
vt 0.60374897718429565 0.0094710001721978188
vt 0.16745199263095856 0.0082559995353221893
vt 0.65027600526809692 0.0016270000487565994
vt 0.12681899964809418 0.0017590000061318278
vt 0.69188499450683594 0.00016300000424962491
vt 0.089653998613357544 0.00016399999731220305
vt 0.7276110053062439 0.0035139999818056822
vt 0.05532500147819519 0.0028029999230057001
vt 0.75858002901077271 0.010162999853491783
vt 0.46791499853134155 0.23146599531173706
vt 0.47976300120353699 0.26738300919532776
vt 0.48968899250030518 0.29701599478721619
vt 0.49833598732948303 0.32254800200462341
vt 0.50638800859451294 0.34617599844932556
vt 0.23058199882507324 0.14668700098991394
vt 0.19757600128650665 0.1665789932012558
vt 0.17027699947357178 0.18375100195407867
vt 0.1468760073184967 0.19899900257587433
vt 0.12538699805736542 0.21336199343204498
vt 0.20617100596427917 0.042447999119758606
vt 0.16363599896430969 0.038485001772642136
vt 0.1257459968328476 0.038043998181819916
vt 0.092362001538276672 0.040495999157428741
vt 0.061987999826669693 0.045127999037504196
vt 0.4873499870300293 0.22380100190639496
vt 0.50278401374816895 0.25836101174354553
vt 0.5156480073928833 0.28685799241065979
vt 0.52681398391723633 0.31139698624610901
vt 0.53718799352645874 0.33409500122070313
vt 0.2424750030040741 0.16413499414920807
vt 0.21202899515628815 0.18737399578094482
vt 0.18692600727081299 0.20713299512863159
vt 0.16541099548339844 0.22449700534343719
vt 0.14562800526618958 0.24075199663639069
vt 0.20536600053310394 0.064970999956130981
vt 0.16421400010585785 0.067212998867034912
vt 0.12872399389743805 0.071365997195243835
vt 0.097972996532917023 0.076849997043609619
vt 0.070031002163887024 0.083302997052669525
vt 0.50592499971389771 0.21419300138950348
vt 0.52480000257492065 0.24705499410629272
vt 0.54047101736068726 0.27414199709892273
vt 0.55403602123260498 0.29745399951934814
vt 0.56661802530288696 0.31900298595428467
vt 0.25615599751472473 0.18011200428009033
vt 0.22848899662494659 0.20636700093746185
vt 0.20573300123214722 0.22848699986934662
vt 0.1862339973449707 0.24780799448490143
vt 0.16829100251197815 0.26582899689674377
vt 0.52345597743988037 0.20273000001907349
vt 0.54559797048568726 0.2335750013589859
vt 0.56392401456832886 0.25899899005889893
vt 0.57974797487258911 0.28086799383163452
vt 0.59439897537231445 0.30107000470161438
vt 0.27143099904060364 0.19449299573898315
vt 0.24675899744033813 0.22343400120735168
vt 0.2265080064535141 0.24767599999904633
vt 0.20916399359703064 0.26877200603485107
vt 0.19319699704647064 0.28840601444244385
vt 0.53976899385452271 0.18951499462127686
vt 0.56498599052429199 0.21804499626159668
vt 0.58579599857330322 0.24157699942588806
vt 0.60371899604797363 0.26181399822235107
vt 0.62028199434280396 0.28049400448799133
vt 0.28810998797416687 0.20715799927711487
vt 0.26663300395011902 0.23845100402832031
vt 0.24904200434684753 0.26456201076507568
vt 0.23398900032043457 0.28723001480102539
vt 0.22012999653816223 0.30829700827598572
vt 0.55470001697540283 0.17465800046920776
vt 0.58278799057006836 0.20059800148010254
vt 0.60590201616287231 0.22203999757766724
vt 0.62575197219848633 0.24048499763011932
vt 0.64405298233032227 0.25750100612640381
vt 0.30599701404571533 0.21800099313259125
vt 0.28789699077606201 0.25130099058151245
vt 0.27311098575592041 0.27901199460029602
vt 0.26047301292419434 0.30302798748016357
vt 0.2488429993391037 0.3253290057182312
vt 0.56809699535369873 0.15827399492263794
vt 0.59885001182556152 0.18137200176715851
vt 0.62408798933029175 0.20055599510669708
vt 0.64569199085235596 0.21708700060844421
vt 0.66554898023605347 0.23233599960803986
vt 0.32489299774169922 0.2269279956817627
vt 0.31032800674438477 0.26187700033187866
vt 0.29847100377082825 0.29090398550033569
vt 0.28835800290107727 0.31603100895881653
vt 0.2790600061416626 0.33934700489044189
vt 0.20365600287914276 0.52645301818847656
vt 0.19393099844455719 0.5434269905090332
vt 0.18483899533748627 0.55962997674942017
vt 0.17653399705886841 0.57517701387405396
vt 0.16905499994754791 0.59019201993942261
vt 0.16240799427032471 0.60478800535202026
vt 0.15658600628376007 0.61905300617218018
vt 0.15157200396060944 0.63305801153182983
vt 0.14734199643135071 0.64685302972793579
vt 0.14386099576950073 0.66047501564025879
vt 0.1410519927740097 0.67397600412368774
vt 0.13903400301933289 0.68741899728775024
vt 0.1377519965171814 0.70079398155212402
vt 0.13717800378799438 0.71412199735641479
vt 0.13729900121688843 0.72742700576782227
vt 0.1381089985370636 0.74073302745819092
vt 0.13960699737071991 0.75406599044799805
vt 0.14179199934005737 0.76745200157165527
vt 0.14466799795627594 0.78092199563980103
vt 0.14823800325393677 0.79451102018356323
vt 0.15250499546527863 0.80826002359390259
vt 0.15747000277042389 0.82221800088882446
vt 0.16312000155448914 0.83644402027130127
vt 0.16942200064659119 0.85101699829101563
vt 0.17632900178432465 0.86609798669815063
vt 0.18384100496768951 0.88164001703262329
vt 0.19175699353218079 0.89780700206756592
vt 0.19982600212097168 0.91471999883651733
vt 0.20770999789237976 0.93247801065444946
vt 0.2150149941444397 0.95111697912216187
vt 0.23346899449825287 0.46840199828147888
vt 0.22390000522136688 0.48902401328086853
vt 0.21376900374889374 0.50835400819778442
vt 0.26569899916648865 0.57739198207855225
vt 0.25152501463890076 0.58906197547912598
vt 0.23943799734115601 0.60019898414611816
vt 0.22904600203037262 0.61101800203323364
vt 0.2200859934091568 0.62164902687072754
vt 0.21237200498580933 0.63216698169708252
vt 0.20576900243759155 0.64261800050735474
vt 0.20017600059509277 0.65302902460098267
vt 0.19551500678062439 0.66341900825500488
vt 0.19172599911689758 0.67379802465438843
vt 0.18876700103282928 0.68417900800704956
vt 0.18660199642181396 0.69456601142883301
vt 0.18521800637245178 0.70494598150253296
vt 0.18459099531173706 0.71532797813415527
vt 0.18471500277519226 0.72571498155593872
vt 0.18558800220489502 0.73610901832580566
vt 0.18721500039100647 0.74651497602462769
vt 0.18960900604724884 0.75693899393081665
vt 0.19279100000858307 0.76739001274108887
vt 0.19679099321365356 0.77788197994232178
vt 0.20164899528026581 0.78843802213668823
vt 0.20741899311542511 0.7990880012512207
vt 0.21418100595474243 0.8098829984664917
vt 0.2220579981803894 0.82090002298355103
vt 0.23112000524997711 0.8322330117225647
vt 0.24158599972724915 0.84410500526428223
vt 0.25370600819587708 0.85681402683258057
vt 0.26778599619865417 0.8708609938621521
vt 0.28437900543212891 0.88728499412536621
vt 0.30475500226020813 0.90828102827072144
vt 0.33039700984954834 0.5327720046043396
vt 0.30329900979995728 0.5505179762840271
vt 0.28256699442863464 0.56480401754379272
vt 0.1521259993314743 0.66245198249816895
vt 0.15986700356006622 0.66439497470855713
vt 0.16689300537109375 0.66626197099685669
vt 0.17430299520492554 0.66833400726318359
vt 0.18265700340270996 0.67089998722076416
vt 0.17972500622272491 0.68197399377822876
vt 0.17144200205802917 0.68002998828887939
vt 0.16389399766921997 0.67840200662612915
vt 0.15685899555683136 0.67695599794387817
vt 0.1492139995098114 0.67546498775482178
vt 0.17845900356769562 0.8468170166015625
vt 0.18699599802494049 0.84258902072906494
vt 0.19476699829101563 0.83844500780105591
vt 0.20297500491142273 0.83371597528457642
vt 0.21220999956130981 0.82790100574493408
vt 0.22089199721813202 0.84023600816726685
vt 0.21128199994564056 0.84676802158355713
vt 0.20256899297237396 0.85223299264907837
vt 0.19444000720977783 0.85688501596450806
vt 0.18565599620342255 0.86154097318649292
vt 0.17755900323390961 0.69303101301193237
vt 0.16926300525665283 0.69165998697280884
vt 0.16180099546909332 0.6905059814453125
vt 0.15480999648571014 0.68948602676391602
vt 0.14717899262905121 0.68844699859619141
vt 0.23077699542045593 0.85327202081680298
vt 0.22058099508285522 0.86066097021102905
vt 0.21138900518417358 0.86660999059677124
vt 0.20281699299812317 0.87167000770568848
vt 0.19356299936771393 0.8767169713973999
vt 0.17617100477218628 0.70406198501586914
vt 0.16787900030612946 0.70325201749801636
vt 0.16044500470161438 0.70257198810577393
vt 0.15347899496555328 0.70197397470474243
vt 0.14586900174617767 0.70137602090835571
vt 0.24196100234985352 0.86726498603820801
vt 0.23088400065898895 0.8754810094833374
vt 0.22097499668598175 0.88193100690841675
vt 0.21180200576782227 0.8873329758644104
vt 0.20197699964046478 0.89265900850296021
vt 0.17554299533367157 0.7150840163230896
vt 0.16725100576877594 0.71482598781585693
vt 0.15982699394226074 0.71461302042007446
vt 0.15287099778652191 0.71443098783493042
vt 0.14527599513530731 0.71426600217819214
vt 0.25452598929405212 0.88274401426315308
vt 0.24210600554943085 0.89170998334884644
vt 0.23116600513458252 0.89852100610733032
vt 0.22119000554084778 0.90410298109054565
vt 0.21064700186252594 0.90952897071838379
vt 0.17566199600696564 0.7261049747467041
vt 0.16736499965190887 0.72639501094818115
vt 0.1599390059709549 0.72664499282836914
vt 0.15298299491405487 0.72687500715255737
vt 0.14539100229740143 0.7271379828453064
vt 0.21441400051116943 0.53293102979660034
vt 0.22469499707221985 0.53963500261306763
vt 0.2340719997882843 0.54641497135162354
vt 0.24395400285720825 0.55439800024032593
vt 0.25468999147415161 0.56473201513290405
vt 0.24126900732517242 0.57822102308273315
vt 0.23138700425624847 0.56924301385879517
vt 0.2221820056438446 0.56187599897384644
vt 0.21349300444126129 0.55562400817871094
vt 0.2040410041809082 0.54942500591278076
vt 0.26844999194145203 0.90063798427581787
vt 0.25391200184822083 0.91000497341156006
vt 0.24155299365520477 0.91678202152252197
vt 0.23058499395847321 0.92222201824188232
vt 0.21920399367809296 0.92748397588729858
vt 0.17652599513530731 0.73713397979736328
vt 0.16821500658988953 0.73797100782394409
vt 0.16077700257301331 0.73868298530578613
vt 0.15381099283695221 0.73932498693466187
vt 0.14620999991893768 0.74001401662826538
vt 0.22963500022888184 0.59082597494125366
vt 0.22028499841690063 0.58291798830032349
vt 0.21166199445724487 0.57641297578811646
vt 0.20347799360752106 0.57079702615737915
vt 0.19447900354862213 0.565155029296875
vt 0.28305900096893311 0.92253601551055908
vt 0.30953499674797058 0.51046502590179443
vt 0.29018101096153259 0.49665498733520508
vt 0.26525199413299561 0.93116599321365356
vt 0.27421200275421143 0.48772001266479492
vt 0.25117498636245728 0.93698400259017944
vt 0.26066499948501587 0.48092898726463318
vt 0.2392909973859787 0.94172400236129761
vt 0.24709999561309814 0.4743880033493042
vt 0.22721199691295624 0.94658100605010986
vt 0.17813700437545776 0.74818098545074463
vt 0.16980299353599548 0.74957001209259033
vt 0.16234299540519714 0.75074702501296997
vt 0.15535500645637512 0.7518010139465332
vt 0.14773100614547729 0.75291699171066284
vt 0.21952499449253082 0.60289198160171509
vt 0.2105260044336319 0.59597098827362061
vt 0.20227299630641937 0.59023499488830566
vt 0.19444100558757782 0.58523297309875488
vt 0.18580399453639984 0.58016902208328247
vt 0.28833299875259399 0.532600998878479
vt 0.27363300323486328 0.51952201128005981
vt 0.26058000326156616 0.51005798578262329
vt 0.2487809956073761 0.50258797407150269
vt 0.23645800352096558 0.49556198716163635
vt 0.18050600588321686 0.75925999879837036
vt 0.17213800549507141 0.76120901107788086
vt 0.16464300453662872 0.76285499334335327
vt 0.15761999785900116 0.76432698965072632
vt 0.14995600283145905 0.76587200164794922
vt 0.21074299514293671 0.61461502313613892
vt 0.20197999477386475 0.60858100652694702
vt 0.19397899508476257 0.6035500168800354
vt 0.18639600276947021 0.59913700819015503
vt 0.17803500592708588 0.59464401006698608
vt 0.27020299434661865 0.54990899562835693
vt 0.25801798701286316 0.53824198246002197
vt 0.24688799679279327 0.52932602167129517
vt 0.23651100695133209 0.52202999591827393
vt 0.22535799443721771 0.51499998569488525
vt 0.18365100026130676 0.7703850269317627
vt 0.17523199319839478 0.77290797233581543
vt 0.16768600046634674 0.77503401041030884
vt 0.16061200201511383 0.77692902088165283
vt 0.15289199352264404 0.77890902757644653
vt 0.20314300060272217 0.62610697746276855
vt 0.19453999400138855 0.62088000774383545
vt 0.18671600520610809 0.61650300025939941
vt 0.1793150007724762 0.61264598369598389
vt 0.17116299271583557 0.60870599746704102
vt 0.18759499490261078 0.78157901763916016
vt 0.17910599708557129 0.78469502925872803
vt 0.17148900032043457 0.78731399774551392
vt 0.16434399783611298 0.78964000940322876
vt 0.1565449982881546 0.79206001758575439
vt 0.19661299884319305 0.63744199275970459
vt 0.1881210058927536 0.63295602798461914
vt 0.18042400479316711 0.62919002771377563
vt 0.17315800487995148 0.62586098909378052
vt 0.16516399383544922 0.62245100736618042
vt 0.19237299263477325 0.79287302494049072
vt 0.18378600478172302 0.79660701751708984
vt 0.17607200145721436 0.79973298311233521
vt 0.16883000731468201 0.80250102281570435
vt 0.1609250009059906 0.80536901950836182
vt 0.19106599688529968 0.64866697788238525
vt 0.18264999985694885 0.64486998319625854
vt 0.17504900693893433 0.64167898893356323
vt 0.16788400709629059 0.63885200023651123
vt 0.16001099348068237 0.63595300912857056
vt 0.19802899658679962 0.80431097745895386
vt 0.18930499255657196 0.80869299173355103
vt 0.1814579963684082 0.81234502792358398
vt 0.17408700287342072 0.81556499004364014
vt 0.16603699326515198 0.81888502836227417
vt 0.18643200397491455 0.65981298685073853
vt 0.17806699872016907 0.6566619873046875
vt 0.1705469936132431 0.65402001142501831
vt 0.16346000134944916 0.65167802572250366
vt 0.15567600727081299 0.6492689847946167
vt 0.20461800694465637 0.8159559965133667
vt 0.19569599628448486 0.8210260272026062
vt 0.18767599761486053 0.82521700859069824
vt 0.18013100326061249 0.82889902591705322
vt 0.17188599705696106 0.83267498016357422
vt 0.28793299198150635 0.69786602258682251
vt 0.36972200870513916 0.75133699178695679
vt 0.28528401255607605 0.6977660059928894
vt 0.37014099955558777 0.74922901391983032
vt 0.28271898627281189 0.69808799028396606
vt 0.37014099955558777 0.74708002805709839
vt 0.28028801083564758 0.69878602027893066
vt 0.36972200870513916 0.74497097730636597
vt 0.2780269980430603 0.69981098175048828
vt 0.36889898777008057 0.74298602342605591
vt 0.27596300840377808 0.70112001895904541
vt 0.36770498752593994 0.74119800329208374
vt 0.27411401271820068 0.70267099142074585
vt 0.36618500947952271 0.73967897891998291
vt 0.27249601483345032 0.70442700386047363
vt 0.36439800262451172 0.73848402500152588
vt 0.27111700177192688 0.70635300874710083
vt 0.36241200566291809 0.73766201734542847
vt 0.26998600363731384 0.70841699838638306
vt 0.36030399799346924 0.73724198341369629
vt 0.26910701394081116 0.71058899164199829
vt 0.35815399885177612 0.73724198341369629
vt 0.26848399639129639 0.71284002065658569
vt 0.35604599118232727 0.73766201734542847
vt 0.26794001460075378 0.71510797739028931
vt 0.35405999422073364 0.73848402500152588
vt 0.26783499121665955 0.71743297576904297
vt 0.35227298736572266 0.73967897891998291
vt 0.26798999309539795 0.71975797414779663
vt 0.35075300931930542 0.74119800329208374
vt 0.26840400695800781 0.72205698490142822
vt 0.34955900907516479 0.74298602342605591
vt 0.26907399296760559 0.72430598735809326
vt 0.3487359881401062 0.74497097730636597
vt 0.26999801397323608 0.72647702693939209
vt 0.34831699728965759 0.74708002805709839
vt 0.27117100358009338 0.72854501008987427
vt 0.34831699728965759 0.74922901391983032
vt 0.27258700132369995 0.73048001527786255
vt 0.3487359881401062 0.75133699178695679
vt 0.27423900365829468 0.73225301504135132
vt 0.34955900907516479 0.7533230185508728
vt 0.27611801028251648 0.73383402824401855
vt 0.35075300931930542 0.75511002540588379
vt 0.27821001410484314 0.73518699407577515
vt 0.35227298736572266 0.75663000345230103
vt 0.28049799799919128 0.73627501726150513
vt 0.35405999422073364 0.75782400369644165
vt 0.28296101093292236 0.73705899715423584
vt 0.35604599118232727 0.75864702463150024
vt 0.28557100892066956 0.73749202489852905
vt 0.35815399885177612 0.75906598567962646
vt 0.28836199641227722 0.737621009349823
vt 0.36030399799346924 0.75906598567962646
vt 0.29113000631332397 0.7372099757194519
vt 0.36241200566291809 0.75864702463150024
vt 0.29387399554252625 0.73629599809646606
vt 0.36439800262451172 0.75782400369644165
vt 0.2964949905872345 0.7348330020904541
vt 0.29551398754119873 0.70117497444152832
vt 0.36618500947952271 0.75663000345230103
vt 0.29311299324035645 0.69956099987030029
vt 0.36770498752593994 0.75511002540588379
vt 0.29052099585533142 0.69847398996353149
vt 0.36889898777008057 0.7533230185508728
vt 0.18942900002002716 0.70533299446105957
vt 0.19446399807929993 0.70581799745559692
vt 0.20229600369930267 0.70663899183273315
vt 0.2139659970998764 0.70799702405929565
vt 0.23220300674438477 0.71036100387573242
vt 0.23175500333309174 0.71669101715087891
vt 0.21340599656105042 0.71605598926544189
vt 0.20166699588298798 0.71569597721099854
vt 0.19383800029754639 0.71550500392913818
vt 0.18880200386047363 0.7154039740562439
vt 0.25895598530769348 0.85132497549057007
vt 0.26494899392127991 0.84429502487182617
vt 0.27346700429916382 0.8324580192565918
vt 0.28321799635887146 0.81313800811767578
vt 0.29066300392150879 0.78272002935409546
vt 0.30157899856567383 0.78307700157165527
vt 0.29831099510192871 0.81802099943161011
vt 0.28926301002502441 0.84154099225997925
vt 0.28032898902893066 0.85597002506256104
vt 0.27370300889015198 0.86439800262451172
vt 0.23194399476051331 0.72303599119186401
vt 0.21356000006198883 0.72413402795791626
vt 0.20179399847984314 0.72477102279663086
vt 0.19396199285984039 0.72520202398300171
vt 0.18892499804496765 0.7254830002784729
vt 0.27046799659729004 0.58376097679138184
vt 0.27569100260734558 0.59177201986312866
vt 0.28258898854255676 0.60487097501754761
vt 0.28979200124740601 0.62523198127746582
vt 0.29340898990631104 0.6553339958190918
vt 0.28382399678230286 0.65629297494888306
vt 0.27659898996353149 0.62953299283981323
vt 0.26822799444198608 0.61218202114105225
vt 0.26114898920059204 0.601173996925354
vt 0.25605800747871399 0.59444200992584229
vt 0.31354698538780212 0.7814440131187439
vt 0.31650200486183167 0.82139098644256592
vt 0.30902001261711121 0.85079401731491089
vt 0.29927998781204224 0.86910802125930786
vt 0.29150000214576721 0.87952500581741333
vt 0.23277199268341064 0.72935998439788818
vt 0.2144320011138916 0.73220902681350708
vt 0.2026669979095459 0.73385000228881836
vt 0.19483700394630432 0.73490399122238159
vt 0.1897989958524704 0.73556798696517944
vt 0.2751300036907196 0.65849798917770386
vt 0.26525500416755676 0.63479799032211304
vt 0.25606200098991394 0.61990499496459961
vt 0.24885199964046478 0.61053299903869629
vt 0.24383200705051422 0.60479700565338135
vt 0.32632899284362793 0.7771340012550354
vt 0.3260590136051178 0.66412001848220825
vt 0.34344899654388428 0.62521302700042725
vt 0.33875900506973267 0.82201302051544189
vt 0.3479900062084198 0.58931201696395874
vt 0.33487600088119507 0.86006098985671997
vt 0.34401199221611023 0.56224000453948975
vt 0.32392698526382446 0.88501501083374023
vt 0.33761900663375854 0.54549497365951538
vt 0.31403601169586182 0.89864802360534668
vt 0.23424799740314484 0.73562902212142944
vt 0.2160319983959198 0.7402610182762146
vt 0.20429199934005737 0.74292397499084473
vt 0.19646699726581573 0.7446100115776062
vt 0.19142900407314301 0.74566102027893066
vt 0.26733499765396118 0.66166198253631592
vt 0.2554599940776825 0.64076101779937744
vt 0.24566499888896942 0.62792599201202393
vt 0.23834399878978729 0.61989098787307739
vt 0.2333579957485199 0.61497199535369873
vt 0.31488901376724243 0.65879398584365845
vt 0.32277598977088928 0.62197601795196533
vt 0.32101398706436157 0.5926470160484314
vt 0.31509599089622498 0.57249897718429565
vt 0.30922999978065491 0.56012898683547974
vt 0.23638400435447693 0.74180400371551514
vt 0.21837699413299561 0.7482680082321167
vt 0.20668399333953857 0.75198197364807129
vt 0.19886699318885803 0.75431698560714722
vt 0.19382800161838531 0.75576502084732056
vt 0.2604140043258667 0.66557401418685913
vt 0.24699600040912628 0.64724099636077881
vt 0.23674100637435913 0.63617497682571411
vt 0.22932399809360504 0.62927597761154175
vt 0.22435000538825989 0.62505102157592773
vt 0.30387699604034424 0.65608400106430054
vt 0.30483800172805786 0.62246197462081909
vt 0.29977598786354065 0.59822201728820801
vt 0.29321599006652832 0.58226299285888672
vt 0.2877579927444458 0.57249999046325684
vt 0.23919999599456787 0.74784398078918457
vt 0.22149500250816345 0.75620800256729126
vt 0.20986799895763397 0.76101702451705933
vt 0.2020609974861145 0.7640259861946106
vt 0.19701799750328064 0.76588600873947144
vt 0.25432899594306946 0.67007601261138916
vt 0.23970000445842743 0.65411800146102905
vt 0.22908399999141693 0.64460998773574829
vt 0.22158299386501312 0.63870102167129517
vt 0.21660900115966797 0.63508301973342896
vt 0.24271899461746216 0.75370299816131592
vt 0.22542299330234528 0.7640569806098938
vt 0.2138810008764267 0.77002298831939697
vt 0.2060839980840683 0.77374100685119629
vt 0.20103199779987335 0.77603298425674438
vt 0.24904300272464752 0.67504602670669556
vt 0.23345200717449188 0.66130101680755615
vt 0.2225479930639267 0.65319502353668213
vt 0.21497300267219543 0.64817202091217041
vt 0.20999099314212799 0.64509701728820801
vt 0.24697299301624298 0.75932401418685913
vt 0.23021399974822998 0.77178698778152466
vt 0.21877700090408325 0.77899497747421265
vt 0.21098199486732483 0.78347200155258179
vt 0.20591400563716888 0.78622198104858398
vt 0.2445169985294342 0.68038702011108398
vt 0.22815899550914764 0.66872698068618774
vt 0.21702100336551666 0.661903977394104
vt 0.20938199758529663 0.65768802165985107
vt 0.20439000427722931 0.6551089882850647
vt 0.25200200080871582 0.76464098691940308
vt 0.23594200611114502 0.77936601638793945
vt 0.22462399303913116 0.78793197870254517
vt 0.21681800484657288 0.79323297739028931
vt 0.2117220014333725 0.79647797346115112
vt 0.24072200059890747 0.68602198362350464
vt 0.22374899685382843 0.67634499073028564
vt 0.2124210000038147 0.67071598768234253
vt 0.20472800731658936 0.66724801063537598
vt 0.19972600042819977 0.66512799263000488
vt 0.25785300135612488 0.76956802606582642
vt 0.24271400272846222 0.78675800561904907
vt 0.2315170019865036 0.79683601856231689
vt 0.22365699708461761 0.80303597450256348
vt 0.21853899955749512 0.80683702230453491
vt 0.23763099312782288 0.69188898801803589
vt 0.22016899287700653 0.68411499261856079
vt 0.20868700742721558 0.67961198091506958
vt 0.20094999670982361 0.67684602737426758
vt 0.19593699276447296 0.67515897750854492
vt 0.26457700133323669 0.77399498224258423
vt 0.25043600797653198 0.79395800828933716
vt 0.23960199952125549 0.80572998523712158
vt 0.23178499937057495 0.81295698881149292
vt 0.22652499377727509 0.81737297773361206
vt 0.23522199690341949 0.69793498516082764
vt 0.21737900376319885 0.69200301170349121
vt 0.20576700568199158 0.68857800960540771
vt 0.19799800217151642 0.68647998571395874
vt 0.19297699630260468 0.68520498275756836
vt 0.2722649872303009 0.77779102325439453
vt 0.25970000028610229 0.80077999830245972
vt 0.24902500212192535 0.81457901000976563
vt 0.24109800159931183 0.82304298877716064
vt 0.23573200404644012 0.82816398143768311
vt 0.23348100483417511 0.70411300659179688
vt 0.21535199880599976 0.69998300075531006
vt 0.20361800491809845 0.69759702682495117
vt 0.19583800435066223 0.69614499807357788
vt 0.19081200659275055 0.69526797533035278
vt 0.28098100423812866 0.78074502944946289
vt 0.27050599455833435 0.80717599391937256
vt 0.26006001234054565 0.82343500852584839
vt 0.25202199816703796 0.83340400457382202
vt 0.24643699824810028 0.83938699960708618
vt 0.069081999361515045 0.16279199719429016
vt 0.055254999548196793 0.12758399546146393
vt 0.085537999868392944 0.19616100192070007
vt 0.10471200197935104 0.22753900289535522
vt 0.126569002866745 0.25672000646591187
vt 0.15099099278450012 0.28348401188850403
vt 0.17779999971389771 0.30760601162910461
vt 0.20677199959754944 0.32887199521064758
vt 0.23764500021934509 0.34708800911903381
vt 0.27012801170349121 0.36208200454711914
vt 0.3039030134677887 0.3737109899520874
vt 0.33863601088523865 0.38186600804328918
vt 0.37398099899291992 0.38646900653839111
vt 0.40957999229431152 0.3874799907207489
vt 0.44507300853729248 0.38489601016044617
vt 0.48010200262069702 0.37875300645828247
vt 0.5143129825592041 0.36912399530410767
vt 0.5473639965057373 0.3561210036277771
vt 0.57892799377441406 0.33989500999450684
vt 0.60870397090911865 0.32063201069831848
vt 0.63641798496246338 0.29855701327323914
vt 0.66183900833129883 0.27392500638961792
vt 0.68478500843048096 0.24702200293540955
vt 0.70514500141143799 0.21815699338912964
vt 0.7228969931602478 0.18765300512313843
vt 0.73814398050308228 0.15582999587059021
vt 0.75116997957229614 0.12297599762678146
vt 0.76254898309707642 0.089313000440597534
vt 0.7733989953994751 0.054900001734495163
vt 0.023729000240564346 0.0086230002343654633
vt 0.785847008228302 0.018873000517487526
vt 0.03396499902009964 0.051454000174999237
vt 0.043770000338554382 0.090570002794265747
vt 0.04926300048828125 0.17156200110912323
vt 0.67671900987625122 0.55654299259185791
vt 0.034504998475313187 0.13493900001049042
vt 0.67040902376174927 0.524819016456604
vt 0.066757000982761383 0.20647299289703369
vt 0.67671900987625122 0.58888697624206543
vt 0.087099000811576843 0.23941700160503387
vt 0.67040902376174927 0.62061101198196411
vt 0.11026400327682495 0.27012699842453003
vt 0.65803098678588867 0.65049302577972412
vt 0.13613399863243103 0.29833599925041199
vt 0.64006102085113525 0.67738699913024902
vt 0.16452500224113464 0.32378798723220825
vt 0.61719000339508057 0.70025801658630371
vt 0.19520300626754761 0.34624600410461426
vt 0.59029597043991089 0.71822798252105713
vt 0.22789199650287628 0.36549198627471924
vt 0.56041401624679565 0.73060601949691772
vt 0.26228401064872742 0.38134101033210754
vt 0.52868998050689697 0.73691600561141968
vt 0.29804500937461853 0.39363598823547363
vt 0.49634501338005066 0.73691600561141968
vt 0.33482098579406738 0.4022580087184906
vt 0.46462199091911316 0.73060601949691772
vt 0.37224400043487549 0.40712299942970276
vt 0.43473899364471436 0.71822798252105713
vt 0.40993499755859375 0.40818700194358826
vt 0.40784600377082825 0.70025801658630371
vt 0.44751301407814026 0.40544700622558594
vt 0.38497400283813477 0.67738699913024902
vt 0.48459500074386597 0.39893800020217896
vt 0.36700499057769775 0.65049302577972412
vt 0.52080601453781128 0.38874098658561707
vt 0.35462701320648193 0.62060999870300293
vt 0.55578100681304932 0.37497299909591675
vt 0.34831699728965759 0.58888697624206543
vt 0.58917099237442017 0.35779601335525513
vt 0.34831699728965759 0.55654197931289673
vt 0.6206510066986084 0.33741399645805359
vt 0.35462701320648193 0.524819016456604
vt 0.64992797374725342 0.31406798958778381
vt 0.36700499057769775 0.49493598937988281
vt 0.67674797773361206 0.28804001212120056
vt 0.38497498631477356 0.46804198622703552
vt 0.70091301202774048 0.25965198874473572
vt 0.40784600377082825 0.44517099857330322
vt 0.72229397296905518 0.22925800085067749
vt 0.43474000692367554 0.42720100283622742
vt 0.74085897207260132 0.19724099338054657
vt 0.46462300419807434 0.41482400894165039
vt 0.75670599937438965 0.16400900483131409
vt 0.49634599685668945 0.40851300954818726
vt 0.77012401819229126 0.12998099625110626
vt 0.52869099378585815 0.40851300954818726
vt 0.78168797492980957 0.095587998628616333
vt 0.56041401624679565 0.41482400894165039
vt 0.79246699810028076 0.061317998915910721
vt 0.59029698371887207 0.42720198631286621
vt 0.80478602647781372 0.027757000178098679
vt 0.00016300000424962491 0.01688000001013279
vt 0.61719101667404175 0.44517099857330322
vt 0.011369000189006329 0.057424001395702362
vt 0.64006197452545166 0.4680429995059967
vt 0.022142000496387482 0.096831001341342926
vt 0.65803200006484985 0.49493700265884399
vt 0.056830000132322311 0.450298011302948
vt 0.05026400089263916 0.46990001201629639
vt 0.014341999776661396 0.80289000272750854
vt 0.017487000674009323 0.82053697109222412
vt 0.022809000685811043 0.56594997644424438
vt 0.018733000382781029 0.58477997779846191
vt 0.02107200026512146 0.83814501762390137
vt 0.015204000286757946 0.6034960150718689
vt 0.025063000619411469 0.85573101043701172
vt 0.012240000069141388 0.6221039891242981
vt 0.029420999810099602 0.87331598997116089
vt 0.009852999821305275 0.64060598611831665
vt 0.034106999635696411 0.89092200994491577
vt 0.0080540003255009651 0.65900701284408569
vt 0.039076998829841614 0.9085729718208313
vt 0.00684700021520257 0.67730998992919922
vt 0.044282998889684677 0.92628800868988037
vt 0.0062299999408423901 0.69551599025726318
vt 0.049674998968839645 0.94408297538757324
vt 0.0061980001628398895 0.71362698078155518
vt 0.055204998701810837 0.96196597814559937
vt 0.0067420001141726971 0.73164498805999756
vt 0.043976999819278717 0.48937499523162842
vt 0.060823000967502594 0.97993201017379761
vt 0.0078469999134540558 0.74957501888275146
vt 0.03803500160574913 0.50871700048446655
vt 0.0664839968085289 0.99795997142791748
vt 0.070479996502399445 0.41079598665237427
vt 0.009495999664068222 0.76741999387741089
vt 0.032496001571416855 0.52792298793792725
vt 0.063597999513149261 0.43058699369430542
vt 0.011669999919831753 0.78518897294998169
vt 0.027406999841332436 0.54699897766113281
vt 0.55704200267791748 0.12716999650001526
vt 0.35204300284385681 0.20916000008583069
vt 0.23369699716567993 0.082549996674060822
vt 0.56541001796722412 0.11051099747419357
vt 0.36977699398994446 0.21340499818325043
vt 0.57194298505783081 0.092891998589038849
vt 0.3878529965877533 0.21581600606441498
vt 0.57645702362060547 0.074458003044128418
vt 0.40608099102973938 0.21637199819087982
vt 0.57871800661087036 0.055385001003742218
vt 0.42427301406860352 0.21506799757480621
vt 0.23794899880886078 0.10030499845743179
vt 0.57842600345611572 0.035918001085519791
vt 0.44224199652671814 0.21191799640655518
vt 0.24441400170326233 0.11734999716281891
vt 0.57517397403717041 0.016441000625491142
vt 0.2368600070476532 0.027907000854611397
vt 0.45980298519134521 0.20695300400257111
vt 0.25286799669265747 0.1334879994392395
vt 0.23287500441074371 0.045958001166582108
vt 0.47677600383758545 0.20022200047969818
vt 0.26311099529266357 0.14855200052261353
vt 0.23191200196743011 0.064326003193855286
vt 0.4929879903793335 0.1917870044708252
vt 0.27495801448822021 0.16239500045776367
vt 0.50827199220657349 0.18172700703144073
vt 0.28822898864746094 0.17488500475883484
vt 0.5224679708480835 0.17012999951839447
vt 0.30274999141693115 0.18590199947357178
vt 0.53542602062225342 0.15709799528121948
vt 0.31834599375724792 0.19534400105476379
vt 0.54699802398681641 0.14273999631404877
vt 0.33483698964118958 0.20312100648880005
vt 0.54451799392700195 0.56956297159194946
vt 0.54328799247741699 0.56338101625442505
vt 0.54451799392700195 0.5758659839630127
vt 0.54328799247741699 0.58204901218414307
vt 0.54087597131729126 0.58787202835083008
vt 0.53737401962280273 0.59311401844024658
vt 0.53291702270507813 0.59757101535797119
vt 0.52767598628997803 0.60107302665710449
vt 0.52185201644897461 0.60348498821258545
vt 0.51567000150680542 0.60471498966217041
vt 0.50936597585678101 0.60471498966217041
vt 0.50318402051925659 0.60348498821258545
vt 0.4973599910736084 0.60107302665710449
vt 0.49211901426315308 0.59757101535797119
vt 0.48766198754310608 0.5931130051612854
vt 0.48416000604629517 0.58787202835083008
vt 0.48174801468849182 0.58204901218414307
vt 0.48051801323890686 0.5758659839630127
vt 0.48051801323890686 0.56956297159194946
vt 0.48174801468849182 0.56338000297546387
vt 0.48416000604629517 0.55755698680877686
vt 0.48766198754310608 0.55231600999832153
vt 0.49211901426315308 0.54785901308059692
vt 0.4973599910736084 0.54435700178146362
vt 0.50318402051925659 0.54194402694702148
vt 0.50936597585678101 0.54071497917175293
vt 0.51567000150680542 0.54071497917175293
vt 0.52185201644897461 0.54194402694702148
vt 0.52767598628997803 0.54435700178146362
vt 0.53291702270507813 0.54785901308059692
vt 0.53737401962280273 0.55231600999832153
vt 0.54087597131729126 0.55755698680877686
vn 0.087100274860858917 0.7296023964881897 0.67830222845077515
vn 0.21769620478153229 0.72978723049163818 0.64808869361877441
vn 0.33979314565658569 0.73008525371551514 0.59288793802261353
vn 0.44882658123970032 0.7303432822227478 0.51493048667907715
vn 0.5405469536781311 0.7305634617805481 0.41723623871803284
vn 0.61144745349884033 0.73075675964355469 0.30352357029914856
vn 0.65881586074829102 0.73091757297515869 0.17810429632663727
vn 0.68075799942016602 0.73106235265731812 0.046003922820091248
vn 0.67653268575668335 0.73113530874252319 -0.088004238903522491
vn 0.64631515741348267 0.7311171293258667 -0.21850511431694031
vn 0.59112519025802612 0.73113113641738892 -0.34061452746391296
vn 0.51309770345687866 0.73109674453735352 -0.44969797134399414
vn 0.4154236912727356 0.73094165325164795 -0.54143089056015015
vn 0.30169957876205444 0.73079895973205566 -0.61229914426803589
vn 0.17630614340305328 0.73062551021575928 -0.65962302684783936
vn 0.044202867895364761 0.7303473949432373 -0.68164420127868652
vn -0.089800864458084106 0.73010700941085815 -0.67740648984909058
vn -0.22029730677604675 0.72989106178283691 -0.64709204435348511
vn -0.34241721034049988 0.72963666915893555 -0.59192973375320435
vn -0.45148363709449768 0.7293735146522522 -0.51398134231567383
vn -0.54321122169494629 0.72911500930786133 -0.41630861163139343
vn -0.61410588026046753 0.72890704870223999 -0.30260288715362549
vn -0.66140025854110718 0.72880023717880249 -0.1772000640630722
vn -0.68342781066894531 0.7286297082901001 -0.045001834630966187
vn -0.67922443151473999 0.72852617502212524 0.088903196156024933
vn -0.64891177415847778 0.72851324081420898 0.2195039689540863
vn -0.59373486042022705 0.72854280471801758 0.34162008762359619
vn -0.51581341028213501 0.72861897945404053 0.45061168074607849
vn -0.41812083125114441 0.72873622179031372 0.54232692718505859
vn -0.30440473556518555 0.72891139984130859 0.61320954561233521
vn -0.17899821698665619 0.72909265756607056 0.66059333086013794
vn -0.046799726784229279 0.72929579019546509 0.68259608745574951
vn 0.10939793288707733 -0.54588973522186279 0.8306843638420105
vn 0.10939793288707733 -0.54588973522186279 0.8306843638420105
vn 0.26941373944282532 -0.54562783241271973 0.79354047775268555
vn 0.26941373944282532 -0.54562783241271973 0.79354047775268555
vn 0.4192204475402832 -0.5452265739440918 0.72593539953231812
vn 0.4192204475402832 -0.5452265739440918 0.72593539953231812
vn 0.5528254508972168 -0.54492509365081787 0.6304289698600769
vn 0.5528254508972168 -0.54492509365081787 0.6304289698600769
vn 0.66528850793838501 -0.54469060897827148 0.51059114933013916
vn 0.66528850793838501 -0.54469060897827148 0.51059114933013916
vn 0.75221294164657593 -0.54440933465957642 0.3712063729763031
vn 0.75221294164657593 -0.54440933465957642 0.3712063729763031
vn 0.81026464700698853 -0.54424339532852173 0.21741732954978943
vn 0.81026464700698853 -0.54424339532852173 0.21741732954978943
vn 0.83719253540039063 -0.54409515857696533 0.055399507284164429
vn 0.83719253540039063 -0.54409515857696533 0.055399507284164429
vn 0.83200109004974365 -0.54400068521499634 -0.10880014300346375
vn 0.83200109004974365 -0.54400068521499634 -0.10880014300346375
vn 0.79492121934890747 -0.54391449689865112 -0.26880717277526855
vn 0.79492121934890747 -0.54391449689865112 -0.26880717277526855
vn 0.72729325294494629 -0.54389500617980957 -0.41859611868858337
vn 0.72729325294494629 -0.54389500617980957 -0.41859611868858337
vn 0.63172972202301025 -0.54402565956115723 -0.55222606658935547
vn 0.63172972202301025 -0.54402565956115723 -0.55222606658935547
vn 0.51189452409744263 -0.54419422149658203 -0.66469287872314453
vn 0.51189452409744263 -0.54419422149658203 -0.66469287872314453
vn 0.37249436974525452 -0.54439175128936768 -0.75158870220184326
vn 0.37249436974525452 -0.54439175128936768 -0.75158870220184326
vn 0.21880932152271271 -0.54462319612503052 -0.8096345067024231
vn 0.21880932152271271 -0.54462319612503052 -0.8096345067024231
vn 0.056699134409427643 -0.54489171504974365 -0.83658725023269653
vn 0.056699134409427643 -0.54489171504974365 -0.83658725023269653
vn -0.1074986457824707 -0.5451931357383728 -0.83138948678970337
vn -0.1074986457824707 -0.5451931357383728 -0.83138948678970337
vn -0.26751604676246643 -0.5455327033996582 -0.79424762725830078
vn -0.26751604676246643 -0.5455327033996582 -0.79424762725830078
vn -0.41722065210342407 -0.54582697153091431 -0.72663599252700806
vn -0.41722065210342407 -0.54582697153091431 -0.72663599252700806
vn -0.55089908838272095 -0.54609912633895874 -0.63109898567199707
vn -0.55089908838272095 -0.54609912633895874 -0.63109898567199707
vn -0.66331738233566284 -0.54641431570053101 -0.51131343841552734
vn -0.66331738233566284 -0.54641431570053101 -0.51131343841552734
vn -0.75024455785751343 -0.54663246870040894 -0.37192210555076599
vn -0.75024455785751343 -0.54663246870040894 -0.37192210555076599
vn -0.80827587842941284 -0.54688364267349243 -0.21819348633289337
vn -0.80827587842941284 -0.54688364267349243 -0.21819348633289337
vn -0.83523541688919067 -0.54702317714691162 -0.05610237643122673
vn -0.83523541688919067 -0.54702317714691162 -0.05610237643122673
vn -0.83003979921340942 -0.54712629318237305 0.10810518264770508
vn -0.83003979921340942 -0.54712629318237305 0.10810518264770508
vn -0.79294502735137939 -0.54713106155395508 0.26811525225639343
vn -0.79294502735137939 -0.54713106155395508 0.26811525225639343
vn -0.72532343864440918 -0.54711771011352539 0.41781347990036011
vn -0.72532343864440918 -0.54711771011352539 0.41781347990036011
vn -0.62973672151565552 -0.54703187942504883 0.55153220891952515
vn -0.62973672151565552 -0.54703187942504883 0.55153220891952515
vn -0.50993543863296509 -0.54693806171417236 0.66394621133804321
vn -0.50993543863296509 -0.54693806171417236 0.66394621133804321
vn -0.37052744626998901 -0.54674053192138672 0.75085562467575073
vn -0.37052744626998901 -0.54674053192138672 0.75085562467575073
vn -0.37052744626998901 -0.54674053192138672 0.75085562467575073
vn -0.37052744626998901 -0.54674053192138672 0.75085562467575073
vn -0.21680176258087158 -0.54650449752807617 0.80890655517578125
vn -0.21680176258087158 -0.54650449752807617 0.80890655517578125
vn -0.054802760481834412 -0.54622751474380493 0.83584219217300415
vn -0.054802760481834412 -0.54622751474380493 0.83584219217300415
vn -0.98972296714782715 -0.12680293619632721 -0.066101536154747009
vn -0.9251096248626709 -0.37460386753082275 -0.062000643461942673
vn -0.79510670900344849 -0.60410511493682861 -0.053500458598136902
vn -0.62443113327026367 -0.77993893623352051 -0.04220210388302803
vn -0.47912299633026123 -0.87714213132858276 -0.03260156512260437
vn -0.47618439793586731 -0.87717127799987793 0.061797965317964554
vn -0.62052589654922485 -0.78003251552581787 0.080603361129760742
vn -0.79014599323272705 -0.60423523187637329 0.10280598700046539
vn -0.91937768459320068 -0.37469092011451721 0.11979709565639496
vn -0.98357105255126953 -0.12699626386165619 0.12829621136188507
vn 0.85999947786331177 -0.12319991737604141 -0.49519968032836914
vn 0.80474597215652466 -0.37122118473052979 -0.46322646737098694
vn 0.69259369373321533 -0.60119450092315674 -0.39859643578529358
vn 0.54493814706802368 -0.77765440940856934 -0.31352192163467407
vn 0.41912597417831421 -0.8753543496131897 -0.24101494252681732
vn 0.3641950786113739 -0.87538808584213257 -0.31789568066596985
vn 0.47342199087142944 -0.7777361273765564 -0.41351917386054993
vn 0.60161507129669189 -0.60131508111953735 -0.52581316232681274
vn 0.69898945093154907 -0.37129440903663635 -0.6111907958984375
vn 0.7469022274017334 -0.12330036610364914 -0.65340191125869751
vn -0.4548051655292511 -0.87720996141433716 0.15380173921585083
vn -0.5928083062171936 -0.78001093864440918 0.20040279626846313
vn -0.75478923320770264 -0.60429137945175171 0.25519633293151855
vn -0.87829124927520752 -0.37469625473022461 0.29699701070785522
vn -0.93961220979690552 -0.12700165808200836 0.31780412793159485
vn 0.29529869556427002 -0.8754962682723999 -0.3824983537197113
vn 0.38380372524261475 -0.77780753374099731 -0.49770486354827881
vn 0.48752424120903015 -0.60142987966537476 -0.6329314112663269
vn 0.56633162498474121 -0.37142077088356018 -0.73574119806289673
vn 0.60510587692260742 -0.12350121140480042 -0.78650766611099243
vn -0.41590899229049683 -0.87721902132034302 0.2398051917552948
vn -0.54211938381195068 -0.78002780675888062 0.312511146068573
vn -0.69041568040847778 -0.60421371459960938 0.39780902862548828
vn -0.80338573455810547 -0.374693363904953 0.46279183030128479
vn -0.85957157611846924 -0.12699580192565918 0.49498364329338074
vn 0.21520474553108215 -0.87561917304992676 -0.43240949511528015
vn 0.2795167863368988 -0.77794671058654785 -0.56273376941680908
vn 0.35481968522071838 -0.60163336992263794 -0.71563977003097534
vn 0.41202303767204285 -0.37162080407142639 -0.83194649219512939
vn 0.44001451134681702 -0.12370408326387405 -0.88942933082580566
vn -0.36101368069648743 -0.87713319063186646 0.31671199202537537
vn -0.47063186764717102 -0.7799527645111084 0.41252791881561279
vn -0.59944730997085571 -0.60414767265319824 0.52504140138626099
vn -0.69762599468231201 -0.37461397051811218 0.61072278022766113
vn -0.74644225835800171 -0.12690718472003937 0.65323692560195923
vn 0.12680645287036896 -0.8757445216178894 -0.46582365036010742
vn 0.16440449655056 -0.7781212329864502 -0.60621654987335205
vn 0.20849557220935822 -0.60188716650009155 -0.77088356018066406
vn 0.24180588126182556 -0.37190905213356018 -0.8962218165397644
vn 0.25810679793357849 -0.12400326877832413 -0.95812529325485229
vn 0.12860296666622162 -0.12550288438796997 0.98372268676757813
vn 0.12070281058549881 -0.3733086884021759 0.91982144117355347
vn 0.10430772602558136 -0.60304456949234009 0.79085850715637207
vn 0.082601748406887054 -0.77911657094955444 0.62141317129135132
vn 0.063898243010044098 -0.8764757513999939 0.47718679904937744
vn 0.15590311586856842 -0.87631744146347046 0.455809086561203
vn 0.20231865346431732 -0.77887177467346191 0.59365469217300415
vn 0.25669452548027039 -0.60278701782226563 0.75548374652862549
vn 0.29790189862251282 -0.37300240993499756 0.87870568037033081
vn 0.31809017062187195 -0.12509614229202271 0.93977105617523193
vn -0.29221466183662415 -0.87704408168792725 0.38131913542747498
vn -0.38100764155387878 -0.77981561422348022 0.4967099130153656
vn -0.48540493845939636 -0.60400617122650146 0.6321064829826355
vn -0.56502276659011841 -0.3744150698184967 0.73522961139678955
vn -0.60464179515838623 -0.12670876085758209 0.78635436296463013
vn 0.033600345253944397 -0.87590897083282471 -0.48130494356155396
vn 0.043103013187646866 -0.77835440635681152 -0.62634378671646118
vn 0.054199095815420151 -0.60208988189697266 -0.79658657312393188
vn 0.062403034418821335 -0.37221813201904297 -0.92604511976242065
vn 0.066202223300933838 -0.1243041604757309 -0.99003320932388306
vn 0.24200959503650665 -0.87613469362258911 0.41691651940345764
vn 0.31441345810890198 -0.77863335609436035 0.54302328824996948
vn 0.39920276403427124 -0.6025041937828064 0.69110476970672607
vn 0.46371328830718994 -0.37261062860488892 0.80382293462753296
vn 0.4953046441078186 -0.12480117380619049 0.85970807075500488
vn -0.2120087593793869 -0.87693625688552856 0.43131786584854126
vn -0.2120087593793869 -0.87693625688552856 0.43131786584854126
vn -0.27660739421844482 -0.77972084283828735 0.56171500682830811
vn -0.27660739421844482 -0.77972084283828735 0.56171500682830811
vn -0.3526282012462616 -0.60384821891784668 0.71485710144042969
vn -0.3526282012462616 -0.60384821891784668 0.71485710144042969
vn -0.41063204407691956 -0.37422919273376465 0.83146488666534424
vn -0.41063204407691956 -0.37422919273376465 0.83146488666534424
vn -0.43961602449417114 -0.12650461494922638 0.88923245668411255
vn -0.43961602449417114 -0.12650461494922638 0.88923245668411255
vn -0.060799434781074524 -0.87609177827835083 -0.47829553484916687
vn -0.079696960747241974 -0.77857029438018799 -0.62247627973556519
vn -0.10210300981998444 -0.60241788625717163 -0.79162347316741943
vn -0.11940211057662964 -0.37250658869743347 -0.92031621932983398
vn -0.12809878587722778 -0.12469882518053055 -0.98389071226119995
vn 0.31890925765037537 -0.87592542171478271 0.36201047897338867
vn 0.41441115736961365 -0.77842092514038086 0.47151270508766174
vn 0.52650868892669678 -0.60220992565155029 0.60010981559753418
vn 0.61170363426208496 -0.37230217456817627 0.69800412654876709
vn 0.65351665019989014 -0.12440315634012222 0.74661892652511597
vn -0.12359991669654846 -0.87679940462112427 0.46469971537590027
vn -0.16159984469413757 -0.77949929237365723 0.60519945621490479
vn -0.20630550384521484 -0.60361611843109131 0.77012050151824951
vn -0.24050962924957275 -0.37391495704650879 0.89573585987091064
vn -0.2576184868812561 -0.12620905041694641 0.95796865224838257
vn -0.15270820260047913 -0.87624698877334595 -0.45702448487281799
vn -0.19950021803379059 -0.77880090475082397 -0.59470063447952271
vn -0.25451833009719849 -0.60274338722229004 -0.75625449419021606
vn -0.29650604724884033 -0.3729076087474823 -0.87921786308288574
vn -0.31761085987091064 -0.12510426342487335 -0.93993204832077026
vn 0.38348770141601563 -0.87577193975448608 0.29319056868553162
vn 0.49858883023262024 -0.77818256616592407 0.38189145922660828
vn 0.63359183073043823 -0.60189223289489746 0.48609372973442078
vn 0.73613518476486206 -0.37201780080795288 0.56542700529098511
vn 0.78663015365600586 -0.12410474568605423 0.60482317209243774
vn -0.030500764027237892 -0.87662202119827271 0.48021200299263
vn -0.040301356464624405 -0.77932626008987427 0.62532103061676025
vn -0.051997575908899307 -0.60337191820144653 0.79576289653778076
vn -0.061004631221294403 -0.37362834811210632 0.92557024955749512
vn -0.065803803503513336 -0.12590727210044861 0.98985719680786133
vn -0.23881074786186218 -0.87643945217132568 -0.41811880469322205
vn -0.31160306930541992 -0.7790076732635498 -0.54410535097122192
vn -0.3970954418182373 -0.60299307107925415 -0.69189202785491943
vn -0.46232357621192932 -0.37321901321411133 -0.80434101819992065
vn -0.49488040804862976 -0.1253950446844101 -0.85986596345901489
vn 0.43350723385810852 -0.87561464309692383 0.21300356090068817
vn 0.5636182427406311 -0.77802520990371704 0.27750900387763977
vn 0.71631813049316406 -0.60171520709991455 0.35330891609191895
vn 0.83237761259078979 -0.37168997526168823 0.41108888387680054
vn 0.88955658674240112 -0.1238078847527504 0.43972796201705933
vn -0.31569868326187134 -0.87659639120101929 -0.36319848895072937
vn -0.41160425543785095 -0.77930808067321777 -0.4725048840045929
vn -0.52431517839431763 -0.60331743955612183 -0.60091739892959595
vn -0.6103166937828064 -0.3736102283000946 -0.69851911067962646
vn -0.65307533740997314 -0.12579524517059326 -0.74677181243896484
vn 0.46681687235832214 -0.87553167343139648 0.12460451573133469
vn 0.60711532831192017 -0.77781963348388672 0.16250409185886383
vn 0.77159315347671509 -0.60149461030960083 0.20699815452098846
vn 0.89662843942642212 -0.37151172757148743 0.24090760946273804
vn 0.95827507972717285 -0.12349679321050644 0.25779333710670471
vn -0.38032972812652588 -0.87676864862442017 -0.29432299733161926
vn -0.49571210145950317 -0.77951902151107788 -0.38290935754776001
vn -0.63141584396362305 -0.6035151481628418 -0.48691219091415405
vn -0.73480916023254395 -0.37390467524528503 -0.5659070611000061
vn -0.78623312711715698 -0.12610532343387604 -0.60492551326751709
vn 0.48231673240661621 -0.87543034553527832 0.03150109201669693
vn 0.62723308801651001 -0.77774101495742798 0.041202172636985779
vn 0.7972530722618103 -0.60134005546569824 0.052703510969877243
vn 0.92647767066955566 -0.37129107117652893 0.061498519033193588
vn 0.99016517400741577 -0.12340813130140305 0.065904334187507629
vn -0.43031060695648193 -0.87692171335220337 -0.21410529315471649
vn -0.56080251932144165 -0.77970349788665771 -0.2785012423992157
vn -0.71413570642471313 -0.60383015871047974 -0.35411769151687622
vn -0.83103370666503906 -0.37421515583992004 -0.4115166962146759
vn -0.88910543918609619 -0.12640076875686646 -0.43990269303321838
vn 0.47941657900810242 -0.87533026933670044 -0.062902174890041351
vn 0.62335002422332764 -0.77766239643096924 -0.08170655369758606
vn 0.79233419895172119 -0.60122597217559814 -0.10360447317361832
vn 0.92072302103042603 -0.37120926380157471 -0.12030300498008728
vn 0.98402631282806396 -0.12320328503847122 -0.12850344181060791
vn -0.46370643377304077 -0.87701213359832764 -0.12580174207687378
vn -0.604236900806427 -0.77984762191772461 -0.16350997984409332
vn -0.76941031217575073 -0.60400807857513428 -0.20780278742313385
vn -0.8952949047088623 -0.37439784407615662 -0.24139860272407532
vn -0.95782577991485596 -0.1267034113407135 -0.25790694355964661
vn 0.45802104473114014 -0.87534022331237793 -0.15490710735321045
vn 0.59561097621917725 -0.77761435508728027 -0.20140370726585388
vn 0.75699001550674438 -0.60119199752807617 -0.25599661469459534
vn 0.87963622808456421 -0.37111532688140869 -0.29751226305961609
vn 0.94008749723434448 -0.12319835275411606 -0.31789577007293701
vn 0.12939904630184174 -0.00039999699220061302 0.99159252643585205
vn 0.32039463520050049 0 0.94728416204452515
vn 0.49900081753730774 0.00030000050901435316 0.86660146713256836
vn 0.65849030017852783 0.0006999896140769124 0.75258886814117432
vn 0.79270535707473755 0.0010000067995861173 0.6096041202545166
vn 0.8963778018951416 0.0012999679893255234 0.44328904151916504
vn 0.96563190221786499 0.0016000528121367097 0.25990858674049377
vn 0.99778503179550171 0.001699974643997848 0.066499002277851105
vn 0.99159079790115356 0.0018999824533239007 -0.12939880788326263
vn 0.94728243350982666 0.001899964758194983 -0.32039406895637512
vn 0.8665999174118042 0.0018999999156221747 -0.4989999532699585
vn 0.75258785486221313 0.0017999708652496338 -0.6584894061088562
vn 0.6096036434173584 0.0016000095056369901 -0.79270476102828979
vn 0.44328898191452026 0.0013999651418998837 -0.89637768268585205
vn 0.2599087655544281 0.0011000371305271983 -0.96563255786895752
vn 0.066499076783657074 0.00079998897854238749 -0.99778616428375244
vn -0.12939904630184174 0.00039999699220061302 -0.99159252643585205
vn -0.32039463520050049 0 -0.94728416204452515
vn -0.49900081753730774 -0.00030000050901435316 -0.86660146713256836
vn -0.65849030017852783 -0.0006999896140769124 -0.75258886814117432
vn -0.79270535707473755 -0.0010000067995861173 -0.6096041202545166
vn -0.8963778018951416 -0.0012999679893255234 -0.44328904151916504
vn -0.96563190221786499 -0.0016000528121367097 -0.25990858674049377
vn -0.99778503179550171 -0.001699974643997848 -0.066499002277851105
vn -0.99159079790115356 -0.0018999824533239007 0.12939880788326263
vn -0.94728243350982666 -0.001899964758194983 0.32039406895637512
vn -0.8665999174118042 -0.0018999999156221747 0.4989999532699585
vn -0.75258785486221313 -0.0017999708652496338 0.6584894061088562
vn -0.6096036434173584 -0.0016000095056369901 0.79270476102828979
vn -0.44328898191452026 -0.0013999651418998837 0.89637768268585205
vn -0.44328898191452026 -0.0013999651418998837 0.89637768268585205
vn -0.2599087655544281 -0.0011000371305271983 0.96563255786895752
vn -0.066499076783657074 -0.00079998897854238749 0.99778616428375244
vn 0.11889608204364777 0.38058745861053467 0.91706973314285278
vn 0.29550647735595703 0.3809083104133606 0.87611913681030273
vn 0.46070918440818787 0.38120755553245544 0.80151593685150146
vn 0.60811233520507813 0.3816077709197998 0.69611412286758423
vn 0.7322191596031189 0.38190999627113342 0.5639147162437439
vn 0.82809650897979736 0.38219836354255676 0.41009828448295593
vn 0.89213907718658447 0.38241675496101379 0.24051053822040558
vn 0.92183816432952881 0.38261580467224121 0.06180255115032196
vn 0.91612070798873901 0.38270863890647888 -0.1194026917219162
vn 0.87518048286437988 0.38273522257804871 -0.29592719674110413
vn 0.80055093765258789 0.38272431492805481 -0.46112936735153198
vn 0.69512057304382324 0.38261133432388306 -0.60861802101135254
vn 0.56302779912948608 0.38241884112358093 -0.73263603448867798
vn 0.40921357274055481 0.38221266865730286 -0.82852745056152344
vn 0.2396133691072464 0.38202130794525146 -0.89254981279373169
vn 0.06079912930727005 0.38169452548027039 -0.92228668928146362
vn -0.12029895931482315 0.38129669427871704 -0.9165920615196228
vn -0.29690209031105042 0.38100269436836243 -0.87560611963272095
vn -0.46210139989852905 0.3806011974811554 -0.80100250244140625
vn -0.60950684547424316 0.3803042471408844 -0.69560772180557251
vn -0.73360425233840942 0.38000217080116272 -0.56340318918228149
vn -0.82949399948120117 0.37969723343849182 -0.4095970094203949
vn -0.89349532127380371 0.37949797511100769 -0.2400987297296524
vn -0.92323487997055054 0.37931433320045471 -0.061302319169044495
vn -0.91751152276992798 0.37920475006103516 0.11990150809288025
vn -0.8765447735786438 0.37921938300132751 0.29641515016555786
vn -0.80193579196929932 0.37921690940856934 0.46162056922912598
vn -0.69650572538375854 0.37930312752723694 0.60910499095916748
vn -0.56435233354568481 0.3794352114200592 0.73316806554794312
vn -0.41059887409210205 0.3796989917755127 0.82899773120880127
vn -0.41059887409210205 0.3796989917755127 0.82899773120880127
vn -0.24099607765674591 0.37989380955696106 0.89308542013168335
vn -0.062200602144002914 0.38020369410514832 0.92280888557434082
vn 0.9468613862991333 0.030201960355043411 -0.32022076845169067
vn 0.92502212524414063 0.21560515463352203 -0.31280747056007385
vn 0.82729125022888184 0.48719480633735657 -0.27969703078269958
vn 0.72168856859207153 0.64778971672058105 -0.24399611353874207
vn 0.67011743783950806 0.70681846141815186 -0.22660590708255768
vn 0.6129114031791687 0.70681309700012207 -0.35320654511451721
vn 0.66011601686477661 0.64771574735641479 -0.38040924072265625
vn 0.75674915313720703 0.48713165521621704 -0.43592828512191772
vn 0.84620034694671631 0.21560010313987732 -0.48730024695396423
vn 0.8661956787109375 0.030099852010607719 -0.49879756569862366
vn -0.99743425846099854 0.026500912383198738 -0.066502287983894348
vn -0.97511166334152222 0.21200254559516907 -0.064900785684585571
vn -0.87320947647094727 0.48390525579452515 -0.057800628244876862
vn -0.76256388425827026 0.64495408535003662 -0.050304215401411057
vn -0.70843219757080078 0.70423203706741333 -0.046702124178409576
vn -0.70404446125030518 0.70414447784423828 0.092205829918384552
vn -0.75780093669891357 0.64490079879760742 0.099200129508972168
vn -0.86780047416687012 0.48380029201507568 0.11340006440877914
vn -0.96907156705856323 0.21189376711845398 0.12649628520011902
vn -0.99125570058822632 0.026301480829715729 0.12930727005004883
vn 0.53212720155715942 0.70673614740371704 -0.46622383594512939
vn 0.57311898469924927 0.64762145280838013 -0.5021166205406189
vn 0.65712648630142212 0.48701959848403931 -0.57532316446304321
vn 0.73481875658035278 0.21550551056861877 -0.64311647415161133
vn 0.75222551822662354 0.030001018196344376 -0.65822237730026245
vn -0.67263233661651611 0.70413386821746826 0.2275109589099884
vn -0.7240293025970459 0.64482611417770386 0.24490989744663239
vn -0.82903003692626953 0.48381751775741577 0.28041017055511475
vn -0.92578202486038208 0.21189586818218231 0.31309393048286438
vn -0.94698637723922729 0.026299623772501945 0.32019540667533875
vn 0.43081513047218323 0.70662480592727661 -0.56131964921951294
vn 0.46403446793556213 0.64754801988601685 -0.60444486141204834
vn 0.53212743997573853 0.48692512512207031 -0.69263577461242676
vn 0.59519916772842407 0.21529969573020935 -0.77419894933700562
vn 0.60940128564834595 0.029800064861774445 -0.7923017144203186
vn -0.61544287204742432 0.70414900779724121 0.35412463545799255
vn -0.66244834661483765 0.64484697580337524 0.3812277615070343
vn -0.75849837064743042 0.48379898071289063 0.43659907579421997
vn -0.84694445133209229 0.21191114187240601 0.48762562870979309
vn -0.86631351709365845 0.026300407946109772 0.49880778789520264
vn 0.312919020652771 0.70644295215606689 -0.63483864068984985
vn 0.33710965514183044 0.64731854200363159 -0.68361961841583252
vn 0.38670527935028076 0.48670664429664612 -0.78331071138381958
vn 0.43270054459571838 0.21510025858879089 -0.87550103664398193
vn 0.44309338927268982 0.029599560424685478 -0.89598667621612549
vn -0.53470420837402344 0.70420563220977783 0.46710368990898132
vn -0.57543176412582397 0.64493560791015625 0.50292778015136719
vn -0.65881562232971191 0.48391145467758179 0.57601362466812134
vn -0.73559451103210449 0.21199841797351837 0.64339518547058105
vn -0.75234532356262207 0.026401592418551445 0.65823966264724731
vn 0.18289713561534882 0.70628893375396729 -0.68388932943344116
vn 0.19711263477802277 0.64714145660400391 -0.73644721508026123
vn 0.22630408406257629 0.48640882968902588 -0.84391522407531738
vn 0.2535204291343689 0.21481730043888092 -0.94317597150802612
vn 0.25971123576164246 0.029301267117261887 -0.96524167060852051
vn 0.12930202484130859 0.027800433337688446 0.99121546745300293
vn 0.12600338459014893 0.21330572664737701 0.96882599592208862
vn 0.11220298707485199 0.48511293530464172 0.86722314357757568
vn 0.097597949206829071 0.64598637819290161 0.75708401203155518
vn 0.090401381254196167 0.70521080493927002 0.70321071147918701
vn 0.22571751475334167 0.70545470714569092 0.67185211181640625
vn 0.24329251050949097 0.64628016948699951 0.723277747631073
vn 0.27920305728912354 0.4854053258895874 0.82850909233093262
vn 0.31260988116264343 0.21370676159858704 0.92552930116653442
vn 0.32020914554595947 0.028200805187225342 0.94692707061767578
vn -0.43333110213279724 0.70435065031051636 0.56224042177200317
vn -0.46641352772712708 0.64501869678497314 0.60531753301620483
vn -0.53388214111328125 0.48408380150794983 0.69327682256698608
vn -0.59590715169906616 0.21220254898071289 0.77450937032699585
vn -0.60947084426879883 0.026598727330565453 0.79236215353012085
vn 0.045900739729404449 0.70601135492324829 -0.70671147108078003
vn 0.049602266401052475 0.64692956209182739 -0.76093477010726929
vn 0.057298347353935242 0.48618596792221069 -0.87197482585906982
vn 0.064599074423313141 0.214496910572052 -0.97458606958389282
vn 0.066404737532138824 0.02900206670165062 -0.99737119674682617
vn 0.35241210460662842 0.70572417974472046 0.61462110280990601
vn 0.37961795926094055 0.6465306282043457 0.66173136234283447
vn 0.43540278077125549 0.48580309748649597 0.75790482759475708
vn 0.48709848523139954 0.21409936249256134 0.84669739007949829
vn 0.498819500207901 0.028601117432117462 0.86623382568359375
vn -0.31541389226913452 0.70453107357025146 0.63572794198989868
vn -0.31541389226913452 0.70453107357025146 0.63572794198989868
vn -0.33942055702209473 0.64523911476135254 0.68444150686264038
vn -0.33942055702209473 0.64523911476135254 0.68444150686264038
vn -0.38841935992240906 0.4843241274356842 0.78393912315368652
vn -0.38841935992240906 0.4843241274356842 0.78393912315368652
vn -0.43340542912483215 0.21240264177322388 0.87581098079681396
vn -0.43340542912483215 0.21240264177322388 0.87581098079681396
vn -0.44320756196975708 0.026900459080934525 0.89601528644561768
vn -0.44320756196975708 0.026900459080934525 0.89601528644561768
vn -0.092998713254928589 0.70579016208648682 -0.70229017734527588
vn -0.099904485046863556 0.64662909507751465 -0.75623404979705811
vn -0.11400038748979568 0.48580163717269897 -0.86660295724868774
vn -0.12680576741695404 0.21410970389842987 -0.96854394674301147
vn -0.12940987944602966 0.028702192008495331 -0.99117571115493774
vn 0.46540570259094238 0.70600861310958862 0.53380650281906128
vn 0.50131702423095703 0.64682197570800781 0.57471954822540283
vn 0.5747864842414856 0.48608854413032532 0.65828448534011841
vn 0.64291483163833618 0.21440494060516357 0.73531699180603027
vn 0.65819412469863892 0.028899740427732468 0.75229334831237793
vn -0.18550339341163635 0.70471286773681641 0.68481254577636719
vn -0.19950471818447113 0.64541524648666382 0.73731744289398193
vn -0.22810569405555725 0.4845120906829834 0.84452104568481445
vn -0.25431102514266968 0.2127092033624649 0.94344085454940796
vn -0.25982058048248291 0.027102148160338402 0.96527653932571411
vn -0.22830480337142944 0.70551484823226929 -0.67091411352157593
vn -0.24561414122581482 0.64633721113204956 -0.72244161367416382
vn -0.28091856837272644 0.48553207516670227 -0.8278546929359436
vn -0.31329259276390076 0.21379491686820984 -0.92527806758880615
vn -0.3202979564666748 0.028299819678068161 -0.94689404964447021
vn 0.56051826477050781 0.70622295141220093 0.43251407146453857
vn 0.60367929935455322 0.64707779884338379 0.46568402647972107
vn 0.69210129976272583 0.48640093207359314 0.53330099582672119
vn 0.77393144369125366 0.21480873227119446 0.59572422504425049
vn 0.79231339693069458 0.029300503432750702 0.60941028594970703
vn -0.048401828855276108 0.70492666959762573 0.70762676000595093
vn -0.051901008933782578 0.64571249485015869 0.76181471347808838
vn -0.059001687914133072 0.4848138689994812 0.87262493371963501
vn -0.065397508442401886 0.21299190819263458 0.97486287355422974
vn -0.066600054502487183 0.027500022202730179 0.99740070104598999
vn -0.35491976141929626 0.70523923635482788 -0.61373412609100342
vn -0.38193437457084656 0.64605808258056641 -0.66085934638977051
vn -0.43710467219352722 0.48520514369010925 -0.75730806589126587
vn -0.4879051148891449 0.21340224146842957 -0.8464089035987854
vn -0.49890449643135071 0.027900250628590584 -0.8662077784538269
vn 0.63402217626571655 0.70642465353012085 0.31461098790168762
vn 0.68282359838485718 0.64732241630554199 0.33871170878410339
vn 0.78275275230407715 0.48663276433944702 0.3879261314868927
vn 0.87526029348373413 0.21501481533050537 0.43322983384132385
vn 0.89596956968307495 0.029502291232347488 0.44313439726829529
vn -0.46791455149650574 0.70502191781997681 -0.53291654586791992
vn -0.50365340709686279 0.64576846361160278 -0.57386088371276855
vn -0.57659041881561279 0.48489192128181458 -0.65758901834487915
vn -0.64365953207015991 0.21301969885826111 -0.73506802320480347
vn -0.65827679634094238 0.027499033138155937 -0.75227349996566772
vn 0.68309205770492554 0.70659178495407104 0.18469785153865814
vn 0.73570281267166138 0.64750242233276367 0.19870075583457947
vn 0.8433072566986084 0.48690417408943176 0.22750195860862732
vn 0.94293278455734253 0.21530747413635254 0.25400879979133606
vn 0.96520233154296875 0.029800072312355042 0.25980064272880554
vn -0.56304234266281128 0.70475298166275024 -0.43163245916366577
vn -0.60601657629013062 0.64551764726638794 -0.46481272578239441
vn -0.69381213188171387 0.48460853099822998 -0.53270936012268066
vn -0.77473777532577515 0.21271035075187683 -0.59542900323867798
vn -0.79239767789840698 0.027199920266866684 -0.60939812660217285
vn 0.70590513944625854 0.70670515298843384 0.047600347548723221
vn 0.76023375988006592 0.64762872457504272 0.05120227113366127
vn 0.87143087387084961 0.48701724410057068 0.058502070605754852
vn 0.97432982921600342 0.21550659835338593 0.065101988613605499
vn 0.99733513593673706 0.03000105544924736 0.066502340137958527
vn -0.63660401105880737 0.70450443029403687 -0.31370195746421814
vn -0.68519318103790283 0.64529353380203247 -0.3377966582775116
vn -0.78453510999679565 0.48432162404060364 -0.38721728324890137
vn -0.87604725360870361 0.21241144835948944 -0.43292337656021118
vn -0.89607471227645874 0.026899242773652077 -0.44308754801750183
vn 0.70150494575500488 0.70680499076843262 -0.091200642287731171
vn 0.7555156946182251 0.64771348237991333 -0.098302043974399567
vn 0.86602324247360229 0.48711308836936951 -0.11280303448438644
vn 0.96828067302703857 0.21559569239616394 -0.1262974888086319
vn 0.99114769697189331 0.03010144829750061 -0.12930622696876526
vn -0.68565773963928223 0.70435935258865356 -0.18371547758579254
vn -0.7380138635635376 0.64511215686798096 -0.19790373742580414
vn -0.84508711099624634 0.48409265279769897 -0.22689653933048248
vn -0.94369387626647949 0.21219860017299652 -0.25379836559295654
vn -0.96529626846313477 0.02659989707171917 -0.25979897379875183
vn 0.0088999634608626366 -0.99849587678909302 0.054099775850772858
vn 0.0088999634608626366 -0.99849587678909302 0.054099775850772858
vn 0.019501408562064171 -0.99847203493118286 0.051703732460737228
vn 0.019501408562064171 -0.99847203493118286 0.051703732460737228
vn 0.029401546344161034 -0.99845254421234131 0.04720248281955719
vn 0.029401546344161034 -0.99845254421234131 0.04720248281955719
vn 0.03820125013589859 -0.99843263626098633 0.040901336818933487
vn 0.03820125013589859 -0.99843263626098633 0.040901336818933487
vn 0.045600663870573044 -0.99841451644897461 0.033000480383634567
vn 0.045600663870573044 -0.99841451644897461 0.033000480383634567
vn 0.051299985498189926 -0.99839967489242554 0.023799993097782135
vn 0.051299985498189926 -0.99839967489242554 0.023799993097782135
vn 0.055198971182107925 -0.99838137626647949 0.013699743896722794
vn 0.055198971182107925 -0.99838137626647949 0.013699743896722794
vn 0.056898597627878189 -0.99837547540664673 0.0029999262187629938
vn 0.056898597627878189 -0.99837547540664673 0.0029999262187629938
vn 0.056598111987113953 -0.9983665943145752 -0.0077997390180826187
vn 0.056598111987113953 -0.9983665943145752 -0.0077997390180826187
vn 0.054098263382911682 -0.99836790561676025 -0.018299415707588196
vn 0.054098263382911682 -0.99836790561676025 -0.018299415707588196
vn 0.049698315560817719 -0.99836611747741699 -0.028199043124914169
vn 0.049698315560817719 -0.99836611747741699 -0.028199043124914169
vn 0.04339880496263504 -0.99837249517440796 -0.036998983472585678
vn 0.04339880496263504 -0.99837249517440796 -0.036998983472585678
vn 0.035499237477779388 -0.99837851524353027 -0.044499039649963379
vn 0.035499237477779388 -0.99837851524353027 -0.044499039649963379
vn 0.026299810037016869 -0.99839287996292114 -0.050199639052152634
vn 0.026299810037016869 -0.99839287996292114 -0.050199639052152634
vn 0.016100181266665459 -0.99841111898422241 -0.054000604897737503
vn 0.016100181266665459 -0.99841111898422241 -0.054000604897737503
vn 0.0055001475848257542 -0.99842673540115356 -0.055801492184400558
vn 0.0055001475848257542 -0.99842673540115356 -0.055801492184400558
vn -0.0053002359345555305 -0.99844449758529663 -0.055502474308013916
vn -0.0053002359345555305 -0.99844449758529663 -0.055502474308013916
vn -0.015901081264019012 -0.99846768379211426 -0.053003601729869843
vn -0.015901081264019012 -0.99846768379211426 -0.053003601729869843
vn -0.025799615308642387 -0.99848508834838867 -0.048599272966384888
vn -0.025799615308642387 -0.99848508834838867 -0.048599272966384888
vn -0.034600343555212021 -0.99850988388061523 -0.042200416326522827
vn -0.034600343555212021 -0.99850988388061523 -0.042200416326522827
vn -0.042001202702522278 -0.99852859973907471 -0.03430098295211792
vn -0.042001202702522278 -0.99852859973907471 -0.03430098295211792
vn -0.047702200710773468 -0.99854618310928345 -0.025101158767938614
vn -0.047702200710773468 -0.99854618310928345 -0.025101158767938614
vn -0.051503106951713562 -0.99856019020080566 -0.015000903978943825
vn -0.051503106951713562 -0.99856019020080566 -0.015000903978943825
vn -0.053298365324735641 -0.99856936931610107 -0.0042998683638870716
vn -0.053298365324735641 -0.99856936931610107 -0.0042998683638870716
vn -0.052998591214418411 -0.9985734224319458 0.0064998278394341469
vn -0.052998591214418411 -0.9985734224319458 0.0064998278394341469
vn -0.05049896240234375 -0.99857944250106812 0.016999650746583939
vn -0.05049896240234375 -0.99857944250106812 0.016999650746583939
vn -0.046098832041025162 -0.99857467412948608 0.026899317279458046
vn -0.046098832041025162 -0.99857467412948608 0.026899317279458046
vn -0.0397987961769104 -0.9985697865486145 0.035698920488357544
vn -0.0397987961769104 -0.9985697865486145 0.035698920488357544
vn -0.03190181776881218 -0.99855685234069824 0.043202459812164307
vn -0.03190181776881218 -0.99855685234069824 0.043202459812164307
vn -0.022701038047671318 -0.99854558706283569 0.048902232199907303
vn -0.022701038047671318 -0.99854558706283569 0.048902232199907303
vn -0.022701038047671318 -0.99854558706283569 0.048902232199907303
vn -0.012500401586294174 -0.99853205680847168 0.052701693028211594
vn -0.012500401586294174 -0.99853205680847168 0.052701693028211594
vn -0.0019000227330252528 -0.9985119104385376 0.054500654339790344
vn -0.0019000227330252528 -0.9985119104385376 0.054500654339790344
vn 0.59991550445556641 -0.17970465123653412 -0.77962017059326172
vn 0.51059037446975708 -0.5474897027015686 -0.66298753023147583
vn 0.36341297626495361 -0.80372875928878784 -0.47111687064170837
vn 0.23720936477184296 -0.92173641920089722 -0.30681213736534119
vn 0.123301662504673 -0.97961324453353882 -0.15860214829444885
vn 0.090105287730693817 -0.97965747117996216 -0.17931051552295685
vn 0.17290438711643219 -0.92182338237762451 -0.34690877795219421
vn 0.26470929384231567 -0.80382817983627319 -0.5327187180519104
vn 0.37157920002937317 -0.54766935110092163 -0.74965804815292358
vn 0.43631306290626526 -0.17990536987781525 -0.88162630796432495
vn -0.85192233324050903 -0.18310479819774628 0.49061289429664612
vn -0.72341084480285645 -0.55040830373764038 0.41680625081062317
vn -0.51302021741867065 -0.80583178997039795 0.29571166634559631
vn -0.33309832215309143 -0.92309534549713135 0.19219905138015747
vn -0.17090372741222382 -0.98032140731811523 0.098802156746387482
vn -0.14819943904876709 -0.98029625415802002 0.1305994987487793
vn -0.28911125659942627 -0.92303586006164551 0.25380989909172058
vn -0.44541206955909729 -0.80572181940078735 0.39041057229042053
vn -0.62811577320098877 -0.55031383037567139 0.55011385679244995
vn -0.73976820707321167 -0.1830921471118927 0.64747220277786255
vn 0.053600732237100601 -0.97971338033676147 -0.19310265779495239
vn 0.10210124403238297 -0.92191118001937866 -0.37370458245277405
vn 0.15580497682094574 -0.80402570962905884 -0.57381826639175415
vn 0.21819743514060974 -0.54789358377456665 -0.8075905442237854
vn 0.25591444969177246 -0.18021018803119659 -0.94975370168685913
vn 0.12760499119758606 -0.18170712888240814 0.97503817081451416
vn 0.10910351574420929 -0.54921770095825195 0.82852661609649658
vn 0.078301005065441132 -0.80491042137145996 0.58820760250091553
vn 0.051600649952888489 -0.9225115180015564 0.38250476121902466
vn 0.027600402012467384 -0.98001432418823242 0.19700287282466888
vn 0.065603643655776978 -0.97995442152023315 0.18811044096946716
vn 0.1253959983587265 -0.92237043380737305 0.36538827419281006
vn 0.19169782102108002 -0.8046908974647522 0.56189364194869995
vn 0.26879772543907166 -0.54889535903930664 0.79149329662322998
vn 0.3153938353061676 -0.18129646778106689 0.93148177862167358
vn -0.11969643831253052 -0.9802708625793457 0.15729531645774841
vn -0.23389655351638794 -0.92298632860183716 0.3055955171585083
vn -0.36050981283187866 -0.8056219220161438 0.47011274099349976
vn -0.50862473249435425 -0.55022674798965454 0.6622321605682373
vn -0.59921276569366455 -0.18290390074253082 0.77941662073135376
vn 0.014999750070273876 -0.97978371381759644 -0.19949667155742645
vn 0.027301331982016563 -0.92204493284225464 -0.38611882925033569
vn 0.041001047939062119 -0.80422049760818481 -0.5929151177406311
vn 0.05660141259431839 -0.5482136607170105 -0.83442080020904541
vn 0.065698601305484772 -0.18049614131450653 -0.98137903213500977
vn 0.1011967658996582 -0.97986871004104614 0.17209449410438538
vn 0.19450265169143677 -0.92221260070800781 0.33420455455780029
vn 0.29769381880760193 -0.80448329448699951 0.51398932933807373
vn 0.41813433170318604 -0.54854500293731689 0.72405940294265747
vn 0.49102053046226501 -0.18100757896900177 0.85213559865951538
vn -0.086601048707962036 -0.98021197319030762 0.17800216376781464
vn -0.086601048707962036 -0.98021197319030762 0.17800216376781464
vn -0.16959854960441589 -0.92289215326309204 0.34569701552391052
vn -0.16959854960441589 -0.92289215326309204 0.34569701552391052
vn -0.26169711351394653 -0.80549108982086182 0.53169417381286621
vn -0.26169711351394653 -0.80549108982086182 0.53169417381286621
vn -0.36960825324058533 -0.55001229047775269 0.74891668558120728
vn -0.36960825324058533 -0.55001229047775269 0.74891668558120728
vn -0.4356016218662262 -0.18270066380500793 0.88140326738357544
vn -0.4356016218662262 -0.18270066380500793 0.88140326738357544
vn -0.024001117795705795 -0.97984558343887329 -0.19830922782421112
vn -0.048299729824066162 -0.9221947193145752 -0.38369780778884888
vn -0.075399279594421387 -0.80439239740371704 -0.58929437398910522
vn -0.10720445960760117 -0.54852283000946045 -0.8292345404624939
vn -0.12690994143486023 -0.18091414868831635 -0.97527635097503662
vn 0.13299883902072906 -0.97979146242141724 0.14939869940280914
vn 0.25609824061393738 -0.92209368944168091 0.29009804129600525
vn 0.39241978526115417 -0.80424058437347412 0.44632253050804138
vn 0.55144715309143066 -0.54824692010879517 0.62875378131866455
vn 0.6479029655456543 -0.1806008368730545 0.74000340700149536
vn -0.050002921372652054 -0.98015719652175903 0.191811203956604
vn -0.098700828850269318 -0.92280769348144531 0.37240311503410339
vn -0.15280337631702423 -0.80531781911849976 0.57281267642974854
vn -0.21630087494850159 -0.54980218410491943 0.80680322647094727
vn -0.25530022382736206 -0.1824001669883728 0.9495009183883667
vn -0.062100909650325775 -0.97991436719894409 -0.1895027756690979
vn -0.12210358679294586 -0.92232710123062134 -0.36661073565483093
vn -0.18871462345123291 -0.80466222763061523 -0.56294357776641846
vn -0.26680734753608704 -0.54881519079208374 -0.79222202301025391
vn -0.31471031904220581 -0.18120594322681427 -0.93173056840896606
vn 0.15980279445648193 -0.9797171950340271 0.12090211361646652
vn 0.3079184889793396 -0.92195528745651245 0.23491409420967102
vn 0.47212257981300354 -0.80403846502304077 0.36141729354858398
vn 0.66358160972595215 -0.547984778881073 0.50928586721420288
vn 0.77984815835952759 -0.18031112849712372 0.59943699836730957
vn -0.011499933898448944 -0.98009437322616577 0.19819886982440948
vn -0.024001024663448334 -0.92263931035995483 0.38491642475128174
vn -0.038000460714101791 -0.80510979890823364 0.59190720319747925
vn -0.05460035428404808 -0.54950356483459473 0.8337053656578064
vn -0.065102629363536835 -0.1820073276758194 0.9811396598815918
vn -0.097699373960494995 -0.97999370098114014 -0.17339886724948883
vn -0.19109821319580078 -0.92249143123626709 -0.33539685606956482
vn -0.29480060935020447 -0.8049015998840332 -0.51500099897384644
vn -0.41610312461853027 -0.54910409450531006 -0.72480541467666626
vn -0.49042794108390808 -0.18161037564277649 -0.85234856605529785
vn 0.18041339516639709 -0.97967267036437988 0.087706513702869415
vn 0.34800735116004944 -0.92181950807571411 0.17070360481739044
vn 0.53360116481781006 -0.80390185117721558 0.26270058751106262
vn 0.75030994415283203 -0.54770725965499878 0.37020492553710938
vn 0.88184726238250732 -0.18000964820384979 0.43582332134246826
vn -0.12950968742370605 -0.98007321357727051 -0.1506112664937973
vn -0.25270479917526245 -0.92261749505996704 -0.29140552878379822
vn -0.38950514793395996 -0.80511069297790527 -0.44730588793754578
vn -0.54951786994934082 -0.54941785335540771 -0.62942045927047729
vn -0.64723628759384155 -0.18201020359992981 -0.74024146795272827
vn 0.19420570135116577 -0.97962892055511475 0.051101502031087875
vn 0.37472042441368103 -0.92175024747848511 0.099805437028408051
vn 0.57480484247207642 -0.80370676517486572 0.15380130708217621
vn 0.80820441246032715 -0.54750299453735352 0.21690116822719574
vn 0.94993883371353149 -0.17980733513832092 0.25551041960716248
vn -0.1562056839466095 -0.98013561964035034 -0.12220444530248642
vn -0.30460810661315918 -0.92272448539733887 -0.23620626330375671
vn -0.46918520331382751 -0.80527466535568237 -0.36248859763145447
vn -0.66160506010055542 -0.54970425367355347 -0.51000392436981201
vn -0.77918988466262817 -0.18229763209819794 -0.59969216585159302
vn 0.20059844851493835 -0.97959250211715698 0.012599903158843517
vn 0.38718360662460327 -0.92166095972061157 0.025098936632275581
vn 0.59389668703079224 -0.80359548330307007 0.038999784737825394
vn 0.8350796103477478 -0.54735225439071655 0.055205263197422028
vn 0.98157113790512085 -0.1795947402715683 0.065298080444335938
vn -0.17689941823482513 -0.98019671440124512 -0.08899969607591629
vn -0.34462431073188782 -0.92286527156829834 -0.17191216349601746
vn -0.53073996305465698 -0.80546069145202637 -0.2637198269367218
vn -0.74833381175994873 -0.54992479085922241 -0.37091672420501709
vn -0.88118261098861694 -0.18259641528129578 -0.43609139323234558
vn 0.1993926614522934 -0.97956401109695435 -0.026399029418826103
vn 0.38471904397010803 -0.9216456413269043 -0.050602506846189499
vn 0.59017515182495117 -0.80356615781784058 -0.077296733856201172
vn 0.82988196611404419 -0.54728806018829346 -0.10849763453006744
vn 0.97549247741699219 -0.17939864099025726 -0.1273990124464035
vn -0.19070912897586823 -0.980246901512146 -0.05240250751376152
vn -0.37142166495323181 -0.92295384407043457 -0.10100588947534561
vn -0.57189315557479858 -0.80559033155441284 -0.15479813516139984
vn -0.8062329888343811 -0.55012249946594238 -0.21760889887809753
vn -0.94931477308273315 -0.18280284106731415 -0.25570398569107056
vn 0.1906086802482605 -0.97954463958740234 -0.064502939581871033
vn 0.3676953911781311 -0.92158836126327515 -0.12439844012260437
vn 0.56391072273254395 -0.80351531505584717 -0.1907036304473877
vn 0.79286450147628784 -0.54724454879760742 -0.26812180876731873
vn 0.93191260099411011 -0.17940241098403931 -0.31520423293113708
vn -0.1970970630645752 -0.98028546571731567 -0.013899792917072773
vn -0.38381475210189819 -0.92303550243377686 -0.026301009580492973
vn -0.59092503786087036 -0.80573409795761108 -0.040001694113016129
vn -0.83309096097946167 -0.55029404163360596 -0.055999390780925751
vn -0.98092740774154663 -0.18300512433052063 -0.06550183892250061
vn 0.17449246346950531 -0.97955769300460815 -0.10009567439556122
vn 0.33650296926498413 -0.92160815000534058 -0.19340169429779053
vn 0.51593732833862305 -0.80355817079544067 -0.2968214750289917
vn 0.72542202472686768 -0.54721665382385254 -0.41751271486282349
vn 0.85253262519836426 -0.17940688133239746 -0.49091881513595581
vn -0.19590048491954803 -0.98030251264572144 0.025100063532590866
vn -0.38139617443084717 -0.92309081554412842 0.049399510025978088
vn -0.58728337287902832 -0.80577719211578369 0.076297841966152191
vn -0.82790851593017578 -0.55040568113327026 0.10780110210180283
vn -0.9748414158821106 -0.18310777842998505 0.12710539996623993
vn 0.15179567039012909 -0.97957205772399902 -0.1318962424993515
vn 0.29241910576820374 -0.92166024446487427 -0.25501665472984314
vn 0.4482959508895874 -0.8035927414894104 -0.39149641990661621
vn 0.63011765480041504 -0.54731529951095581 -0.55081546306610107
vn 0.74042677879333496 -0.17950648069381714 -0.64772343635559082
vn -0.18700455129146576 -0.98032385110855103 0.063201531767845154
vn -0.36430332064628601 -0.92310845851898193 0.1231011226773262
vn -0.56099414825439453 -0.80579167604446411 0.18969804048538208
vn -0.79091358184814453 -0.55040943622589111 0.26740458607673645
vn -0.93126624822616577 -0.18321305513381958 0.31492245197296143
vn 0.2768954336643219 0.49799183011054993 0.82178652286529541
vn 0.11129794269800186 0.49769076704978943 0.86018407344818115
vn 0.43180921673774719 0.49831059575080872 0.7518160343170166
vn 0.5701301097869873 0.49862632155418396 0.6529344916343689
vn 0.68649160861968994 0.49889388680458069 0.52899354696273804
vn 0.77640324831008911 0.49920207262039185 0.38470157980918884
vn 0.83643937110900879 0.4994235634803772 0.2257106602191925
vn 0.86430925130844116 0.49960532784461975 0.058000620454549789
vn 0.85897260904312134 0.49964219331741333 -0.11190945655107498
vn 0.82053011655807495 0.49971833825111389 -0.27751019597053528
vn 0.75053000450134277 0.49971997737884521 -0.43241724371910095
vn 0.65169626474380493 0.49959710240364075 -0.57069671154022217
vn 0.52781528234481812 0.49941441416740417 -0.68701982498168945
vn 0.38352945446968079 0.4992382824420929 -0.77695965766906738
vn 0.22450332343578339 0.49900740385055542 -0.83701246976852417
vn 0.056800566613674164 0.49870499968528748 -0.86490869522094727
vn -0.1131037175655365 0.49841633439064026 -0.85952818393707275
vn -0.27870246767997742 0.49810439348220825 -0.82110714912414551
vn -0.43362915515899658 0.497733473777771 -0.75115054845809937
vn -0.57190811634063721 0.49740704894065857 -0.65230923891067505
vn -0.68831163644790649 0.49710842967033386 -0.5283089280128479
vn -0.77818536758422852 0.49689063429832458 -0.384092777967453
vn -0.83823555707931519 0.49672108888626099 -0.22500953078269958
vn -0.86613261699676514 0.49651864171028137 -0.057302158325910568
vn -0.86075437068939209 0.49643135070800781 0.11250708997249603
vn -0.82232880592346191 0.49641740322113037 0.27810975909233093
vn -0.7523537278175354 0.49643543362617493 0.4330308735370636
vn -0.65351366996765137 0.49651035666465759 0.57131195068359375
vn -0.5295950174331665 0.49659529328346252 0.68769341707229614
vn -0.38531386852264404 0.49681788682937622 0.77762794494628906
vn -0.38531386852264404 0.49681788682937622 0.77762794494628906
vn -0.22629305720329285 0.49708470702171326 0.83767431974411011
vn -0.058602020144462585 0.497417151927948 0.86552989482879639
vn 0.079701721668243408 0.9671209454536438 0.2415052205324173
vn 0.079701721668243408 0.9671209454536438 0.2415052205324173
vn 0.0311005599796772 0.96701741218566895 0.25280451774597168
vn 0.0311005599796772 0.96701741218566895 0.25280451774597168
vn 0.12510207295417786 0.96721601486206055 0.22100368142127991
vn 0.12510207295417786 0.96721601486206055 0.22100368142127991
vn 0.16570083796977997 0.96730494499206543 0.19200097024440765
vn 0.16570083796977997 0.96730494499206543 0.19200097024440765
vn 0.19980058073997498 0.96740281581878662 0.15560044348239899
vn 0.19980058073997498 0.96740281581878662 0.15560044348239899
vn 0.22609838843345642 0.96749305725097656 0.11329919099807739
vn 0.22609838843345642 0.96749305725097656 0.11329919099807739
vn 0.24380688369274139 0.96752727031707764 0.066701881587505341
vn 0.24380688369274139 0.96752727031707764 0.066701881587505341
vn 0.25189876556396484 0.96759533882141113 0.01749991811811924
vn 0.25189876556396484 0.96759533882141113 0.01749991811811924
vn 0.25040087103843689 0.96760326623916626 -0.032300110906362534
vn 0.25040087103843689 0.96760326623916626 -0.032300110906362534
vn 0.23910632729530334 0.96762555837631226 -0.080802135169506073
vn 0.23910632729530334 0.96762555837631226 -0.080802135169506073
vn 0.21860414743423462 0.96761828660964966 -0.12620238959789276
vn 0.21860414743423462 0.96761828660964966 -0.12620238959789276
vn 0.18959809839725494 0.96759027242660522 -0.16679832339286804
vn 0.18959809839725494 0.96759027242660522 -0.16679832339286804
vn 0.15330629050731659 0.96753966808319092 -0.20090822875499725
vn 0.15330629050731659 0.96753966808319092 -0.20090822875499725
vn 0.11099765449762344 0.967479407787323 -0.22729519009590149
vn 0.11099765449762344 0.967479407787323 -0.22729519009590149
vn 0.064300857484340668 0.96741294860839844 -0.24490328133106232
vn 0.064300857484340668 0.96741294860839844 -0.24490328133106232
vn 0.015200304798781872 0.96731936931610107 -0.25310507416725159
vn 0.015200304798781872 0.96731936931610107 -0.25310507416725159
vn -0.034601293504238129 0.96723616123199463 -0.25150942802429199
vn -0.034601293504238129 0.96723616123199463 -0.25150942802429199
vn -0.083204127848148346 0.96714800596237183 -0.24021191895008087
vn -0.083204127848148346 0.96714800596237183 -0.24021191895008087
vn -0.12860675156116486 0.96705073118209839 -0.21971151232719421
vn -0.12860675156116486 0.96705073118209839 -0.21971151232719421
vn -0.16920924186706543 0.96695280075073242 -0.19071042537689209
vn -0.16920924186706543 0.96695280075073242 -0.19071042537689209
vn -0.20329329371452332 0.96686816215515137 -0.15439492464065552
vn -0.20329329371452332 0.96686816215515137 -0.15439492464065552
vn -0.22969646751880646 0.96678513288497925 -0.11209827661514282
vn -0.22969646751880646 0.96678513288497925 -0.11209827661514282
vn -0.24730701744556427 0.96672737598419189 -0.065401852130889893
vn -0.24730701744556427 0.96672737598419189 -0.065401852130889893
vn -0.25539952516555786 0.96669816970825195 -0.016299968585371971
vn -0.25539952516555786 0.96669816970825195 -0.016299968585371971
vn -0.2539122998714447 0.96664685010910034 0.033501625061035156
vn -0.2539122998714447 0.96664685010910034 0.033501625061035156
vn -0.24261084198951721 0.96664315462112427 0.082103662192821503
vn -0.24261084198951721 0.96664315462112427 0.082103662192821503
vn -0.22211109101772308 0.96664822101593018 0.12750636041164398
vn -0.22211109101772308 0.96664822101593018 0.12750636041164398
vn -0.19309477508068085 0.96667385101318359 0.16809545457363129
vn -0.19309477508068085 0.96667385101318359 0.16809545457363129
vn -0.15670402348041534 0.96672481298446655 0.20220519602298737
vn -0.15670402348041534 0.96672481298446655 0.20220519602298737
vn -0.11439727246761322 0.96677702665328979 0.22859455645084381
vn -0.11439727246761322 0.96677702665328979 0.22859455645084381
vn -0.11439727246761322 0.96677702665328979 0.22859455645084381
vn -0.067802935838699341 0.96684181690216064 0.24621064960956573
vn -0.067802935838699341 0.96684181690216064 0.24621064960956573
vn -0.018600834533572197 0.96694350242614746 0.25431141257286072
vn -0.018600834533572197 0.96694350242614746 0.25431141257286072
vn -0.066499076783657074 -0.00079998897854238749 0.99778616428375244
vn 0.12939904630184174 -0.00039999699220061302 0.99159252643585205
vn -0.49900081753730774 -0.00030000050901435316 -0.86660146713256836
vn -0.65849030017852783 -0.0006999896140769124 -0.75258886814117432
vn 0.8963778018951416 0.0012999679893255234 0.44328904151916504
vn 0.96563190221786499 0.0016000528121367097 0.25990858674049377
vn -0.79270535707473755 -0.0010000067995861173 -0.6096041202545166
vn 0.99778503179550171 0.001699974643997848 0.066499002277851105
vn -0.8963778018951416 -0.0012999679893255234 -0.44328904151916504
vn 0.99159079790115356 0.0018999824533239007 -0.12939880788326263
vn -0.96563190221786499 -0.0016000528121367097 -0.25990858674049377
vn 0.94728243350982666 0.001899964758194983 -0.32039406895637512
vn -0.99778503179550171 -0.001699974643997848 -0.066499002277851105
vn 0.8665999174118042 0.0018999999156221747 -0.4989999532699585
vn -0.99159079790115356 -0.0018999824533239007 0.12939880788326263
vn 0.75258785486221313 0.0017999708652496338 -0.6584894061088562
vn -0.94728243350982666 -0.001899964758194983 0.32039406895637512
vn 0.6096036434173584 0.0016000095056369901 -0.79270476102828979
vn -0.8665999174118042 -0.0018999999156221747 0.4989999532699585
vn 0.44328898191452026 0.0013999651418998837 -0.89637768268585205
vn -0.75258785486221313 -0.0017999708652496338 0.6584894061088562
vn 0.2599087655544281 0.0011000371305271983 -0.96563255786895752
vn 0.32039463520050049 0 0.94728416204452515
vn -0.6096036434173584 -0.0016000095056369901 0.79270476102828979
vn 0.066499076783657074 0.00079998897854238749 -0.99778616428375244
vn 0.49900081753730774 0.00030000050901435316 0.86660146713256836
vn -0.44328898191452026 -0.0013999651418998837 0.89637768268585205
vn -0.44328898191452026 -0.0013999651418998837 0.89637768268585205
vn -0.12939904630184174 0.00039999699220061302 -0.99159252643585205
vn 0.65849030017852783 0.0006999896140769124 0.75258886814117432
vn -0.2599087655544281 -0.0011000371305271983 0.96563255786895752
vn -0.32039463520050049 0 -0.94728416204452515
vn 0.79270535707473755 0.0010000067995861173 0.6096041202545166
vn -0.43541845679283142 -0.89973807334899902 -0.029701255261898041
vn 0.3812103271484375 -0.89812439680099487 -0.21920594573020935
vn 0.058301102370023727 -0.89911699295043945 0.43380823731422424
vn -0.4327353835105896 -0.89977347850799561 0.056104589253664017
vn 0.33129274845123291 -0.89818024635314941 -0.28899365663528442
vn -0.41330558061599731 -0.89981216192245483 0.13970187306404114
vn 0.2687096893787384 -0.89823246002197266 -0.34781256318092346
vn -0.37799093127250671 -0.89977836608886719 0.21799476444721222
vn 0.19581109285354614 -0.89835083484649658 -0.39322230219841003
vn -0.32801142334938049 -0.89973127841949463 0.28791001439094543
vn 0.11549542099237442 -0.89846432209014893 -0.42358314990997314
vn 0.14190134406089783 -0.89900851249694824 0.41430389881134033
vn -0.26539617776870728 -0.89968705177307129 0.34659504890441895
vn 0.030801163986325264 -0.89863401651382446 -0.43761652708053589
vn 0.22020326554775238 -0.89881324768066406 0.37900558114051819
vn -0.19251728057861328 -0.89958071708679199 0.39203518629074097
vn -0.19251728057861328 -0.89958071708679199 0.39203518629074097
vn -0.055104527622461319 -0.89877384901046753 -0.43493571877479553
vn 0.29001611471176147 -0.89864999055862427 0.32911831140518188
vn -0.11220387369394302 -0.89943104982376099 0.42241460084915161
vn -0.1387069970369339 -0.89894533157348633 -0.41552096605300903
vn 0.34880244731903076 -0.89850634336471558 0.26650187373161316
vn -0.027499599382281303 -0.89928698539733887 0.43649366497993469
vn -0.21699762344360352 -0.89909017086029053 -0.38019585609436035
vn 0.39432048797607422 -0.89834654331207275 0.19361002743244171
vn -0.28682193160057068 -0.89926886558532715 -0.33022522926330566
vn 0.42458620667457581 -0.89827084541320801 0.11329632252454758
vn -0.3456052839756012 -0.89941370487213135 -0.26760411262512207
vn 0.43869271874427795 -0.89818507432937622 0.028499530628323555
vn -0.39101400971412659 -0.8995322585105896 -0.19480699300765991
vn 0.43600806593894958 -0.89811664819717407 -0.05730106309056282
vn -0.42132923007011414 -0.89966243505477905 -0.11440793424844742
vn 0.41660165786743164 -0.89810359477996826 -0.14090056717395782
vn -0.0017999968258664012 0.99999821186065674 0.00059999892255291343
vn -0.0017999968258664012 0.99999821186065674 0.00059999892255291343
vn -0.0017999968258664012 0.99999821186065674 0.00059999892255291343
vn -0.0017999968258664012 0.99999821186065674 0.00059999892255291343
vn -0.0017999968258664012 0.99999821186065674 0.00059999892255291343
vn -0.0017999968258664012 0.99999821186065674 0.00059999892255291343
vn -0.0017999968258664012 0.99999821186065674 0.00059999892255291343
vn -0.0017999968258664012 0.99999821186065674 0.00059999892255291343
vn -0.0017999968258664012 0.99999821186065674 0.00059999892255291343
vn -0.0017999968258664012 0.99999821186065674 0.00059999892255291343
vn -0.0017999968258664012 0.99999821186065674 0.00059999892255291343
vn -0.0017999968258664012 0.99999821186065674 0.00059999892255291343
vn -0.0017999968258664012 0.99999821186065674 0.00059999892255291343
vn -0.0017999968258664012 0.99999821186065674 0.00059999892255291343
vn -0.0017999968258664012 0.99999821186065674 0.00059999892255291343
vn -0.0017999968258664012 0.99999821186065674 0.00059999892255291343
vn -0.0017999968258664012 0.99999821186065674 0.00059999892255291343
vn -0.0017999968258664012 0.99999821186065674 0.00059999892255291343
vn -0.0017999968258664012 0.99999821186065674 0.00059999892255291343
vn -0.0017999968258664012 0.99999821186065674 0.00059999892255291343
vn -0.0017999968258664012 0.99999821186065674 0.00059999892255291343
vn -0.0017999968258664012 0.99999821186065674 0.00059999892255291343
vn -0.0017999968258664012 0.99999821186065674 0.00059999892255291343
vn -0.0017999968258664012 0.99999821186065674 0.00059999892255291343
vn -0.0017999968258664012 0.99999821186065674 0.00059999892255291343
vn -0.0017999968258664012 0.99999821186065674 0.00059999892255291343
vn -0.0017999968258664012 0.99999821186065674 0.00059999892255291343
vn -0.0017999968258664012 0.99999821186065674 0.00059999892255291343
vn -0.0017999968258664012 0.99999821186065674 0.00059999892255291343
vn -0.0017999968258664012 0.99999821186065674 0.00059999892255291343
vn -0.0017999968258664012 0.99999821186065674 0.00059999892255291343
vn -0.0017999968258664012 0.99999821186065674 0.00059999892255291343
f 859/859/859 856/856/856 79/79/79 81/81/81
f 860/860/860 857/857/857 53/53/53 55/55/55
f 861/861/861 859/859/859 81/81/81 83/83/83
f 862/862/862 860/860/860 55/55/55 57/57/57
f 863/863/863 861/861/861 83/83/83 85/85/85
f 864/864/864 862/862/862 57/57/57 59/59/59
f 865/865/865 863/863/863 85/85/85 87/87/87
f 866/866/866 864/864/864 59/59/59 61/61/61
f 867/867/867 858/858/858 33/33/33 35/35/35
f 868/868/868 865/865/865 87/87/87 89/89/89
f 869/869/869 866/866/866 61/61/61 63/63/63
f 870/870/870 867/867/867 35/35/35 37/37/37
f 871/871/871 868/868/868 89/89/89 91/91/91
f 873/873/873 869/869/869 63/63/63 65/65/65
f 874/874/874 870/870/870 37/37/37 39/39/39
f 875/875/875 872/872/872 92/92/92 95/95/95
f 876/876/876 873/873/873 65/65/65 67/67/67
f 877/877/877 874/874/874 39/39/39 41/41/41
f 878/878/878 875/875/875 95/95/95 97/97/97
f 879/879/879 876/876/876 67/67/67 69/69/69
f 880/880/880 877/877/877 41/41/41 43/43/43
f 858/858/858 878/878/878 97/97/97 33/33/33
f 881/881/881 879/879/879 69/69/69 71/71/71
f 882/882/882 880/880/880 43/43/43 45/45/45
f 883/883/883 881/881/881 71/71/71 73/73/73
f 884/884/884 882/882/882 45/45/45 47/47/47
f 885/885/885 883/883/883 73/73/73 75/75/75
f 886/886/886 884/884/884 47/47/47 49/49/49
f 887/887/887 885/885/885 75/75/75 77/77/77
f 888/888/888 886/886/886 49/49/49 51/51/51
f 856/856/856 887/887/887 77/77/77 79/79/79
f 857/857/857 888/888/888 51/51/51 53/53/53
f 735/735/735 734/734/734 263/263/263 109/109/109
f 109/109/109 263/263/263 262/262/262 110/110/110
f 110/110/110 262/262/262 261/261/261 111/111/111
f 111/111/111 261/261/261 260/260/260 112/112/112
f 112/112/112 260/260/260 259/259/259 113/113/113
f 748/748/748 747/747/747 258/258/258 99/99/99
f 99/99/99 258/258/258 257/257/257 100/100/100
f 100/100/100 257/257/257 256/256/256 101/101/101
f 101/101/101 256/256/256 255/255/255 102/102/102
f 102/102/102 255/255/255 254/254/254 103/103/103
f 734/734/734 733/733/733 253/253/253 263/263/263
f 263/263/263 253/253/253 252/252/252 262/262/262
f 262/262/262 252/252/252 251/251/251 261/261/261
f 261/261/261 251/251/251 250/250/250 260/260/260
f 260/260/260 250/250/250 249/249/249 259/259/259
f 747/747/747 746/746/746 248/248/248 258/258/258
f 258/258/258 248/248/248 247/247/247 257/257/257
f 257/257/257 247/247/247 246/246/246 256/256/256
f 256/256/256 246/246/246 245/245/245 255/255/255
f 255/255/255 245/245/245 244/244/244 254/254/254
f 733/733/733 732/732/732 243/243/243 253/253/253
f 253/253/253 243/243/243 242/242/242 252/252/252
f 252/252/252 242/242/242 241/241/241 251/251/251
f 251/251/251 241/241/241 240/240/240 250/250/250
f 250/250/250 240/240/240 239/239/239 249/249/249
f 746/746/746 745/745/745 238/238/238 248/248/248
f 248/248/248 238/238/238 237/237/237 247/247/247
f 247/247/247 237/237/237 236/236/236 246/246/246
f 246/246/246 236/236/236 235/235/235 245/245/245
f 245/245/245 235/235/235 234/234/234 244/244/244
f 732/732/732 731/731/731 233/233/233 243/243/243
f 243/243/243 233/233/233 232/232/232 242/242/242
f 242/242/242 232/232/232 231/231/231 241/241/241
f 241/241/241 231/231/231 230/230/230 240/240/240
f 240/240/240 230/230/230 229/229/229 239/239/239
f 745/745/745 744/744/744 228/228/228 238/238/238
f 238/238/238 228/228/228 227/227/227 237/237/237
f 237/237/237 227/227/227 226/226/226 236/236/236
f 236/236/236 226/226/226 225/225/225 235/235/235
f 235/235/235 225/225/225 224/224/224 234/234/234
f 731/731/731 730/730/730 223/223/223 233/233/233
f 233/233/233 223/223/223 222/222/222 232/232/232
f 232/232/232 222/222/222 221/221/221 231/231/231
f 231/231/231 221/221/221 220/220/220 230/230/230
f 230/230/230 220/220/220 219/219/219 229/229/229
f 744/744/744 743/743/743 218/218/218 228/228/228
f 228/228/228 218/218/218 217/217/217 227/227/227
f 227/227/227 217/217/217 216/216/216 226/226/226
f 226/226/226 216/216/216 215/215/215 225/225/225
f 225/225/225 215/215/215 214/214/214 224/224/224
f 726/726/726 757/757/757 213/213/213 149/149/149
f 149/149/149 213/213/213 212/212/212 150/150/150
f 150/150/150 212/212/212 211/211/211 151/151/151
f 151/151/151 211/211/211 210/210/210 152/152/152
f 152/152/152 210/210/210 209/209/209 153/153/153
f 730/730/730 729/729/729 208/208/208 223/223/223
f 223/223/223 208/208/208 207/207/207 222/222/222
f 222/222/222 207/207/207 206/206/206 221/221/221
f 221/221/221 206/206/206 205/205/205 220/220/220
f 220/220/220 205/205/205 204/204/204 219/219/219
f 743/743/743 742/742/742 203/203/203 218/218/218
f 218/218/218 203/203/203 202/202/202 217/217/217
f 217/217/217 202/202/202 201/201/201 216/216/216
f 216/216/216 201/201/201 200/200/200 215/215/215
f 215/215/215 200/200/200 199/199/199 214/214/214
f 757/757/757 756/756/756 198/198/198 213/213/213
f 213/213/213 198/198/198 197/197/197 212/212/212
f 212/212/212 197/197/197 196/196/196 211/211/211
f 211/211/211 196/196/196 195/195/195 210/210/210
f 210/210/210 195/195/195 194/194/194 209/209/209
f 729/729/729 728/728/728 193/193/193 208/208/208
f 208/208/208 193/193/193 192/192/192 207/207/207
f 207/207/207 192/192/192 191/191/191 206/206/206
f 206/206/206 191/191/191 190/190/190 205/205/205
f 205/205/205 190/190/190 189/189/189 204/204/204
f 742/742/742 741/741/741 188/188/188 203/203/203
f 203/203/203 188/188/188 187/187/187 202/202/202
f 202/202/202 187/187/187 186/186/186 201/201/201
f 201/201/201 186/186/186 185/185/185 200/200/200
f 200/200/200 185/185/185 184/184/184 199/199/199
f 756/756/756 754/754/754 182/182/182 198/198/198
f 198/198/198 182/182/182 180/180/180 197/197/197
f 197/197/197 180/180/180 178/178/178 196/196/196
f 196/196/196 178/178/178 176/176/176 195/195/195
f 195/195/195 176/176/176 174/174/174 194/194/194
f 728/728/728 727/727/727 173/173/173 193/193/193
f 193/193/193 173/173/173 172/172/172 192/192/192
f 192/192/192 172/172/172 171/171/171 191/191/191
f 191/191/191 171/171/171 170/170/170 190/190/190
f 190/190/190 170/170/170 169/169/169 189/189/189
f 741/741/741 740/740/740 168/168/168 188/188/188
f 188/188/188 168/168/168 167/167/167 187/187/187
f 187/187/187 167/167/167 166/166/166 186/186/186
f 186/186/186 166/166/166 165/165/165 185/185/185
f 185/185/185 165/165/165 164/164/164 184/184/184
f 755/755/755 753/753/753 163/163/163 183/183/183
f 183/183/183 163/163/163 162/162/162 181/181/181
f 181/181/181 162/162/162 161/161/161 179/179/179
f 179/179/179 161/161/161 160/160/160 177/177/177
f 177/177/177 160/160/160 159/159/159 175/175/175
f 727/727/727 725/725/725 158/158/158 173/173/173
f 173/173/173 158/158/158 157/157/157 172/172/172
f 172/172/172 157/157/157 156/156/156 171/171/171
f 171/171/171 156/156/156 155/155/155 170/170/170
f 170/170/170 155/155/155 154/154/154 169/169/169
f 740/740/740 739/739/739 148/148/148 168/168/168
f 168/168/168 148/148/148 147/147/147 167/167/167
f 167/167/167 147/147/147 146/146/146 166/166/166
f 166/166/166 146/146/146 145/145/145 165/165/165
f 165/165/165 145/145/145 144/144/144 164/164/164
f 753/753/753 752/752/752 143/143/143 163/163/163
f 163/163/163 143/143/143 142/142/142 162/162/162
f 162/162/162 142/142/142 141/141/141 161/161/161
f 161/161/161 141/141/141 140/140/140 160/160/160
f 160/160/160 140/140/140 139/139/139 159/159/159
f 725/725/725 726/726/726 149/149/149 158/158/158
f 158/158/158 149/149/149 150/150/150 157/157/157
f 157/157/157 150/150/150 151/151/151 156/156/156
f 156/156/156 151/151/151 152/152/152 155/155/155
f 155/155/155 152/152/152 153/153/153 154/154/154
f 739/739/739 738/738/738 138/138/138 148/148/148
f 148/148/148 138/138/138 137/137/137 147/147/147
f 147/147/147 137/137/137 136/136/136 146/146/146
f 146/146/146 136/136/136 135/135/135 145/145/145
f 145/145/145 135/135/135 134/134/134 144/144/144
f 752/752/752 751/751/751 133/133/133 143/143/143
f 143/143/143 133/133/133 132/132/132 142/142/142
f 142/142/142 132/132/132 131/131/131 141/141/141
f 141/141/141 131/131/131 130/130/130 140/140/140
f 140/140/140 130/130/130 129/129/129 139/139/139
f 738/738/738 737/737/737 128/128/128 138/138/138
f 138/138/138 128/128/128 127/127/127 137/137/137
f 137/137/137 127/127/127 126/126/126 136/136/136
f 136/136/136 126/126/126 125/125/125 135/135/135
f 135/135/135 125/125/125 124/124/124 134/134/134
f 751/751/751 750/750/750 123/123/123 133/133/133
f 133/133/133 123/123/123 122/122/122 132/132/132
f 132/132/132 122/122/122 121/121/121 131/131/131
f 131/131/131 121/121/121 120/120/120 130/130/130
f 130/130/130 120/120/120 119/119/119 129/129/129
f 737/737/737 736/736/736 118/118/118 128/128/128
f 128/128/128 118/118/118 117/117/117 127/127/127
f 127/127/127 117/117/117 116/116/116 126/126/126
f 126/126/126 116/116/116 115/115/115 125/125/125
f 125/125/125 115/115/115 114/114/114 124/124/124
f 750/750/750 749/749/749 108/108/108 123/123/123
f 123/123/123 108/108/108 107/107/107 122/122/122
f 122/122/122 107/107/107 106/106/106 121/121/121
f 121/121/121 106/106/106 105/105/105 120/120/120
f 120/120/120 105/105/105 104/104/104 119/119/119
f 736/736/736 735/735/735 109/109/109 118/118/118
f 118/118/118 109/109/109 110/110/110 117/117/117
f 117/117/117 110/110/110 111/111/111 116/116/116
f 116/116/116 111/111/111 112/112/112 115/115/115
f 115/115/115 112/112/112 113/113/113 114/114/114
f 749/749/749 748/748/748 99/99/99 108/108/108
f 108/108/108 99/99/99 100/100/100 107/107/107
f 107/107/107 100/100/100 101/101/101 106/106/106
f 106/106/106 101/101/101 102/102/102 105/105/105
f 105/105/105 102/102/102 103/103/103 104/104/104
f 824/824/824 823/823/823 296/296/296 264/264/264
f 826/826/826 825/825/825 282/282/282 283/283/283
f 828/828/828 827/827/827 269/269/269 270/270/270
f 829/829/829 826/826/826 283/283/283 284/284/284
f 830/830/830 828/828/828 270/270/270 271/271/271
f 831/831/831 829/829/829 284/284/284 285/285/285
f 832/832/832 830/830/830 271/271/271 272/272/272
f 833/833/833 831/831/831 285/285/285 286/286/286
f 834/834/834 832/832/832 272/272/272 273/273/273
f 835/835/835 833/833/833 286/286/286 287/287/287
f 836/836/836 834/834/834 273/273/273 274/274/274
f 837/837/837 835/835/835 287/287/287 288/288/288
f 838/838/838 836/836/836 274/274/274 275/275/275
f 839/839/839 837/837/837 288/288/288 289/289/289
f 840/840/840 838/838/838 275/275/275 276/276/276
f 841/841/841 839/839/839 289/289/289 290/290/290
f 842/842/842 840/840/840 276/276/276 277/277/277
f 843/843/843 841/841/841 290/290/290 291/291/291
f 844/844/844 842/842/842 277/277/277 278/278/278
f 845/845/845 824/824/824 264/264/264 265/265/265
f 846/846/846 843/843/843 291/291/291 292/292/292
f 847/847/847 844/844/844 278/278/278 279/279/279
f 848/848/848 845/845/845 265/265/265 266/266/266
f 849/849/849 846/846/846 292/292/292 293/293/293
f 851/851/851 847/847/847 279/279/279 280/280/280
f 852/852/852 848/848/848 266/266/266 267/267/267
f 853/853/853 850/850/850 294/294/294 295/295/295
f 854/854/854 851/851/851 280/280/280 281/281/281
f 855/855/855 852/852/852 267/267/267 268/268/268
f 823/823/823 853/853/853 295/295/295 296/296/296
f 825/825/825 854/854/854 281/281/281 282/282/282
f 827/827/827 855/855/855 268/268/268 269/269/269
f 335/335/335 334/334/334 306/306/306 307/307/307
f 345/345/345 344/344/344 320/320/320 321/321/321
f 350/350/350 335/335/335 307/307/307 308/308/308
f 355/355/355 345/345/345 321/321/321 322/322/322
f 360/360/360 350/350/350 308/308/308 309/309/309
f 365/365/365 355/355/355 322/322/322 323/323/323
f 370/370/370 360/360/360 309/309/309 310/310/310
f 375/375/375 365/365/365 323/323/323 324/324/324
f 380/380/380 370/370/370 310/310/310 311/311/311
f 390/390/390 389/389/389 297/297/297 298/298/298
f 395/395/395 375/375/375 324/324/324 325/325/325
f 400/400/400 380/380/380 311/311/311 312/312/312
f 405/405/405 390/390/390 298/298/298 299/299/299
f 410/410/410 395/395/395 325/325/325 326/326/326
f 420/420/420 400/400/400 312/312/312 313/313/313
f 425/425/425 405/405/405 299/299/299 300/300/300
f 430/430/430 411/411/411 327/327/327 328/328/328
f 435/435/435 420/420/420 313/313/313 314/314/314
f 440/440/440 425/425/425 300/300/300 301/301/301
f 445/445/445 430/430/430 328/328/328 329/329/329
f 450/450/450 435/435/435 314/314/314 315/315/315
f 455/455/455 440/440/440 301/301/301 302/302/302
f 389/389/389 445/445/445 329/329/329 297/297/297
f 460/460/460 450/450/450 315/315/315 316/316/316
f 465/465/465 455/455/455 302/302/302 303/303/303
f 470/470/470 460/460/460 316/316/316 317/317/317
f 475/475/475 465/465/465 303/303/303 304/304/304
f 480/480/480 470/470/470 317/317/317 318/318/318
f 485/485/485 475/475/475 304/304/304 305/305/305
f 490/490/490 480/480/480 318/318/318 319/319/319
f 334/334/334 485/485/485 305/305/305 306/306/306
f 344/344/344 490/490/490 319/319/319 320/320/320
f 287/287/287 286/286/286 494/494/494 340/340/340
f 340/340/340 494/494/494 493/493/493 341/341/341
f 341/341/341 493/493/493 492/492/492 342/342/342
f 342/342/342 492/492/492 491/491/491 343/343/343
f 343/343/343 491/491/491 490/490/490 344/344/344
f 273/273/273 272/272/272 489/489/489 330/330/330
f 330/330/330 489/489/489 488/488/488 331/331/331
f 331/331/331 488/488/488 487/487/487 332/332/332
f 332/332/332 487/487/487 486/486/486 333/333/333
f 333/333/333 486/486/486 485/485/485 334/334/334
f 286/286/286 285/285/285 484/484/484 494/494/494
f 494/494/494 484/484/484 483/483/483 493/493/493
f 493/493/493 483/483/483 482/482/482 492/492/492
f 492/492/492 482/482/482 481/481/481 491/491/491
f 491/491/491 481/481/481 480/480/480 490/490/490
f 272/272/272 271/271/271 479/479/479 489/489/489
f 489/489/489 479/479/479 478/478/478 488/488/488
f 488/488/488 478/478/478 477/477/477 487/487/487
f 487/487/487 477/477/477 476/476/476 486/486/486
f 486/486/486 476/476/476 475/475/475 485/485/485
f 285/285/285 284/284/284 474/474/474 484/484/484
f 484/484/484 474/474/474 473/473/473 483/483/483
f 483/483/483 473/473/473 472/472/472 482/482/482
f 482/482/482 472/472/472 471/471/471 481/481/481
f 481/481/481 471/471/471 470/470/470 480/480/480
f 271/271/271 270/270/270 469/469/469 479/479/479
f 479/479/479 469/469/469 468/468/468 478/478/478
f 478/478/478 468/468/468 467/467/467 477/477/477
f 477/477/477 467/467/467 466/466/466 476/476/476
f 476/476/476 466/466/466 465/465/465 475/475/475
f 284/284/284 283/283/283 464/464/464 474/474/474
f 474/474/474 464/464/464 463/463/463 473/473/473
f 473/473/473 463/463/463 462/462/462 472/472/472
f 472/472/472 462/462/462 461/461/461 471/471/471
f 471/471/471 461/461/461 460/460/460 470/470/470
f 270/270/270 269/269/269 459/459/459 469/469/469
f 469/469/469 459/459/459 458/458/458 468/468/468
f 468/468/468 458/458/458 457/457/457 467/467/467
f 467/467/467 457/457/457 456/456/456 466/466/466
f 466/466/466 456/456/456 455/455/455 465/465/465
f 283/283/283 282/282/282 454/454/454 464/464/464
f 464/464/464 454/454/454 453/453/453 463/463/463
f 463/463/463 453/453/453 452/452/452 462/462/462
f 462/462/462 452/452/452 451/451/451 461/461/461
f 461/461/461 451/451/451 450/450/450 460/460/460
f 264/264/264 296/296/296 449/449/449 385/385/385
f 385/385/385 449/449/449 448/448/448 386/386/386
f 386/386/386 448/448/448 447/447/447 387/387/387
f 387/387/387 447/447/447 446/446/446 388/388/388
f 388/388/388 446/446/446 445/445/445 389/389/389
f 269/269/269 268/268/268 444/444/444 459/459/459
f 459/459/459 444/444/444 443/443/443 458/458/458
f 458/458/458 443/443/443 442/442/442 457/457/457
f 457/457/457 442/442/442 441/441/441 456/456/456
f 456/456/456 441/441/441 440/440/440 455/455/455
f 282/282/282 281/281/281 439/439/439 454/454/454
f 454/454/454 439/439/439 438/438/438 453/453/453
f 453/453/453 438/438/438 437/437/437 452/452/452
f 452/452/452 437/437/437 436/436/436 451/451/451
f 451/451/451 436/436/436 435/435/435 450/450/450
f 296/296/296 295/295/295 434/434/434 449/449/449
f 449/449/449 434/434/434 433/433/433 448/448/448
f 448/448/448 433/433/433 432/432/432 447/447/447
f 447/447/447 432/432/432 431/431/431 446/446/446
f 446/446/446 431/431/431 430/430/430 445/445/445
f 268/268/268 267/267/267 429/429/429 444/444/444
f 444/444/444 429/429/429 428/428/428 443/443/443
f 443/443/443 428/428/428 427/427/427 442/442/442
f 442/442/442 427/427/427 426/426/426 441/441/441
f 441/441/441 426/426/426 425/425/425 440/440/440
f 281/281/281 280/280/280 424/424/424 439/439/439
f 439/439/439 424/424/424 423/423/423 438/438/438
f 438/438/438 423/423/423 422/422/422 437/437/437
f 437/437/437 422/422/422 421/421/421 436/436/436
f 436/436/436 421/421/421 420/420/420 435/435/435
f 295/295/295 294/294/294 418/418/418 434/434/434
f 434/434/434 418/418/418 416/416/416 433/433/433
f 433/433/433 416/416/416 414/414/414 432/432/432
f 432/432/432 414/414/414 412/412/412 431/431/431
f 431/431/431 412/412/412 411/411/411 430/430/430
f 267/267/267 266/266/266 409/409/409 429/429/429
f 429/429/429 409/409/409 408/408/408 428/428/428
f 428/428/428 408/408/408 407/407/407 427/427/427
f 427/427/427 407/407/407 406/406/406 426/426/426
f 426/426/426 406/406/406 405/405/405 425/425/425
f 280/280/280 279/279/279 404/404/404 424/424/424
f 424/424/424 404/404/404 403/403/403 423/423/423
f 423/423/423 403/403/403 402/402/402 422/422/422
f 422/422/422 402/402/402 401/401/401 421/421/421
f 421/421/421 401/401/401 400/400/400 420/420/420
f 293/293/293 292/292/292 399/399/399 419/419/419
f 419/419/419 399/399/399 398/398/398 417/417/417
f 417/417/417 398/398/398 397/397/397 415/415/415
f 415/415/415 397/397/397 396/396/396 413/413/413
f 413/413/413 396/396/396 395/395/395 410/410/410
f 266/266/266 265/265/265 394/394/394 409/409/409
f 409/409/409 394/394/394 393/393/393 408/408/408
f 408/408/408 393/393/393 392/392/392 407/407/407
f 407/407/407 392/392/392 391/391/391 406/406/406
f 406/406/406 391/391/391 390/390/390 405/405/405
f 279/279/279 278/278/278 384/384/384 404/404/404
f 404/404/404 384/384/384 383/383/383 403/403/403
f 403/403/403 383/383/383 382/382/382 402/402/402
f 402/402/402 382/382/382 381/381/381 401/401/401
f 401/401/401 381/381/381 380/380/380 400/400/400
f 292/292/292 291/291/291 379/379/379 399/399/399
f 399/399/399 379/379/379 378/378/378 398/398/398
f 398/398/398 378/378/378 377/377/377 397/397/397
f 397/397/397 377/377/377 376/376/376 396/396/396
f 396/396/396 376/376/376 375/375/375 395/395/395
f 265/265/265 264/264/264 385/385/385 394/394/394
f 394/394/394 385/385/385 386/386/386 393/393/393
f 393/393/393 386/386/386 387/387/387 392/392/392
f 392/392/392 387/387/387 388/388/388 391/391/391
f 391/391/391 388/388/388 389/389/389 390/390/390
f 278/278/278 277/277/277 374/374/374 384/384/384
f 384/384/384 374/374/374 373/373/373 383/383/383
f 383/383/383 373/373/373 372/372/372 382/382/382
f 382/382/382 372/372/372 371/371/371 381/381/381
f 381/381/381 371/371/371 370/370/370 380/380/380
f 291/291/291 290/290/290 369/369/369 379/379/379
f 379/379/379 369/369/369 368/368/368 378/378/378
f 378/378/378 368/368/368 367/367/367 377/377/377
f 377/377/377 367/367/367 366/366/366 376/376/376
f 376/376/376 366/366/366 365/365/365 375/375/375
f 277/277/277 276/276/276 364/364/364 374/374/374
f 374/374/374 364/364/364 363/363/363 373/373/373
f 373/373/373 363/363/363 362/362/362 372/372/372
f 372/372/372 362/362/362 361/361/361 371/371/371
f 371/371/371 361/361/361 360/360/360 370/370/370
f 290/290/290 289/289/289 359/359/359 369/369/369
f 369/369/369 359/359/359 358/358/358 368/368/368
f 368/368/368 358/358/358 357/357/357 367/367/367
f 367/367/367 357/357/357 356/356/356 366/366/366
f 366/366/366 356/356/356 355/355/355 365/365/365
f 276/276/276 275/275/275 354/354/354 364/364/364
f 364/364/364 354/354/354 353/353/353 363/363/363
f 363/363/363 353/353/353 352/352/352 362/362/362
f 362/362/362 352/352/352 351/351/351 361/361/361
f 361/361/361 351/351/351 350/350/350 360/360/360
f 289/289/289 288/288/288 349/349/349 359/359/359
f 359/359/359 349/349/349 348/348/348 358/358/358
f 358/358/358 348/348/348 347/347/347 357/357/357
f 357/357/357 347/347/347 346/346/346 356/356/356
f 356/356/356 346/346/346 345/345/345 355/355/355
f 275/275/275 274/274/274 339/339/339 354/354/354
f 354/354/354 339/339/339 338/338/338 353/353/353
f 353/353/353 338/338/338 337/337/337 352/352/352
f 352/352/352 337/337/337 336/336/336 351/351/351
f 351/351/351 336/336/336 335/335/335 350/350/350
f 288/288/288 287/287/287 340/340/340 349/349/349
f 349/349/349 340/340/340 341/341/341 348/348/348
f 348/348/348 341/341/341 342/342/342 347/347/347
f 347/347/347 342/342/342 343/343/343 346/346/346
f 346/346/346 343/343/343 344/344/344 345/345/345
f 274/274/274 273/273/273 330/330/330 339/339/339
f 339/339/339 330/330/330 331/331/331 338/338/338
f 338/338/338 331/331/331 332/332/332 337/337/337
f 337/337/337 332/332/332 333/333/333 336/336/336
f 336/336/336 333/333/333 334/334/334 335/335/335
f 565/565/565 564/564/564 519/519/519 521/521/521
f 575/575/575 574/574/574 547/547/547 549/549/549
f 580/580/580 565/565/565 521/521/521 523/523/523
f 590/590/590 589/589/589 495/495/495 497/497/497
f 595/595/595 575/575/575 549/549/549 551/551/551
f 600/600/600 580/580/580 523/523/523 525/525/525
f 605/605/605 590/590/590 497/497/497 499/499/499
f 610/610/610 595/595/595 551/551/551 553/553/553
f 620/620/620 600/600/600 525/525/525 527/527/527
f 625/625/625 605/605/605 499/499/499 501/501/501
f 630/630/630 611/611/611 554/554/554 556/556/556
f 635/635/635 620/620/620 527/527/527 529/529/529
f 640/640/640 625/625/625 501/501/501 503/503/503
f 645/645/645 630/630/630 556/556/556 558/558/558
f 650/650/650 635/635/635 529/529/529 531/531/531
f 655/655/655 640/640/640 503/503/503 505/505/505
f 589/589/589 645/645/645 558/558/558 495/495/495
f 660/660/660 650/650/650 531/531/531 533/533/533
f 665/665/665 655/655/655 505/505/505 507/507/507
f 670/670/670 660/660/660 533/533/533 535/535/535
f 675/675/675 665/665/665 507/507/507 509/509/509
f 680/680/680 670/670/670 535/535/535 537/537/537
f 685/685/685 675/675/675 509/509/509 511/511/511
f 690/690/690 680/680/680 537/537/537 539/539/539
f 695/695/695 685/685/685 511/511/511 513/513/513
f 700/700/700 690/690/690 539/539/539 541/541/541
f 705/705/705 695/695/695 513/513/513 515/515/515
f 710/710/710 700/700/700 541/541/541 543/543/543
f 715/715/715 705/705/705 515/515/515 517/517/517
f 720/720/720 710/710/710 543/543/543 545/545/545
f 564/564/564 715/715/715 517/517/517 519/519/519
f 574/574/574 720/720/720 545/545/545 547/547/547
f 323/323/323 322/322/322 724/724/724 570/570/570
f 570/570/570 724/724/724 723/723/723 571/571/571
f 571/571/571 723/723/723 722/722/722 572/572/572
f 572/572/572 722/722/722 721/721/721 573/573/573
f 573/573/573 721/721/721 720/720/720 574/574/574
f 309/309/309 308/308/308 719/719/719 560/560/560
f 560/560/560 719/719/719 718/718/718 561/561/561
f 561/561/561 718/718/718 717/717/717 562/562/562
f 562/562/562 717/717/717 716/716/716 563/563/563
f 563/563/563 716/716/716 715/715/715 564/564/564
f 322/322/322 321/321/321 714/714/714 724/724/724
f 724/724/724 714/714/714 713/713/713 723/723/723
f 723/723/723 713/713/713 712/712/712 722/722/722
f 722/722/722 712/712/712 711/711/711 721/721/721
f 721/721/721 711/711/711 710/710/710 720/720/720
f 308/308/308 307/307/307 709/709/709 719/719/719
f 719/719/719 709/709/709 708/708/708 718/718/718
f 718/718/718 708/708/708 707/707/707 717/717/717
f 717/717/717 707/707/707 706/706/706 716/716/716
f 716/716/716 706/706/706 705/705/705 715/715/715
f 321/321/321 320/320/320 704/704/704 714/714/714
f 714/714/714 704/704/704 703/703/703 713/713/713
f 713/713/713 703/703/703 702/702/702 712/712/712
f 712/712/712 702/702/702 701/701/701 711/711/711
f 711/711/711 701/701/701 700/700/700 710/710/710
f 307/307/307 306/306/306 699/699/699 709/709/709
f 709/709/709 699/699/699 698/698/698 708/708/708
f 708/708/708 698/698/698 697/697/697 707/707/707
f 707/707/707 697/697/697 696/696/696 706/706/706
f 706/706/706 696/696/696 695/695/695 705/705/705
f 320/320/320 319/319/319 694/694/694 704/704/704
f 704/704/704 694/694/694 693/693/693 703/703/703
f 703/703/703 693/693/693 692/692/692 702/702/702
f 702/702/702 692/692/692 691/691/691 701/701/701
f 701/701/701 691/691/691 690/690/690 700/700/700
f 306/306/306 305/305/305 689/689/689 699/699/699
f 699/699/699 689/689/689 688/688/688 698/698/698
f 698/698/698 688/688/688 687/687/687 697/697/697
f 697/697/697 687/687/687 686/686/686 696/696/696
f 696/696/696 686/686/686 685/685/685 695/695/695
f 319/319/319 318/318/318 684/684/684 694/694/694
f 694/694/694 684/684/684 683/683/683 693/693/693
f 693/693/693 683/683/683 682/682/682 692/692/692
f 692/692/692 682/682/682 681/681/681 691/691/691
f 691/691/691 681/681/681 680/680/680 690/690/690
f 305/305/305 304/304/304 679/679/679 689/689/689
f 689/689/689 679/679/679 678/678/678 688/688/688
f 688/688/688 678/678/678 677/677/677 687/687/687
f 687/687/687 677/677/677 676/676/676 686/686/686
f 686/686/686 676/676/676 675/675/675 685/685/685
f 318/318/318 317/317/317 674/674/674 684/684/684
f 684/684/684 674/674/674 673/673/673 683/683/683
f 683/683/683 673/673/673 672/672/672 682/682/682
f 682/682/682 672/672/672 671/671/671 681/681/681
f 681/681/681 671/671/671 670/670/670 680/680/680
f 304/304/304 303/303/303 669/669/669 679/679/679
f 679/679/679 669/669/669 668/668/668 678/678/678
f 678/678/678 668/668/668 667/667/667 677/677/677
f 677/677/677 667/667/667 666/666/666 676/676/676
f 676/676/676 666/666/666 665/665/665 675/675/675
f 317/317/317 316/316/316 664/664/664 674/674/674
f 674/674/674 664/664/664 663/663/663 673/673/673
f 673/673/673 663/663/663 662/662/662 672/672/672
f 672/672/672 662/662/662 661/661/661 671/671/671
f 671/671/671 661/661/661 660/660/660 670/670/670
f 303/303/303 302/302/302 659/659/659 669/669/669
f 669/669/669 659/659/659 658/658/658 668/668/668
f 668/668/668 658/658/658 657/657/657 667/667/667
f 667/667/667 657/657/657 656/656/656 666/666/666
f 666/666/666 656/656/656 655/655/655 665/665/665
f 316/316/316 315/315/315 654/654/654 664/664/664
f 664/664/664 654/654/654 653/653/653 663/663/663
f 663/663/663 653/653/653 652/652/652 662/662/662
f 662/662/662 652/652/652 651/651/651 661/661/661
f 661/661/661 651/651/651 650/650/650 660/660/660
f 297/297/297 329/329/329 649/649/649 585/585/585
f 585/585/585 649/649/649 648/648/648 586/586/586
f 586/586/586 648/648/648 647/647/647 587/587/587
f 587/587/587 647/647/647 646/646/646 588/588/588
f 588/588/588 646/646/646 645/645/645 589/589/589
f 302/302/302 301/301/301 644/644/644 659/659/659
f 659/659/659 644/644/644 643/643/643 658/658/658
f 658/658/658 643/643/643 642/642/642 657/657/657
f 657/657/657 642/642/642 641/641/641 656/656/656
f 656/656/656 641/641/641 640/640/640 655/655/655
f 315/315/315 314/314/314 639/639/639 654/654/654
f 654/654/654 639/639/639 638/638/638 653/653/653
f 653/653/653 638/638/638 637/637/637 652/652/652
f 652/652/652 637/637/637 636/636/636 651/651/651
f 651/651/651 636/636/636 635/635/635 650/650/650
f 329/329/329 328/328/328 634/634/634 649/649/649
f 649/649/649 634/634/634 633/633/633 648/648/648
f 648/648/648 633/633/633 632/632/632 647/647/647
f 647/647/647 632/632/632 631/631/631 646/646/646
f 646/646/646 631/631/631 630/630/630 645/645/645
f 301/301/301 300/300/300 629/629/629 644/644/644
f 644/644/644 629/629/629 628/628/628 643/643/643
f 643/643/643 628/628/628 627/627/627 642/642/642
f 642/642/642 627/627/627 626/626/626 641/641/641
f 641/641/641 626/626/626 625/625/625 640/640/640
f 314/314/314 313/313/313 624/624/624 639/639/639
f 639/639/639 624/624/624 623/623/623 638/638/638
f 638/638/638 623/623/623 622/622/622 637/637/637
f 637/637/637 622/622/622 621/621/621 636/636/636
f 636/636/636 621/621/621 620/620/620 635/635/635
f 328/328/328 327/327/327 618/618/618 634/634/634
f 634/634/634 618/618/618 616/616/616 633/633/633
f 633/633/633 616/616/616 614/614/614 632/632/632
f 632/632/632 614/614/614 612/612/612 631/631/631
f 631/631/631 612/612/612 611/611/611 630/630/630
f 300/300/300 299/299/299 609/609/609 629/629/629
f 629/629/629 609/609/609 608/608/608 628/628/628
f 628/628/628 608/608/608 607/607/607 627/627/627
f 627/627/627 607/607/607 606/606/606 626/626/626
f 626/626/626 606/606/606 605/605/605 625/625/625
f 313/313/313 312/312/312 604/604/604 624/624/624
f 624/624/624 604/604/604 603/603/603 623/623/623
f 623/623/623 603/603/603 602/602/602 622/622/622
f 622/622/622 602/602/602 601/601/601 621/621/621
f 621/621/621 601/601/601 600/600/600 620/620/620
f 326/326/326 325/325/325 599/599/599 619/619/619
f 619/619/619 599/599/599 598/598/598 617/617/617
f 617/617/617 598/598/598 597/597/597 615/615/615
f 615/615/615 597/597/597 596/596/596 613/613/613
f 613/613/613 596/596/596 595/595/595 610/610/610
f 299/299/299 298/298/298 594/594/594 609/609/609
f 609/609/609 594/594/594 593/593/593 608/608/608
f 608/608/608 593/593/593 592/592/592 607/607/607
f 607/607/607 592/592/592 591/591/591 606/606/606
f 606/606/606 591/591/591 590/590/590 605/605/605
f 312/312/312 311/311/311 584/584/584 604/604/604
f 604/604/604 584/584/584 583/583/583 603/603/603
f 603/603/603 583/583/583 582/582/582 602/602/602
f 602/602/602 582/582/582 581/581/581 601/601/601
f 601/601/601 581/581/581 580/580/580 600/600/600
f 325/325/325 324/324/324 579/579/579 599/599/599
f 599/599/599 579/579/579 578/578/578 598/598/598
f 598/598/598 578/578/578 577/577/577 597/597/597
f 597/597/597 577/577/577 576/576/576 596/596/596
f 596/596/596 576/576/576 575/575/575 595/595/595
f 298/298/298 297/297/297 585/585/585 594/594/594
f 594/594/594 585/585/585 586/586/586 593/593/593
f 593/593/593 586/586/586 587/587/587 592/592/592
f 592/592/592 587/587/587 588/588/588 591/591/591
f 591/591/591 588/588/588 589/589/589 590/590/590
f 311/311/311 310/310/310 569/569/569 584/584/584
f 584/584/584 569/569/569 568/568/568 583/583/583
f 583/583/583 568/568/568 567/567/567 582/582/582
f 582/582/582 567/567/567 566/566/566 581/581/581
f 581/581/581 566/566/566 565/565/565 580/580/580
f 324/324/324 323/323/323 570/570/570 579/579/579
f 579/579/579 570/570/570 571/571/571 578/578/578
f 578/578/578 571/571/571 572/572/572 577/577/577
f 577/577/577 572/572/572 573/573/573 576/576/576
f 576/576/576 573/573/573 574/574/574 575/575/575
f 310/310/310 309/309/309 560/560/560 569/569/569
f 569/569/569 560/560/560 561/561/561 568/568/568
f 568/568/568 561/561/561 562/562/562 567/567/567
f 567/567/567 562/562/562 563/563/563 566/566/566
f 566/566/566 563/563/563 564/564/564 565/565/565
f 498/498/498 496/496/496 504/504/504
f 496/496/496 559/559/559 557/557/557
f 557/557/557 555/555/555 552/552/552
f 552/552/552 550/550/550 548/548/548
f 548/548/548 546/546/546 552/552/552
f 546/546/546 544/544/544 552/552/552
f 544/544/544 542/542/542 540/540/540
f 540/540/540 538/538/538 536/536/536
f 536/536/536 534/534/534 532/532/532
f 532/532/532 530/530/530 526/526/526
f 530/530/530 528/528/528 526/526/526
f 526/526/526 524/524/524 522/522/522
f 522/522/522 520/520/520 508/508/508
f 520/520/520 518/518/518 516/516/516
f 516/516/516 514/514/514 512/512/512
f 512/512/512 510/510/510 508/508/508
f 520/520/520 516/516/516 512/512/512
f 520/520/520 512/512/512 508/508/508
f 508/508/508 506/506/506 504/504/504
f 504/504/504 496/496/496 508/508/508
f 496/496/496 557/557/557 508/508/508
f 557/557/557 552/552/552 544/544/544
f 544/544/544 540/540/540 536/536/536
f 536/536/536 532/532/532 526/526/526
f 526/526/526 522/522/522 508/508/508
f 508/508/508 557/557/557 526/526/526
f 557/557/557 544/544/544 536/536/536
f 557/557/557 536/536/536 526/526/526
f 504/504/504 502/502/502 500/500/500
f 504/504/504 500/500/500 498/498/498
f 758/758/758 760/760/760 726/726/726 725/725/725
f 762/762/762 758/758/758 725/725/725 727/727/727
f 764/764/764 762/762/762 727/727/727 728/728/728
f 766/766/766 764/764/764 728/728/728 729/729/729
f 768/768/768 766/766/766 729/729/729 730/730/730
f 770/770/770 768/768/768 730/730/730 731/731/731
f 772/772/772 770/770/770 731/731/731 732/732/732
f 774/774/774 772/772/772 732/732/732 733/733/733
f 776/776/776 774/774/774 733/733/733 734/734/734
f 778/778/778 776/776/776 734/734/734 735/735/735
f 780/780/780 778/778/778 735/735/735 736/736/736
f 782/782/782 780/780/780 736/736/736 737/737/737
f 784/784/784 782/782/782 737/737/737 738/738/738
f 786/786/786 784/784/784 738/738/738 739/739/739
f 788/788/788 786/786/786 739/739/739 740/740/740
f 790/790/790 788/788/788 740/740/740 741/741/741
f 792/792/792 790/790/790 741/741/741 742/742/742
f 794/794/794 792/792/792 742/742/742 743/743/743
f 796/796/796 794/794/794 743/743/743 744/744/744
f 798/798/798 796/796/796 744/744/744 745/745/745
f 800/800/800 798/798/798 745/745/745 746/746/746
f 802/802/802 800/800/800 746/746/746 747/747/747
f 804/804/804 802/802/802 747/747/747 748/748/748
f 806/806/806 804/804/804 748/748/748 749/749/749
f 808/808/808 806/806/806 749/749/749 750/750/750
f 810/810/810 808/808/808 750/750/750 751/751/751
f 812/812/812 810/810/810 751/751/751 752/752/752
f 814/814/814 812/812/812 752/752/752 753/753/753
f 816/816/816 814/814/814 753/753/753 755/755/755
f 819/819/819 817/817/817 754/754/754 756/756/756
f 821/821/821 819/819/819 756/756/756 757/757/757
f 760/760/760 821/821/821 757/757/757 726/726/726
f 889/889/889 890/890/890 761/761/761 759/759/759
f 891/891/891 889/889/889 759/759/759 763/763/763
f 892/892/892 891/891/891 763/763/763 765/765/765
f 893/893/893 892/892/892 765/765/765 767/767/767
f 894/894/894 893/893/893 767/767/767 769/769/769
f 895/895/895 894/894/894 769/769/769 771/771/771
f 896/896/896 895/895/895 771/771/771 773/773/773
f 897/897/897 896/896/896 773/773/773 775/775/775
f 898/898/898 897/897/897 775/775/775 777/777/777
f 899/899/899 898/898/898 777/777/777 779/779/779
f 900/900/900 899/899/899 779/779/779 781/781/781
f 901/901/901 900/900/900 781/781/781 783/783/783
f 902/902/902 901/901/901 783/783/783 785/785/785
f 903/903/903 902/902/902 785/785/785 787/787/787
f 904/904/904 903/903/903 787/787/787 789/789/789
f 905/905/905 904/904/904 789/789/789 791/791/791
f 906/906/906 905/905/905 791/791/791 793/793/793
f 907/907/907 906/906/906 793/793/793 795/795/795
f 908/908/908 907/907/907 795/795/795 797/797/797
f 909/909/909 908/908/908 797/797/797 799/799/799
f 910/910/910 909/909/909 799/799/799 801/801/801
f 911/911/911 910/910/910 801/801/801 803/803/803
f 912/912/912 911/911/911 803/803/803 805/805/805
f 913/913/913 912/912/912 805/805/805 807/807/807
f 914/914/914 913/913/913 807/807/807 809/809/809
f 915/915/915 914/914/914 809/809/809 811/811/811
f 916/916/916 915/915/915 811/811/811 813/813/813
f 917/917/917 916/916/916 813/813/813 815/815/815
f 918/918/918 917/917/917 815/815/815 818/818/818
f 919/919/919 918/918/918 818/818/818 820/820/820
f 920/920/920 919/919/919 820/820/820 822/822/822
f 890/890/890 920/920/920 822/822/822 761/761/761
f 44/44/44 42/42/42 855/855/855 827/827/827
f 70/70/70 68/68/68 854/854/854 825/825/825
f 98/98/98 96/96/96 853/853/853 823/823/823
f 42/42/42 40/40/40 852/852/852 855/855/855
f 68/68/68 66/66/66 851/851/851 854/854/854
f 96/96/96 93/93/93 850/850/850 853/853/853
f 40/40/40 38/38/38 848/848/848 852/852/852
f 66/66/66 64/64/64 847/847/847 851/851/851
f 94/94/94 90/90/90 846/846/846 849/849/849
f 38/38/38 36/36/36 845/845/845 848/848/848
f 64/64/64 62/62/62 844/844/844 847/847/847
f 90/90/90 88/88/88 843/843/843 846/846/846
f 36/36/36 34/34/34 824/824/824 845/845/845
f 62/62/62 60/60/60 842/842/842 844/844/844
f 88/88/88 86/86/86 841/841/841 843/843/843
f 60/60/60 58/58/58 840/840/840 842/842/842
f 86/86/86 84/84/84 839/839/839 841/841/841
f 58/58/58 56/56/56 838/838/838 840/840/840
f 84/84/84 82/82/82 837/837/837 839/839/839
f 56/56/56 54/54/54 836/836/836 838/838/838
f 82/82/82 80/80/80 835/835/835 837/837/837
f 54/54/54 52/52/52 834/834/834 836/836/836
f 80/80/80 78/78/78 833/833/833 835/835/835
f 52/52/52 50/50/50 832/832/832 834/834/834
f 78/78/78 76/76/76 831/831/831 833/833/833
f 50/50/50 48/48/48 830/830/830 832/832/832
f 76/76/76 74/74/74 829/829/829 831/831/831
f 48/48/48 46/46/46 828/828/828 830/830/830
f 74/74/74 72/72/72 826/826/826 829/829/829
f 46/46/46 44/44/44 827/827/827 828/828/828
f 72/72/72 70/70/70 825/825/825 826/826/826
f 34/34/34 98/98/98 823/823/823 824/824/824
f 113/113/113 259/259/259 888/888/888 857/857/857
f 103/103/103 254/254/254 887/887/887 856/856/856
f 259/259/259 249/249/249 886/886/886 888/888/888
f 254/254/254 244/244/244 885/885/885 887/887/887
f 249/249/249 239/239/239 884/884/884 886/886/886
f 244/244/244 234/234/234 883/883/883 885/885/885
f 239/239/239 229/229/229 882/882/882 884/884/884
f 234/234/234 224/224/224 881/881/881 883/883/883
f 229/229/229 219/219/219 880/880/880 882/882/882
f 224/224/224 214/214/214 879/879/879 881/881/881
f 153/153/153 209/209/209 878/878/878 858/858/858
f 219/219/219 204/204/204 877/877/877 880/880/880
f 214/214/214 199/199/199 876/876/876 879/879/879
f 209/209/209 194/194/194 875/875/875 878/878/878
f 204/204/204 189/189/189 874/874/874 877/877/877
f 199/199/199 184/184/184 873/873/873 876/876/876
f 194/194/194 174/174/174 872/872/872 875/875/875
f 189/189/189 169/169/169 870/870/870 874/874/874
f 184/184/184 164/164/164 869/869/869 873/873/873
f 175/175/175 159/159/159 868/868/868 871/871/871
f 169/169/169 154/154/154 867/867/867 870/870/870
f 164/164/164 144/144/144 866/866/866 869/869/869
f 159/159/159 139/139/139 865/865/865 868/868/868
f 154/154/154 153/153/153 858/858/858 867/867/867
f 144/144/144 134/134/134 864/864/864 866/866/866
f 139/139/139 129/129/129 863/863/863 865/865/865
f 134/134/134 124/124/124 862/862/862 864/864/864
f 129/129/129 119/119/119 861/861/861 863/863/863
f 124/124/124 114/114/114 860/860/860 862/862/862
f 119/119/119 104/104/104 859/859/859 861/861/861
f 114/114/114 113/113/113 857/857/857 860/860/860
f 104/104/104 103/103/103 856/856/856 859/859/859
f 1/1/1 32/32/32 920/920/920 890/890/890
f 32/32/32 31/31/31 919/919/919 920/920/920
f 31/31/31 30/30/30 918/918/918 919/919/919
f 30/30/30 29/29/29 917/917/917 918/918/918
f 29/29/29 28/28/28 916/916/916 917/917/917
f 28/28/28 27/27/27 915/915/915 916/916/916
f 27/27/27 26/26/26 914/914/914 915/915/915
f 26/26/26 25/25/25 913/913/913 914/914/914
f 25/25/25 24/24/24 912/912/912 913/913/913
f 24/24/24 23/23/23 911/911/911 912/912/912
f 23/23/23 22/22/22 910/910/910 911/911/911
f 22/22/22 21/21/21 909/909/909 910/910/910
f 21/21/21 20/20/20 908/908/908 909/909/909
f 20/20/20 19/19/19 907/907/907 908/908/908
f 19/19/19 18/18/18 906/906/906 907/907/907
f 18/18/18 17/17/17 905/905/905 906/906/906
f 17/17/17 16/16/16 904/904/904 905/905/905
f 16/16/16 15/15/15 903/903/903 904/904/904
f 15/15/15 14/14/14 902/902/902 903/903/903
f 14/14/14 13/13/13 901/901/901 902/902/902
f 13/13/13 12/12/12 900/900/900 901/901/901
f 12/12/12 11/11/11 899/899/899 900/900/900
f 11/11/11 10/10/10 898/898/898 899/899/899
f 10/10/10 9/9/9 897/897/897 898/898/898
f 9/9/9 8/8/8 896/896/896 897/897/897
f 8/8/8 7/7/7 895/895/895 896/896/896
f 7/7/7 6/6/6 894/894/894 895/895/895
f 6/6/6 5/5/5 893/893/893 894/894/894
f 5/5/5 4/4/4 892/892/892 893/893/893
f 4/4/4 3/3/3 891/891/891 892/892/892
f 3/3/3 2/2/2 889/889/889 891/891/891
f 2/2/2 1/1/1 890/890/890 889/889/889
usemtl pin.sting
v -0.0012444999999999999 0.19062000000000001 -0.010187100000000001
v -0.0031732000000000006 0.19061620000000001 -0.009739600000000001
v -0.0049776000000000004 0.19061240000000002 -0.0089246000000000013
v -0.0065883000000000001 0.19060870000000002 -0.0077732000000000001
v -0.0079434000000000015 0.19060530000000001 -0.0063296000000000012
v -0.0089908000000000002 0.1906023 -0.0046495
v -0.0096904000000000018 0.19059980000000001 -0.0027973000000000004
v -0.010015100000000001 0.19059800000000002 -0.00084410000000000008
v -0.0099526000000000007 0.19059680000000001 0.0011347
v -0.0095052000000000001 0.19059630000000002 0.0030634000000000004
v -0.0086901000000000009 0.1905966 0.0048678000000000003
v -0.0075386999999999997 0.19059760000000001 0.0064783999999999996
v -0.0060952000000000003 0.1905994 0.0078335000000000002
v -0.0044150000000000005 0.19060170000000001 0.008881
v -0.0025628000000000005 0.19060460000000001 0.0095806000000000016
v -0.00060970000000000002 0.19060790000000002 0.0099052000000000012
v 0.0013693000000000002 0.19061150000000002 0.0098428000000000005
v 0.0032979000000000003 0.19061530000000002 0.0093953000000000005
v 0.0051023000000000006 0.19061910000000001 0.0085803000000000008
v 0.0067130000000000002 0.19062280000000001 0.0074288999999999996
v 0.0080680999999999999 0.1906262 0.0059853000000000007
v 0.0091155000000000003 0.19062920000000003 0.0043052000000000003
v 0.0098151000000000002 0.19063170000000002 0.0024530000000000003
v 0.010139800000000001 0.19063350000000001 0.00049980000000000001
v 0.010077300000000001 0.19063470000000002 -0.0014790000000000001
v 0.0096299000000000003 0.1906352 -0.0034077000000000005
v 0.0088148000000000011 0.19063490000000002 -0.0052121000000000008
v 0.0076633999999999999 0.19063380000000002 -0.0068227000000000001
v 0.006219800000000001 0.1906321 -0.0081778000000000007
v 0.0045396999999999998 0.19062980000000002 -0.0092253000000000005
v 0.0045396999999999998 0.19062980000000002 -0.0092253000000000005
v 0.0026875000000000002 0.19062690000000002 -0.0099249000000000004
v 0.00073430000000000001 0.1906236 -0.010249500000000002
v -0.00097480000000000006 0.041423000000000001 -0.0102851
v -0.0029034999999999998 0.041419200000000003 -0.0098376000000000019
v -0.004707900000000001 0.041415400000000005 -0.0090226000000000004
v -0.0063185000000000012 0.041411799999999999 -0.0078711000000000007
v -0.0076736 0.041408400000000005 -0.0064275000000000001
v -0.0087211000000000007 0.041405400000000002 -0.0047474000000000006
v -0.0094206000000000012 0.041402899999999999 -0.0028953
v -0.0097453000000000001 0.041401 -0.00094210000000000008
v -0.0096828000000000001 0.0413998 0.0010368
v -0.0092354000000000012 0.041399400000000003 0.0029654
v -0.0084203000000000004 0.041399700000000005 0.0047699000000000005
v -0.0072689000000000009 0.041400700000000006 0.0063805000000000008
v -0.0058254000000000005 0.041402400000000006 0.0077355999999999996
v -0.0041452000000000008 0.041404800000000005 0.0087830000000000009
v -0.0022929999999999999 0.041407600000000003 0.0094826000000000008
v -0.00033990000000000002 0.041411000000000003 0.0098072999999999997
v 0.0016389999999999998 0.041414600000000003 0.0097449000000000008
v 0.0035677 0.041418400000000001 0.0092974000000000008
v 0.0053721000000000003 0.041422199999999999 0.0084823999999999993
v 0.0069828000000000008 0.041425800000000006 0.0073309000000000004
v 0.0083377999999999994 0.041429199999999999 0.0058873000000000007
v 0.0093853000000000009 0.041432200000000002 0.0042072000000000003
v 0.0100848 0.041434700000000005 0.0023551000000000002
v 0.0104096 0.041436600000000004 0.00040190000000000001
v 0.010347000000000002 0.041437800000000004 -0.0015770000000000001
v 0.0098996000000000015 0.041438200000000001 -0.0035055999999999998
v 0.0090845000000000006 0.0414379 -0.0053101000000000008
v 0.0079331000000000002 0.041436899999999999 -0.006920700000000001
v 0.0064895999999999999 0.041435200000000005 -0.0082757999999999998
v 0.0048094000000000001 0.041432799999999999 -0.0093232999999999996
v 0.0048094000000000001 0.041432799999999999 -0.0093232999999999996
v 0.0029572000000000001 0.041429899999999999 -0.010022900000000001
v 0.0010041 0.041426600000000008 -0.010347500000000001
v 0.00039290000000000006 0.0078150000000000008 -0.0002922
vt 0.83183997869491577 0.79090702533721924
vt 0.82647597789764404 0.79099100828170776
vt 0.82112002372741699 0.79107099771499634
vt 0.81577199697494507 0.79114598035812378
vt 0.81042999029159546 0.7912139892578125
vt 0.80509299039840698 0.79127699136734009
vt 0.79975998401641846 0.79133200645446777
vt 0.79443097114562988 0.79137998819351196
vt 0.78910398483276367 0.79142099618911743
vt 0.78377997875213623 0.791454017162323
vt 0.77845698595046997 0.79147899150848389
vt 0.77313601970672607 0.79149502515792847
vt 0.7678149938583374 0.79150301218032837
vt 0.76249498128890991 0.79150301218032837
vt 0.7571750283241272 0.7914929986000061
vt 0.75185400247573853 0.79147499799728394
vt 0.74653297662734985 0.79144799709320068
vt 0.74121099710464478 0.79141300916671753
vt 0.73588699102401733 0.7913699746131897
vt 0.7305610179901123 0.79131799936294556
vt 0.72523301839828491 0.79125797748565674
vt 0.71990197896957397 0.7911909818649292
vt 0.71456700563430786 0.79111701250076294
vt 0.70922797918319702 0.791034996509552
vt 0.70388400554656982 0.79094797372817993
vt 0.69853401184082031 0.79085397720336914
vt 0.69317597150802612 0.79075497388839722
vt 0.68781000375747681 0.79065197706222534
vt 0.68243402242660522 0.79054397344589233
vt 0.67704600095748901 0.79043197631835938
vt 0.84795600175857544 0.79063200950622559
vt 0.84259998798370361 0.79072600603103638
vt 0.83721399307250977 0.7908179759979248
vt 0.82562601566314697 0.49074000120162964
vt 0.82039898633956909 0.49260199069976807
vt 0.81525897979736328 0.49426499009132385
vt 0.81019800901412964 0.49574398994445801
vt 0.80520898103713989 0.4970490038394928
vt 0.80028402805328369 0.49818998575210571
vt 0.79541498422622681 0.49917799234390259
vt 0.79059398174285889 0.50001800060272217
vt 0.78581500053405762 0.50071698427200317
vt 0.7810710072517395 0.5012810230255127
vt 0.77635401487350464 0.50171297788619995
vt 0.77165800333023071 0.50201600790023804
vt 0.766975998878479 0.50219297409057617
vt 0.76230102777481079 0.50224500894546509
vt 0.75762701034545898 0.50217199325561523
vt 0.75294601917266846 0.50197398662567139
vt 0.74825400114059448 0.50164902210235596
vt 0.74354100227355957 0.50119602680206299
vt 0.73880302906036377 0.50061202049255371
vt 0.73403197526931763 0.4998910129070282
vt 0.72922098636627197 0.49903100728988647
vt 0.72436302900314331 0.49802300333976746
vt 0.71944999694824219 0.49686199426651001
vt 0.71447598934173584 0.49553799629211426
vt 0.70943200588226318 0.49404099583625793
vt 0.70431101322174072 0.49236100912094116
vt 0.69910401105880737 0.49048200249671936
vt 0.69380301237106323 0.4883899986743927
vt 0.68839901685714722 0.48606601357460022
vt 0.68288201093673706 0.48349100351333618
vt 0.84192901849746704 0.48378899693489075
vt 0.83638197183609009 0.48635300993919373
vt 0.83095097541809082 0.48866298794746399
vt 0.76247698068618774 0.40851300954818726
vn 0.087100274860858917 0.7296023964881897 0.67830222845077515
vn 0.21769620478153229 0.72978723049163818 0.64808869361877441
vn 0.33979314565658569 0.73008525371551514 0.59288793802261353
vn 0.44882658123970032 0.7303432822227478 0.51493048667907715
vn 0.5405469536781311 0.7305634617805481 0.41723623871803284
vn 0.61144745349884033 0.73075675964355469 0.30352357029914856
vn 0.65881586074829102 0.73091757297515869 0.17810429632663727
vn 0.68075799942016602 0.73106235265731812 0.046003922820091248
vn 0.67653268575668335 0.73113530874252319 -0.088004238903522491
vn 0.64631515741348267 0.7311171293258667 -0.21850511431694031
vn 0.59112519025802612 0.73113113641738892 -0.34061452746391296
vn 0.51309770345687866 0.73109674453735352 -0.44969797134399414
vn 0.4154236912727356 0.73094165325164795 -0.54143089056015015
vn 0.30169957876205444 0.73079895973205566 -0.61229914426803589
vn 0.17630614340305328 0.73062551021575928 -0.65962302684783936
vn 0.044202867895364761 0.7303473949432373 -0.68164420127868652
vn -0.089800864458084106 0.73010700941085815 -0.67740648984909058
vn -0.22029730677604675 0.72989106178283691 -0.64709204435348511
vn -0.34241721034049988 0.72963666915893555 -0.59192973375320435
vn -0.45148363709449768 0.7293735146522522 -0.51398134231567383
vn -0.54321122169494629 0.72911500930786133 -0.41630861163139343
vn -0.61410588026046753 0.72890704870223999 -0.30260288715362549
vn -0.66140025854110718 0.72880023717880249 -0.1772000640630722
vn -0.68342781066894531 0.7286297082901001 -0.045001834630966187
vn -0.67922443151473999 0.72852617502212524 0.088903196156024933
vn -0.64891177415847778 0.72851324081420898 0.2195039689540863
vn -0.59373486042022705 0.72854280471801758 0.34162008762359619
vn -0.51581341028213501 0.72861897945404053 0.45061168074607849
vn -0.41812083125114441 0.72873622179031372 0.54232692718505859
vn -0.30440473556518555 0.72891139984130859 0.61320954561233521
vn -0.30440473556518555 0.72891139984130859 0.61320954561233521
vn -0.17899821698665619 0.72909265756607056 0.66059333086013794
vn -0.046799726784229279 0.72929579019546509 0.68259608745574951
vn 0.12780433893203735 0.14370487630367279 0.98133325576782227
vn 0.316794753074646 0.14409759640693665 0.93748438358306885
vn 0.49352461099624634 0.14450721442699432 0.8576427698135376
vn 0.65139478445053101 0.14479885995388031 0.74479401111602783
vn 0.78410494327545166 0.14520090818405151 0.60340380668640137
vn 0.88672101497650146 0.1455034613609314 0.43881037831306458
vn 0.95528572797775269 0.14569781720638275 0.25729614496231079
vn 0.9871019721031189 0.14590027928352356 0.065900139510631561
vn 0.98098266124725342 0.14599739015102386 -0.12789773941040039
vn 0.93713408708572388 0.1461053192615509 -0.31691154837608337
vn 0.85729187726974487 0.14599861204624176 -0.49369528889656067
vn 0.74444824457168579 0.14590944349765778 -0.65154218673706055
vn 0.60300207138061523 0.14580048620700836 -0.78430271148681641
vn 0.43840953707695007 0.14550317823886871 -0.88691931962966919
vn 0.25691297650337219 0.14530734717845917 -0.95544832944869995
vn 0.065604478120803833 0.14490990340709686 -0.98726755380630493
vn -0.12830466032028198 0.14460526406764984 -0.98113566637039185
vn -0.31729933619499207 0.1441996842622757 -0.9372979998588562
vn -0.49403724074363708 0.14381085336208344 -0.85746467113494873
vn -0.65190166234970093 0.14350035786628723 -0.74460184574127197
vn -0.78462940454483032 0.14310537278652191 -0.60322260856628418
vn -0.88723808526992798 0.14290612936019897 -0.43861877918243408
vn -0.95580536127090454 0.14260078966617584 -0.25710141658782959
vn -0.98762565851211548 0.14240369200706482 -0.065701708197593689
vn -0.98149943351745605 0.14229989051818848 0.12809991836547852
vn -0.93767440319061279 0.14219611883163452 0.31709134578704834
vn -0.85779684782028198 0.14229947328567505 0.4938981831073761
vn -0.74499416351318359 0.14239887893199921 0.6516948938369751
vn -0.60355120897293091 0.14261209964752197 0.78446650505065918
vn -0.4389062225818634 0.14280204474925995 0.88711267709732056
vn -0.4389062225818634 0.14280204474925995 0.88711267709732056
vn -0.25741243362426758 0.14310689270496368 0.95564597845077515
vn -0.066103585064411163 0.14340777695178986 0.98745357990264893
vn -0.0017999968258664012 0.99999821186065674 0.00059999892255291343
f 924/924/924 925/925/925 958/958/958 957/957/957
f 960/960/960 961/961/961 987/987/987
f 952/952/952 953/953/953 986/986/986 985/985/985
f 938/938/938 939/939/939 972/972/972 971/971/971
f 925/925/925 926/926/926 959/959/959 958/958/958
f 953/953/953 921/921/921 954/954/954 986/986/986
f 939/939/939 940/940/940 973/973/973 972/972/972
f 926/926/926 927/927/927 960/960/960 959/959/959
f 940/940/940 941/941/941 974/974/974 973/973/973
f 927/927/927 928/928/928 961/961/961 960/960/960
f 941/941/941 942/942/942 975/975/975 974/974/974
f 928/928/928 929/929/929 962/962/962 961/961/961
f 942/942/942 943/943/943 976/976/976 975/975/975
f 929/929/929 930/930/930 963/963/963 962/962/962
f 943/943/943 944/944/944 977/977/977 976/976/976
f 930/930/930 931/931/931 964/964/964 963/963/963
f 944/944/944 945/945/945 978/978/978 977/977/977
f 931/931/931 932/932/932 965/965/965 964/964/964
f 945/945/945 946/946/946 979/979/979 978/978/978
f 932/932/932 933/933/933 966/966/966 965/965/965
f 946/946/946 947/947/947 980/980/980 979/979/979
f 933/933/933 934/934/934 967/967/967 966/966/966
f 947/947/947 948/948/948 981/981/981 980/980/980
f 934/934/934 935/935/935 968/968/968 967/967/967
f 921/921/921 922/922/922 955/955/955 954/954/954
f 948/948/948 949/949/949 982/982/982 981/981/981
f 935/935/935 936/936/936 969/969/969 968/968/968
f 922/922/922 923/923/923 956/956/956 955/955/955
f 949/949/949 950/950/950 983/983/983 982/982/982
f 936/936/936 937/937/937 970/970/970 969/969/969
f 923/923/923 924/924/924 957/957/957 956/956/956
f 951/951/951 952/952/952 985/985/985 984/984/984
f 937/937/937 938/938/938 971/971/971 970/970/970
f 974/974/974 975/975/975 987/987/987
f 961/961/961 962/962/962 987/987/987
f 975/975/975 976/976/976 987/987/987
f 962/962/962 963/963/963 987/987/987
f 976/976/976 977/977/977 987/987/987
f 963/963/963 964/964/964 987/987/987
f 977/977/977 978/978/978 987/987/987
f 964/964/964 965/965/965 987/987/987
f 978/978/978 979/979/979 987/987/987
f 965/965/965 966/966/966 987/987/987
f 979/979/979 980/980/980 987/987/987
f 966/966/966 967/967/967 987/987/987
f 980/980/980 981/981/981 987/987/987
f 967/967/967 968/968/968 987/987/987
f 954/954/954 955/955/955 987/987/987
f 981/981/981 982/982/982 987/987/987
f 968/968/968 969/969/969 987/987/987
f 955/955/955 956/956/956 987/987/987
f 982/982/982 983/983/983 987/987/987
f 969/969/969 970/970/970 987/987/987
f 956/956/956 957/957/957 987/987/987
f 984/984/984 985/985/985 987/987/987
f 970/970/970 971/971/971 987/987/987
f 957/957/957 958/958/958 987/987/987
f 985/985/985 986/986/986 987/987/987
f 971/971/971 972/972/972 987/987/987
f 958/958/958 959/959/959 987/987/987
f 986/986/986 954/954/954 987/987/987
f 972/972/972 973/973/973 987/987/987
f 959/959/959 960/960/960 987/987/987
f 973/973/973 974/974/974 987/987/987
